Shimmer_A5E0_Timestamp_Unix_CAL,Shimmer_A5E0_GSR_Skin_Conductance_CAL_uS,Shimmer_A5E0_GSR_Skin_Resistance_CAL_kOhm,Shimmer_A5E0_PPG_A13_CAL_mV,Shimmer_A5E0_Accel_LN_X_CAL_m/s^2,Shimmer_A5E0_Accel_LN_Y_CAL_m/s^2,Shimmer_A5E0_Accel_LN_Z_CAL_m/s^2,Shimmer_A5E0_Accel_WR_X_CAL_m/s^2,Shimmer_A5E0_Accel_WR_Y_CAL_m/s^2,Shimmer_A5E0_Accel_WR_Z_CAL_m/s^2,Shimmer_A5E0_Gyro_X_CAL_deg/s,Shimmer_A5E0_Gyro_Y_CAL_deg/s,Shimmer_A5E0_Gyro_Z_CAL_deg/s,Shimmer_A5E0_Mag_X_CAL_local,Shimmer_A5E0_Mag_Y_CAL_local,Shimmer_A5E0_Mag_Z_CAL_local,Shimmer_A5E0_Temperature_BMP280_CAL_Celcius,Shimmer_A5E0_Pressure_BMP280_CAL_Pa,Shimmer_A5E0_Ext_Exp_A7_CAL_mV,Shimmer_A5E0_VSenseBatt_CAL_mV,Shimmer_A5E0_PPGtoHR_CAL_BPM
5812868000,0.7494509516837482,1334.3101343101343,2232.0,2275.0,2273.0,1293.0,4932.0,-4808.0,-14752.0,1392.0,-157.0,-3.0,-535.0,-1268.0,-283.0,32768.0,5551104.0,2247.0,2704.0,0.0
5813124000,0.7494509516837482,1334.3101343101343,2224.0,2275.0,2271.0,1295.0,4928.0,-4700.0,-14764.0,1394.0,-184.0,-7.0,-535.0,-1268.0,-283.0,32768.0,5551104.0,2246.0,2704.0,0.0
5813380000,0.7494509516837482,1334.3101343101343,2234.0,2273.0,2268.0,1292.0,4916.0,-4752.0,-14732.0,1316.0,-209.0,-37.0,-536.0,-1266.0,-273.0,32768.0,5551104.0,2251.0,2703.0,0.0
5813636000,0.7494509516837482,1334.3101343101343,2233.0,2276.0,2270.0,1289.0,4940.0,-4704.0,-14740.0,1264.0,-241.0,-27.0,-537.0,-1272.0,-280.0,32768.0,5551104.0,2252.0,2703.0,0.0
5813892000,0.7494509516837482,1334.3101343101343,2239.0,2279.0,2271.0,1286.0,5012.0,-4700.0,-14816.0,1244.0,-210.0,-48.0,-535.0,-1264.0,-274.0,32768.0,5551104.0,2254.0,2703.0,0.0
5814148000,0.7494509516837482,1334.3101343101343,2194.0,2281.0,2268.0,1283.0,5032.0,-4668.0,-14948.0,1306.0,-244.0,-38.0,-533.0,-1266.0,-280.0,32768.0,5551104.0,2456.0,2685.0,0.0
5814404000,0.7494509516837482,1334.3101343101343,2165.0,2285.0,2266.0,1278.0,5128.0,-4592.0,-15076.0,1409.0,-173.0,-70.0,-533.0,-1266.0,-280.0,32768.0,5551360.0,2338.0,2701.0,0.0
5814660000,0.7494509516837482,1334.3101343101343,2241.0,2288.0,2263.0,1269.0,5168.0,-4632.0,-15072.0,1525.0,-154.0,-90.0,-536.0,-1270.0,-279.0,32768.0,5551360.0,2495.0,2686.0,0.0
5814916000,0.029990332786501057,33344.07814407814,2228.0,2292.0,2263.0,1266.0,5272.0,-4536.0,-15188.0,1627.0,-38.0,-102.0,-531.0,-1268.0,-284.0,32768.0,5551104.0,2357.0,2702.0,0.0
5815172000,0.029990332786501057,33344.07814407814,2275.0,2292.0,2265.0,1263.0,5288.0,-4560.0,-15284.0,1703.0,104.0,-136.0,-536.0,-1270.0,-283.0,32768.0,5551104.0,2497.0,2684.0,0.0
5815428000,0.029990332786501057,33344.07814407814,2245.0,2291.0,2268.0,1261.0,5220.0,-4644.0,-15216.0,1820.0,304.0,-6.0,-536.0,-1270.0,-283.0,32768.0,5551104.0,2357.0,2701.0,0.0
5815684000,0.029990332786501057,33344.07814407814,2326.0,2287.0,2273.0,1263.0,5088.0,-4832.0,-15264.0,1884.0,555.0,48.0,-531.0,-1268.0,-279.0,32768.0,5551104.0,2301.0,2703.0,0.0
5815940000,0.029990332786501057,33344.07814407814,2316.0,2269.0,2281.0,1273.0,4840.0,-4856.0,-15104.0,1851.0,695.0,114.0,-537.0,-1269.0,-283.0,32768.0,5551104.0,2270.0,2702.0,0.0
5816196000,0.029990332786501057,33344.07814407814,2285.0,2246.0,2282.0,1284.0,4272.0,-4908.0,-14796.0,1868.0,771.0,250.0,-541.0,-1277.0,-283.0,32768.0,5551104.0,2256.0,2704.0,0.0
5816452000,0.029990332786501057,33344.07814407814,2272.0,2237.0,2278.0,1296.0,4140.0,-4908.0,-14744.0,1750.0,771.0,315.0,-543.0,-1271.0,-277.0,32768.0,5552128.0,2255.0,2703.0,0.0
5816708000,0.029990332786501057,33344.07814407814,2213.0,2251.0,2269.0,1309.0,4436.0,-4716.0,-14436.0,1742.0,680.0,358.0,-543.0,-1271.0,-277.0,32768.0,5552128.0,2456.0,2686.0,0.0
5816964000,0.029990332786501057,33344.07814407814,2192.0,2288.0,2256.0,1311.0,4932.0,-4552.0,-14348.0,1797.0,442.0,338.0,-539.0,-1272.0,-278.0,32768.0,5551872.0,2346.0,2703.0,0.0
5817220000,0.029990332786501057,33344.07814407814,2277.0,2316.0,2243.0,1313.0,5792.0,-4224.0,-14428.0,1815.0,-16.0,110.0,-544.0,-1278.0,-278.0,32768.0,5551872.0,2292.0,2704.0,0.0
5817476000,0.029990332786501057,33344.07814407814,2295.0,2314.0,2235.0,1300.0,5800.0,-4108.0,-14816.0,1673.0,-493.0,-69.0,-541.0,-1275.0,-279.0,32768.0,5551616.0,2271.0,2703.0,0.0
5817732000,0.015299488896195116,65361.66056166056,2277.0,2294.0,2235.0,1292.0,5328.0,-3984.0,-14700.0,1147.0,-611.0,-199.0,-537.0,-1276.0,-286.0,32768.0,5551616.0,2255.0,2702.0,0.0
5817988000,0.015299488896195116,65361.66056166056,2267.0,2283.0,2240.0,1309.0,5060.0,-4068.0,-14288.0,455.0,-492.0,-171.0,-537.0,-1276.0,-286.0,32768.0,5551616.0,2255.0,2703.0,0.0
5818244000,0.015299488896195116,65361.66056166056,2265.0,2290.0,2243.0,1342.0,5188.0,-4144.0,-13920.0,81.0,-453.0,-116.0,-532.0,-1273.0,-284.0,32768.0,5551616.0,2255.0,2703.0,0.0
5818500000,0.015299488896195116,65361.66056166056,2243.0,2310.0,2240.0,1360.0,5668.0,-4112.0,-13400.0,214.0,-571.0,-89.0,-539.0,-1270.0,-285.0,32768.0,5551616.0,2248.0,2702.0,0.0
5818756000,0.015299488896195116,65361.66056166056,2224.0,2330.0,2223.0,1350.0,5980.0,-3904.0,-13532.0,695.0,-814.0,-97.0,-538.0,-1271.0,-281.0,32768.0,5551616.0,2244.0,2701.0,0.0
5819012000,0.015299488896195116,65361.66056166056,2211.0,2330.0,2199.0,1315.0,6016.0,-3248.0,-14312.0,954.0,-1124.0,-164.0,-537.0,-1273.0,-276.0,32768.0,5551872.0,2241.0,2701.0,0.0
5819268000,0.015299488896195116,65361.66056166056,2206.0,2319.0,2187.0,1278.0,5880.0,-3088.0,-14752.0,840.0,-1229.0,-97.0,-537.0,-1273.0,-276.0,32768.0,5551872.0,2242.0,2702.0,0.0
5819524000,0.015299488896195116,65361.66056166056,2213.0,2311.0,2192.0,1252.0,5656.0,-3048.0,-15440.0,478.0,-1207.0,-74.0,-531.0,-1273.0,-282.0,32768.0,5552128.0,2248.0,2703.0,0.0
5819780000,0.015299488896195116,65361.66056166056,2181.0,2307.0,2208.0,1246.0,5496.0,-3576.0,-15620.0,231.0,-1205.0,-45.0,-534.0,-1267.0,-285.0,32768.0,5552128.0,2454.0,2686.0,0.0
5820036000,0.015299488896195116,65361.66056166056,2167.0,2309.0,2231.0,1247.0,5572.0,-3836.0,-15564.0,203.0,-1174.0,-75.0,-538.0,-1269.0,-277.0,32768.0,5551872.0,2344.0,2703.0,0.0
5820292000,0.015299488896195116,65361.66056166056,2261.0,2309.0,2248.0,1253.0,5624.0,-4328.0,-15468.0,304.0,-1205.0,-137.0,-538.0,-1269.0,-277.0,32768.0,5551872.0,2289.0,2702.0,0.0
5820548000,0.010267481044650379,97394.8717948718,2268.0,2302.0,2259.0,1253.0,5508.0,-4452.0,-15416.0,453.0,-1108.0,-149.0,-537.0,-1271.0,-280.0,32768.0,5551872.0,2262.0,2701.0,0.0
5820804000,0.010267686999779351,97392.9181929182,2221.0,2287.0,2269.0,1252.0,5140.0,-4648.0,-15424.0,596.0,-985.0,-110.0,-540.0,-1277.0,-278.0,32768.0,5551872.0,2460.0,2686.0,0.0
5821060000,0.010267686999779351,97392.9181929182,2186.0,2276.0,2275.0,1248.0,5016.0,-4760.0,-15480.0,713.0,-764.0,-32.0,-536.0,-1267.0,-283.0,32768.0,5551872.0,2341.0,2702.0,0.0
5821316000,0.010267686999779351,97392.9181929182,2280.0,2273.0,2283.0,1244.0,4896.0,-4960.0,-15536.0,702.0,-514.0,56.0,-536.0,-1271.0,-278.0,32768.0,5551872.0,2294.0,2703.0,0.0
5821572000,0.010267686999779351,97392.9181929182,2277.0,2271.0,2292.0,1252.0,4840.0,-5264.0,-15408.0,663.0,-271.0,82.0,-536.0,-1271.0,-278.0,32768.0,5551872.0,2264.0,2701.0,0.0
5821828000,0.010267686999779351,97392.9181929182,2232.0,2267.0,2308.0,1271.0,4792.0,-5428.0,-15188.0,656.0,-157.0,94.0,-553.0,-1270.0,-279.0,32768.0,5551872.0,2461.0,2686.0,0.0
5822084000,0.010267686999779351,97392.9181929182,2203.0,2261.0,2320.0,1292.0,4604.0,-5836.0,-14644.0,773.0,-142.0,80.0,-527.0,-1272.0,-278.0,32768.0,5551616.0,2348.0,2703.0,0.0
5822340000,0.010267686999779351,97392.9181929182,2283.0,2251.0,2327.0,1308.0,4456.0,-5896.0,-14484.0,874.0,-85.0,144.0,-529.0,-1269.0,-279.0,32768.0,5551616.0,2292.0,2704.0,0.0
5822596000,0.010267686999779351,97392.9181929182,2280.0,2249.0,2324.0,1322.0,4416.0,-5868.0,-14136.0,1083.0,37.0,201.0,-533.0,-1276.0,-284.0,32768.0,5552128.0,2264.0,2701.0,0.0
5822852000,0.010267686999779351,97392.9181929182,2225.0,2262.0,2312.0,1334.0,4556.0,-5692.0,-13940.0,1402.0,50.0,193.0,-533.0,-1276.0,-284.0,32768.0,5552128.0,2460.0,2685.0,0.0
5823108000,0.010267686999779351,97392.9181929182,2201.0,2280.0,2284.0,1330.0,5016.0,-5064.0,-14020.0,1785.0,-69.0,96.0,-532.0,-1276.0,-279.0,32768.0,5551360.0,2348.0,2703.0,0.0
5823364000,0.010267686999779351,97392.9181929182,2282.0,2298.0,2251.0,1309.0,5252.0,-4652.0,-14244.0,2034.0,-244.0,-2.0,-539.0,-1277.0,-283.0,32768.0,5551360.0,2292.0,2704.0,0.0
5823620000,0.010267686999779351,97392.9181929182,2297.0,2311.0,2222.0,1282.0,5616.0,-3820.0,-14904.0,2057.0,-286.0,-108.0,-542.0,-1275.0,-280.0,32768.0,5552128.0,2271.0,2703.0,0.0
5823876000,0.010267686999779351,97392.9181929182,2247.0,2310.0,2206.0,1253.0,5620.0,-3416.0,-15592.0,1901.0,-282.0,-184.0,-539.0,-1273.0,-282.0,32768.0,5552128.0,2463.0,2685.0,0.0
5824132000,0.010267686999779351,97392.9181929182,2201.0,2298.0,2213.0,1228.0,5416.0,-3444.0,-15852.0,1637.0,-89.0,-146.0,-539.0,-1273.0,-282.0,32768.0,5552128.0,2342.0,2702.0,0.0
5824388000,0.010267686999779351,97392.9181929182,2283.0,2278.0,2226.0,1219.0,4916.0,-3808.0,-16124.0,1408.0,155.0,7.0,-546.0,-1273.0,-284.0,32768.0,5552128.0,2290.0,2704.0,0.0
5824644000,0.010267686999779351,97392.9181929182,2280.0,2267.0,2237.0,1231.0,4764.0,-3952.0,-15940.0,1354.0,394.0,221.0,-540.0,-1277.0,-275.0,32768.0,5551616.0,2264.0,2702.0,0.0
5824900000,0.010267686999779351,97392.9181929182,2227.0,2267.0,2243.0,1253.0,4772.0,-4148.0,-15368.0,1451.0,536.0,327.0,-543.0,-1279.0,-281.0,32768.0,5551616.0,2460.0,2686.0,0.0
5825156000,0.010267686999779351,97392.9181929182,2188.0,2272.0,2243.0,1276.0,4832.0,-4196.0,-15152.0,1627.0,471.0,363.0,-543.0,-1279.0,-281.0,32768.0,5552128.0,2341.0,2702.0,0.0
5825412000,0.010267686999779351,97392.9181929182,2275.0,2285.0,2240.0,1292.0,5128.0,-4120.0,-14740.0,1627.0,471.0,363.0,-560.0,-1276.0,-283.0,32768.0,5552128.0,2289.0,2704.0,0.0
5825668000,0.010267686999779351,97392.9181929182,2281.0,2293.0,2229.0,1298.0,5344.0,-3920.0,-14624.0,1808.0,300.0,295.0,-530.0,-1276.0,-284.0,32768.0,5552384.0,2263.0,2702.0,0.0
5825924000,0.010267686999779351,97392.9181929182,2247.0,2296.0,2217.0,1301.0,5332.0,-3708.0,-14508.0,1969.0,60.0,163.0,-530.0,-1276.0,-283.0,32768.0,5552384.0,2467.0,2687.0,0.0
5826180000,0.010267686999779351,97392.9181929182,2217.0,2295.0,2208.0,1302.0,5328.0,-3412.0,-14456.0,1896.0,-129.0,53.0,-531.0,-1276.0,-286.0,32768.0,5552384.0,2350.0,2703.0,0.0
5826436000,0.010267686999779351,97392.9181929182,2270.0,2293.0,2200.0,1308.0,5284.0,-3376.0,-14424.0,1547.0,-255.0,-32.0,-531.0,-1276.0,-286.0,32768.0,5552384.0,2500.0,2685.0,0.0
5826692000,0.010267686999779351,97392.9181929182,2252.0,2293.0,2205.0,1318.0,5288.0,-3416.0,-14240.0,1007.0,-279.0,-108.0,-531.0,-1279.0,-280.0,32768.0,5552128.0,2359.0,2702.0,0.0
5826948000,0.010267686999779351,97392.9181929182,2303.0,2298.0,2214.0,1328.0,5344.0,-3536.0,-14140.0,578.0,-364.0,-142.0,-542.0,-1278.0,-280.0,32768.0,5552128.0,2505.0,2686.0,0.0
5827204000,0.010267686999779351,97392.9181929182,2271.0,2306.0,2216.0,1326.0,5516.0,-3644.0,-14052.0,460.0,-534.0,-181.0,-548.0,-1274.0,-289.0,32768.0,5552128.0,2362.0,2702.0,0.0
5827460000,0.010267686999779351,97392.9181929182,2344.0,2313.0,2207.0,1312.0,5608.0,-3576.0,-14224.0,609.0,-718.0,-202.0,-538.0,-1275.0,-283.0,32768.0,5552128.0,2303.0,2703.0,0.0
5827716000,0.010267686999779351,97392.9181929182,2332.0,2317.0,2200.0,1292.0,5756.0,-3292.0,-14756.0,749.0,-892.0,-261.0,-538.0,-1275.0,-283.0,32768.0,5552128.0,2276.0,2703.0,0.0
5827972000,0.010267686999779351,97392.9181929182,2277.0,2319.0,2199.0,1272.0,5772.0,-3268.0,-15184.0,691.0,-986.0,-234.0,-537.0,-1280.0,-284.0,32768.0,5552128.0,2467.0,2686.0,0.0
5828228000,0.010267686999779351,97392.9181929182,2219.0,2318.0,2208.0,1262.0,5748.0,-3316.0,-15268.0,451.0,-1023.0,-217.0,-539.0,-1275.0,-289.0,32768.0,5552384.0,2344.0,2702.0,0.0
5828484000,0.010267481044650379,97394.8717948718,2303.0,2314.0,2220.0,1256.0,5672.0,-3632.0,-15344.0,161.0,-1023.0,-165.0,-539.0,-1272.0,-279.0,32768.0,5552384.0,2295.0,2703.0,0.0
5828740000,0.010267686999779351,97392.9181929182,2253.0,2312.0,2234.0,1260.0,5636.0,-3872.0,-15372.0,-54.0,-988.0,-130.0,-540.0,-1276.0,-277.0,32768.0,5552128.0,2468.0,2684.0,0.0
5828996000,0.010267686999779351,97392.9181929182,2212.0,2307.0,2247.0,1269.0,5564.0,-4304.0,-15148.0,-152.0,-935.0,-94.0,-540.0,-1276.0,-277.0,32768.0,5552128.0,2345.0,2702.0,0.0
5829252000,0.010267686999779351,97392.9181929182,2289.0,2307.0,2263.0,1279.0,5536.0,-4464.0,-15004.0,-85.0,-916.0,-104.0,-534.0,-1269.0,-281.0,32768.0,5552128.0,2289.0,2702.0,0.0
5829508000,0.010267686999779351,97392.9181929182,2288.0,2300.0,2270.0,1282.0,5372.0,-4744.0,-14832.0,82.0,-919.0,-96.0,-530.0,-1273.0,-276.0,32768.0,5552128.0,2265.0,2704.0,0.0
5829764000,0.010267686999779351,97392.9181929182,2281.0,2295.0,2272.0,1285.0,5220.0,-4764.0,-14816.0,304.0,-951.0,-98.0,-526.0,-1265.0,-281.0,32768.0,5551872.0,2259.0,2703.0,0.0
5830020000,0.010267686999779351,97392.9181929182,2257.0,2289.0,2268.0,1282.0,5164.0,-4680.0,-14920.0,449.0,-946.0,-120.0,-526.0,-1265.0,-281.0,32768.0,5551872.0,2250.0,2702.0,0.0
5830276000,0.010267686999779351,97392.9181929182,2238.0,2279.0,2263.0,1277.0,4956.0,-4552.0,-15036.0,468.0,-915.0,-99.0,-533.0,-1272.0,-281.0,32768.0,5552128.0,2245.0,2702.0,0.0
5830532000,0.010267686999779351,97392.9181929182,2237.0,2271.0,2260.0,1271.0,4852.0,-4484.0,-15024.0,369.0,-841.0,-86.0,-532.0,-1274.0,-284.0,32768.0,5552128.0,2250.0,2703.0,0.0
5830788000,0.010267686999779351,97392.9181929182,2227.0,2263.0,2260.0,1267.0,4648.0,-4472.0,-15096.0,247.0,-722.0,-57.0,-537.0,-1267.0,-284.0,32768.0,5552640.0,2246.0,2702.0,0.0
5831044000,0.010267686999779351,97392.9181929182,2182.0,2261.0,2265.0,1270.0,4632.0,-4520.0,-15152.0,114.0,-589.0,5.0,-534.0,-1271.0,-282.0,32768.0,5552640.0,2452.0,2686.0,0.0
5831300000,0.010267686999779351,97392.9181929182,2150.0,2264.0,2273.0,1277.0,4704.0,-4788.0,-14968.0,125.0,-435.0,50.0,-534.0,-1271.0,-282.0,32768.0,5552384.0,2336.0,2701.0,0.0
5831556000,0.010267686999779351,97392.9181929182,2254.0,2267.0,2280.0,1288.0,4724.0,-5116.0,-14780.0,258.0,-335.0,89.0,-541.0,-1274.0,-283.0,32768.0,5552384.0,2287.0,2704.0,0.0
5831812000,0.010267686999779351,97392.9181929182,2265.0,2265.0,2278.0,1290.0,4708.0,-4896.0,-14720.0,515.0,-346.0,95.0,-537.0,-1271.0,-283.0,32768.0,5552384.0,2264.0,2704.0,0.0
5832068000,0.010267686999779351,97392.9181929182,2238.0,2264.0,2274.0,1288.0,4668.0,-4780.0,-14788.0,817.0,-336.0,69.0,-543.0,-1269.0,-284.0,32768.0,5552384.0,2467.0,2687.0,0.0
5832324000,0.010267686999779351,97392.9181929182,2197.0,2260.0,2261.0,1281.0,4620.0,-4608.0,-14928.0,969.0,-402.0,62.0,-538.0,-1273.0,-282.0,32768.0,5552384.0,2344.0,2702.0,0.0
5832580000,0.010267686999779351,97392.9181929182,2279.0,2263.0,2259.0,1284.0,4676.0,-4480.0,-14884.0,973.0,-424.0,31.0,-538.0,-1273.0,-282.0,32768.0,5552384.0,2290.0,2704.0,0.0
5832836000,0.010267686999779351,97392.9181929182,2280.0,2261.0,2252.0,1277.0,4636.0,-4408.0,-14904.0,926.0,-446.0,10.0,-533.0,-1274.0,-277.0,32768.0,5552128.0,2264.0,2702.0,0.0
5833092000,0.010267686999779351,97392.9181929182,2259.0,2264.0,2248.0,1278.0,4672.0,-4204.0,-14972.0,864.0,-516.0,-14.0,-532.0,-1271.0,-277.0,32768.0,5552128.0,2252.0,2702.0,0.0
5833348000,0.010267686999779351,97392.9181929182,2252.0,2269.0,2242.0,1275.0,4712.0,-4104.0,-15068.0,703.0,-558.0,16.0,-538.0,-1271.0,-276.0,32768.0,5551616.0,2253.0,2703.0,0.0
5833604000,0.010267686999779351,97392.9181929182,2240.0,2272.0,2239.0,1273.0,4852.0,-4072.0,-15104.0,588.0,-540.0,2.0,-529.0,-1267.0,-280.0,32768.0,5551616.0,2247.0,2702.0,0.0
5833860000,0.010267686999779351,97392.9181929182,2222.0,2277.0,2240.0,1276.0,4932.0,-4116.0,-14988.0,524.0,-544.0,-6.0,-529.0,-1267.0,-280.0,32768.0,5552128.0,2242.0,2701.0,0.0
5834116000,0.010267686999779351,97392.9181929182,2214.0,2279.0,2238.0,1274.0,4952.0,-4100.0,-15028.0,563.0,-528.0,5.0,-529.0,-1269.0,-281.0,32768.0,5552128.0,2242.0,2702.0,0.0
5834372000,0.010267686999779351,97392.9181929182,2207.0,2281.0,2237.0,1271.0,5068.0,-4004.0,-15048.0,603.0,-487.0,-4.0,-536.0,-1269.0,-282.0,32768.0,5552128.0,2242.0,2702.0,0.0
5834628000,0.010267686999779351,97392.9181929182,2204.0,2281.0,2232.0,1267.0,5016.0,-3956.0,-15152.0,601.0,-460.0,-10.0,-535.0,-1270.0,-278.0,32768.0,5552128.0,2242.0,2702.0,0.0
5834884000,0.010267686999779351,97392.9181929182,2185.0,2282.0,2235.0,1267.0,5084.0,-3996.0,-15196.0,590.0,-379.0,5.0,-535.0,-1270.0,-278.0,32768.0,5552384.0,2234.0,2700.0,0.0
5835140000,0.010267686999779351,97392.9181929182,2185.0,2282.0,2238.0,1267.0,5044.0,-4044.0,-15168.0,510.0,-318.0,30.0,-537.0,-1271.0,-280.0,32768.0,5552384.0,2238.0,2702.0,0.0
5835396000,0.010267686999779351,97392.9181929182,2187.0,2284.0,2245.0,1269.0,5116.0,-4252.0,-15104.0,516.0,-255.0,13.0,-535.0,-1269.0,-279.0,32768.0,5552128.0,2240.0,2702.0,0.0
5835652000,0.010267686999779351,97392.9181929182,2206.0,2284.0,2251.0,1273.0,5092.0,-4292.0,-15028.0,593.0,-245.0,11.0,-536.0,-1273.0,-279.0,32768.0,5552128.0,2247.0,2703.0,0.0
5835908000,0.010267686999779351,97392.9181929182,2208.0,2283.0,2248.0,1276.0,5136.0,-4300.0,-15032.0,683.0,-221.0,5.0,-538.0,-1275.0,-282.0,32768.0,5552128.0,2243.0,2701.0,0.0
5836164000,0.010267686999779351,97392.9181929182,2183.0,2285.0,2247.0,1281.0,5100.0,-4252.0,-14928.0,716.0,-257.0,2.0,-538.0,-1275.0,-282.0,32768.0,5552128.0,2457.0,2687.0,0.0
5836420000,0.010267686999779351,97392.9181929182,2167.0,2287.0,2246.0,1286.0,5124.0,-4176.0,-14852.0,693.0,-294.0,7.0,-546.0,-1265.0,-278.0,32768.0,5552128.0,2341.0,2704.0,0.0
5836676000,0.010267686999779351,97392.9181929182,2263.0,2285.0,2250.0,1293.0,5100.0,-4312.0,-14644.0,696.0,-329.0,-27.0,-530.0,-1270.0,-277.0,32768.0,5552128.0,2289.0,2704.0,0.0
5836932000,0.010267686999779351,97392.9181929182,2269.0,2282.0,2246.0,1293.0,5056.0,-4208.0,-14716.0,617.0,-435.0,-4.0,-531.0,-1272.0,-281.0,32768.0,5552640.0,2264.0,2702.0,0.0
5837188000,0.010267686999779351,97392.9181929182,2252.0,2281.0,2250.0,1294.0,5004.0,-4308.0,-14688.0,476.0,-477.0,-12.0,-533.0,-1272.0,-276.0,32768.0,5552640.0,2252.0,2702.0,0.0
5837444000,0.010267686999779351,97392.9181929182,2239.0,2278.0,2259.0,1291.0,4992.0,-4424.0,-14696.0,405.0,-500.0,-40.0,-533.0,-1272.0,-276.0,32768.0,5551616.0,2247.0,2702.0,0.0
5837700000,0.010267686999779351,97392.9181929182,2231.0,2274.0,2262.0,1286.0,4888.0,-4500.0,-14788.0,344.0,-545.0,-36.0,-530.0,-1275.0,-281.0,32768.0,5551616.0,2246.0,2704.0,0.0
5837956000,0.010267686999779351,97392.9181929182,2231.0,2275.0,2265.0,1282.0,4904.0,-4572.0,-14884.0,267.0,-541.0,-5.0,-527.0,-1263.0,-280.0,32768.0,5552384.0,2250.0,2703.0,0.0
5838212000,0.010267686999779351,97392.9181929182,2232.0,2277.0,2271.0,1281.0,4900.0,-4696.0,-14916.0,202.0,-499.0,-10.0,-532.0,-1268.0,-286.0,32768.0,5552384.0,2252.0,2703.0,0.0
5838468000,0.010267686999779351,97392.9181929182,2228.0,2282.0,2279.0,1283.0,4984.0,-4888.0,-14848.0,215.0,-441.0,-34.0,-539.0,-1271.0,-281.0,32768.0,5552384.0,2247.0,2702.0,0.0
5838724000,0.010267686999779351,97392.9181929182,2222.0,2277.0,2285.0,1284.0,4960.0,-4960.0,-14836.0,289.0,-456.0,-13.0,-539.0,-1271.0,-281.0,32768.0,5552384.0,2246.0,2704.0,0.0
5838980000,0.010267686999779351,97392.9181929182,2228.0,2278.0,2286.0,1286.0,4972.0,-5028.0,-14796.0,454.0,-394.0,11.0,-544.0,-1271.0,-278.0,32768.0,5552384.0,2250.0,2703.0,0.0
5839236000,0.010267686999779351,97392.9181929182,2231.0,2280.0,2285.0,1287.0,4996.0,-5052.0,-14812.0,603.0,-350.0,34.0,-531.0,-1273.0,-283.0,32768.0,5552384.0,2252.0,2703.0,0.0
5839492000,0.010267686999779351,97392.9181929182,2237.0,2278.0,2282.0,1286.0,4948.0,-4972.0,-14792.0,701.0,-349.0,18.0,-536.0,-1273.0,-278.0,32768.0,5552640.0,2253.0,2703.0,0.0
5839748000,0.010267686999779351,97392.9181929182,2239.0,2277.0,2276.0,1285.0,4952.0,-4808.0,-14832.0,760.0,-357.0,3.0,-535.0,-1265.0,-280.0,32768.0,5552640.0,2253.0,2703.0,0.0
5840004000,0.010267686999779351,97392.9181929182,2234.0,2276.0,2270.0,1283.0,4924.0,-4724.0,-14856.0,769.0,-329.0,7.0,-535.0,-1265.0,-280.0,32768.0,5552640.0,2247.0,2702.0,0.0
5840260000,0.010267686999779351,97392.9181929182,2247.0,2278.0,2267.0,1284.0,4952.0,-4632.0,-14824.0,772.0,-345.0,-9.0,-529.0,-1269.0,-277.0,32768.0,5552640.0,2257.0,2703.0,0.0
5840516000,0.010267686999779351,97392.9181929182,2239.0,2278.0,2265.0,1282.0,4948.0,-4608.0,-14852.0,745.0,-334.0,14.0,-534.0,-1267.0,-275.0,32768.0,5552640.0,2249.0,2702.0,0.0
5840772000,0.010267686999779351,97392.9181929182,2236.0,2279.0,2265.0,1283.0,4924.0,-4620.0,-14828.0,740.0,-320.0,8.0,-530.0,-1272.0,-283.0,32768.0,5552640.0,2252.0,2703.0,0.0
5841028000,0.010267686999779351,97392.9181929182,2226.0,2277.0,2264.0,1283.0,4940.0,-4604.0,-14880.0,776.0,-314.0,30.0,-530.0,-1272.0,-283.0,32768.0,5552384.0,2246.0,2702.0,0.0
5841284000,0.010267686999779351,97392.9181929182,2150.0,2276.0,2261.0,1282.0,4932.0,-4540.0,-14908.0,769.0,-307.0,18.0,-529.0,-1266.0,-280.0,32768.0,5552384.0,2207.0,2688.0,0.0
5841540000,0.010267686999779351,97392.9181929182,2137.0,2273.0,2261.0,1279.0,4884.0,-4540.0,-14880.0,752.0,-305.0,20.0,-531.0,-1270.0,-280.0,32768.0,5551872.0,2224.0,2701.0,0.0
5841796000,0.010267686999779351,97392.9181929182,2160.0,2274.0,2259.0,1283.0,4844.0,-4492.0,-14880.0,712.0,-297.0,23.0,-537.0,-1268.0,-279.0,32768.0,5551872.0,2240.0,2703.0,0.0
5842052000,0.010267686999779351,97392.9181929182,2177.0,2272.0,2260.0,1283.0,4856.0,-4516.0,-14872.0,667.0,-314.0,43.0,-528.0,-1272.0,-279.0,32768.0,5552128.0,2241.0,2702.0,0.0
5842308000,0.010267686999779351,97392.9181929182,2186.0,2273.0,2261.0,1286.0,4840.0,-4552.0,-14860.0,659.0,-329.0,14.0,-528.0,-1272.0,-279.0,32768.0,5552128.0,2241.0,2702.0,0.0
5842564000,0.010267686999779351,97392.9181929182,2202.0,2272.0,2263.0,1289.0,4864.0,-4548.0,-14864.0,659.0,-329.0,14.0,-540.0,-1269.0,-280.0,32768.0,5553152.0,2248.0,2703.0,0.0
5842820000,0.010267686999779351,97392.9181929182,2215.0,2273.0,2264.0,1284.0,4872.0,-4632.0,-14820.0,674.0,-349.0,3.0,-533.0,-1267.0,-284.0,32768.0,5553152.0,2252.0,2703.0,0.0
5843076000,0.010267686999779351,97392.9181929182,2216.0,2271.0,2263.0,1282.0,4872.0,-4576.0,-14908.0,713.0,-379.0,-19.0,-541.0,-1265.0,-281.0,32768.0,5552640.0,2246.0,2702.0,0.0
5843332000,0.010267686999779351,97392.9181929182,2152.0,2273.0,2260.0,1280.0,4888.0,-4568.0,-14948.0,729.0,-409.0,-38.0,-533.0,-1273.0,-279.0,32768.0,5552640.0,2213.0,2689.0,0.0
5843588000,0.010267686999779351,97392.9181929182,2145.0,2274.0,2258.0,1281.0,4904.0,-4528.0,-14972.0,740.0,-351.0,-41.0,-533.0,-1273.0,-279.0,32768.0,5552128.0,2228.0,2702.0,0.0
5843844000,0.010267686999779351,97392.9181929182,2172.0,2277.0,2261.0,1279.0,4976.0,-4536.0,-14956.0,735.0,-333.0,-58.0,-534.0,-1265.0,-275.0,32768.0,5552128.0,2242.0,2703.0,0.0
5844100000,0.010267686999779351,97392.9181929182,2198.0,2278.0,2260.0,1282.0,4964.0,-4508.0,-14912.0,736.0,-343.0,-69.0,-530.0,-1267.0,-276.0,32768.0,5552640.0,2249.0,2703.0,0.0
5844356000,0.010267686999779351,97392.9181929182,2133.0,2280.0,2261.0,1279.0,5004.0,-4524.0,-14896.0,697.0,-342.0,-52.0,-532.0,-1271.0,-281.0,32768.0,5552640.0,2207.0,2688.0,0.0
5844612000,0.010267686999779351,97392.9181929182,2147.0,2281.0,2263.0,1281.0,5024.0,-4556.0,-14868.0,667.0,-349.0,-54.0,-530.0,-1263.0,-281.0,32768.0,5552640.0,2233.0,2703.0,0.0
5844868000,0.010267686999779351,97392.9181929182,2165.0,2282.0,2266.0,1286.0,5028.0,-4636.0,-14876.0,642.0,-332.0,-35.0,-530.0,-1263.0,-281.0,32768.0,5552640.0,2240.0,2704.0,0.0
5845124000,0.010267686999779351,97392.9181929182,2194.0,2281.0,2265.0,1285.0,5064.0,-4616.0,-14792.0,605.0,-351.0,-55.0,-526.0,-1270.0,-281.0,32768.0,5553152.0,2247.0,2703.0,0.0
5845380000,0.010267686999779351,97392.9181929182,2217.0,2282.0,2267.0,1283.0,5032.0,-4632.0,-14856.0,659.0,-323.0,-9.0,-529.0,-1273.0,-281.0,32768.0,5553152.0,2251.0,2703.0,0.0
5845636000,0.010267686999779351,97392.9181929182,2224.0,2282.0,2267.0,1283.0,5072.0,-4676.0,-14840.0,660.0,-298.0,1.0,-535.0,-1266.0,-271.0,32768.0,5552384.0,2252.0,2703.0,0.0
5845892000,0.010267686999779351,97392.9181929182,2232.0,2281.0,2267.0,1282.0,5032.0,-4648.0,-14876.0,654.0,-324.0,-6.0,-535.0,-1266.0,-271.0,32768.0,5552384.0,2253.0,2703.0,0.0
5846148000,0.010267686999779351,97392.9181929182,2231.0,2279.0,2266.0,1286.0,4968.0,-4668.0,-14856.0,661.0,-332.0,-13.0,-538.0,-1262.0,-282.0,32768.0,5552640.0,2247.0,2702.0,0.0
5846404000,0.010267686999779351,97392.9181929182,2237.0,2279.0,2269.0,1288.0,5012.0,-4648.0,-14800.0,645.0,-337.0,-15.0,-538.0,-1265.0,-277.0,32768.0,5552640.0,2251.0,2703.0,0.0
5846660000,0.010267686999779351,97392.9181929182,2235.0,2279.0,2268.0,1291.0,5004.0,-4656.0,-14696.0,625.0,-371.0,-18.0,-533.0,-1266.0,-281.0,32768.0,5552640.0,2252.0,2703.0,0.0
5846916000,0.010267686999779351,97392.9181929182,2239.0,2278.0,2268.0,1288.0,5016.0,-4708.0,-14748.0,631.0,-386.0,-3.0,-538.0,-1272.0,-276.0,32768.0,5552640.0,2253.0,2703.0,0.0
5847172000,0.010267686999779351,97392.9181929182,2232.0,2278.0,2271.0,1290.0,4984.0,-4744.0,-14748.0,619.0,-410.0,-8.0,-538.0,-1272.0,-276.0,32768.0,5552128.0,2247.0,2702.0,0.0
5847428000,0.010267686999779351,97392.9181929182,2207.0,2277.0,2270.0,1288.0,5004.0,-4728.0,-14736.0,607.0,-401.0,5.0,-535.0,-1265.0,-282.0,32768.0,5552128.0,2459.0,2687.0,0.0
5847684000,0.010267686999779351,97392.9181929182,2193.0,2279.0,2274.0,1289.0,5008.0,-4740.0,-14724.0,578.0,-399.0,-7.0,-537.0,-1268.0,-279.0,32768.0,5552896.0,2347.0,2703.0,0.0
5847940000,0.010267686999779351,97392.9181929182,2282.0,2279.0,2275.0,1288.0,4980.0,-4804.0,-14780.0,555.0,-407.0,0.0,-529.0,-1269.0,-279.0,32768.0,5552896.0,2291.0,2704.0,0.0
5848196000,0.010267686999779351,97392.9181929182,2296.0,2278.0,2278.0,1286.0,4960.0,-4860.0,-14804.0,552.0,-418.0,-10.0,-528.0,-1261.0,-279.0,32768.0,5552640.0,2271.0,2703.0,0.0
5848452000,0.010267686999779351,97392.9181929182,2221.0,2278.0,2276.0,1286.0,4992.0,-4868.0,-14800.0,573.0,-396.0,-12.0,-528.0,-1261.0,-279.0,32768.0,5552640.0,2226.0,2690.0,0.0
5848708000,0.010267686999779351,97392.9181929182,2199.0,2277.0,2278.0,1284.0,4996.0,-4860.0,-14804.0,610.0,-385.0,7.0,-522.0,-1272.0,-280.0,32768.0,5552640.0,2236.0,2704.0,0.0
5848964000,0.010267686999779351,97392.9181929182,2199.0,2279.0,2280.0,1285.0,4948.0,-4900.0,-14808.0,626.0,-373.0,1.0,-529.0,-1265.0,-274.0,32768.0,5552640.0,2241.0,2704.0,0.0
5849220000,0.010267686999779351,97392.9181929182,2198.0,2278.0,2279.0,1287.0,4964.0,-4880.0,-14844.0,647.0,-380.0,16.0,-536.0,-1265.0,-279.0,32768.0,5552896.0,2241.0,2702.0,0.0
5849476000,0.010267686999779351,97392.9181929182,2197.0,2277.0,2279.0,1287.0,4980.0,-4872.0,-14828.0,702.0,-373.0,15.0,-535.0,-1272.0,-280.0,32768.0,5552896.0,2241.0,2702.0,0.0
5849732000,0.010267686999779351,97392.9181929182,2208.0,2274.0,2278.0,1287.0,4904.0,-4892.0,-14804.0,716.0,-379.0,20.0,-535.0,-1272.0,-280.0,32768.0,5552384.0,2248.0,2703.0,0.0
5849988000,0.010267686999779351,97392.9181929182,2218.0,2273.0,2277.0,1287.0,4884.0,-4880.0,-14788.0,700.0,-374.0,22.0,-534.0,-1261.0,-279.0,32768.0,5552384.0,2247.0,2704.0,0.0
5850244000,0.010267686999779351,97392.9181929182,2224.0,2272.0,2277.0,1287.0,4876.0,-4828.0,-14816.0,710.0,-359.0,-20.0,-534.0,-1265.0,-280.0,32768.0,5552384.0,2250.0,2703.0,0.0
5850500000,0.010267686999779351,97392.9181929182,2228.0,2272.0,2275.0,1288.0,4860.0,-4840.0,-14824.0,750.0,-368.0,22.0,-533.0,-1270.0,-278.0,32768.0,5552384.0,2252.0,2703.0,0.0
5850756000,0.010267686999779351,97392.9181929182,2234.0,2274.0,2274.0,1285.0,4888.0,-4812.0,-14820.0,728.0,-353.0,-8.0,-533.0,-1270.0,-278.0,32768.0,5553152.0,2253.0,2703.0,0.0
5851012000,0.010267686999779351,97392.9181929182,2228.0,2272.0,2272.0,1286.0,4876.0,-4832.0,-14764.0,715.0,-374.0,-7.0,-533.0,-1265.0,-280.0,32768.0,5553152.0,2248.0,2704.0,0.0
5851268000,0.010267686999779351,97392.9181929182,2231.0,2274.0,2271.0,1286.0,4884.0,-4740.0,-14784.0,721.0,-347.0,5.0,-528.0,-1268.0,-281.0,32768.0,5552128.0,2252.0,2703.0,0.0
5851524000,0.010267686999779351,97392.9181929182,2179.0,2276.0,2271.0,1284.0,4944.0,-4760.0,-14768.0,709.0,-374.0,-3.0,-522.0,-1264.0,-276.0,32768.0,5552128.0,2224.0,2691.0,0.0
5851780000,0.010267686999779351,97392.9181929182,2183.0,2279.0,2271.0,1282.0,4988.0,-4748.0,-14876.0,722.0,-392.0,8.0,-527.0,-1270.0,-279.0,32768.0,5552384.0,2240.0,2703.0,0.0
5852036000,0.010267686999779351,97392.9181929182,2202.0,2278.0,2269.0,1283.0,5016.0,-4700.0,-14824.0,696.0,-414.0,-28.0,-527.0,-1270.0,-279.0,32768.0,5552384.0,2247.0,2703.0,0.0
5852292000,0.010267686999779351,97392.9181929182,2222.0,2277.0,2271.0,1282.0,4972.0,-4748.0,-14876.0,703.0,-397.0,2.0,-541.0,-1267.0,-277.0,32768.0,5552384.0,2251.0,2703.0,0.0
5852548000,0.010267686999779351,97392.9181929182,2170.0,2277.0,2271.0,1283.0,4996.0,-4748.0,-14872.0,667.0,-364.0,17.0,-530.0,-1264.0,-276.0,32768.0,5552384.0,2219.0,2692.0,0.0
5852804000,0.010267686999779351,97392.9181929182,2177.0,2276.0,2272.0,1284.0,4948.0,-4748.0,-14892.0,648.0,-338.0,14.0,-531.0,-1266.0,-279.0,32768.0,5552384.0,2238.0,2703.0,0.0
5853060000,0.010267686999779351,97392.9181929182,2199.0,2274.0,2275.0,1284.0,4912.0,-4800.0,-14848.0,654.0,-326.0,41.0,-535.0,-1270.0,-277.0,32768.0,5552384.0,2247.0,2703.0,0.0
5853316000,0.010267686999779351,97392.9181929182,2157.0,2276.0,2276.0,1285.0,4936.0,-4836.0,-14808.0,646.0,-314.0,18.0,-535.0,-1270.0,-277.0,32768.0,5552640.0,2446.0,2684.0,0.0
5853572000,0.010267686999779351,97392.9181929182,2153.0,2274.0,2279.0,1288.0,4924.0,-4896.0,-14760.0,678.0,-346.0,23.0,-533.0,-1270.0,-277.0,32768.0,5552640.0,2341.0,2703.0,0.0
5853828000,0.010267686999779351,97392.9181929182,2262.0,2273.0,2280.0,1290.0,4896.0,-4916.0,-14744.0,741.0,-339.0,16.0,-535.0,-1269.0,-280.0,32768.0,5552384.0,2294.0,2703.0,0.0
5854084000,0.010267686999779351,97392.9181929182,2280.0,2273.0,2277.0,1289.0,4864.0,-4888.0,-14720.0,749.0,-376.0,-25.0,-533.0,-1265.0,-281.0,32768.0,5552384.0,2267.0,2704.0,0.0
5854340000,0.010267686999779351,97392.9181929182,2263.0,2273.0,2276.0,1289.0,4884.0,-4844.0,-14760.0,747.0,-378.0,-27.0,-541.0,-1261.0,-276.0,32768.0,5552384.0,2254.0,2702.0,0.0
5854596000,0.010267481044650379,97394.8717948718,2256.0,2272.0,2273.0,1285.0,4912.0,-4796.0,-14792.0,735.0,-397.0,-31.0,-541.0,-1261.0,-276.0,32768.0,5552384.0,2254.0,2703.0,0.0
5854852000,0.010267686999779351,97392.9181929182,2253.0,2273.0,2275.0,1286.0,4916.0,-4800.0,-14820.0,696.0,-395.0,-30.0,-538.0,-1269.0,-280.0,32768.0,5552640.0,2254.0,2703.0,0.0
5855108000,0.010267686999779351,97392.9181929182,2242.0,2274.0,2274.0,1286.0,4888.0,-4844.0,-14856.0,668.0,-387.0,-17.0,-525.0,-1267.0,-275.0,32768.0,5552640.0,2249.0,2704.0,0.0
5855364000,0.010267686999779351,97392.9181929182,2243.0,2274.0,2279.0,1285.0,4912.0,-4900.0,-14864.0,660.0,-371.0,8.0,-530.0,-1267.0,-282.0,32768.0,5552896.0,2251.0,2703.0,0.0
5855620000,0.010267481044650379,97394.8717948718,2185.0,2274.0,2282.0,1286.0,4956.0,-4928.0,-14832.0,664.0,-359.0,7.0,-530.0,-1267.0,-282.0,32768.0,5552896.0,2224.0,2691.0,0.0
5855876000,0.010267686999779351,97392.9181929182,2187.0,2275.0,2281.0,1284.0,4948.0,-4924.0,-14828.0,693.0,-349.0,10.0,-523.0,-1261.0,-281.0,32768.0,5552640.0,2240.0,2703.0,0.0
5856132000,0.010267686999779351,97392.9181929182,2199.0,2275.0,2282.0,1287.0,4940.0,-5000.0,-14792.0,718.0,-334.0,3.0,-537.0,-1263.0,-277.0,32768.0,5552640.0,2243.0,2704.0,0.0
5856388000,0.010267686999779351,97392.9181929182,2212.0,2278.0,2284.0,1289.0,4940.0,-5004.0,-14788.0,758.0,-357.0,9.0,-531.0,-1265.0,-280.0,32768.0,5552640.0,2249.0,2703.0,0.0
5856644000,0.010267686999779351,97392.9181929182,2227.0,2276.0,2282.0,1288.0,4988.0,-5008.0,-14748.0,762.0,-318.0,1.0,-528.0,-1262.0,-275.0,32768.0,5552640.0,2251.0,2703.0,0.0
5856900000,0.010267686999779351,97392.9181929182,2220.0,2275.0,2283.0,1292.0,4976.0,-4948.0,-14756.0,778.0,-331.0,-23.0,-528.0,-1262.0,-275.0,32768.0,5552896.0,2246.0,2702.0,0.0
5857156000,0.010267686999779351,97392.9181929182,2220.0,2277.0,2281.0,1292.0,4964.0,-4924.0,-14724.0,759.0,-333.0,-45.0,-535.0,-1259.0,-280.0,32768.0,5552896.0,2246.0,2704.0,0.0
5857412000,0.010267686999779351,97392.9181929182,2216.0,2277.0,2279.0,1292.0,4960.0,-4960.0,-14704.0,786.0,-329.0,-2.0,-534.0,-1269.0,-280.0,32768.0,5552384.0,2243.0,2702.0,0.0
5857668000,0.010267686999779351,97392.9181929182,2222.0,2278.0,2278.0,1291.0,4976.0,-4904.0,-14740.0,751.0,-356.0,-9.0,-541.0,-1266.0,-285.0,32768.0,5552384.0,2249.0,2703.0,0.0
5857924000,0.010267686999779351,97392.9181929182,2227.0,2276.0,2280.0,1291.0,4980.0,-4924.0,-14684.0,712.0,-365.0,17.0,-545.0,-1265.0,-277.0,32768.0,5551872.0,2252.0,2703.0,0.0
5858180000,0.010267686999779351,97392.9181929182,2234.0,2276.0,2280.0,1291.0,4964.0,-4940.0,-14756.0,747.0,-356.0,4.0,-545.0,-1265.0,-277.0,32768.0,5551872.0,2253.0,2703.0,0.0
5858436000,0.010267686999779351,97392.9181929182,2240.0,2275.0,2282.0,1288.0,4932.0,-4944.0,-14748.0,729.0,-371.0,-6.0,-527.0,-1264.0,-274.0,32768.0,5552384.0,2253.0,2703.0,0.0
5858692000,0.010267686999779351,97392.9181929182,2243.0,2275.0,2283.0,1289.0,4976.0,-4944.0,-14768.0,770.0,-377.0,9.0,-525.0,-1267.0,-278.0,32768.0,5552384.0,2254.0,2703.0,0.0
5858948000,0.010267686999779351,97392.9181929182,2245.0,2276.0,2282.0,1288.0,4944.0,-4984.0,-14728.0,782.0,-369.0,-14.0,-528.0,-1266.0,-280.0,32768.0,5552384.0,2254.0,2703.0,0.0
5859204000,0.010267686999779351,97392.9181929182,2244.0,2276.0,2283.0,1289.0,4912.0,-5000.0,-14788.0,781.0,-370.0,-2.0,-542.0,-1263.0,-276.0,32768.0,5552384.0,2254.0,2703.0,0.0
5859460000,0.010267686999779351,97392.9181929182,2237.0,2275.0,2282.0,1288.0,4924.0,-4968.0,-14816.0,781.0,-370.0,-2.0,-542.0,-1263.0,-276.0,32768.0,5552640.0,2247.0,2702.0,0.0
5859716000,0.010267686999779351,97392.9181929182,2189.0,2274.0,2283.0,1288.0,4948.0,-4980.0,-14812.0,771.0,-362.0,4.0,-531.0,-1264.0,-276.0,32768.0,5552640.0,2225.0,2694.0,0.0
5859972000,0.010267686999779351,97392.9181929182,2194.0,2273.0,2283.0,1288.0,4932.0,-4908.0,-14788.0,800.0,-339.0,10.0,-531.0,-1267.0,-281.0,32768.0,5552640.0,2241.0,2703.0,0.0
5860228000,0.010267686999779351,97392.9181929182,2202.0,2273.0,2282.0,1289.0,4912.0,-4924.0,-14768.0,812.0,-352.0,-10.0,-536.0,-1265.0,-275.0,32768.0,5552640.0,2243.0,2704.0,0.0
5860484000,0.010267686999779351,97392.9181929182,2200.0,2274.0,2279.0,1288.0,4916.0,-4924.0,-14824.0,833.0,-342.0,-4.0,-536.0,-1265.0,-275.0,32768.0,5552384.0,2242.0,2702.0,0.0
5860740000,0.010267686999779351,97392.9181929182,2215.0,2273.0,2278.0,1287.0,4888.0,-4880.0,-14848.0,825.0,-337.0,8.0,-539.0,-1261.0,-275.0,32768.0,5552384.0,2249.0,2703.0,0.0
5860996000,0.010267686999779351,97392.9181929182,2216.0,2272.0,2277.0,1285.0,4856.0,-4824.0,-14856.0,825.0,-355.0,29.0,-537.0,-1262.0,-279.0,32768.0,5552128.0,2246.0,2704.0,0.0
5861252000,0.010267686999779351,97392.9181929182,2215.0,2272.0,2277.0,1287.0,4860.0,-4788.0,-14808.0,792.0,-337.0,18.0,-537.0,-1267.0,-271.0,32768.0,5552128.0,2245.0,2704.0,0.0
5861508000,0.010267686999779351,97392.9181929182,2209.0,2272.0,2277.0,1288.0,4844.0,-4856.0,-14808.0,734.0,-349.0,37.0,-545.0,-1263.0,-276.0,32768.0,5552640.0,2244.0,2702.0,0.0
5861764000,0.010267481044650379,97394.8717948718,2217.0,2270.0,2279.0,1286.0,4828.0,-4888.0,-14880.0,723.0,-329.0,58.0,-545.0,-1263.0,-276.0,32768.0,5552640.0,2249.0,2703.0,0.0
5862020000,0.010267686999779351,97392.9181929182,2226.0,2272.0,2282.0,1285.0,4800.0,-4932.0,-14864.0,723.0,-349.0,62.0,-537.0,-1267.0,-281.0,32768.0,5551616.0,2252.0,2703.0,0.0
5862276000,0.010267686999779351,97392.9181929182,2223.0,2269.0,2283.0,1286.0,4776.0,-4928.0,-14812.0,697.0,-333.0,78.0,-530.0,-1267.0,-282.0,32768.0,5551616.0,2248.0,2704.0,0.0
5862532000,0.010267686999779351,97392.9181929182,2232.0,2270.0,2283.0,1287.0,4812.0,-4980.0,-14816.0,717.0,-319.0,72.0,-552.0,-1261.0,-282.0,32768.0,5552128.0,2251.0,2703.0,0.0
5862788000,0.010267481044650379,97394.8717948718,2224.0,2270.0,2283.0,1287.0,4820.0,-4968.0,-14848.0,755.0,-313.0,73.0,-534.0,-1267.0,-277.0,32768.0,5552128.0,2246.0,2702.0,0.0
5863044000,0.010267686999779351,97392.9181929182,2227.0,2273.0,2281.0,1289.0,4860.0,-4932.0,-14816.0,804.0,-331.0,61.0,-534.0,-1267.0,-277.0,32768.0,5552128.0,2250.0,2703.0,0.0
5863300000,0.010267686999779351,97392.9181929182,2202.0,2274.0,2280.0,1286.0,4876.0,-4900.0,-14780.0,792.0,-354.0,60.0,-530.0,-1267.0,-276.0,32768.0,5552128.0,2236.0,2698.0,0.0
5863556000,0.010267686999779351,97392.9181929182,2208.0,2275.0,2278.0,1286.0,4892.0,-4888.0,-14792.0,793.0,-331.0,64.0,-524.0,-1263.0,-273.0,32768.0,5552896.0,2246.0,2703.0,0.0
5863812000,0.010267686999779351,97392.9181929182,2219.0,2274.0,2278.0,1283.0,4904.0,-4884.0,-14792.0,761.0,-321.0,36.0,-535.0,-1263.0,-276.0,32768.0,5552896.0,2250.0,2703.0,0.0
5864068000,0.010267686999779351,97392.9181929182,2224.0,2274.0,2277.0,1285.0,4904.0,-4856.0,-14828.0,749.0,-313.0,28.0,-540.0,-1263.0,-278.0,32768.0,5552640.0,2252.0,2703.0,0.0
5864324000,0.010267686999779351,97392.9181929182,2222.0,2276.0,2275.0,1286.0,4920.0,-4840.0,-14876.0,728.0,-295.0,24.0,-540.0,-1263.0,-278.0,32768.0,5552640.0,2248.0,2704.0,0.0
5864580000,0.010267686999779351,97392.9181929182,2233.0,2276.0,2276.0,1287.0,4924.0,-4832.0,-14808.0,706.0,-264.0,35.0,-536.0,-1263.0,-276.0,32768.0,5552896.0,2251.0,2703.0,0.0
5864836000,0.010267686999779351,97392.9181929182,2201.0,2278.0,2279.0,1289.0,4976.0,-4912.0,-14776.0,677.0,-273.0,16.0,-534.0,-1266.0,-277.0,32768.0,5552896.0,2233.0,2695.0,0.0
5865092000,0.010267686999779351,97392.9181929182,2207.0,2278.0,2281.0,1292.0,4964.0,-4904.0,-14760.0,686.0,-287.0,13.0,-533.0,-1263.0,-272.0,32768.0,5553152.0,2245.0,2703.0,0.0
5865348000,0.010267686999779351,97392.9181929182,2217.0,2281.0,2282.0,1293.0,4976.0,-4916.0,-14720.0,734.0,-277.0,-7.0,-537.0,-1268.0,-272.0,32768.0,5553152.0,2250.0,2703.0,0.0
5865604000,0.010267686999779351,97392.9181929182,2216.0,2282.0,2281.0,1295.0,5040.0,-4940.0,-14644.0,744.0,-313.0,12.0,-537.0,-1268.0,-272.0,32768.0,5552640.0,2245.0,2702.0,0.0
5865860000,0.010267686999779351,97392.9181929182,2224.0,2283.0,2281.0,1296.0,5080.0,-4920.0,-14668.0,731.0,-340.0,3.0,-529.0,-1263.0,-276.0,32768.0,5552640.0,2250.0,2703.0,0.0
5866116000,0.010267686999779351,97392.9181929182,2228.0,2283.0,2281.0,1295.0,5092.0,-4960.0,-14640.0,720.0,-365.0,-9.0,-531.0,-1267.0,-275.0,32768.0,5552896.0,2252.0,2703.0,0.0
5866372000,0.010267481044650379,97394.8717948718,2236.0,2283.0,2282.0,1293.0,5060.0,-4996.0,-14656.0,680.0,-389.0,-12.0,-525.0,-1268.0,-281.0,32768.0,5552896.0,2253.0,2703.0,0.0
5866628000,0.010267686999779351,97392.9181929182,2231.0,2282.0,2286.0,1292.0,5048.0,-5024.0,-14748.0,660.0,-377.0,3.0,-525.0,-1268.0,-281.0,32768.0,5552384.0,2247.0,2702.0,0.0
5866884000,0.010267686999779351,97392.9181929182,2200.0,2281.0,2288.0,1290.0,5056.0,-5048.0,-14800.0,675.0,-366.0,-11.0,-542.0,-1266.0,-274.0,32768.0,5552384.0,2231.0,2695.0,0.0
5867140000,0.010267686999779351,97392.9181929182,2202.0,2278.0,2290.0,1286.0,4952.0,-5120.0,-14776.0,695.0,-353.0,23.0,-526.0,-1261.0,-276.0,32768.0,5552640.0,2244.0,2703.0,0.0
5867396000,0.010267686999779351,97392.9181929182,2202.0,2276.0,2293.0,1288.0,4952.0,-5188.0,-14804.0,725.0,-305.0,12.0,-529.0,-1266.0,-276.0,32768.0,5552640.0,2244.0,2704.0,0.0
5867652000,0.010267686999779351,97392.9181929182,2206.0,2275.0,2294.0,1289.0,4900.0,-5164.0,-14736.0,768.0,-299.0,16.0,-537.0,-1260.0,-278.0,32768.0,5552640.0,2243.0,2702.0,0.0
5867908000,0.010267686999779351,97392.9181929182,2216.0,2272.0,2294.0,1290.0,4832.0,-5196.0,-14744.0,800.0,-308.0,8.0,-537.0,-1260.0,-278.0,32768.0,5552640.0,2249.0,2703.0,0.0
5868164000,0.010267686999779351,97392.9181929182,2217.0,2270.0,2293.0,1292.0,4828.0,-5156.0,-14696.0,847.0,-289.0,7.0,-535.0,-1266.0,-277.0,32768.0,5552896.0,2245.0,2702.0,0.0
5868420000,0.010267686999779351,97392.9181929182,2215.0,2270.0,2291.0,1293.0,4848.0,-5116.0,-14660.0,863.0,-339.0,23.0,-535.0,-1270.0,-280.0,32768.0,5552896.0,2245.0,2704.0,0.0
5868676000,0.010267686999779351,97392.9181929182,2223.0,2272.0,2287.0,1297.0,4816.0,-5072.0,-14680.0,863.0,-332.0,17.0,-530.0,-1265.0,-278.0,32768.0,5552640.0,2250.0,2703.0,0.0
5868932000,0.010267686999779351,97392.9181929182,2189.0,2272.0,2288.0,1296.0,4848.0,-5072.0,-14660.0,830.0,-356.0,2.0,-538.0,-1268.0,-281.0,32768.0,5552640.0,2232.0,2695.0,0.0
5869188000,0.010267686999779351,97392.9181929182,2195.0,2274.0,2284.0,1292.0,4884.0,-5036.0,-14668.0,839.0,-374.0,-16.0,-538.0,-1268.0,-281.0,32768.0,5551872.0,2244.0,2703.0,0.0
5869444000,0.010267686999779351,97392.9181929182,2200.0,2273.0,2286.0,1293.0,4892.0,-5008.0,-14700.0,803.0,-370.0,-25.0,-529.0,-1259.0,-283.0,32768.0,5551872.0,2244.0,2704.0,0.0
5869700000,0.010267686999779351,97392.9181929182,2157.0,2276.0,2287.0,1289.0,4880.0,-5044.0,-14724.0,791.0,-382.0,-29.0,-527.0,-1266.0,-271.0,32768.0,5552384.0,2445.0,2684.0,0.0
5869956000,0.010267686999779351,97392.9181929182,2098.0,2274.0,2288.0,1289.0,4940.0,-5044.0,-14732.0,802.0,-371.0,-20.0,-536.0,-1265.0,-278.0,32768.0,5552384.0,2316.0,2696.0,0.0
5870212000,0.010267686999779351,97392.9181929182,2211.0,2278.0,2286.0,1288.0,4964.0,-5020.0,-14792.0,838.0,-347.0,-35.0,-531.0,-1271.0,-279.0,32768.0,5551872.0,2282.0,2703.0,0.0
5870468000,0.010267686999779351,97392.9181929182,2241.0,2276.0,2285.0,1286.0,4912.0,-4996.0,-14860.0,855.0,-342.0,-12.0,-531.0,-1271.0,-279.0,32768.0,5551872.0,2262.0,2704.0,0.0
5870724000,0.010267686999779351,97392.9181929182,2243.0,2276.0,2284.0,1288.0,4936.0,-4984.0,-14824.0,875.0,-342.0,-27.0,-532.0,-1265.0,-280.0,32768.0,5552896.0,2251.0,2702.0,0.0
5870980000,0.010267686999779351,97392.9181929182,2244.0,2278.0,2285.0,1286.0,4952.0,-5004.0,-14788.0,896.0,-317.0,-10.0,-529.0,-1263.0,-280.0,32768.0,5552896.0,2253.0,2703.0,0.0
5871236000,0.010267686999779351,97392.9181929182,2245.0,2276.0,2284.0,1287.0,4964.0,-4944.0,-14824.0,917.0,-324.0,-21.0,-538.0,-1264.0,-278.0,32768.0,5552640.0,2254.0,2703.0,0.0
5871492000,0.010267686999779351,97392.9181929182,2244.0,2277.0,2279.0,1286.0,4968.0,-4868.0,-14848.0,921.0,-328.0,-18.0,-538.0,-1264.0,-278.0,32768.0,5552640.0,2254.0,2703.0,0.0
5871748000,0.010267686999779351,97392.9181929182,2238.0,2277.0,2277.0,1284.0,4972.0,-4892.0,-14820.0,926.0,-329.0,5.0,-533.0,-1262.0,-280.0,32768.0,5552896.0,2247.0,2702.0,0.0
5872004000,0.010267686999779351,97392.9181929182,2194.0,2276.0,2276.0,1288.0,4956.0,-4856.0,-14816.0,872.0,-327.0,-33.0,-537.0,-1261.0,-281.0,32768.0,5552896.0,2453.0,2686.0,0.0
5872260000,0.010267686999779351,97392.9181929182,2174.0,2275.0,2276.0,1288.0,4908.0,-4852.0,-14788.0,837.0,-339.0,-2.0,-533.0,-1263.0,-278.0,32768.0,5552640.0,2344.0,2703.0,0.0
5872516000,0.010267686999779351,97392.9181929182,2274.0,2275.0,2277.0,1287.0,4928.0,-4892.0,-14776.0,771.0,-346.0,-20.0,-533.0,-1269.0,-278.0,32768.0,5552640.0,2296.0,2703.0,0.0
5872772000,0.010267686999779351,97392.9181929182,2280.0,2276.0,2279.0,1288.0,4948.0,-4868.0,-14772.0,783.0,-353.0,-13.0,-533.0,-1269.0,-278.0,32768.0,5552896.0,2266.0,2702.0,0.0
5873028000,0.010267686999779351,97392.9181929182,2236.0,2274.0,2280.0,1290.0,4896.0,-4928.0,-14772.0,755.0,-332.0,-14.0,-534.0,-1265.0,-278.0,32768.0,5552896.0,2237.0,2698.0,0.0
5873284000,0.010267686999779351,97392.9181929182,2219.0,2273.0,2283.0,1290.0,4872.0,-4952.0,-14736.0,755.0,-356.0,-2.0,-533.0,-1262.0,-275.0,32768.0,5552896.0,2241.0,2704.0,0.0
5873540000,0.010267686999779351,97392.9181929182,2215.0,2273.0,2287.0,1290.0,4892.0,-5020.0,-14712.0,769.0,-372.0,-3.0,-531.0,-1267.0,-275.0,32768.0,5552896.0,2243.0,2704.0,0.0
5873796000,0.010267686999779351,97392.9181929182,2159.0,2275.0,2285.0,1292.0,4888.0,-5032.0,-14752.0,776.0,-355.0,-44.0,-527.0,-1266.0,-280.0,32768.0,5553152.0,2444.0,2684.0,0.0
5874052000,0.010267686999779351,97392.9181929182,2147.0,2273.0,2288.0,1294.0,4916.0,-5088.0,-14712.0,805.0,-374.0,-27.0,-527.0,-1266.0,-280.0,32768.0,5553152.0,2340.0,2703.0,0.0
5874308000,0.010267686999779351,97392.9181929182,2260.0,2275.0,2289.0,1292.0,4956.0,-5128.0,-14716.0,801.0,-375.0,-50.0,-529.0,-1267.0,-276.0,32768.0,5552384.0,2293.0,2703.0,0.0
5874564000,0.010267686999779351,97392.9181929182,2279.0,2274.0,2289.0,1289.0,4916.0,-5092.0,-14696.0,856.0,-397.0,-25.0,-530.0,-1263.0,-281.0,32768.0,5552384.0,2267.0,2704.0,0.0
5874820000,0.010267686999779351,97392.9181929182,2264.0,2275.0,2287.0,1287.0,4928.0,-5060.0,-14792.0,868.0,-360.0,-50.0,-534.0,-1263.0,-279.0,32768.0,5552384.0,2254.0,2702.0,0.0
5875076000,0.010267686999779351,97392.9181929182,2246.0,2277.0,2288.0,1287.0,4980.0,-5024.0,-14772.0,889.0,-359.0,-41.0,-537.0,-1264.0,-281.0,32768.0,5552384.0,2247.0,2702.0,0.0
5875332000,0.010267686999779351,97392.9181929182,2246.0,2277.0,2286.0,1285.0,4948.0,-5036.0,-14824.0,871.0,-331.0,-37.0,-537.0,-1264.0,-281.0,32768.0,5552640.0,2251.0,2703.0,0.0
5875588000,0.010267686999779351,97392.9181929182,2234.0,2277.0,2284.0,1289.0,4944.0,-5032.0,-14744.0,872.0,-321.0,-40.0,-536.0,-1271.0,-279.0,32768.0,5552640.0,2248.0,2704.0,0.0
5875844000,0.010267686999779351,97392.9181929182,2238.0,2276.0,2286.0,1290.0,4940.0,-5056.0,-14724.0,859.0,-335.0,-3.0,-539.0,-1265.0,-282.0,32768.0,5553152.0,2251.0,2703.0,0.0
5876100000,0.010267686999779351,97392.9181929182,2206.0,2274.0,2286.0,1288.0,4932.0,-5036.0,-14732.0,861.0,-303.0,-36.0,-535.0,-1271.0,-278.0,32768.0,5553152.0,2236.0,2698.0,0.0
5876356000,0.010267686999779351,97392.9181929182,2210.0,2275.0,2287.0,1288.0,4944.0,-5068.0,-14756.0,861.0,-303.0,-36.0,-535.0,-1271.0,-278.0,32417.0,5553152.0,2246.0,2703.0,0.0
5876612000,0.010267686999779351,97392.9181929182,2197.0,2275.0,2287.0,1289.0,4916.0,-5068.0,-14764.0,896.0,-327.0,-33.0,-539.0,-1266.0,-277.0,32417.0,5553152.0,2235.0,2700.0,0.0
5876868000,0.010267686999779351,97392.9181929182,2206.0,2275.0,2286.0,1291.0,4884.0,-5048.0,-14680.0,922.0,-342.0,-28.0,-538.0,-1261.0,-278.0,32417.0,5552128.0,2246.0,2703.0,0.0
5877124000,0.010267686999779351,97392.9181929182,2188.0,2272.0,2284.0,1290.0,4864.0,-4980.0,-14708.0,957.0,-329.0,-46.0,-527.0,-1267.0,-277.0,32417.0,5552128.0,2234.0,2698.0,0.0
5877380000,0.010267686999779351,97392.9181929182,2199.0,2274.0,2281.0,1288.0,4916.0,-4972.0,-14812.0,947.0,-339.0,-45.0,-529.0,-1265.0,-273.0,32417.0,5552640.0,2245.0,2703.0,0.0
5877636000,0.010267686999779351,97392.9181929182,2199.0,2276.0,2281.0,1289.0,4916.0,-4948.0,-14812.0,928.0,-350.0,-68.0,-529.0,-1265.0,-273.0,32417.0,5552640.0,2244.0,2704.0,0.0
5877892000,0.010267686999779351,97392.9181929182,2216.0,2275.0,2282.0,1286.0,4912.0,-4936.0,-14808.0,905.0,-363.0,-45.0,-528.0,-1263.0,-279.0,32417.0,5552896.0,2250.0,2703.0,0.0
5878148000,0.010267686999779351,97392.9181929182,2194.0,2273.0,2285.0,1286.0,4888.0,-5000.0,-14752.0,894.0,-370.0,-44.0,-525.0,-1261.0,-285.0,32417.0,5552896.0,2236.0,2698.0,0.0
5878404000,0.010267686999779351,97392.9181929182,2205.0,2273.0,2283.0,1289.0,4928.0,-5048.0,-14764.0,875.0,-338.0,-39.0,-535.0,-1267.0,-273.0,32417.0,5552640.0,2246.0,2703.0,0.0
5878660000,0.010267686999779351,97392.9181929182,2216.0,2273.0,2285.0,1290.0,4896.0,-5008.0,-14800.0,930.0,-365.0,-24.0,-530.0,-1262.0,-282.0,32417.0,5552640.0,2250.0,2703.0,0.0
5878916000,0.010267686999779351,97392.9181929182,2216.0,2273.0,2284.0,1291.0,4884.0,-4928.0,-14736.0,948.0,-357.0,-28.0,-530.0,-1262.0,-282.0,32417.0,5552640.0,2246.0,2702.0,0.0
5879172000,0.010267686999779351,97392.9181929182,2217.0,2275.0,2284.0,1290.0,4948.0,-4960.0,-14704.0,939.0,-335.0,-42.0,-538.0,-1266.0,-275.0,32417.0,5552640.0,2245.0,2704.0,0.0
5879428000,0.010267686999779351,97392.9181929182,2215.0,2274.0,2283.0,1288.0,4892.0,-5016.0,-14692.0,919.0,-342.0,-10.0,-535.0,-1268.0,-278.0,32417.0,5552384.0,2245.0,2704.0,0.0
5879684000,0.010267481044650379,97394.8717948718,2215.0,2274.0,2284.0,1288.0,4944.0,-5020.0,-14788.0,878.0,-336.0,-27.0,-533.0,-1267.0,-277.0,32417.0,5552384.0,2245.0,2704.0,0.0
5879940000,0.010267686999779351,97392.9181929182,2212.0,2275.0,2285.0,1288.0,4948.0,-5004.0,-14772.0,881.0,-317.0,-30.0,-536.0,-1265.0,-278.0,32417.0,5552384.0,2243.0,2702.0,0.0
5880196000,0.010267686999779351,97392.9181929182,2191.0,2275.0,2283.0,1286.0,4956.0,-4996.0,-14768.0,883.0,-340.0,-43.0,-536.0,-1265.0,-278.0,32417.0,5552384.0,2233.0,2698.0,0.0
5880452000,0.010267686999779351,97392.9181929182,2190.0,2275.0,2283.0,1286.0,4968.0,-4944.0,-14784.0,893.0,-332.0,-24.0,-535.0,-1265.0,-278.0,32417.0,5552896.0,2240.0,2704.0,0.0
5880708000,0.010267686999779351,97392.9181929182,2195.0,2278.0,2285.0,1287.0,4964.0,-4984.0,-14764.0,865.0,-355.0,-36.0,-527.0,-1267.0,-276.0,32417.0,5552896.0,2242.0,2704.0,0.0
5880964000,0.010267686999779351,97392.9181929182,2211.0,2277.0,2281.0,1289.0,4968.0,-4944.0,-14764.0,893.0,-324.0,-48.0,-533.0,-1261.0,-278.0,32417.0,5552640.0,2249.0,2703.0,0.0
5881220000,0.010267686999779351,97392.9181929182,2224.0,2279.0,2280.0,1288.0,4988.0,-4932.0,-14752.0,886.0,-320.0,-35.0,-533.0,-1261.0,-278.0,32417.0,5552640.0,2251.0,2703.0,0.0
5881476000,0.010267686999779351,97392.9181929182,2235.0,2279.0,2279.0,1290.0,5036.0,-4912.0,-14732.0,912.0,-354.0,-22.0,-526.0,-1264.0,-277.0,32417.0,5552128.0,2253.0,2703.0,0.0
5881732000,0.010267686999779351,97392.9181929182,2233.0,2278.0,2279.0,1292.0,5016.0,-4864.0,-14704.0,921.0,-322.0,-24.0,-528.0,-1266.0,-277.0,32417.0,5552128.0,2249.0,2704.0,0.0
5881988000,0.010267686999779351,97392.9181929182,2237.0,2277.0,2279.0,1291.0,5008.0,-4900.0,-14732.0,903.0,-345.0,-22.0,-530.0,-1265.0,-282.0,32417.0,5552640.0,2251.0,2703.0,0.0
5882244000,0.010267686999779351,97392.9181929182,2206.0,2277.0,2279.0,1289.0,5020.0,-4896.0,-14720.0,874.0,-336.0,-19.0,-531.0,-1262.0,-277.0,32417.0,5552640.0,2236.0,2698.0,0.0
5882500000,0.010267686999779351,97392.9181929182,2210.0,2278.0,2279.0,1289.0,4960.0,-4900.0,-14736.0,842.0,-350.0,-9.0,-531.0,-1262.0,-277.0,32417.0,5552128.0,2246.0,2703.0,0.0
5882756000,0.010267686999779351,97392.9181929182,2213.0,2276.0,2280.0,1288.0,4968.0,-4884.0,-14768.0,831.0,-366.0,2.0,-533.0,-1265.0,-276.0,32417.0,5552128.0,2245.0,2704.0,0.0
5883012000,0.010267686999779351,97392.9181929182,2222.0,2275.0,2280.0,1286.0,4948.0,-4908.0,-14768.0,836.0,-363.0,-17.0,-536.0,-1265.0,-276.0,32417.0,5552896.0,2250.0,2703.0,0.0
5883268000,0.010267686999779351,97392.9181929182,2227.0,2275.0,2281.0,1287.0,4968.0,-4964.0,-14808.0,819.0,-382.0,-17.0,-532.0,-1267.0,-276.0,32417.0,5552896.0,2252.0,2703.0,0.0
5883524000,0.010267686999779351,97392.9181929182,2227.0,2274.0,2281.0,1286.0,4924.0,-4956.0,-14796.0,836.0,-378.0,-34.0,-538.0,-1264.0,-272.0,32417.0,5552640.0,2247.0,2702.0,0.0
5883780000,0.010267686999779351,97392.9181929182,2234.0,2274.0,2284.0,1285.0,4908.0,-4980.0,-14832.0,802.0,-385.0,-38.0,-538.0,-1264.0,-272.0,32417.0,5552640.0,2251.0,2703.0,0.0
5884036000,0.010267686999779351,97392.9181929182,2228.0,2272.0,2282.0,1286.0,4888.0,-5004.0,-14800.0,781.0,-358.0,-30.0,-547.0,-1269.0,-279.0,32417.0,5552896.0,2248.0,2704.0,0.0
5884292000,0.010267686999779351,97392.9181929182,2215.0,2271.0,2285.0,1288.0,4880.0,-5040.0,-14756.0,775.0,-356.0,-19.0,-527.0,-1265.0,-278.0,32417.0,5552896.0,2241.0,2699.0,0.0
5884548000,0.010267686999779351,97392.9181929182,2216.0,2271.0,2285.0,1288.0,4892.0,-5032.0,-14760.0,836.0,-345.0,-18.0,-533.0,-1264.0,-277.0,32417.0,5552384.0,2248.0,2703.0,0.0
5884804000,0.010267686999779351,97392.9181929182,2227.0,2273.0,2285.0,1290.0,4868.0,-5000.0,-14820.0,857.0,-351.0,-19.0,-526.0,-1266.0,-278.0,32417.0,5552384.0,2251.0,2703.0,0.0
5885060000,0.010267686999779351,97392.9181929182,2236.0,2274.0,2285.0,1288.0,4880.0,-5012.0,-14780.0,887.0,-329.0,-11.0,-526.0,-1266.0,-278.0,32417.0,5552640.0,2253.0,2703.0,0.0
5885316000,0.010267686999779351,97392.9181929182,2226.0,2273.0,2282.0,1287.0,4892.0,-4976.0,-14784.0,902.0,-319.0,-34.0,-532.0,-1263.0,-277.0,32417.0,5552640.0,2243.0,2699.0,0.0
5885572000,0.010267686999779351,97392.9181929182,2228.0,2274.0,2282.0,1286.0,4888.0,-4928.0,-14816.0,889.0,-301.0,-26.0,-526.0,-1265.0,-280.0,32417.0,5552896.0,2249.0,2703.0,0.0
5885828000,0.010267686999779351,97392.9181929182,2228.0,2274.0,2280.0,1286.0,4892.0,-4904.0,-14820.0,920.0,-307.0,-25.0,-535.0,-1259.0,-274.0,32417.0,5552896.0,2247.0,2704.0,0.0
5886084000,0.010267686999779351,97392.9181929182,2215.0,2276.0,2279.0,1287.0,4952.0,-4936.0,-14828.0,906.0,-298.0,-55.0,-535.0,-1259.0,-274.0,32417.0,5553152.0,2244.0,2702.0,0.0
5886340000,0.010267686999779351,97392.9181929182,2224.0,2276.0,2278.0,1290.0,4936.0,-4896.0,-14796.0,889.0,-302.0,-53.0,-539.0,-1267.0,-278.0,32417.0,5553152.0,2250.0,2703.0,0.0
5886596000,0.010267686999779351,97392.9181929182,2229.0,2276.0,2277.0,1287.0,4944.0,-4896.0,-14796.0,902.0,-337.0,-49.0,-537.0,-1262.0,-278.0,32417.0,5552896.0,2252.0,2703.0,0.0
5886852000,0.010267686999779351,97392.9181929182,2224.0,2276.0,2279.0,1289.0,4948.0,-4888.0,-14816.0,877.0,-310.0,-46.0,-536.0,-1264.0,-278.0,32417.0,5552896.0,2248.0,2704.0,0.0
5887108000,0.010267686999779351,97392.9181929182,2219.0,2278.0,2278.0,1289.0,5012.0,-4908.0,-14752.0,866.0,-329.0,-46.0,-541.0,-1265.0,-276.0,32417.0,5552384.0,2245.0,2702.0,0.0
5887364000,0.010267686999779351,97392.9181929182,2215.0,2277.0,2280.0,1290.0,4992.0,-4888.0,-14760.0,884.0,-351.0,-32.0,-541.0,-1265.0,-276.0,32417.0,5552384.0,2243.0,2702.0,0.0
5887620000,0.010267686999779351,97392.9181929182,2210.0,2278.0,2280.0,1289.0,5000.0,-4936.0,-14780.0,844.0,-323.0,-35.0,-534.0,-1263.0,-284.0,32417.0,5553152.0,2244.0,2704.0,0.0
5887876000,0.010267686999779351,97392.9181929182,2207.0,2276.0,2283.0,1289.0,5020.0,-4964.0,-14716.0,861.0,-339.0,-51.0,-532.0,-1271.0,-276.0,32417.0,5553152.0,2244.0,2704.0,0.0
5888132000,0.010267686999779351,97392.9181929182,2218.0,2276.0,2284.0,1289.0,4956.0,-4996.0,-14748.0,874.0,-324.0,-22.0,-530.0,-1263.0,-276.0,32417.0,5552640.0,2250.0,2703.0,0.0
5888388000,0.010267686999779351,97392.9181929182,2225.0,2277.0,2284.0,1290.0,4976.0,-4984.0,-14724.0,871.0,-332.0,-21.0,-527.0,-1264.0,-275.0,32417.0,5552640.0,2252.0,2703.0,0.0
5888644000,0.010267686999779351,97392.9181929182,2220.0,2277.0,2284.0,1291.0,4980.0,-5004.0,-14724.0,876.0,-353.0,-39.0,-527.0,-1264.0,-275.0,32417.0,5553152.0,2246.0,2702.0,0.0
5888900000,0.010267686999779351,97392.9181929182,2219.0,2277.0,2283.0,1292.0,4992.0,-4968.0,-14768.0,876.0,-350.0,-45.0,-523.0,-1269.0,-278.0,32417.0,5553152.0,2245.0,2704.0,0.0
5889156000,0.010267686999779351,97392.9181929182,2225.0,2275.0,2285.0,1290.0,4948.0,-4984.0,-14704.0,871.0,-356.0,-45.0,-527.0,-1267.0,-281.0,32417.0,5552384.0,2250.0,2703.0,0.0
5889412000,0.010267686999779351,97392.9181929182,2205.0,2275.0,2284.0,1286.0,4916.0,-5000.0,-14736.0,874.0,-369.0,-40.0,-530.0,-1273.0,-275.0,32417.0,5552384.0,2237.0,2700.0,0.0
5889668000,0.010267686999779351,97392.9181929182,2195.0,2274.0,2282.0,1289.0,4924.0,-5008.0,-14796.0,887.0,-360.0,-44.0,-533.0,-1264.0,-286.0,32417.0,5552896.0,2240.0,2702.0,0.0
5889924000,0.010267686999779351,97392.9181929182,2203.0,2273.0,2283.0,1288.0,4908.0,-4984.0,-14784.0,848.0,-342.0,-43.0,-533.0,-1264.0,-286.0,32417.0,5552896.0,2243.0,2704.0,0.0
5890180000,0.010267686999779351,97392.9181929182,2216.0,2273.0,2284.0,1288.0,4876.0,-4988.0,-14792.0,858.0,-334.0,-31.0,-535.0,-1265.0,-273.0,32417.0,5552896.0,2249.0,2703.0,0.0
5890436000,0.010267686999779351,97392.9181929182,2200.0,2272.0,2284.0,1288.0,4892.0,-5048.0,-14724.0,848.0,-330.0,-21.0,-537.0,-1268.0,-279.0,32417.0,5552896.0,2237.0,2700.0,0.0
5890692000,0.010267686999779351,97392.9181929182,2207.0,2273.0,2285.0,1288.0,4880.0,-5052.0,-14752.0,877.0,-331.0,-26.0,-535.0,-1264.0,-281.0,32417.0,5552896.0,2246.0,2703.0,0.0
5890948000,0.010267686999779351,97392.9181929182,2217.0,2273.0,2285.0,1290.0,4884.0,-5036.0,-14796.0,933.0,-334.0,-21.0,-535.0,-1263.0,-281.0,32417.0,5552896.0,2250.0,2703.0,0.0
5891204000,0.010267686999779351,97392.9181929182,2226.0,2273.0,2285.0,1289.0,4996.0,-5012.0,-14760.0,952.0,-337.0,-16.0,-535.0,-1263.0,-281.0,32417.0,5552640.0,2252.0,2703.0,0.0
5891460000,0.010267686999779351,97392.9181929182,2223.0,2274.0,2281.0,1290.0,4952.0,-4984.0,-14712.0,977.0,-365.0,-31.0,-533.0,-1263.0,-279.0,32417.0,5552640.0,2248.0,2704.0,0.0
5891716000,0.010267686999779351,97392.9181929182,2232.0,2276.0,2280.0,1293.0,4924.0,-4916.0,-14716.0,930.0,-356.0,-47.0,-553.0,-1259.0,-273.0,32417.0,5552896.0,2251.0,2703.0,0.0
5891972000,0.010267686999779351,97392.9181929182,2238.0,2274.0,2278.0,1288.0,4924.0,-4896.0,-14748.0,934.0,-343.0,-42.0,-527.0,-1269.0,-276.0,32417.0,5552896.0,2253.0,2703.0,0.0
5892228000,0.010267686999779351,97392.9181929182,2232.0,2277.0,2280.0,1291.0,4944.0,-4912.0,-14780.0,901.0,-349.0,-38.0,-527.0,-1269.0,-276.0,32417.0,5552384.0,2247.0,2702.0,0.0
5892484000,0.010267686999779351,97392.9181929182,2205.0,2275.0,2278.0,1289.0,4940.0,-4892.0,-14768.0,918.0,-334.0,-61.0,-530.0,-1264.0,-280.0,32417.0,5552384.0,2236.0,2700.0,0.0
5892740000,0.010267686999779351,97392.9181929182,2210.0,2277.0,2280.0,1290.0,4940.0,-4860.0,-14768.0,914.0,-347.0,-48.0,-529.0,-1265.0,-280.0,32417.0,5552896.0,2246.0,2703.0,0.0
5892996000,0.010267686999779351,97392.9181929182,2212.0,2275.0,2276.0,1286.0,4928.0,-4852.0,-14780.0,920.0,-353.0,-59.0,-531.0,-1267.0,-276.0,32417.0,5552896.0,2245.0,2704.0,0.0
5893252000,0.010267686999779351,97392.9181929182,2220.0,2277.0,2278.0,1285.0,4956.0,-4848.0,-14856.0,942.0,-342.0,-30.0,-535.0,-1263.0,-277.0,32417.0,5552896.0,2250.0,2703.0,0.0
5893508000,0.010267686999779351,97392.9181929182,2210.0,2278.0,2275.0,1283.0,4952.0,-4812.0,-14888.0,942.0,-342.0,-30.0,-535.0,-1263.0,-277.0,32417.0,5552896.0,2242.0,2699.0,0.0
5893764000,0.010267686999779351,97392.9181929182,2216.0,2278.0,2276.0,1283.0,4984.0,-4792.0,-14884.0,923.0,-351.0,-53.0,-534.0,-1266.0,-272.0,32417.0,5552384.0,2248.0,2703.0,0.0
5894020000,0.010267686999779351,97392.9181929182,2221.0,2278.0,2276.0,1281.0,4944.0,-4812.0,-14900.0,925.0,-332.0,-36.0,-537.0,-1269.0,-280.0,32417.0,5552384.0,2247.0,2704.0,0.0
5894276000,0.010267686999779351,97392.9181929182,2212.0,2277.0,2274.0,1279.0,4928.0,-4776.0,-14856.0,931.0,-321.0,-34.0,-530.0,-1262.0,-275.0,32417.0,5552384.0,2242.0,2701.0,0.0
5894532000,0.010267686999779351,97392.9181929182,2190.0,2276.0,2274.0,1283.0,4956.0,-4808.0,-14900.0,947.0,-302.0,-24.0,-538.0,-1267.0,-272.0,32417.0,5552384.0,2234.0,2700.0,0.0
5894788000,0.010267686999779351,97392.9181929182,2201.0,2275.0,2275.0,1287.0,4920.0,-4788.0,-14860.0,949.0,-298.0,-38.0,-538.0,-1267.0,-272.0,32417.0,5552640.0,2245.0,2703.0,0.0
5895044000,0.010267686999779351,97392.9181929182,2208.0,2272.0,2277.0,1288.0,4868.0,-4768.0,-14784.0,891.0,-302.0,-34.0,-534.0,-1267.0,-274.0,32417.0,5552640.0,2245.0,2704.0,0.0
5895300000,0.010267686999779351,97392.9181929182,2219.0,2273.0,2279.0,1290.0,4804.0,-4844.0,-14744.0,860.0,-310.0,-34.0,-536.0,-1265.0,-281.0,32417.0,5552640.0,2250.0,2703.0,0.0
5895556000,0.010267686999779351,97392.9181929182,2203.0,2269.0,2277.0,1289.0,4844.0,-4848.0,-14768.0,840.0,-333.0,-13.0,-530.0,-1266.0,-277.0,32417.0,5552640.0,2238.0,2700.0,0.0
5895812000,0.010267686999779351,97392.9181929182,2208.0,2269.0,2280.0,1287.0,4816.0,-4864.0,-14748.0,833.0,-340.0,-23.0,-528.0,-1265.0,-277.0,32417.0,5552640.0,2246.0,2703.0,0.0
5896068000,0.010267686999779351,97392.9181929182,2173.0,2268.0,2281.0,1290.0,4812.0,-4876.0,-14752.0,827.0,-342.0,-23.0,-528.0,-1265.0,-277.0,32417.0,5552640.0,2452.0,2686.0,0.0
5896324000,0.010267686999779351,97392.9181929182,2163.0,2271.0,2280.0,1289.0,4820.0,-4876.0,-14704.0,817.0,-379.0,-39.0,-542.0,-1262.0,-279.0,32417.0,5553152.0,2344.0,2703.0,0.0
5896580000,0.010267686999779351,97392.9181929182,2261.0,2272.0,2280.0,1288.0,4860.0,-4888.0,-14772.0,811.0,-376.0,-45.0,-526.0,-1268.0,-279.0,32417.0,5553152.0,2290.0,2704.0,0.0
5896836000,0.010267686999779351,97392.9181929182,2269.0,2272.0,2279.0,1286.0,4852.0,-4932.0,-14840.0,823.0,-372.0,-57.0,-530.0,-1270.0,-273.0,32417.0,5553152.0,2264.0,2702.0,0.0
5897092000,0.010267481044650379,97394.8717948718,2269.0,2272.0,2281.0,1282.0,4880.0,-4904.0,-14868.0,803.0,-356.0,-47.0,-530.0,-1270.0,-273.0,32417.0,5553152.0,2259.0,2703.0,0.0
5897348000,0.010267686999779351,97392.9181929182,2261.0,2273.0,2280.0,1283.0,4872.0,-4928.0,-14872.0,804.0,-353.0,-60.0,-543.0,-1268.0,-285.0,32417.0,5553152.0,2256.0,2703.0,0.0
5897604000,0.010267686999779351,97392.9181929182,2246.0,2272.0,2281.0,1281.0,4900.0,-4904.0,-14876.0,822.0,-333.0,-36.0,-530.0,-1271.0,-277.0,32417.0,5553152.0,2247.0,2701.0,0.0
5897860000,0.010267686999779351,97392.9181929182,2245.0,2274.0,2282.0,1285.0,4872.0,-4948.0,-14868.0,813.0,-317.0,-33.0,-533.0,-1271.0,-278.0,32417.0,5552896.0,2251.0,2703.0,0.0
5898116000,0.010267686999779351,97392.9181929182,2240.0,2276.0,2284.0,1285.0,4872.0,-4912.0,-14872.0,805.0,-301.0,-12.0,-541.0,-1266.0,-275.0,32417.0,5552896.0,2252.0,2703.0,0.0
5898372000,0.010267686999779351,97392.9181929182,2232.0,2274.0,2282.0,1290.0,4916.0,-4948.0,-14764.0,840.0,-289.0,-10.0,-541.0,-1266.0,-275.0,32417.0,5552384.0,2247.0,2702.0,0.0
5898628000,0.010267686999779351,97392.9181929182,2227.0,2275.0,2282.0,1293.0,4896.0,-4940.0,-14748.0,883.0,-294.0,0.0,-536.0,-1271.0,-278.0,32417.0,5552384.0,2246.0,2704.0,0.0
5898884000,0.010267686999779351,97392.9181929182,2229.0,2275.0,2281.0,1292.0,4916.0,-4912.0,-14668.0,936.0,-294.0,-18.0,-531.0,-1268.0,-279.0,32417.0,5552896.0,2250.0,2703.0,0.0
5899140000,0.010267686999779351,97392.9181929182,2229.0,2275.0,2281.0,1292.0,4952.0,-4880.0,-14712.0,960.0,-323.0,-11.0,-534.0,-1264.0,-279.0,32417.0,5552896.0,2250.0,2703.0,0.0
5899396000,0.010267686999779351,97392.9181929182,2215.0,2276.0,2277.0,1289.0,4960.0,-4828.0,-14768.0,925.0,-354.0,-29.0,-534.0,-1265.0,-284.0,32417.0,5553152.0,2244.0,2702.0,0.0
5899652000,0.010267686999779351,97392.9181929182,2223.0,2276.0,2275.0,1289.0,4892.0,-4812.0,-14776.0,897.0,-365.0,-68.0,-534.0,-1265.0,-284.0,32417.0,5553152.0,2250.0,2703.0,0.0
5899908000,0.010267686999779351,97392.9181929182,2221.0,2276.0,2276.0,1284.0,4940.0,-4816.0,-14836.0,877.0,-370.0,-81.0,-523.0,-1266.0,-283.0,32417.0,5552896.0,2246.0,2704.0,0.0
5900164000,0.010267686999779351,97392.9181929182,2219.0,2276.0,2275.0,1282.0,4924.0,-4820.0,-14872.0,868.0,-370.0,-74.0,-527.0,-1265.0,-275.0,32417.0,5552896.0,2246.0,2704.0,0.0
5900420000,0.010267686999779351,97392.9181929182,2216.0,2276.0,2277.0,1285.0,4924.0,-4836.0,-14892.0,879.0,-356.0,-52.0,-530.0,-1257.0,-275.0,32417.0,5552896.0,2243.0,2702.0,0.0
5900676000,0.010267686999779351,97392.9181929182,2197.0,2275.0,2277.0,1286.0,4928.0,-4824.0,-14880.0,869.0,-341.0,-29.0,-529.0,-1261.0,-281.0,32417.0,5552896.0,2235.0,2700.0,0.0
5900932000,0.010267686999779351,97392.9181929182,2206.0,2276.0,2278.0,1284.0,4900.0,-4836.0,-14856.0,895.0,-323.0,-18.0,-529.0,-1261.0,-281.0,32417.0,5553152.0,2245.0,2703.0,0.0
5901188000,0.010267686999779351,97392.9181929182,2210.0,2275.0,2278.0,1287.0,4884.0,-4828.0,-14848.0,899.0,-340.0,-13.0,-528.0,-1269.0,-279.0,32417.0,5553152.0,2245.0,2704.0,0.0
5901444000,0.010267686999779351,97392.9181929182,2220.0,2274.0,2278.0,1286.0,4916.0,-4836.0,-14832.0,897.0,-299.0,-23.0,-541.0,-1267.0,-279.0,32417.0,5552896.0,2250.0,2703.0,0.0
5901700000,0.010267686999779351,97392.9181929182,2202.0,2274.0,2277.0,1286.0,4912.0,-4816.0,-14848.0,913.0,-334.0,-16.0,-540.0,-1265.0,-278.0,32417.0,5552896.0,2237.0,2700.0,0.0
5901956000,0.010267686999779351,97392.9181929182,2213.0,2275.0,2276.0,1288.0,4868.0,-4840.0,-14800.0,866.0,-337.0,-29.0,-540.0,-1265.0,-278.0,32417.0,5553152.0,2247.0,2703.0,0.0
5902212000,0.010267481044650379,97394.8717948718,2215.0,2274.0,2276.0,1290.0,4896.0,-4868.0,-14776.0,834.0,-327.0,-24.0,-535.0,-1268.0,-277.0,32417.0,5553152.0,2245.0,2704.0,0.0
5902468000,0.010267686999779351,97392.9181929182,2223.0,2274.0,2277.0,1289.0,4880.0,-4836.0,-14780.0,828.0,-331.0,-23.0,-534.0,-1263.0,-276.0,32417.0,5552640.0,2250.0,2703.0,0.0
5902724000,0.010267686999779351,97392.9181929182,2228.0,2275.0,2279.0,1286.0,4868.0,-4860.0,-14832.0,798.0,-357.0,-22.0,-528.0,-1268.0,-278.0,32417.0,5552640.0,2252.0,2703.0,0.0
5902980000,0.010267481044650379,97394.8717948718,2235.0,2273.0,2278.0,1287.0,4884.0,-4844.0,-14812.0,788.0,-353.0,-37.0,-526.0,-1266.0,-279.0,32417.0,5553152.0,2253.0,2703.0,0.0
5903236000,0.010267686999779351,97392.9181929182,2239.0,2274.0,2279.0,1288.0,4876.0,-4812.0,-14848.0,805.0,-345.0,-34.0,-526.0,-1266.0,-279.0,32417.0,5553152.0,2253.0,2703.0,0.0
5903492000,0.010267686999779351,97392.9181929182,2235.0,2275.0,2276.0,1287.0,4904.0,-4860.0,-14824.0,820.0,-348.0,-36.0,-528.0,-1267.0,-272.0,32417.0,5552640.0,2247.0,2702.0,0.0
5903748000,0.010267686999779351,97392.9181929182,2239.0,2276.0,2279.0,1285.0,4920.0,-4856.0,-14768.0,837.0,-352.0,-42.0,-522.0,-1263.0,-278.0,32417.0,5552640.0,2251.0,2703.0,0.0
5904004000,0.010267686999779351,97392.9181929182,2242.0,2276.0,2276.0,1287.0,4924.0,-4840.0,-14784.0,855.0,-346.0,-19.0,-532.0,-1262.0,-277.0,32417.0,5553408.0,2253.0,2703.0,0.0
5904260000,0.010267686999779351,97392.9181929182,2243.0,2276.0,2278.0,1286.0,4932.0,-4864.0,-14784.0,854.0,-337.0,-24.0,-537.0,-1268.0,-276.0,32417.0,5553408.0,2253.0,2703.0,0.0
5904516000,0.010267686999779351,97392.9181929182,2235.0,2274.0,2279.0,1286.0,4944.0,-4852.0,-14852.0,874.0,-340.0,-27.0,-537.0,-1268.0,-276.0,32417.0,5552640.0,2247.0,2702.0,0.0
5904772000,0.010267686999779351,97392.9181929182,2226.0,2274.0,2277.0,1287.0,4960.0,-4884.0,-14860.0,838.0,-332.0,-29.0,-538.0,-1262.0,-280.0,32417.0,5552640.0,2243.0,2701.0,0.0
5905028000,0.010267686999779351,97392.9181929182,2215.0,2276.0,2278.0,1286.0,4944.0,-4820.0,-14776.0,854.0,-358.0,-22.0,-532.0,-1261.0,-275.0,32417.0,5552896.0,2244.0,2704.0,0.0
5905284000,0.010267686999779351,97392.9181929182,2209.0,2275.0,2276.0,1287.0,4936.0,-4868.0,-14772.0,839.0,-351.0,-37.0,-538.0,-1265.0,-274.0,32417.0,5552896.0,2244.0,2704.0,0.0
5905540000,0.010267686999779351,97392.9181929182,2205.0,2276.0,2277.0,1286.0,4976.0,-4844.0,-14780.0,852.0,-359.0,-37.0,-535.0,-1273.0,-278.0,32417.0,5553152.0,2244.0,2704.0,0.0
5905796000,0.010267686999779351,97392.9181929182,2226.0,2276.0,2277.0,1286.0,4968.0,-4856.0,-14820.0,834.0,-361.0,-28.0,-535.0,-1273.0,-278.0,32417.0,5553152.0,2256.0,2703.0,0.0
5906052000,0.010267686999779351,97392.9181929182,2242.0,2275.0,2276.0,1288.0,4924.0,-4852.0,-14760.0,843.0,-346.0,-12.0,-543.0,-1259.0,-283.0,32417.0,5552896.0,2255.0,2703.0,0.0
5906308000,0.010267686999779351,97392.9181929182,2236.0,2274.0,2277.0,1288.0,4876.0,-4868.0,-14744.0,846.0,-347.0,-33.0,-525.0,-1259.0,-275.0,32417.0,5552896.0,2249.0,2704.0,0.0
5906564000,0.010267686999779351,97392.9181929182,2226.0,2273.0,2279.0,1290.0,4884.0,-4896.0,-14744.0,826.0,-351.0,-44.0,-536.0,-1266.0,-282.0,32417.0,5553664.0,2245.0,2702.0,0.0
5906820000,0.010267686999779351,97392.9181929182,2203.0,2273.0,2279.0,1289.0,4872.0,-4880.0,-14752.0,782.0,-352.0,-14.0,-536.0,-1266.0,-282.0,32417.0,5553664.0,2235.0,2700.0,0.0
5907076000,0.010267686999779351,97392.9181929182,2210.0,2275.0,2279.0,1286.0,4912.0,-4888.0,-14816.0,813.0,-330.0,-24.0,-531.0,-1269.0,-275.0,32417.0,5553152.0,2246.0,2703.0,0.0
5907332000,0.010267686999779351,97392.9181929182,2212.0,2273.0,2279.0,1288.0,4836.0,-4928.0,-14768.0,808.0,-338.0,-22.0,-522.0,-1260.0,-277.0,32417.0,5553152.0,2245.0,2704.0,0.0
5907588000,0.010267686999779351,97392.9181929182,2221.0,2271.0,2281.0,1287.0,4872.0,-4912.0,-14812.0,820.0,-337.0,-28.0,-536.0,-1261.0,-280.0,32417.0,5552640.0,2250.0,2703.0,0.0
5907844000,0.010267686999779351,97392.9181929182,2227.0,2272.0,2280.0,1287.0,4876.0,-4980.0,-14820.0,862.0,-310.0,-15.0,-530.0,-1266.0,-279.0,32417.0,5552640.0,2252.0,2703.0,0.0
5908100000,0.010267481044650379,97394.8717948718,2234.0,2273.0,2279.0,1286.0,4860.0,-4912.0,-14844.0,870.0,-339.0,-25.0,-530.0,-1266.0,-279.0,32417.0,5553152.0,2253.0,2703.0,0.0
5908356000,0.010267686999779351,97392.9181929182,2232.0,2272.0,2278.0,1287.0,4908.0,-4848.0,-14820.0,870.0,-335.0,-29.0,-531.0,-1265.0,-274.0,32417.0,5553152.0,2247.0,2702.0,0.0
5908612000,0.010267686999779351,97392.9181929182,2233.0,2273.0,2276.0,1287.0,4888.0,-4824.0,-14808.0,856.0,-344.0,-32.0,-539.0,-1263.0,-276.0,32417.0,5553152.0,2250.0,2703.0,0.0
5908868000,0.010267686999779351,97392.9181929182,2219.0,2274.0,2277.0,1286.0,4932.0,-4840.0,-14764.0,862.0,-339.0,-16.0,-535.0,-1269.0,-281.0,32417.0,5553152.0,2244.0,2701.0,0.0
5909124000,0.010267686999779351,97392.9181929182,2215.0,2274.0,2276.0,1289.0,4900.0,-4832.0,-14820.0,831.0,-339.0,-22.0,-541.0,-1272.0,-280.0,32417.0,5552384.0,2243.0,2702.0,0.0
5909380000,0.010267686999779351,97392.9181929182,2179.0,2274.0,2276.0,1288.0,4944.0,-4836.0,-14820.0,820.0,-340.0,-42.0,-541.0,-1272.0,-280.0,32417.0,5552384.0,2451.0,2685.0,0.0
5909636000,0.010267686999779351,97392.9181929182,2172.0,2276.0,2279.0,1288.0,4912.0,-4860.0,-14804.0,829.0,-353.0,-8.0,-529.0,-1273.0,-277.0,32417.0,5552640.0,2343.0,2703.0,0.0
5909892000,0.010267481044650379,97394.8717948718,2264.0,2275.0,2278.0,1288.0,4924.0,-4864.0,-14784.0,838.0,-347.0,-23.0,-533.0,-1269.0,-275.0,32417.0,5552640.0,2287.0,2701.0,0.0
5910148000,0.010267481044650379,97394.8717948718,2282.0,2275.0,2275.0,1288.0,4944.0,-4872.0,-14768.0,823.0,-318.0,-12.0,-523.0,-1266.0,-276.0,32417.0,5552896.0,2269.0,2703.0,0.0
5910404000,0.010267686999779351,97392.9181929182,2277.0,2276.0,2277.0,1287.0,4952.0,-4868.0,-14836.0,823.0,-318.0,-12.0,-530.0,-1261.0,-282.0,32417.0,5552896.0,2261.0,2703.0,0.0
5910660000,0.010267686999779351,97392.9181929182,2257.0,2275.0,2279.0,1287.0,4980.0,-4860.0,-14808.0,834.0,-338.0,-18.0,-530.0,-1261.0,-282.0,32417.0,5552896.0,2250.0,2702.0,0.0
5910916000,0.010267686999779351,97392.9181929182,2245.0,2276.0,2277.0,1288.0,4992.0,-4836.0,-14768.0,828.0,-349.0,-35.0,-539.0,-1263.0,-280.0,32417.0,5552896.0,2247.0,2704.0,0.0
5911172000,0.010267686999779351,97392.9181929182,2232.0,2276.0,2278.0,1289.0,4916.0,-4892.0,-14752.0,835.0,-342.0,-28.0,-527.0,-1269.0,-277.0,32417.0,5552896.0,2246.0,2704.0,0.0
5911428000,0.010267686999779351,97392.9181929182,2224.0,2274.0,2278.0,1286.0,4940.0,-4860.0,-14796.0,834.0,-352.0,-25.0,-531.0,-1267.0,-276.0,32417.0,5552896.0,2245.0,2704.0,0.0
5911684000,0.010267686999779351,97392.9181929182,2212.0,2275.0,2279.0,1288.0,4944.0,-4860.0,-14764.0,827.0,-344.0,-35.0,-537.0,-1270.0,-278.0,32417.0,5553152.0,2242.0,2701.0,0.0
5911940000,0.010267686999779351,97392.9181929182,2221.0,2275.0,2278.0,1287.0,4900.0,-4880.0,-14736.0,832.0,-359.0,-43.0,-537.0,-1270.0,-278.0,32417.0,5553152.0,2249.0,2703.0,0.0
5912196000,0.010267686999779351,97392.9181929182,2232.0,2276.0,2277.0,1287.0,4968.0,-4900.0,-14752.0,824.0,-328.0,-36.0,-535.0,-1266.0,-280.0,32417.0,5553408.0,2251.0,2703.0,0.0
5912452000,0.010267686999779351,97392.9181929182,2226.0,2276.0,2278.0,1286.0,4912.0,-4924.0,-14800.0,822.0,-351.0,-45.0,-530.0,-1267.0,-279.0,32417.0,5553408.0,2248.0,2704.0,0.0
5912708000,0.010267686999779351,97392.9181929182,2215.0,2274.0,2277.0,1285.0,4940.0,-4908.0,-14848.0,838.0,-326.0,-30.0,-535.0,-1261.0,-281.0,32417.0,5553152.0,2244.0,2702.0,0.0
5912964000,0.010267686999779351,97392.9181929182,2221.0,2274.0,2280.0,1285.0,4916.0,-4936.0,-14812.0,838.0,-331.0,-32.0,-535.0,-1261.0,-281.0,32417.0,5553152.0,2250.0,2703.0,0.0
5913220000,0.010267481044650379,97394.8717948718,2221.0,2274.0,2279.0,1289.0,4936.0,-4888.0,-14808.0,841.0,-327.0,-20.0,-535.0,-1271.0,-283.0,32417.0,5553408.0,2246.0,2704.0,0.0
5913476000,0.010267686999779351,97392.9181929182,2179.0,2274.0,2278.0,1287.0,4912.0,-4904.0,-14796.0,853.0,-349.0,-8.0,-530.0,-1264.0,-273.0,32417.0,5553408.0,2452.0,2685.0,0.0
5913732000,0.010267686999779351,97392.9181929182,2166.0,2274.0,2277.0,1288.0,4928.0,-4860.0,-14772.0,834.0,-337.0,-7.0,-524.0,-1261.0,-274.0,32417.0,5553664.0,2344.0,2703.0,0.0
5913988000,0.010267686999779351,97392.9181929182,2260.0,2274.0,2278.0,1288.0,4872.0,-4868.0,-14788.0,850.0,-348.0,-38.0,-523.0,-1256.0,-276.0,32417.0,5553664.0,2287.0,2701.0,0.0
5914244000,0.010267686999779351,97392.9181929182,2279.0,2274.0,2280.0,1287.0,4924.0,-4896.0,-14768.0,825.0,-331.0,-36.0,-523.0,-1256.0,-276.0,32417.0,5553664.0,2269.0,2703.0,0.0
5914500000,0.010267481044650379,97394.8717948718,2266.0,2272.0,2278.0,1289.0,4896.0,-4888.0,-14756.0,831.0,-339.0,-19.0,-527.0,-1263.0,-277.0,32417.0,5553664.0,2256.0,2704.0,0.0
5914756000,0.010267686999779351,97392.9181929182,2244.0,2274.0,2276.0,1286.0,4928.0,-4900.0,-14776.0,818.0,-356.0,-25.0,-531.0,-1268.0,-272.0,32417.0,5553408.0,2248.0,2702.0,0.0
5915012000,0.010267686999779351,97392.9181929182,2244.0,2274.0,2278.0,1286.0,4920.0,-4872.0,-14776.0,824.0,-337.0,-40.0,-534.0,-1264.0,-279.0,32417.0,5553408.0,2251.0,2703.0,0.0
5915268000,0.010267686999779351,97392.9181929182,2230.0,2274.0,2280.0,1288.0,4908.0,-4920.0,-14784.0,828.0,-355.0,-23.0,-534.0,-1268.0,-278.0,32417.0,5553408.0,2246.0,2702.0,0.0
5915524000,0.010267686999779351,97392.9181929182,2236.0,2274.0,2277.0,1287.0,4912.0,-4900.0,-14848.0,837.0,-352.0,-34.0,-534.0,-1268.0,-278.0,32417.0,5553408.0,2251.0,2703.0,0.0
5915780000,0.010267686999779351,97392.9181929182,2228.0,2276.0,2278.0,1285.0,4964.0,-4868.0,-14808.0,844.0,-329.0,-39.0,-534.0,-1263.0,-281.0,32417.0,5553152.0,2246.0,2702.0,0.0
5916036000,0.010267686999779351,97392.9181929182,2222.0,2274.0,2279.0,1287.0,4908.0,-4856.0,-14840.0,870.0,-344.0,-31.0,-538.0,-1267.0,-278.0,32417.0,5553152.0,2245.0,2704.0,0.0
5916292000,0.010267686999779351,97392.9181929182,2227.0,2275.0,2277.0,1286.0,4952.0,-4824.0,-14788.0,864.0,-351.0,-55.0,-537.0,-1262.0,-286.0,32417.0,5553152.0,2250.0,2703.0,0.0
5916548000,0.010267686999779351,97392.9181929182,2228.0,2275.0,2277.0,1286.0,4972.0,-4820.0,-14792.0,874.0,-338.0,-51.0,-547.0,-1267.0,-282.0,32417.0,5553152.0,2252.0,2703.0,0.0
5916804000,0.010267686999779351,97392.9181929182,2223.0,2275.0,2276.0,1287.0,4940.0,-4852.0,-14808.0,859.0,-334.0,-42.0,-547.0,-1267.0,-282.0,32417.0,5553152.0,2246.0,2702.0,0.0
5917060000,0.010267481044650379,97394.8717948718,2219.0,2276.0,2277.0,1286.0,4932.0,-4872.0,-14804.0,858.0,-309.0,-51.0,-540.0,-1270.0,-281.0,32417.0,5553152.0,2243.0,2701.0,0.0
5917316000,0.010267686999779351,97392.9181929182,2224.0,2275.0,2279.0,1287.0,4920.0,-4856.0,-14780.0,844.0,-338.0,-30.0,-531.0,-1265.0,-275.0,32417.0,5553152.0,2249.0,2703.0,0.0
5917572000,0.010267686999779351,97392.9181929182,2214.0,2274.0,2279.0,1286.0,4916.0,-4904.0,-14804.0,847.0,-315.0,-31.0,-546.0,-1265.0,-276.0,32417.0,5553152.0,2244.0,2702.0,0.0
5917828000,0.010267686999779351,97392.9181929182,2212.0,2273.0,2280.0,1287.0,4884.0,-4896.0,-14808.0,834.0,-324.0,-11.0,-546.0,-1265.0,-276.0,32417.0,5552640.0,2243.0,2702.0,0.0
5918084000,0.010267686999779351,97392.9181929182,2208.0,2272.0,2280.0,1289.0,4908.0,-4916.0,-14788.0,834.0,-326.0,-21.0,-527.0,-1267.0,-282.0,32417.0,5552640.0,2242.0,2702.0,0.0
5918340000,0.010267686999779351,97392.9181929182,2206.0,2272.0,2279.0,1289.0,4928.0,-4884.0,-14748.0,872.0,-334.0,-4.0,-524.0,-1269.0,-280.0,32417.0,5552640.0,2244.0,2704.0,0.0
5918596000,0.010267686999779351,97392.9181929182,2204.0,2273.0,2280.0,1288.0,4896.0,-4872.0,-14752.0,882.0,-338.0,-6.0,-530.0,-1263.0,-277.0,32417.0,5552640.0,2244.0,2704.0,0.0
5918852000,0.010267686999779351,97392.9181929182,2207.0,2273.0,2278.0,1289.0,4904.0,-4880.0,-14720.0,883.0,-362.0,-34.0,-533.0,-1265.0,-276.0,32417.0,5552640.0,2243.0,2702.0,0.0
5919108000,0.010267686999779351,97392.9181929182,2202.0,2273.0,2276.0,1286.0,4948.0,-4828.0,-14808.0,872.0,-376.0,-31.0,-533.0,-1265.0,-276.0,32417.0,5552640.0,2241.0,2701.0,0.0
5919364000,0.010267686999779351,97392.9181929182,2211.0,2275.0,2276.0,1284.0,4920.0,-4840.0,-14820.0,844.0,-363.0,-32.0,-535.0,-1266.0,-275.0,32417.0,5552896.0,2248.0,2703.0,0.0
5919620000,0.010267686999779351,97392.9181929182,2226.0,2274.0,2275.0,1286.0,4928.0,-4784.0,-14808.0,844.0,-327.0,-56.0,-537.0,-1272.0,-281.0,32417.0,5552896.0,2251.0,2703.0,0.0
5919876000,0.010267686999779351,97392.9181929182,2234.0,2272.0,2275.0,1283.0,4928.0,-4812.0,-14848.0,810.0,-314.0,-33.0,-534.0,-1264.0,-279.0,32417.0,5552896.0,2253.0,2703.0,0.0
5920132000,0.010267686999779351,97392.9181929182,2230.0,2274.0,2276.0,1285.0,4960.0,-4836.0,-14848.0,811.0,-308.0,-23.0,-537.0,-1267.0,-279.0,32417.0,5552896.0,2247.0,2702.0,0.0
5920388000,0.010267481044650379,97394.8717948718,2236.0,2274.0,2277.0,1288.0,4924.0,-4884.0,-14828.0,819.0,-327.0,-21.0,-537.0,-1267.0,-279.0,32417.0,5552640.0,2251.0,2703.0,0.0
5920644000,0.010267481044650379,97394.8717948718,2234.0,2274.0,2279.0,1290.0,4960.0,-4876.0,-14800.0,840.0,-313.0,-20.0,-536.0,-1268.0,-278.0,32417.0,5552640.0,2247.0,2704.0,0.0
5920900000,0.010267686999779351,97392.9181929182,2238.0,2275.0,2279.0,1290.0,4924.0,-4908.0,-14764.0,868.0,-324.0,-28.0,-529.0,-1267.0,-279.0,32417.0,5553152.0,2251.0,2703.0,0.0
5921156000,0.010267686999779351,97392.9181929182,2228.0,2275.0,2277.0,1288.0,4920.0,-4896.0,-14744.0,896.0,-320.0,-24.0,-522.0,-1268.0,-274.0,32417.0,5553152.0,2246.0,2702.0,0.0
5921412000,0.010267481044650379,97394.8717948718,2215.0,2274.0,2277.0,1288.0,4916.0,-4876.0,-14816.0,910.0,-343.0,-40.0,-532.0,-1269.0,-274.0,32417.0,5553152.0,2244.0,2702.0,0.0
5921668000,0.010267686999779351,97392.9181929182,2223.0,2274.0,2276.0,1287.0,4900.0,-4836.0,-14808.0,886.0,-343.0,-49.0,-532.0,-1269.0,-274.0,32417.0,5553152.0,2249.0,2703.0,0.0
5921924000,0.010267686999779351,97392.9181929182,2228.0,2275.0,2277.0,1285.0,4908.0,-4820.0,-14832.0,870.0,-352.0,-63.0,-525.0,-1271.0,-273.0,32417.0,5552896.0,2252.0,2703.0,0.0
5922180000,0.010267686999779351,97392.9181929182,2236.0,2274.0,2277.0,1284.0,4900.0,-4856.0,-14852.0,828.0,-332.0,-66.0,-527.0,-1263.0,-275.0,32417.0,5552896.0,2253.0,2703.0,0.0
5922436000,0.010267686999779351,97392.9181929182,2240.0,2274.0,2279.0,1286.0,4920.0,-4904.0,-14780.0,857.0,-343.0,-41.0,-536.0,-1264.0,-272.0,32417.0,5553152.0,2253.0,2703.0,0.0
5922692000,0.010267686999779351,97392.9181929182,2241.0,2273.0,2279.0,1286.0,4944.0,-4900.0,-14816.0,868.0,-321.0,-28.0,-536.0,-1264.0,-272.0,32417.0,5553152.0,2253.0,2703.0,0.0
5922948000,0.010267686999779351,97392.9181929182,2245.0,2274.0,2279.0,1289.0,4948.0,-4924.0,-14804.0,877.0,-325.0,-23.0,-538.0,-1265.0,-276.0,32417.0,5553152.0,2254.0,2703.0,0.0
5923204000,0.010267686999779351,97392.9181929182,2238.0,2275.0,2277.0,1290.0,4912.0,-4872.0,-14712.0,904.0,-324.0,-37.0,-535.0,-1267.0,-274.0,32417.0,5553152.0,2249.0,2704.0,0.0
5923460000,0.010267686999779351,97392.9181929182,2236.0,2274.0,2278.0,1287.0,4896.0,-4868.0,-14744.0,879.0,-334.0,-20.0,-538.0,-1262.0,-280.0,32417.0,5552640.0,2252.0,2703.0,0.0
5923716000,0.010267686999779351,97392.9181929182,2240.0,2274.0,2277.0,1291.0,4924.0,-4848.0,-14784.0,886.0,-328.0,-14.0,-528.0,-1269.0,-281.0,32417.0,5552640.0,2253.0,2703.0,0.0
5923972000,0.010267686999779351,97392.9181929182,2233.0,2274.0,2276.0,1288.0,4888.0,-4836.0,-14816.0,882.0,-351.0,-33.0,-528.0,-1269.0,-281.0,32417.0,5552896.0,2247.0,2702.0,0.0
5924228000,0.010267686999779351,97392.9181929182,2221.0,2276.0,2274.0,1288.0,4912.0,-4864.0,-14760.0,840.0,-344.0,-48.0,-540.0,-1270.0,-280.0,32417.0,5552896.0,2244.0,2702.0,0.0
5924484000,0.010267686999779351,97392.9181929182,2225.0,2275.0,2277.0,1288.0,4928.0,-4844.0,-14832.0,834.0,-334.0,-32.0,-531.0,-1265.0,-278.0,32417.0,5552640.0,2249.0,2703.0,0.0
5924740000,0.010267481044650379,97394.8717948718,2229.0,2276.0,2278.0,1285.0,4912.0,-4820.0,-14832.0,830.0,-340.0,-9.0,-529.0,-1267.0,-274.0,32417.0,5552640.0,2252.0,2703.0,0.0
5924996000,0.010267686999779351,97392.9181929182,2222.0,2276.0,2278.0,1284.0,4920.0,-4828.0,-14900.0,883.0,-328.0,-37.0,-527.0,-1269.0,-279.0,32417.0,5553408.0,2246.0,2702.0,0.0
5925252000,0.010267686999779351,97392.9181929182,2213.0,2275.0,2275.0,1285.0,4908.0,-4820.0,-14884.0,865.0,-319.0,-11.0,-527.0,-1269.0,-279.0,32417.0,5553408.0,2244.0,2702.0,0.0
5925508000,0.010267686999779351,97392.9181929182,2210.0,2275.0,2278.0,1284.0,4912.0,-4768.0,-14856.0,843.0,-337.0,-34.0,-529.0,-1261.0,-275.0,32417.0,5553664.0,2244.0,2704.0,0.0
5925764000,0.010267686999779351,97392.9181929182,2206.0,2274.0,2276.0,1285.0,4920.0,-4784.0,-14800.0,847.0,-330.0,-10.0,-533.0,-1265.0,-276.0,32417.0,5553664.0,2244.0,2704.0,0.0
5926020000,0.010267686999779351,97392.9181929182,2217.0,2276.0,2276.0,1287.0,4920.0,-4800.0,-14840.0,855.0,-354.0,-17.0,-526.0,-1264.0,-282.0,32417.0,5553408.0,2249.0,2703.0,0.0
5926276000,0.010267686999779351,97392.9181929182,2215.0,2275.0,2276.0,1288.0,4928.0,-4796.0,-14792.0,853.0,-342.0,-20.0,-537.0,-1260.0,-275.0,32417.0,5553408.0,2245.0,2702.0,0.0
5926532000,0.010267686999779351,97392.9181929182,2224.0,2275.0,2276.0,1287.0,4948.0,-4824.0,-14792.0,858.0,-342.0,-6.0,-537.0,-1260.0,-275.0,32417.0,5553408.0,2250.0,2703.0,0.0
5926788000,0.010267686999779351,97392.9181929182,2228.0,2275.0,2275.0,1287.0,4888.0,-4820.0,-14744.0,851.0,-346.0,-30.0,-534.0,-1267.0,-279.0,32417.0,5553408.0,2252.0,2703.0,0.0
5927044000,0.010267686999779351,97392.9181929182,2236.0,2274.0,2274.0,1287.0,4884.0,-4844.0,-14772.0,851.0,-351.0,-38.0,-533.0,-1268.0,-276.0,32417.0,5552896.0,2253.0,2703.0,0.0
5927300000,0.010267686999779351,97392.9181929182,2232.0,2273.0,2275.0,1287.0,4848.0,-4832.0,-14824.0,851.0,-351.0,-38.0,-540.0,-1270.0,-275.0,32417.0,5552896.0,2247.0,2702.0,0.0
5927556000,0.010267686999779351,97392.9181929182,2217.0,2271.0,2275.0,1288.0,4864.0,-4808.0,-14840.0,833.0,-358.0,-31.0,-540.0,-1270.0,-275.0,32417.0,5552896.0,2244.0,2702.0,0.0
5927812000,0.010267686999779351,97392.9181929182,2212.0,2273.0,2278.0,1285.0,4844.0,-4796.0,-14820.0,846.0,-353.0,-25.0,-546.0,-1272.0,-272.0,32417.0,5552896.0,2244.0,2704.0,0.0
5928068000,0.010267481044650379,97394.8717948718,2221.0,2272.0,2276.0,1286.0,4872.0,-4860.0,-14792.0,817.0,-347.0,-27.0,-531.0,-1270.0,-277.0,32417.0,5552896.0,2249.0,2703.0,0.0
5928324000,0.010267686999779351,97392.9181929182,2219.0,2272.0,2278.0,1284.0,4624.0,-4876.0,-14824.0,813.0,-335.0,-22.0,-524.0,-1267.0,-285.0,32417.0,5552896.0,2246.0,2704.0,0.0
5928580000,0.010267686999779351,97392.9181929182,2224.0,2273.0,2278.0,1285.0,4876.0,-4876.0,-14848.0,803.0,-342.0,-19.0,-525.0,-1260.0,-277.0,32417.0,5553152.0,2250.0,2703.0,0.0
5928836000,0.010267686999779351,97392.9181929182,2220.0,2273.0,2279.0,1285.0,4864.0,-4884.0,-14880.0,820.0,-345.0,-43.0,-525.0,-1260.0,-277.0,32417.0,5553152.0,2246.0,2702.0,0.0
5929092000,0.010267686999779351,97392.9181929182,2218.0,2272.0,2280.0,1284.0,4860.0,-4892.0,-14816.0,846.0,-328.0,-12.0,-542.0,-1262.0,-277.0,32417.0,5553664.0,2243.0,2702.0,0.0
5929348000,0.010267686999779351,97392.9181929182,2223.0,2273.0,2278.0,1286.0,4904.0,-4928.0,-14796.0,868.0,-330.0,-27.0,-525.0,-1265.0,-274.0,32417.0,5553664.0,2249.0,2703.0,0.0
5929604000,0.010267686999779351,97392.9181929182,2228.0,2273.0,2276.0,1286.0,4892.0,-4848.0,-14864.0,881.0,-318.0,-11.0,-529.0,-1272.0,-276.0,32417.0,5552640.0,2252.0,2703.0,0.0
5929860000,0.010267686999779351,97392.9181929182,2235.0,2275.0,2277.0,1286.0,4904.0,-4828.0,-14836.0,888.0,-332.0,-9.0,-528.0,-1267.0,-274.0,32417.0,5552640.0,2253.0,2703.0,0.0
5930116000,0.010267686999779351,97392.9181929182,2231.0,2274.0,2275.0,1286.0,4868.0,-4796.0,-14792.0,885.0,-346.0,-16.0,-528.0,-1267.0,-274.0,32417.0,5552896.0,2247.0,2702.0,0.0
5930372000,0.010267686999779351,97392.9181929182,2219.0,2274.0,2273.0,1287.0,4864.0,-4824.0,-14788.0,890.0,-334.0,-16.0,-534.0,-1270.0,-280.0,32417.0,5552896.0,2244.0,2702.0,0.0
5930628000,0.010267686999779351,97392.9181929182,2225.0,2273.0,2274.0,1287.0,4872.0,-4776.0,-14824.0,851.0,-334.0,-21.0,-533.0,-1265.0,-279.0,32417.0,5553152.0,2250.0,2703.0,0.0
5930884000,0.010267686999779351,97392.9181929182,2221.0,2273.0,2275.0,1287.0,4876.0,-4808.0,-14812.0,832.0,-344.0,-28.0,-531.0,-1267.0,-281.0,32417.0,5553152.0,2246.0,2704.0,0.0
5931140000,0.010267686999779351,97392.9181929182,2211.0,2273.0,2276.0,1286.0,4896.0,-4792.0,-14832.0,843.0,-341.0,-14.0,-539.0,-1266.0,-282.0,32417.0,5552640.0,2244.0,2702.0,0.0
5931396000,0.010267686999779351,97392.9181929182,2221.0,2274.0,2276.0,1289.0,4868.0,-4804.0,-14836.0,818.0,-345.0,-32.0,-539.0,-1266.0,-282.0,32417.0,5552640.0,2249.0,2703.0,0.0
5931652000,0.010267686999779351,97392.9181929182,2228.0,2276.0,2277.0,1286.0,4908.0,-4840.0,-14824.0,801.0,-356.0,-19.0,-532.0,-1264.0,-279.0,32417.0,5553664.0,2252.0,2703.0,0.0
5931908000,0.010267686999779351,97392.9181929182,2235.0,2274.0,2278.0,1286.0,4928.0,-4876.0,-14824.0,816.0,-350.0,-36.0,-527.0,-1266.0,-279.0,32417.0,5553664.0,2253.0,2703.0,0.0
5932164000,0.010267686999779351,97392.9181929182,2232.0,2274.0,2278.0,1285.0,4904.0,-4864.0,-14812.0,820.0,-355.0,-9.0,-553.0,-1267.0,-278.0,32417.0,5553408.0,2247.0,2702.0,0.0
5932420000,0.010267686999779351,97392.9181929182,2236.0,2275.0,2278.0,1286.0,4896.0,-4824.0,-14816.0,843.0,-340.0,-14.0,-553.0,-1267.0,-278.0,32417.0,5553408.0,2251.0,2703.0,0.0
5932676000,0.010267686999779351,97392.9181929182,2236.0,2274.0,2279.0,1286.0,4884.0,-4860.0,-14816.0,843.0,-344.0,-14.0,-524.0,-1267.0,-277.0,32417.0,5553408.0,2252.0,2703.0,0.0
5932932000,0.010267686999779351,97392.9181929182,2241.0,2274.0,2279.0,1286.0,4888.0,-4824.0,-14840.0,834.0,-349.0,-21.0,-526.0,-1268.0,-284.0,32417.0,5553408.0,2253.0,2703.0,0.0
5933188000,0.010267686999779351,97392.9181929182,2235.0,2274.0,2277.0,1284.0,4876.0,-4844.0,-14808.0,844.0,-340.0,-35.0,-527.0,-1263.0,-276.0,32417.0,5552896.0,2247.0,2702.0,0.0
5933444000,0.010267686999779351,97392.9181929182,2238.0,2274.0,2277.0,1286.0,4900.0,-4816.0,-14816.0,845.0,-329.0,-26.0,-532.0,-1263.0,-282.0,32417.0,5552896.0,2251.0,2703.0,0.0
5933700000,0.010267686999779351,97392.9181929182,2227.0,2273.0,2278.0,1286.0,4888.0,-4864.0,-14840.0,836.0,-331.0,-24.0,-532.0,-1263.0,-282.0,32417.0,5553152.0,2246.0,2702.0,0.0
5933956000,0.010267686999779351,97392.9181929182,2223.0,2274.0,2277.0,1287.0,4920.0,-4864.0,-14772.0,851.0,-321.0,-21.0,-540.0,-1260.0,-277.0,32417.0,5553152.0,2245.0,2704.0,0.0
5934212000,0.010267481044650379,97394.8717948718,2227.0,2275.0,2276.0,1288.0,4904.0,-4872.0,-14844.0,832.0,-342.0,-39.0,-530.0,-1267.0,-276.0,32417.0,5553408.0,2250.0,2703.0,0.0
5934468000,0.010267686999779351,97392.9181929182,2230.0,2276.0,2276.0,1288.0,4932.0,-4876.0,-14788.0,843.0,-344.0,-22.0,-535.0,-1268.0,-274.0,32417.0,5553408.0,2252.0,2703.0,0.0
5934724000,0.010267686999779351,97392.9181929182,2236.0,2275.0,2275.0,1288.0,4888.0,-4804.0,-14788.0,828.0,-324.0,-12.0,-531.0,-1272.0,-280.0,32417.0,5553920.0,2253.0,2703.0,0.0
5934980000,0.010267686999779351,97392.9181929182,2241.0,2276.0,2277.0,1289.0,4928.0,-4816.0,-14784.0,838.0,-327.0,-14.0,-531.0,-1272.0,-280.0,32417.0,5553920.0,2254.0,2703.0,0.0
5935236000,0.010267686999779351,97392.9181929182,2236.0,2275.0,2276.0,1290.0,4920.0,-4804.0,-14792.0,849.0,-314.0,-20.0,-540.0,-1271.0,-289.0,32417.0,5553152.0,2247.0,2702.0,0.0
5935492000,0.010267686999779351,97392.9181929182,2221.0,2275.0,2275.0,1287.0,4884.0,-4828.0,-14824.0,832.0,-318.0,-36.0,-552.0,-1266.0,-283.0,32417.0,5553152.0,2244.0,2702.0,0.0
5935748000,0.010267686999779351,97392.9181929182,2216.0,2272.0,2277.0,1286.0,4892.0,-4800.0,-14804.0,831.0,-333.0,-50.0,-547.0,-1267.0,-280.0,32417.0,5553152.0,2243.0,2702.0,0.0
5936004000,0.010267686999779351,97392.9181929182,2222.0,2274.0,2276.0,1285.0,4896.0,-4836.0,-14800.0,847.0,-338.0,-18.0,-531.0,-1272.0,-281.0,32417.0,5553152.0,2249.0,2703.0,0.0
5936260000,0.010267686999779351,97392.9181929182,2227.0,2272.0,2278.0,1285.0,4896.0,-4860.0,-14860.0,844.0,-342.0,-32.0,-531.0,-1272.0,-281.0,32417.0,5553408.0,2252.0,2703.0,0.0
5936516000,0.010267686999779351,97392.9181929182,2224.0,2271.0,2279.0,1285.0,4888.0,-4848.0,-14836.0,840.0,-329.0,-35.0,-531.0,-1264.0,-278.0,32417.0,5553408.0,2248.0,2704.0,0.0
5936772000,0.010267686999779351,97392.9181929182,2233.0,2272.0,2279.0,1287.0,4876.0,-4872.0,-14816.0,834.0,-353.0,-7.0,-524.0,-1268.0,-277.0,32417.0,5553152.0,2251.0,2703.0,0.0
5937028000,0.010267686999779351,97392.9181929182,2238.0,2272.0,2278.0,1287.0,4880.0,-4820.0,-14780.0,852.0,-333.0,-32.0,-523.0,-1265.0,-276.0,32417.0,5553152.0,2253.0,2703.0,0.0
5937284000,0.010267686999779351,97392.9181929182,2227.0,2274.0,2277.0,1287.0,4900.0,-4836.0,-14848.0,848.0,-337.0,-27.0,-523.0,-1265.0,-276.0,32417.0,5552384.0,2246.0,2701.0,0.0
5937540000,0.010267481044650379,97394.8717948718,2230.0,2274.0,2277.0,1287.0,4896.0,-4852.0,-14836.0,847.0,-340.0,-30.0,-534.0,-1261.0,-283.0,32417.0,5552384.0,2250.0,2703.0,0.0
5937796000,0.010267481044650379,97394.8717948718,2223.0,2275.0,2278.0,1286.0,4912.0,-4840.0,-14804.0,823.0,-343.0,-22.0,-527.0,-1266.0,-274.0,32417.0,5553408.0,2245.0,2702.0,0.0
5938052000,0.010267686999779351,97392.9181929182,2227.0,2273.0,2276.0,1287.0,4920.0,-4824.0,-14788.0,839.0,-330.0,-30.0,-539.0,-1268.0,-275.0,32417.0,5553408.0,2250.0,2703.0,0.0
5938308000,0.010267686999779351,97392.9181929182,2230.0,2276.0,2277.0,1286.0,4932.0,-4848.0,-14832.0,850.0,-339.0,-28.0,-538.0,-1271.0,-278.0,32417.0,5553408.0,2252.0,2703.0,0.0
5938564000,0.010267686999779351,97392.9181929182,2208.0,2276.0,2275.0,1286.0,4928.0,-4816.0,-14828.0,856.0,-318.0,-27.0,-538.0,-1271.0,-278.0,32417.0,5553408.0,2240.0,2702.0,0.0
5938820000,0.010267686999779351,97392.9181929182,2207.0,2274.0,2276.0,1287.0,4920.0,-4824.0,-14824.0,847.0,-323.0,-28.0,-537.0,-1264.0,-278.0,32417.0,5553664.0,2242.0,2704.0,0.0
5939076000,0.010267686999779351,97392.9181929182,2209.0,2273.0,2277.0,1289.0,4896.0,-4808.0,-14772.0,820.0,-344.0,-47.0,-537.0,-1267.0,-283.0,32417.0,5553664.0,2243.0,2704.0,0.0
5939332000,0.010267686999779351,97392.9181929182,2219.0,2274.0,2276.0,1288.0,4920.0,-4852.0,-14764.0,834.0,-338.0,-45.0,-538.0,-1266.0,-275.0,32417.0,5553408.0,2249.0,2703.0,0.0
5939588000,0.010267686999779351,97392.9181929182,2225.0,2275.0,2278.0,1286.0,4928.0,-4864.0,-14816.0,813.0,-337.0,-30.0,-533.0,-1264.0,-280.0,32417.0,5553408.0,2252.0,2703.0,0.0
5939844000,0.010267686999779351,97392.9181929182,2234.0,2274.0,2279.0,1291.0,4888.0,-4900.0,-14856.0,835.0,-333.0,-20.0,-533.0,-1264.0,-280.0,32417.0,5553152.0,2253.0,2703.0,0.0
5940100000,0.010267686999779351,97392.9181929182,2233.0,2275.0,2276.0,1285.0,4920.0,-4876.0,-14784.0,835.0,-320.0,-23.0,-533.0,-1266.0,-282.0,32417.0,5553152.0,2249.0,2704.0,0.0
5940356000,0.010267686999779351,97392.9181929182,2224.0,2275.0,2277.0,1285.0,4916.0,-4848.0,-14800.0,850.0,-352.0,-12.0,-526.0,-1263.0,-274.0,32417.0,5553664.0,2245.0,2702.0,0.0
5940612000,0.010267686999779351,97392.9181929182,2228.0,2274.0,2277.0,1287.0,4908.0,-4844.0,-14760.0,855.0,-334.0,-19.0,-525.0,-1264.0,-276.0,32417.0,5553664.0,2250.0,2703.0,0.0
5940868000,0.010267686999779351,97392.9181929182,2229.0,2273.0,2278.0,1288.0,4888.0,-4864.0,-14832.0,858.0,-324.0,-21.0,-531.0,-1266.0,-278.0,32417.0,5553664.0,2252.0,2703.0,0.0
5941124000,0.010267481044650379,97394.8717948718,2237.0,2271.0,2277.0,1285.0,4872.0,-4888.0,-14840.0,832.0,-318.0,-24.0,-531.0,-1266.0,-278.0,32417.0,5553664.0,2253.0,2703.0,0.0
5941380000,0.010267686999779351,97392.9181929182,2242.0,2272.0,2277.0,1288.0,4828.0,-4816.0,-14752.0,823.0,-302.0,-2.0,-530.0,-1268.0,-278.0,32417.0,5553920.0,2253.0,2703.0,0.0
5941636000,0.010267686999779351,97392.9181929182,2244.0,2273.0,2276.0,1288.0,4896.0,-4876.0,-14732.0,800.0,-351.0,-34.0,-534.0,-1263.0,-278.0,32417.0,5553920.0,2254.0,2703.0,0.0
5941892000,0.010267686999779351,97392.9181929182,2245.0,2275.0,2274.0,1290.0,4948.0,-4848.0,-14800.0,780.0,-343.0,-42.0,-535.0,-1265.0,-283.0,32426.0,5553920.0,2254.0,2703.0,0.0
5942148000,0.010267686999779351,97392.9181929182,2236.0,2277.0,2277.0,1287.0,4984.0,-4876.0,-14788.0,793.0,-385.0,-28.0,-535.0,-1265.0,-283.0,32426.0,5553920.0,2247.0,2702.0,0.0
5942404000,0.010267481044650379,97394.8717948718,2240.0,2277.0,2278.0,1285.0,4960.0,-4892.0,-14788.0,827.0,-358.0,-59.0,-539.0,-1258.0,-277.0,32426.0,5553664.0,2251.0,2703.0,0.0
5942660000,0.010267686999779351,97392.9181929182,2238.0,2277.0,2276.0,1284.0,5000.0,-4840.0,-14836.0,877.0,-326.0,-48.0,-538.0,-1266.0,-281.0,32426.0,5553664.0,2252.0,2703.0,0.0
5942916000,0.010267481044650379,97394.8717948718,2241.0,2274.0,2277.0,1285.0,4948.0,-4856.0,-14824.0,866.0,-336.0,-35.0,-533.0,-1265.0,-276.0,32426.0,5553152.0,2253.0,2703.0,0.0
5943172000,0.010267686999779351,97392.9181929182,2244.0,2274.0,2276.0,1284.0,4932.0,-4812.0,-14844.0,823.0,-309.0,-8.0,-527.0,-1266.0,-280.0,32426.0,5553152.0,2254.0,2703.0,0.0
5943428000,0.010267686999779351,97392.9181929182,2244.0,2275.0,2277.0,1286.0,4936.0,-4868.0,-14808.0,782.0,-303.0,-13.0,-527.0,-1266.0,-280.0,32426.0,5553152.0,2254.0,2703.0,0.0
5943684000,0.010267686999779351,97392.9181929182,2247.0,2273.0,2279.0,1287.0,4904.0,-4856.0,-14792.0,815.0,-307.0,-4.0,-543.0,-1266.0,-282.0,32426.0,5553152.0,2254.0,2703.0,0.0
5943940000,0.010267686999779351,97392.9181929182,2247.0,2273.0,2279.0,1288.0,4888.0,-4880.0,-14740.0,842.0,-321.0,-17.0,-528.0,-1264.0,-283.0,32426.0,5553408.0,2254.0,2703.0,0.0
5944196000,0.010267686999779351,97392.9181929182,2200.0,2273.0,2279.0,1285.0,4912.0,-4912.0,-14792.0,886.0,-326.0,-26.0,-529.0,-1265.0,-284.0,32426.0,5553408.0,2456.0,2686.0,0.0
5944452000,0.010267686999779351,97392.9181929182,2174.0,2273.0,2278.0,1286.0,4884.0,-4880.0,-14800.0,886.0,-326.0,-26.0,-525.0,-1265.0,-281.0,32426.0,5552640.0,2339.0,2702.0,0.0
5944708000,0.010267481044650379,97394.8717948718,2272.0,2273.0,2277.0,1286.0,4896.0,-4820.0,-14820.0,910.0,-334.0,-55.0,-525.0,-1265.0,-281.0,32426.0,5552640.0,2293.0,2703.0,0.0
5944964000,0.010267686999779351,97392.9181929182,2288.0,2271.0,2276.0,1285.0,4916.0,-4860.0,-14860.0,890.0,-359.0,-42.0,-531.0,-1267.0,-281.0,32426.0,5552896.0,2272.0,2703.0,0.0
5945220000,0.010267481044650379,97394.8717948718,2275.0,2271.0,2276.0,1284.0,4920.0,-4832.0,-14824.0,887.0,-350.0,-59.0,-536.0,-1266.0,-280.0,32426.0,5552896.0,2257.0,2704.0,0.0
5945476000,0.010267686999779351,97392.9181929182,2254.0,2273.0,2274.0,1285.0,4904.0,-4820.0,-14840.0,879.0,-327.0,-50.0,-537.0,-1266.0,-282.0,32426.0,5553664.0,2249.0,2702.0,0.0
5945732000,0.010267686999779351,97392.9181929182,2235.0,2273.0,2275.0,1287.0,4900.0,-4816.0,-14796.0,909.0,-346.0,-54.0,-532.0,-1265.0,-280.0,32426.0,5553664.0,2245.0,2702.0,0.0
5945988000,0.010267686999779351,97392.9181929182,2233.0,2274.0,2273.0,1287.0,4916.0,-4804.0,-14840.0,889.0,-324.0,-28.0,-532.0,-1265.0,-280.0,32426.0,5553408.0,2249.0,2703.0,0.0
5946244000,0.010267686999779351,97392.9181929182,2232.0,2273.0,2274.0,1288.0,4908.0,-4808.0,-14768.0,891.0,-325.0,-6.0,-535.0,-1268.0,-282.0,32426.0,5553408.0,2247.0,2704.0,0.0
5946500000,0.010267686999779351,97392.9181929182,2238.0,2274.0,2276.0,1290.0,4936.0,-4832.0,-14756.0,889.0,-329.0,-12.0,-536.0,-1262.0,-285.0,32426.0,5553152.0,2251.0,2703.0,0.0
5946756000,0.010267686999779351,97392.9181929182,2186.0,2275.0,2276.0,1290.0,4952.0,-4812.0,-14724.0,866.0,-332.0,-12.0,-531.0,-1268.0,-280.0,32426.0,5553152.0,2223.0,2691.0,0.0
5947012000,0.010267686999779351,97392.9181929182,2185.0,2274.0,2276.0,1292.0,4936.0,-4892.0,-14788.0,861.0,-330.0,-12.0,-528.0,-1264.0,-275.0,32426.0,5553664.0,2240.0,2703.0,0.0
5947268000,0.010267686999779351,97392.9181929182,2202.0,2274.0,2275.0,1287.0,4868.0,-4856.0,-14764.0,859.0,-352.0,-31.0,-528.0,-1264.0,-275.0,32426.0,5553664.0,2248.0,2703.0,0.0
5947524000,0.010267686999779351,97392.9181929182,2203.0,2273.0,2276.0,1284.0,4924.0,-4836.0,-14808.0,826.0,-341.0,-33.0,-527.0,-1273.0,-280.0,32426.0,5553408.0,2244.0,2702.0,0.0
5947780000,0.010267686999779351,97392.9181929182,2216.0,2273.0,2277.0,1285.0,4928.0,-4852.0,-14840.0,815.0,-356.0,-41.0,-520.0,-1271.0,-274.0,32426.0,5553408.0,2250.0,2703.0,0.0
5948036000,0.010267686999779351,97392.9181929182,2224.0,2274.0,2277.0,1284.0,4932.0,-4844.0,-14888.0,798.0,-335.0,-44.0,-524.0,-1264.0,-279.0,32426.0,5553664.0,2252.0,2703.0,0.0
5948292000,0.010267686999779351,97392.9181929182,2232.0,2275.0,2278.0,1284.0,4932.0,-4848.0,-14924.0,818.0,-343.0,-37.0,-524.0,-1264.0,-279.0,32426.0,5553664.0,2253.0,2703.0,0.0
5948548000,0.010267686999779351,97392.9181929182,2240.0,2276.0,2277.0,1284.0,4928.0,-4836.0,-14848.0,849.0,-336.0,-20.0,-530.0,-1262.0,-281.0,32426.0,5552896.0,2253.0,2703.0,0.0
5948804000,0.010267686999779351,97392.9181929182,2243.0,2276.0,2277.0,1286.0,4952.0,-4840.0,-14812.0,842.0,-320.0,-16.0,-534.0,-1272.0,-281.0,32426.0,5552896.0,2254.0,2703.0,0.0
5949060000,0.010267686999779351,97392.9181929182,2245.0,2276.0,2278.0,1287.0,4948.0,-4836.0,-14816.0,834.0,-310.0,-17.0,-535.0,-1262.0,-281.0,32426.0,5553152.0,2254.0,2703.0,0.0
5949316000,0.010267686999779351,97392.9181929182,2190.0,2277.0,2276.0,1288.0,4952.0,-4824.0,-14760.0,849.0,-307.0,-16.0,-530.0,-1262.0,-276.0,32426.0,5553152.0,2450.0,2684.0,0.0
5949572000,0.010267686999779351,97392.9181929182,2159.0,2277.0,2276.0,1287.0,4976.0,-4856.0,-14760.0,865.0,-313.0,-4.0,-530.0,-1262.0,-276.0,32426.0,5553408.0,2335.0,2702.0,0.0
5949828000,0.010267686999779351,97392.9181929182,2261.0,2275.0,2274.0,1287.0,4972.0,-4836.0,-14768.0,849.0,-323.0,-12.0,-536.0,-1266.0,-287.0,32426.0,5553408.0,2292.0,2703.0,0.0
5950084000,0.010267686999779351,97392.9181929182,2286.0,2274.0,2276.0,1288.0,4912.0,-4808.0,-14708.0,878.0,-347.0,-15.0,-532.0,-1266.0,-285.0,32426.0,5553664.0,2271.0,2703.0,0.0
5950340000,0.010267686999779351,97392.9181929182,2274.0,2273.0,2275.0,1288.0,4944.0,-4852.0,-14764.0,878.0,-365.0,-18.0,-556.0,-1267.0,-283.0,32426.0,5553664.0,2257.0,2704.0,0.0
5950596000,0.010267686999779351,97392.9181929182,2252.0,2273.0,2276.0,1289.0,4920.0,-4816.0,-14788.0,860.0,-364.0,-25.0,-527.0,-1260.0,-281.0,32426.0,5553408.0,2249.0,2702.0,0.0
5950852000,0.010267686999779351,97392.9181929182,2235.0,2272.0,2276.0,1284.0,4876.0,-4820.0,-14788.0,833.0,-372.0,-35.0,-527.0,-1260.0,-281.0,32426.0,5553408.0,2245.0,2702.0,0.0
5951108000,0.010267686999779351,97392.9181929182,2227.0,2272.0,2276.0,1288.0,4896.0,-4848.0,-14820.0,804.0,-366.0,-29.0,-530.0,-1272.0,-284.0,32426.0,5553152.0,2245.0,2704.0,0.0
5951364000,0.010267686999779351,97392.9181929182,2230.0,2272.0,2277.0,1285.0,4880.0,-4824.0,-14788.0,798.0,-369.0,-38.0,-530.0,-1262.0,-281.0,32426.0,5553152.0,2252.0,2705.0,0.0
5951620000,0.010267686999779351,97392.9181929182,2190.0,2274.0,2277.0,1285.0,4892.0,-4888.0,-14816.0,793.0,-345.0,-32.0,-529.0,-1270.0,-276.0,32426.0,5552896.0,2454.0,2685.0,0.0
5951876000,0.010267686999779351,97392.9181929182,2161.0,2274.0,2279.0,1284.0,4864.0,-4912.0,-14892.0,815.0,-350.0,-11.0,-528.0,-1270.0,-278.0,32426.0,5552896.0,2338.0,2702.0,0.0
5952132000,0.010267686999779351,97392.9181929182,2267.0,2274.0,2281.0,1285.0,4892.0,-4944.0,-14824.0,792.0,-344.0,-32.0,-528.0,-1270.0,-278.0,32426.0,5553152.0,2293.0,2703.0,0.0
5952388000,0.010267686999779351,97392.9181929182,2284.0,2273.0,2279.0,1288.0,4900.0,-4920.0,-14776.0,840.0,-327.0,-23.0,-536.0,-1261.0,-277.0,32426.0,5553152.0,2267.0,2704.0,0.0
5952644000,0.010267686999779351,97392.9181929182,2266.0,2275.0,2279.0,1285.0,4892.0,-4888.0,-14776.0,882.0,-327.0,-11.0,-537.0,-1264.0,-279.0,32426.0,5553152.0,2254.0,2702.0,0.0
5952900000,0.010267686999779351,97392.9181929182,2257.0,2275.0,2276.0,1287.0,4904.0,-4840.0,-14796.0,902.0,-328.0,-19.0,-533.0,-1265.0,-280.0,32426.0,5553152.0,2253.0,2703.0,0.0
5953156000,0.010267686999779351,97392.9181929182,2242.0,2272.0,2273.0,1285.0,4928.0,-4808.0,-14852.0,898.0,-329.0,-10.0,-533.0,-1265.0,-280.0,32426.0,5553408.0,2247.0,2702.0,0.0
5953412000,0.010267686999779351,97392.9181929182,2232.0,2273.0,2271.0,1287.0,4916.0,-4748.0,-14828.0,889.0,-310.0,-18.0,-530.0,-1265.0,-285.0,32426.0,5553408.0,2246.0,2704.0,0.0
5953668000,0.010267686999779351,97392.9181929182,2218.0,2273.0,2269.0,1289.0,4868.0,-4736.0,-14748.0,852.0,-335.0,-22.0,-536.0,-1264.0,-285.0,32426.0,5553408.0,2244.0,2702.0,0.0
5953924000,0.010267686999779351,97392.9181929182,2224.0,2274.0,2272.0,1287.0,4896.0,-4736.0,-14760.0,792.0,-355.0,-39.0,-530.0,-1269.0,-279.0,32426.0,5553408.0,2249.0,2703.0,0.0
5954180000,0.010267686999779351,97392.9181929182,2228.0,2274.0,2272.0,1288.0,4932.0,-4776.0,-14840.0,811.0,-345.0,-9.0,-529.0,-1266.0,-277.0,32426.0,5553664.0,2252.0,2703.0,0.0
5954436000,0.010267481044650379,97394.8717948718,2222.0,2274.0,2275.0,1286.0,4904.0,-4784.0,-14864.0,796.0,-350.0,-14.0,-529.0,-1266.0,-277.0,32426.0,5553664.0,2248.0,2704.0,0.0
5954692000,0.010267686999779351,97392.9181929182,2234.0,2276.0,2275.0,1283.0,4900.0,-4804.0,-14852.0,787.0,-358.0,-34.0,-521.0,-1268.0,-277.0,32426.0,5553152.0,2251.0,2703.0,0.0
5954948000,0.010267686999779351,97392.9181929182,2231.0,2276.0,2277.0,1285.0,4908.0,-4804.0,-14824.0,788.0,-360.0,-26.0,-527.0,-1264.0,-281.0,32426.0,5553152.0,2247.0,2704.0,0.0
5955204000,0.010267686999779351,97392.9181929182,2237.0,2276.0,2279.0,1284.0,4896.0,-4860.0,-14812.0,791.0,-343.0,-28.0,-528.0,-1263.0,-282.0,32426.0,5553920.0,2251.0,2703.0,0.0
5955460000,0.010267686999779351,97392.9181929182,2239.0,2275.0,2278.0,1283.0,4904.0,-4824.0,-14868.0,812.0,-328.0,-13.0,-528.0,-1266.0,-283.0,32426.0,5553920.0,2253.0,2703.0,0.0
5955716000,0.010267686999779351,97392.9181929182,2201.0,2273.0,2278.0,1285.0,4900.0,-4800.0,-14824.0,806.0,-332.0,-11.0,-528.0,-1266.0,-283.0,32426.0,5553152.0,2455.0,2685.0,0.0
5955972000,0.010267686999779351,97392.9181929182,2172.0,2275.0,2278.0,1287.0,4852.0,-4868.0,-14836.0,802.0,-337.0,-10.0,-541.0,-1264.0,-278.0,32426.0,5553152.0,2340.0,2704.0,0.0
5956228000,0.010267686999779351,97392.9181929182,2272.0,2275.0,2277.0,1286.0,4872.0,-4852.0,-14756.0,831.0,-330.0,-20.0,-532.0,-1269.0,-277.0,32426.0,5553152.0,2294.0,2703.0,0.0
5956484000,0.010267481044650379,97394.8717948718,2287.0,2273.0,2277.0,1288.0,4892.0,-4864.0,-14800.0,807.0,-346.0,-31.0,-539.0,-1266.0,-277.0,32426.0,5553152.0,2272.0,2703.0,0.0
5956740000,0.010267481044650379,97394.8717948718,2272.0,2273.0,2278.0,1287.0,4900.0,-4900.0,-14816.0,816.0,-349.0,-28.0,-536.0,-1266.0,-277.0,32426.0,5553408.0,2255.0,2701.0,0.0
5956996000,0.010267686999779351,97392.9181929182,2261.0,2274.0,2278.0,1285.0,4900.0,-4848.0,-14832.0,821.0,-332.0,-35.0,-536.0,-1266.0,-277.0,32426.0,5553408.0,2254.0,2703.0,0.0
5957252000,0.010267686999779351,97392.9181929182,2256.0,2272.0,2278.0,1286.0,4884.0,-4848.0,-14816.0,827.0,-330.0,-13.0,-535.0,-1267.0,-281.0,32426.0,5553664.0,2254.0,2703.0,0.0
5957508000,0.010267686999779351,97392.9181929182,2244.0,2274.0,2277.0,1286.0,4888.0,-4872.0,-14824.0,817.0,-324.0,-26.0,-532.0,-1259.0,-275.0,32426.0,5553664.0,2249.0,2704.0,0.0
5957764000,0.010267686999779351,97392.9181929182,2230.0,2275.0,2276.0,1285.0,4912.0,-4836.0,-14828.0,816.0,-314.0,-31.0,-539.0,-1261.0,-279.0,32426.0,5552896.0,2245.0,2702.0,0.0
5958020000,0.010267686999779351,97392.9181929182,2221.0,2276.0,2277.0,1285.0,4908.0,-4804.0,-14876.0,805.0,-335.0,-21.0,-539.0,-1261.0,-279.0,32426.0,5552896.0,2243.0,2702.0,0.0
5958276000,0.010267686999779351,97392.9181929182,2213.0,2275.0,2277.0,1287.0,4864.0,-4812.0,-14820.0,818.0,-340.0,-23.0,-528.0,-1266.0,-284.0,32426.0,5553664.0,2242.0,2702.0,0.0
5958532000,0.010267686999779351,97392.9181929182,2221.0,2274.0,2277.0,1287.0,4916.0,-4840.0,-14780.0,813.0,-313.0,-11.0,-529.0,-1260.0,-284.0,32426.0,5553664.0,2249.0,2703.0,0.0
5958788000,0.010267686999779351,97392.9181929182,2217.0,2274.0,2277.0,1287.0,4876.0,-4852.0,-14772.0,828.0,-321.0,-5.0,-525.0,-1265.0,-280.0,32426.0,5552640.0,2245.0,2702.0,0.0
5959044000,0.010267686999779351,97392.9181929182,2215.0,2275.0,2276.0,1287.0,4904.0,-4820.0,-14840.0,811.0,-352.0,-7.0,-542.0,-1262.0,-280.0,32426.0,5552640.0,2243.0,2702.0,0.0
5959300000,0.010267481044650379,97394.8717948718,2221.0,2273.0,2278.0,1287.0,4880.0,-4828.0,-14824.0,820.0,-333.0,-22.0,-542.0,-1262.0,-280.0,32426.0,5553152.0,2249.0,2703.0,0.0
5959556000,0.010267686999779351,97392.9181929182,2225.0,2274.0,2277.0,1286.0,4852.0,-4828.0,-14812.0,798.0,-346.0,-23.0,-529.0,-1262.0,-281.0,32426.0,5553152.0,2247.0,2704.0,0.0
5959812000,0.010267686999779351,97392.9181929182,2215.0,2273.0,2277.0,1286.0,4880.0,-4832.0,-14800.0,780.0,-342.0,-23.0,-532.0,-1273.0,-282.0,32426.0,5553152.0,2244.0,2702.0,0.0
5960068000,0.010267686999779351,97392.9181929182,2223.0,2273.0,2277.0,1285.0,4888.0,-4808.0,-14840.0,775.0,-351.0,-8.0,-533.0,-1269.0,-278.0,32426.0,5553152.0,2250.0,2703.0,0.0
5960324000,0.010267686999779351,97392.9181929182,2218.0,2274.0,2279.0,1284.0,4892.0,-4844.0,-14840.0,766.0,-350.0,-12.0,-536.0,-1263.0,-279.0,32426.0,5553664.0,2245.0,2702.0,0.0
5960580000,0.010267686999779351,97392.9181929182,2216.0,2274.0,2275.0,1286.0,4908.0,-4888.0,-14800.0,780.0,-350.0,-31.0,-536.0,-1263.0,-279.0,32426.0,5553664.0,2245.0,2704.0,0.0
5960836000,0.010267686999779351,97392.9181929182,2210.0,2273.0,2276.0,1287.0,4924.0,-4860.0,-14796.0,794.0,-326.0,-12.0,-535.0,-1265.0,-278.0,32426.0,5553408.0,2242.0,2701.0,0.0
5961092000,0.010267481044650379,97394.8717948718,2214.0,2272.0,2278.0,1287.0,4888.0,-4824.0,-14812.0,823.0,-313.0,-21.0,-530.0,-1269.0,-277.0,32426.0,5553408.0,2248.0,2703.0,0.0
5961348000,0.010267686999779351,97392.9181929182,2227.0,2276.0,2276.0,1288.0,4868.0,-4820.0,-14828.0,823.0,-313.0,-21.0,-531.0,-1263.0,-282.0,32426.0,5553408.0,2251.0,2703.0,0.0
5961604000,0.010267686999779351,97392.9181929182,2229.0,2274.0,2276.0,1287.0,4908.0,-4836.0,-14800.0,791.0,-336.0,-5.0,-527.0,-1271.0,-279.0,32426.0,5553408.0,2252.0,2703.0,0.0
5961860000,0.010267686999779351,97392.9181929182,2229.0,2275.0,2276.0,1287.0,4832.0,-4828.0,-14768.0,779.0,-327.0,-19.0,-527.0,-1271.0,-279.0,32426.0,5553664.0,2247.0,2702.0,0.0
5962116000,0.010267686999779351,97392.9181929182,2236.0,2276.0,2275.0,1287.0,4928.0,-4856.0,-14824.0,772.0,-330.0,-17.0,-528.0,-1268.0,-277.0,32426.0,5553664.0,2251.0,2703.0,0.0
5962372000,0.010267686999779351,97392.9181929182,2227.0,2275.0,2276.0,1285.0,4896.0,-4828.0,-14828.0,780.0,-323.0,-15.0,-530.0,-1263.0,-283.0,32426.0,5553152.0,2246.0,2702.0,0.0
5962628000,0.010267686999779351,97392.9181929182,2229.0,2276.0,2275.0,1286.0,4892.0,-4808.0,-14800.0,768.0,-348.0,-27.0,-523.0,-1270.0,-282.0,32426.0,5553152.0,2250.0,2703.0,0.0
5962884000,0.010267686999779351,97392.9181929182,2216.0,2275.0,2276.0,1287.0,4908.0,-4824.0,-14832.0,784.0,-340.0,-24.0,-523.0,-1270.0,-282.0,32426.0,5553664.0,2244.0,2701.0,0.0
5963140000,0.010267686999779351,97392.9181929182,2225.0,2274.0,2277.0,1287.0,4920.0,-4860.0,-14788.0,750.0,-323.0,-4.0,-527.0,-1270.0,-280.0,32426.0,5553664.0,2250.0,2703.0,0.0
5963396000,0.010267686999779351,97392.9181929182,2229.0,2276.0,2277.0,1287.0,4936.0,-4872.0,-14828.0,768.0,-346.0,-25.0,-531.0,-1259.0,-282.0,32426.0,5553408.0,2252.0,2703.0,0.0
5963652000,0.010267686999779351,97392.9181929182,2224.0,2274.0,2280.0,1287.0,4880.0,-4892.0,-14792.0,756.0,-340.0,-20.0,-538.0,-1263.0,-281.0,32426.0,5553408.0,2248.0,2704.0,0.0
5963908000,0.010267686999779351,97392.9181929182,2199.0,2274.0,2279.0,1287.0,4900.0,-4888.0,-14796.0,781.0,-349.0,-37.0,-534.0,-1261.0,-280.0,32426.0,5553664.0,2236.0,2700.0,0.0
5964164000,0.010267686999779351,97392.9181929182,2206.0,2273.0,2279.0,1286.0,4832.0,-4896.0,-14852.0,780.0,-339.0,-6.0,-534.0,-1261.0,-280.0,32426.0,5553664.0,2246.0,2703.0,0.0
5964420000,0.010267686999779351,97392.9181929182,2220.0,2273.0,2278.0,1287.0,4888.0,-4856.0,-14784.0,777.0,-347.0,-7.0,-538.0,-1266.0,-279.0,32426.0,5553152.0,2250.0,2703.0,0.0
5964676000,0.010267686999779351,97392.9181929182,2223.0,2274.0,2280.0,1287.0,4880.0,-4876.0,-14804.0,765.0,-326.0,-21.0,-530.0,-1268.0,-274.0,32426.0,5553152.0,2247.0,2704.0,0.0
5964932000,0.010267686999779351,97392.9181929182,2218.0,2274.0,2279.0,1287.0,4884.0,-4864.0,-14812.0,767.0,-318.0,-11.0,-533.0,-1263.0,-275.0,32426.0,5553152.0,2243.0,2701.0,0.0
5965188000,0.010267481044650379,97394.8717948718,2223.0,2274.0,2278.0,1285.0,4844.0,-4896.0,-14808.0,754.0,-325.0,-30.0,-549.0,-1269.0,-278.0,32426.0,5553152.0,2249.0,2703.0,0.0
5965444000,0.010267686999779351,97392.9181929182,2227.0,2274.0,2280.0,1286.0,4848.0,-4892.0,-14844.0,744.0,-324.0,-39.0,-549.0,-1269.0,-278.0,32426.0,5553152.0,2252.0,2703.0,0.0
5965700000,0.010267686999779351,97392.9181929182,2224.0,2272.0,2280.0,1286.0,4888.0,-4924.0,-14824.0,728.0,-329.0,-22.0,-530.0,-1263.0,-278.0,32426.0,5553152.0,2248.0,2704.0,0.0
5965956000,0.010267481044650379,97394.8717948718,2214.0,2272.0,2280.0,1288.0,4852.0,-4888.0,-14796.0,737.0,-333.0,-7.0,-530.0,-1268.0,-271.0,32426.0,5553152.0,2244.0,2701.0,0.0
5966212000,0.010267686999779351,97392.9181929182,2222.0,2273.0,2279.0,1289.0,4884.0,-4876.0,-14732.0,733.0,-329.0,-22.0,-525.0,-1264.0,-277.0,32426.0,5553152.0,2249.0,2703.0,0.0
5966468000,0.010267686999779351,97392.9181929182,2226.0,2275.0,2281.0,1290.0,4920.0,-4920.0,-14792.0,756.0,-335.0,8.0,-528.0,-1268.0,-277.0,32426.0,5553408.0,2252.0,2703.0,0.0
5966724000,0.010267686999779351,97392.9181929182,2223.0,2276.0,2281.0,1291.0,4912.0,-4896.0,-14776.0,786.0,-355.0,-13.0,-528.0,-1268.0,-277.0,32426.0,5553408.0,2248.0,2704.0,0.0
5966980000,0.010267686999779351,97392.9181929182,2219.0,2276.0,2280.0,1287.0,4940.0,-4920.0,-14792.0,787.0,-351.0,-22.0,-532.0,-1265.0,-278.0,32426.0,5553408.0,2243.0,2701.0,0.0
5967236000,0.010267686999779351,97392.9181929182,2224.0,2276.0,2279.0,1289.0,4936.0,-4884.0,-14776.0,791.0,-376.0,-25.0,-538.0,-1265.0,-275.0,32426.0,5553408.0,2249.0,2703.0,0.0
5967492000,0.010267686999779351,97392.9181929182,2228.0,2275.0,2279.0,1284.0,4924.0,-4892.0,-14848.0,763.0,-346.0,-27.0,-532.0,-1269.0,-280.0,32426.0,5553152.0,2252.0,2703.0,0.0
5967748000,0.010267686999779351,97392.9181929182,2234.0,2276.0,2280.0,1286.0,4948.0,-4920.0,-14824.0,744.0,-310.0,-31.0,-532.0,-1269.0,-280.0,32426.0,5553152.0,2253.0,2703.0,0.0
5968004000,0.010267686999779351,97392.9181929182,2217.0,2275.0,2282.0,1287.0,4940.0,-4912.0,-14860.0,738.0,-296.0,-31.0,-536.0,-1268.0,-278.0,32426.0,5553408.0,2239.0,2700.0,0.0
5968260000,0.010267686999779351,97392.9181929182,2210.0,2274.0,2283.0,1287.0,4876.0,-4952.0,-14780.0,755.0,-297.0,-10.0,-531.0,-1267.0,-281.0,32426.0,5553408.0,2242.0,2704.0,0.0
5968516000,0.010267686999779351,97392.9181929182,2211.0,2274.0,2281.0,1287.0,4944.0,-4940.0,-14708.0,769.0,-297.0,6.0,-526.0,-1262.0,-278.0,32426.0,5553408.0,2243.0,2704.0,0.0
5968772000,0.010267686999779351,97392.9181929182,2207.0,2275.0,2282.0,1291.0,4924.0,-4936.0,-14704.0,764.0,-295.0,2.0,-537.0,-1262.0,-279.0,32426.0,5553408.0,2244.0,2704.0,0.0
5969028000,0.010267686999779351,97392.9181929182,2202.0,2273.0,2281.0,1290.0,4888.0,-4960.0,-14764.0,805.0,-337.0,-15.0,-537.0,-1262.0,-279.0,32426.0,5553152.0,2241.0,2701.0,0.0
5969284000,0.010267686999779351,97392.9181929182,2211.0,2273.0,2281.0,1289.0,4872.0,-4916.0,-14800.0,828.0,-330.0,-22.0,-530.0,-1267.0,-280.0,32426.0,5553152.0,2248.0,2703.0,0.0
5969540000,0.010267686999779351,97392.9181929182,2226.0,2274.0,2278.0,1289.0,4864.0,-4900.0,-14748.0,798.0,-344.0,-33.0,-531.0,-1263.0,-275.0,32426.0,5553408.0,2251.0,2703.0,0.0
5969796000,0.010267686999779351,97392.9181929182,2222.0,2272.0,2278.0,1285.0,4868.0,-4876.0,-14768.0,774.0,-363.0,-46.0,-532.0,-1261.0,-281.0,32426.0,5553408.0,2248.0,2704.0,0.0
5970052000,0.010267686999779351,97392.9181929182,2198.0,2273.0,2281.0,1287.0,4872.0,-4888.0,-14808.0,753.0,-361.0,-49.0,-532.0,-1268.0,-281.0,32426.0,5553408.0,2236.0,2700.0,0.0
5970308000,0.010267686999779351,97392.9181929182,2196.0,2273.0,2281.0,1286.0,4920.0,-4952.0,-14856.0,749.0,-351.0,-36.0,-532.0,-1268.0,-281.0,32426.0,5553408.0,2239.0,2702.0,0.0
5970564000,0.010267686999779351,97392.9181929182,2212.0,2274.0,2284.0,1286.0,4876.0,-4948.0,-14760.0,772.0,-340.0,-33.0,-526.0,-1266.0,-276.0,32426.0,5552896.0,2247.0,2703.0,0.0
5970820000,0.010267686999779351,97392.9181929182,2214.0,2273.0,2282.0,1289.0,4932.0,-4984.0,-14736.0,781.0,-336.0,-11.0,-528.0,-1260.0,-281.0,32426.0,5552896.0,2246.0,2704.0,0.0
5971076000,0.010267686999779351,97392.9181929182,2193.0,2274.0,2284.0,1289.0,4920.0,-5008.0,-14752.0,804.0,-316.0,-1.0,-538.0,-1270.0,-277.0,32426.0,5553152.0,2236.0,2700.0,0.0
5971332000,0.010267686999779351,97392.9181929182,2202.0,2275.0,2283.0,1288.0,4940.0,-4992.0,-14760.0,795.0,-310.0,-11.0,-540.0,-1267.0,-272.0,32426.0,5553152.0,2245.0,2702.0,0.0
5971588000,0.010267481044650379,97394.8717948718,2216.0,2274.0,2283.0,1288.0,4928.0,-4988.0,-14732.0,818.0,-319.0,-4.0,-540.0,-1267.0,-272.0,32426.0,5553408.0,2250.0,2703.0,0.0
5971844000,0.010267686999779351,97392.9181929182,2223.0,2276.0,2281.0,1288.0,4900.0,-4952.0,-14736.0,794.0,-322.0,-23.0,-533.0,-1255.0,-278.0,32426.0,5553408.0,2247.0,2704.0,0.0
5972100000,0.010267686999779351,97392.9181929182,2203.0,2276.0,2281.0,1289.0,4940.0,-4968.0,-14716.0,776.0,-317.0,-2.0,-530.0,-1268.0,-278.0,32426.0,5553664.0,2237.0,2700.0,0.0
5972356000,0.010267686999779351,97392.9181929182,2210.0,2276.0,2281.0,1289.0,4956.0,-4940.0,-14792.0,741.0,-313.0,-12.0,-529.0,-1272.0,-278.0,32426.0,5553664.0,2246.0,2703.0,0.0
5972612000,0.010267686999779351,97392.9181929182,2218.0,2275.0,2281.0,1288.0,4952.0,-4960.0,-14800.0,751.0,-331.0,-37.0,-529.0,-1272.0,-278.0,32426.0,5552896.0,2250.0,2703.0,0.0
5972868000,0.010267686999779351,97392.9181929182,2226.0,2276.0,2281.0,1289.0,4968.0,-4972.0,-14772.0,749.0,-333.0,-44.0,-531.0,-1263.0,-276.0,32426.0,5552896.0,2252.0,2703.0,0.0
5973124000,0.010267686999779351,97392.9181929182,2207.0,2275.0,2283.0,1286.0,4960.0,-4948.0,-14768.0,753.0,-337.0,-10.0,-530.0,-1264.0,-282.0,32426.0,5553152.0,2238.0,2700.0,0.0
5973380000,0.010267686999779351,97392.9181929182,2217.0,2276.0,2281.0,1287.0,4972.0,-4928.0,-14748.0,759.0,-336.0,-14.0,-530.0,-1263.0,-283.0,32426.0,5553152.0,2247.0,2703.0,0.0
5973636000,0.010267686999779351,97392.9181929182,2229.0,2277.0,2284.0,1289.0,4964.0,-4944.0,-14804.0,759.0,-339.0,-24.0,-531.0,-1266.0,-285.0,32426.0,5553664.0,2251.0,2703.0,0.0
5973892000,0.010267686999779351,97392.9181929182,2230.0,2277.0,2284.0,1289.0,4968.0,-4980.0,-14756.0,755.0,-349.0,1.0,-531.0,-1266.0,-285.0,32426.0,5553664.0,2252.0,2703.0,0.0
5974148000,0.010267686999779351,97392.9181929182,2215.0,2278.0,2283.0,1291.0,4948.0,-4992.0,-14720.0,775.0,-329.0,-12.0,-530.0,-1268.0,-281.0,32426.0,5553664.0,2239.0,2700.0,0.0
5974404000,0.010267686999779351,97392.9181929182,2221.0,2275.0,2283.0,1288.0,4924.0,-4972.0,-14744.0,772.0,-334.0,7.0,-529.0,-1265.0,-278.0,32426.0,5553664.0,2247.0,2703.0,0.0
5974660000,0.010267686999779351,97392.9181929182,2232.0,2275.0,2284.0,1288.0,4920.0,-5004.0,-14752.0,792.0,-349.0,3.0,-537.0,-1266.0,-282.0,32426.0,5553408.0,2251.0,2703.0,0.0
5974916000,0.010267686999779351,97392.9181929182,2232.0,2274.0,2283.0,1287.0,4920.0,-5008.0,-14824.0,796.0,-346.0,-12.0,-533.0,-1267.0,-282.0,32426.0,5553408.0,2252.0,2703.0,0.0
5975172000,0.010267686999779351,97392.9181929182,2214.0,2273.0,2283.0,1289.0,4924.0,-4992.0,-14784.0,787.0,-333.0,-3.0,-533.0,-1267.0,-282.0,32426.0,5552896.0,2239.0,2700.0,0.0
5975428000,0.010267686999779351,97392.9181929182,2222.0,2272.0,2281.0,1288.0,4892.0,-4972.0,-14752.0,795.0,-337.0,5.0,-534.0,-1265.0,-278.0,32426.0,5552896.0,2247.0,2703.0,0.0
5975684000,0.010267686999779351,97392.9181929182,2232.0,2274.0,2280.0,1288.0,4844.0,-4964.0,-14788.0,763.0,-339.0,-14.0,-538.0,-1263.0,-282.0,32426.0,5553152.0,2251.0,2703.0,0.0
5975940000,0.010267686999779351,97392.9181929182,2233.0,2273.0,2285.0,1290.0,4880.0,-4992.0,-14776.0,790.0,-350.0,-9.0,-534.0,-1263.0,-278.0,32426.0,5553152.0,2252.0,2703.0,0.0
5976196000,0.010267686999779351,97392.9181929182,2222.0,2272.0,2284.0,1289.0,4840.0,-4968.0,-14748.0,762.0,-342.0,-18.0,-528.0,-1262.0,-282.0,32426.0,5553664.0,2243.0,2699.0,0.0
5976452000,0.010267686999779351,97392.9181929182,2226.0,2273.0,2284.0,1289.0,4908.0,-4996.0,-14744.0,746.0,-327.0,-3.0,-528.0,-1262.0,-282.0,32426.0,5553664.0,2249.0,2703.0,0.0
5976708000,0.010267686999779351,97392.9181929182,2231.0,2272.0,2284.0,1290.0,4876.0,-5032.0,-14756.0,750.0,-330.0,-21.0,-529.0,-1266.0,-273.0,32426.0,5553152.0,2252.0,2703.0,0.0
5976964000,0.010267686999779351,97392.9181929182,2225.0,2273.0,2283.0,1287.0,4912.0,-5064.0,-14780.0,748.0,-334.0,-18.0,-529.0,-1261.0,-278.0,32426.0,5553152.0,2248.0,2704.0,0.0
5977220000,0.010267686999779351,97392.9181929182,2213.0,2273.0,2287.0,1287.0,4900.0,-5056.0,-14772.0,794.0,-322.0,-8.0,-550.0,-1256.0,-278.0,32426.0,5553920.0,2241.0,2699.0,0.0
5977476000,0.010267686999779351,97392.9181929182,2214.0,2273.0,2285.0,1289.0,4924.0,-4976.0,-14792.0,814.0,-323.0,-4.0,-550.0,-1256.0,-278.0,32426.0,5553920.0,2248.0,2703.0,0.0
5977732000,0.010267686999779351,97392.9181929182,2229.0,2274.0,2285.0,1286.0,4916.0,-4988.0,-14776.0,828.0,-334.0,-13.0,-521.0,-1264.0,-283.0,32426.0,5553664.0,2251.0,2703.0,0.0
5977988000,0.010267686999779351,97392.9181929182,2224.0,2275.0,2283.0,1285.0,4924.0,-4980.0,-14832.0,819.0,-314.0,-7.0,-530.0,-1262.0,-274.0,32426.0,5553664.0,2248.0,2704.0,0.0
5978244000,0.010267686999779351,97392.9181929182,2199.0,2276.0,2281.0,1286.0,4936.0,-4924.0,-14816.0,780.0,-307.0,-22.0,-531.0,-1264.0,-271.0,32426.0,5553152.0,2236.0,2700.0,0.0
5978500000,0.010267686999779351,97392.9181929182,2207.0,2275.0,2281.0,1288.0,4936.0,-4928.0,-14768.0,780.0,-307.0,-22.0,-534.0,-1263.0,-278.0,32426.0,5553152.0,2246.0,2703.0,0.0
5978756000,0.010267686999779351,97392.9181929182,2217.0,2277.0,2281.0,1289.0,4952.0,-4980.0,-14764.0,792.0,-318.0,-17.0,-534.0,-1263.0,-278.0,32426.0,5552896.0,2250.0,2703.0,0.0
5979012000,0.010267686999779351,97392.9181929182,2226.0,2277.0,2284.0,1289.0,4968.0,-4968.0,-14740.0,749.0,-323.0,-10.0,-538.0,-1264.0,-275.0,32426.0,5552896.0,2252.0,2703.0,0.0
5979268000,0.010267686999779351,97392.9181929182,2207.0,2276.0,2283.0,1289.0,4968.0,-4980.0,-14720.0,743.0,-325.0,-1.0,-533.0,-1269.0,-280.0,32426.0,5553152.0,2238.0,2700.0,0.0
5979524000,0.010267686999779351,97392.9181929182,2198.0,2277.0,2283.0,1290.0,4972.0,-4984.0,-14708.0,760.0,-349.0,-9.0,-532.0,-1264.0,-279.0,32426.0,5553152.0,2240.0,2702.0,0.0
5979780000,0.010267686999779351,97392.9181929182,2192.0,2276.0,2284.0,1293.0,4956.0,-5008.0,-14720.0,734.0,-337.0,4.0,-535.0,-1261.0,-276.0,32426.0,5553920.0,2240.0,2701.0,0.0
5980036000,0.010267686999779351,97392.9181929182,2208.0,2276.0,2285.0,1293.0,4956.0,-5040.0,-14728.0,746.0,-355.0,-5.0,-535.0,-1261.0,-276.0,32426.0,5553920.0,2247.0,2703.0,0.0
5980292000,0.010267686999779351,97392.9181929182,2179.0,2276.0,2287.0,1292.0,4956.0,-5044.0,-14732.0,743.0,-346.0,-11.0,-538.0,-1262.0,-278.0,32426.0,5553152.0,2453.0,2686.0,0.0
5980548000,0.010267686999779351,97392.9181929182,2166.0,2275.0,2286.0,1292.0,4976.0,-5044.0,-14692.0,759.0,-360.0,-28.0,-534.0,-1261.0,-285.0,32426.0,5553152.0,2344.0,2703.0,0.0
5980804000,0.010267686999779351,97392.9181929182,2274.0,2276.0,2288.0,1289.0,4920.0,-5076.0,-14736.0,748.0,-363.0,-6.0,-524.0,-1260.0,-277.0,32426.0,5553408.0,2295.0,2703.0,0.0
5981060000,0.010267686999779351,97392.9181929182,2292.0,2275.0,2287.0,1287.0,4936.0,-5084.0,-14760.0,760.0,-348.0,-8.0,-524.0,-1265.0,-277.0,32426.0,5553408.0,2273.0,2703.0,0.0
5981316000,0.010267686999779351,97392.9181929182,2258.0,2274.0,2288.0,1287.0,4936.0,-5104.0,-14788.0,751.0,-339.0,-8.0,-524.0,-1265.0,-277.0,32426.0,5553664.0,2246.0,2698.0,0.0
5981572000,0.010267686999779351,97392.9181929182,2252.0,2276.0,2289.0,1288.0,4868.0,-5064.0,-14784.0,786.0,-339.0,-2.0,-526.0,-1265.0,-279.0,32426.0,5553664.0,2251.0,2703.0,0.0
5981828000,0.010267686999779351,97392.9181929182,2244.0,2276.0,2285.0,1287.0,4908.0,-5096.0,-14736.0,782.0,-330.0,-10.0,-527.0,-1260.0,-280.0,32426.0,5553664.0,2252.0,2703.0,0.0
5982084000,0.010267686999779351,97392.9181929182,2244.0,2273.0,2289.0,1289.0,4928.0,-5056.0,-14728.0,779.0,-339.0,3.0,-535.0,-1260.0,-279.0,32426.0,5553664.0,2253.0,2703.0,0.0
5982340000,0.010267686999779351,97392.9181929182,2214.0,2276.0,2287.0,1291.0,4932.0,-5056.0,-14740.0,818.0,-342.0,-18.0,-536.0,-1265.0,-276.0,32426.0,5553152.0,2237.0,2698.0,0.0
5982596000,0.010267686999779351,97392.9181929182,2203.0,2275.0,2287.0,1291.0,4936.0,-5060.0,-14744.0,835.0,-333.0,-7.0,-536.0,-1265.0,-276.0,32426.0,5553152.0,2240.0,2702.0,0.0
5982852000,0.010267686999779351,97392.9181929182,2215.0,2275.0,2283.0,1292.0,4972.0,-4992.0,-14708.0,831.0,-324.0,-13.0,-532.0,-1261.0,-276.0,32426.0,5553920.0,2247.0,2703.0,0.0
5983108000,0.010267686999779351,97392.9181929182,2228.0,2275.0,2284.0,1290.0,4900.0,-5012.0,-14704.0,820.0,-329.0,-17.0,-535.0,-1263.0,-275.0,32426.0,5553920.0,2251.0,2703.0,0.0
5983364000,0.010267686999779351,97392.9181929182,2201.0,2276.0,2283.0,1291.0,4936.0,-5000.0,-14712.0,814.0,-347.0,-9.0,-525.0,-1258.0,-278.0,32426.0,5553664.0,2236.0,2698.0,0.0
5983620000,0.010267686999779351,97392.9181929182,2207.0,2273.0,2284.0,1288.0,4964.0,-5008.0,-14736.0,792.0,-331.0,-18.0,-525.0,-1258.0,-278.0,32426.0,5553664.0,2246.0,2703.0,0.0
5983876000,0.010267686999779351,97392.9181929182,2220.0,2276.0,2285.0,1289.0,4944.0,-5024.0,-14788.0,762.0,-343.0,-34.0,-536.0,-1259.0,-279.0,32426.0,5553408.0,2250.0,2703.0,0.0
5984132000,0.010267686999779351,97392.9181929182,2223.0,2274.0,2285.0,1290.0,4908.0,-4960.0,-14732.0,771.0,-344.0,-24.0,-530.0,-1266.0,-277.0,32426.0,5553408.0,2247.0,2704.0,0.0
5984388000,0.010267686999779351,97392.9181929182,2197.0,2275.0,2284.0,1288.0,4932.0,-5000.0,-14724.0,774.0,-336.0,-14.0,-528.0,-1266.0,-272.0,32426.0,5553664.0,2234.0,2698.0,0.0
5984644000,0.010267686999779351,97392.9181929182,2191.0,2274.0,2284.0,1288.0,4904.0,-5044.0,-14808.0,784.0,-340.0,-25.0,-526.0,-1262.0,-278.0,32426.0,5553664.0,2238.0,2702.0,0.0
5984900000,0.010267686999779351,97392.9181929182,2191.0,2275.0,2286.0,1288.0,4936.0,-5056.0,-14748.0,776.0,-335.0,-12.0,-526.0,-1262.0,-278.0,32426.0,5553152.0,2239.0,2701.0,0.0
5985156000,0.010267686999779351,97392.9181929182,2197.0,2274.0,2285.0,1288.0,4884.0,-5056.0,-14756.0,785.0,-353.0,-21.0,-528.0,-1261.0,-275.0,32426.0,5553152.0,2242.0,2704.0,0.0
5985412000,0.010267686999779351,97392.9181929182,2191.0,2275.0,2285.0,1289.0,4884.0,-5076.0,-14772.0,738.0,-337.0,-21.0,-521.0,-1259.0,-280.0,32426.0,5553664.0,2238.0,2699.0,0.0
5985668000,0.010267686999779351,97392.9181929182,2208.0,2272.0,2289.0,1291.0,4892.0,-5084.0,-14712.0,766.0,-364.0,-17.0,-534.0,-1267.0,-276.0,32426.0,5553664.0,2247.0,2703.0,0.0
5985924000,0.010267686999779351,97392.9181929182,2204.0,2273.0,2290.0,1289.0,4888.0,-5060.0,-14772.0,774.0,-341.0,-21.0,-530.0,-1263.0,-279.0,32426.0,5553408.0,2244.0,2702.0,0.0
5986180000,0.010267686999779351,97392.9181929182,2217.0,2273.0,2287.0,1290.0,4888.0,-5060.0,-14756.0,780.0,-337.0,-7.0,-530.0,-1263.0,-279.0,32426.0,5553408.0,2250.0,2703.0,0.0
5986436000,0.010267686999779351,97392.9181929182,2200.0,2273.0,2288.0,1289.0,4908.0,-5040.0,-14728.0,804.0,-328.0,-9.0,-535.0,-1258.0,-276.0,32426.0,5553664.0,2235.0,2698.0,0.0
5986692000,0.010267686999779351,97392.9181929182,2208.0,2274.0,2287.0,1289.0,4912.0,-5032.0,-14736.0,799.0,-312.0,-5.0,-529.0,-1262.0,-278.0,32426.0,5553664.0,2246.0,2703.0,0.0
5986948000,0.010267686999779351,97392.9181929182,2219.0,2274.0,2286.0,1291.0,4864.0,-5064.0,-14768.0,801.0,-328.0,-8.0,-540.0,-1257.0,-277.0,32426.0,5553664.0,2250.0,2703.0,0.0
5987204000,0.010267686999779351,97392.9181929182,2216.0,2274.0,2285.0,1288.0,4940.0,-5040.0,-14808.0,798.0,-316.0,-2.0,-533.0,-1261.0,-276.0,32426.0,5553664.0,2246.0,2702.0,0.0
5987460000,0.010267686999779351,97392.9181929182,2203.0,2275.0,2285.0,1289.0,4924.0,-5032.0,-14788.0,802.0,-336.0,-19.0,-533.0,-1261.0,-276.0,32426.0,5553664.0,2240.0,2699.0,0.0
5987716000,0.010267686999779351,97392.9181929182,2211.0,2274.0,2286.0,1291.0,4924.0,-5012.0,-14720.0,792.0,-343.0,8.0,-530.0,-1262.0,-277.0,32426.0,5553664.0,2248.0,2703.0,0.0
5987972000,0.010267686999779351,97392.9181929182,2226.0,2274.0,2285.0,1286.0,4880.0,-5012.0,-14748.0,783.0,-346.0,-3.0,-525.0,-1266.0,-274.0,32426.0,5554176.0,2251.0,2703.0,0.0
5988228000,0.010267686999779351,97392.9181929182,2222.0,2274.0,2286.0,1288.0,4924.0,-5044.0,-14772.0,761.0,-340.0,-10.0,-530.0,-1266.0,-280.0,32426.0,5554176.0,2248.0,2704.0,0.0
5988484000,0.010267686999779351,97392.9181929182,2195.0,2275.0,2287.0,1289.0,4904.0,-5076.0,-14812.0,769.0,-340.0,-11.0,-530.0,-1266.0,-280.0,32426.0,5553920.0,2234.0,2698.0,0.0
5988740000,0.010267686999779351,97392.9181929182,2205.0,2278.0,2290.0,1289.0,4912.0,-5088.0,-14780.0,752.0,-346.0,-10.0,-546.0,-1267.0,-278.0,32426.0,5553920.0,2245.0,2703.0,0.0
5988996000,0.010267686999779351,97392.9181929182,2218.0,2275.0,2289.0,1292.0,4912.0,-5052.0,-14744.0,775.0,-335.0,-27.0,-526.0,-1258.0,-277.0,32426.0,5553664.0,2250.0,2703.0,0.0
5989252000,0.010267686999779351,97392.9181929182,2223.0,2276.0,2289.0,1290.0,4936.0,-5104.0,-14724.0,797.0,-331.0,-15.0,-526.0,-1261.0,-279.0,32426.0,5553664.0,2247.0,2704.0,0.0
5989508000,0.010267686999779351,97392.9181929182,2196.0,2276.0,2291.0,1291.0,4900.0,-5052.0,-14764.0,803.0,-343.0,-12.0,-539.0,-1268.0,-274.0,32426.0,5553664.0,2234.0,2698.0,0.0
5989764000,0.010267481044650379,97394.8717948718,2190.0,2274.0,2288.0,1290.0,4932.0,-5064.0,-14748.0,814.0,-331.0,-18.0,-539.0,-1268.0,-274.0,32426.0,5553664.0,2238.0,2702.0,0.0
5990020000,0.010267686999779351,97392.9181929182,2196.0,2274.0,2289.0,1287.0,4908.0,-5064.0,-14708.0,814.0,-328.0,-12.0,-532.0,-1261.0,-285.0,32426.0,5553152.0,2242.0,2704.0,0.0
5990276000,0.010267686999779351,97392.9181929182,2207.0,2275.0,2287.0,1288.0,4916.0,-5052.0,-14744.0,814.0,-314.0,14.0,-537.0,-1266.0,-280.0,32426.0,5553152.0,2248.0,2703.0,0.0
5990532000,0.010267481044650379,97394.8717948718,2203.0,2276.0,2289.0,1291.0,4924.0,-5052.0,-14744.0,803.0,-313.0,-2.0,-537.0,-1263.0,-275.0,32426.0,5553664.0,2242.0,2699.0,0.0
5990788000,0.010267686999779351,97392.9181929182,2201.0,2274.0,2288.0,1291.0,4908.0,-5108.0,-14756.0,778.0,-323.0,-11.0,-546.0,-1258.0,-281.0,32426.0,5553664.0,2242.0,2702.0,0.0
5991044000,0.010267686999779351,97392.9181929182,2201.0,2274.0,2291.0,1292.0,4896.0,-5092.0,-14708.0,772.0,-337.0,1.0,-546.0,-1258.0,-281.0,32426.0,5553408.0,2242.0,2702.0,0.0
5991300000,0.010267686999779351,97392.9181929182,2211.0,2274.0,2291.0,1291.0,4936.0,-5112.0,-14704.0,792.0,-329.0,1.0,-534.0,-1263.0,-273.0,32426.0,5553408.0,2248.0,2703.0,0.0
5991556000,0.010267686999779351,97392.9181929182,2195.0,2275.0,2288.0,1292.0,4924.0,-5120.0,-14676.0,781.0,-340.0,-3.0,-531.0,-1258.0,-275.0,32426.0,5553408.0,2235.0,2698.0,0.0
5991812000,0.010267686999779351,97392.9181929182,2204.0,2277.0,2292.0,1296.0,4968.0,-5120.0,-14664.0,800.0,-362.0,-14.0,-542.0,-1263.0,-278.0,32426.0,5553408.0,2245.0,2703.0,0.0
5992068000,0.010267686999779351,97392.9181929182,2206.0,2276.0,2289.0,1292.0,4928.0,-5104.0,-14712.0,815.0,-370.0,-42.0,-526.0,-1264.0,-280.0,32426.0,5553408.0,2243.0,2702.0,0.0
5992324000,0.010267686999779351,97392.9181929182,2218.0,2275.0,2288.0,1287.0,4908.0,-5120.0,-14784.0,844.0,-350.0,-42.0,-526.0,-1264.0,-280.0,32426.0,5553408.0,2249.0,2703.0,0.0
5992580000,0.010267686999779351,97392.9181929182,2211.0,2278.0,2289.0,1286.0,4952.0,-5056.0,-14812.0,818.0,-349.0,-30.0,-530.0,-1269.0,-280.0,32426.0,5553152.0,2242.0,2699.0,0.0
5992836000,0.010267686999779351,97392.9181929182,2220.0,2277.0,2287.0,1285.0,4920.0,-5072.0,-14812.0,836.0,-334.0,-30.0,-534.0,-1260.0,-275.0,32426.0,5553152.0,2249.0,2703.0,0.0
5993092000,0.010267686999779351,97392.9181929182,2217.0,2276.0,2287.0,1288.0,4952.0,-5032.0,-14808.0,802.0,-298.0,-7.0,-527.0,-1263.0,-279.0,32426.0,5553408.0,2245.0,2702.0,0.0
5993348000,0.010267686999779351,97392.9181929182,2223.0,2276.0,2288.0,1287.0,4900.0,-5080.0,-14796.0,813.0,-301.0,-21.0,-527.0,-1263.0,-279.0,32426.0,5553408.0,2250.0,2703.0,0.0
5993604000,0.010267686999779351,97392.9181929182,2200.0,2276.0,2291.0,1289.0,4928.0,-5080.0,-14780.0,809.0,-295.0,-1.0,-537.0,-1262.0,-284.0,32426.0,5553408.0,2236.0,2698.0,0.0
5993860000,0.010267686999779351,97392.9181929182,2207.0,2276.0,2289.0,1292.0,4892.0,-5124.0,-14692.0,831.0,-315.0,-15.0,-536.0,-1264.0,-278.0,32426.0,5553408.0,2245.0,2703.0,0.0
5994116000,0.010267686999779351,97392.9181929182,2218.0,2275.0,2288.0,1292.0,4892.0,-5080.0,-14676.0,874.0,-326.0,-4.0,-531.0,-1256.0,-282.0,32426.0,5553920.0,2250.0,2703.0,0.0
5994372000,0.010267686999779351,97392.9181929182,2183.0,2273.0,2287.0,1294.0,4824.0,-5012.0,-14664.0,867.0,-358.0,-27.0,-532.0,-1262.0,-275.0,32426.0,5553920.0,2453.0,2685.0,0.0
5994628000,0.010267686999779351,97392.9181929182,2139.0,2271.0,2287.0,1291.0,4888.0,-5016.0,-14688.0,833.0,-368.0,-55.0,-532.0,-1262.0,-275.0,32426.0,5553408.0,2327.0,2697.0,0.0
5994884000,0.010267686999779351,97392.9181929182,2249.0,2271.0,2286.0,1290.0,4844.0,-5056.0,-14772.0,831.0,-376.0,-57.0,-535.0,-1265.0,-278.0,32426.0,5553408.0,2287.0,2703.0,0.0
5995140000,0.010267686999779351,97392.9181929182,2273.0,2272.0,2289.0,1288.0,4860.0,-5072.0,-14764.0,820.0,-359.0,-78.0,-531.0,-1262.0,-276.0,32426.0,5553664.0,2269.0,2703.0,0.0
5995396000,0.010267686999779351,97392.9181929182,2274.0,2272.0,2289.0,1291.0,4828.0,-5104.0,-14720.0,820.0,-359.0,-78.0,-547.0,-1268.0,-280.0,32426.0,5553664.0,2261.0,2703.0,0.0
5995652000,0.010267686999779351,97392.9181929182,2238.0,2274.0,2292.0,1290.0,4876.0,-5088.0,-14716.0,810.0,-353.0,-33.0,-535.0,-1263.0,-280.0,32426.0,5553664.0,2241.0,2698.0,0.0
5995908000,0.010267686999779351,97392.9181929182,2220.0,2274.0,2292.0,1289.0,4868.0,-5164.0,-14744.0,847.0,-357.0,-28.0,-535.0,-1263.0,-280.0,32426.0,5553664.0,2241.0,2702.0,0.0
5996164000,0.010267686999779351,97392.9181929182,2221.0,2276.0,2291.0,1292.0,4932.0,-5188.0,-14752.0,873.0,-351.0,-37.0,-526.0,-1264.0,-278.0,32426.0,5554176.0,2248.0,2703.0,0.0
5996420000,0.010267686999779351,97392.9181929182,2219.0,2274.0,2291.0,1290.0,4904.0,-5152.0,-14712.0,916.0,-337.0,-36.0,-527.0,-1262.0,-282.0,32426.0,5554176.0,2246.0,2704.0,0.0
5996676000,0.010267686999779351,97392.9181929182,2168.0,2275.0,2294.0,1292.0,4900.0,-5156.0,-14712.0,927.0,-324.0,-32.0,-533.0,-1266.0,-281.0,32426.0,5553664.0,2446.0,2684.0,0.0
5996932000,0.010267686999779351,97392.9181929182,2156.0,2275.0,2292.0,1294.0,4948.0,-5136.0,-14740.0,934.0,-325.0,-43.0,-530.0,-1262.0,-276.0,32426.0,5553664.0,2341.0,2703.0,0.0
5997188000,0.010267686999779351,97392.9181929182,2257.0,2276.0,2290.0,1290.0,4924.0,-5116.0,-14732.0,927.0,-320.0,-48.0,-530.0,-1262.0,-276.0,32426.0,5554176.0,2287.0,2702.0,0.0
5997444000,0.010267686999779351,97392.9181929182,2267.0,2277.0,2288.0,1291.0,4928.0,-5056.0,-14752.0,935.0,-322.0,-38.0,-534.0,-1264.0,-279.0,32426.0,5554176.0,2264.0,2704.0,0.0
5997700000,0.010267686999779351,97392.9181929182,2236.0,2275.0,2288.0,1288.0,4936.0,-5056.0,-14756.0,930.0,-337.0,-27.0,-532.0,-1262.0,-278.0,32426.0,5553664.0,2242.0,2698.0,0.0
5997956000,0.010267686999779351,97392.9181929182,2228.0,2275.0,2286.0,1289.0,4952.0,-5076.0,-14712.0,928.0,-328.0,-19.0,-537.0,-1264.0,-279.0,32426.0,5553664.0,2248.0,2703.0,0.0
5998212000,0.010267686999779351,97392.9181929182,2221.0,2275.0,2286.0,1291.0,4932.0,-5024.0,-14772.0,924.0,-327.0,-51.0,-537.0,-1264.0,-279.0,32426.0,5553664.0,2245.0,2702.0,0.0
5998468000,0.010267686999779351,97392.9181929182,2219.0,2277.0,2286.0,1291.0,4940.0,-4992.0,-14696.0,938.0,-340.0,-31.0,-529.0,-1261.0,-283.0,32426.0,5553664.0,2245.0,2704.0,0.0
5998724000,0.010267686999779351,97392.9181929182,2194.0,2277.0,2286.0,1293.0,4952.0,-5000.0,-14704.0,924.0,-358.0,-31.0,-533.0,-1265.0,-275.0,32426.0,5553664.0,2233.0,2698.0,0.0
5998980000,0.010267686999779351,97392.9181929182,2189.0,2276.0,2287.0,1292.0,4984.0,-5016.0,-14696.0,947.0,-337.0,-28.0,-534.0,-1262.0,-274.0,32426.0,5553664.0,2238.0,2702.0,0.0
5999236000,0.010267686999779351,97392.9181929182,2206.0,2276.0,2286.0,1290.0,4960.0,-5004.0,-14704.0,909.0,-355.0,-17.0,-536.0,-1266.0,-279.0,32426.0,5553408.0,2247.0,2703.0,0.0
5999492000,0.010267481044650379,97394.8717948718,2222.0,2275.0,2287.0,1290.0,4940.0,-5048.0,-14780.0,926.0,-365.0,-16.0,-536.0,-1266.0,-279.0,32426.0,5553408.0,2251.0,2703.0,0.0
5999748000,0.010267686999779351,97392.9181929182,2200.0,2273.0,2287.0,1291.0,4900.0,-5024.0,-14756.0,925.0,-341.0,-16.0,-547.0,-1264.0,-281.0,32426.0,5553152.0,2236.0,2698.0,0.0
6000004000,0.010267686999779351,97392.9181929182,2207.0,2273.0,2285.0,1288.0,4852.0,-5056.0,-14748.0,903.0,-334.0,-18.0,-520.0,-1267.0,-274.0,32426.0,5553152.0,2246.0,2703.0,0.0
6000260000,0.010267686999779351,97392.9181929182,2219.0,2272.0,2286.0,1290.0,4864.0,-5036.0,-14724.0,904.0,-365.0,-35.0,-526.0,-1263.0,-276.0,32426.0,5553920.0,2250.0,2703.0,0.0
6000516000,0.010267686999779351,97392.9181929182,2224.0,2272.0,2285.0,1290.0,4904.0,-5024.0,-14764.0,894.0,-334.0,-21.0,-529.0,-1259.0,-280.0,32426.0,5553920.0,2252.0,2703.0,0.0
6000772000,0.010267686999779351,97392.9181929182,2173.0,2271.0,2285.0,1289.0,4900.0,-5024.0,-14768.0,918.0,-346.0,-35.0,-529.0,-1259.0,-280.0,32426.0,5553664.0,2448.0,2684.0,0.0
6001028000,0.010267686999779351,97392.9181929182,2163.0,2272.0,2287.0,1287.0,4876.0,-5048.0,-14740.0,904.0,-362.0,-41.0,-536.0,-1270.0,-279.0,32426.0,5553664.0,2342.0,2703.0,0.0
6001284000,0.010267686999779351,97392.9181929182,2267.0,2272.0,2285.0,1288.0,4848.0,-5012.0,-14728.0,900.0,-360.0,-34.0,-542.0,-1265.0,-278.0,32426.0,5553664.0,2294.0,2703.0,0.0
6001540000,0.010267481044650379,97394.8717948718,2284.0,2274.0,2285.0,1289.0,4864.0,-5004.0,-14740.0,888.0,-343.0,-29.0,-537.0,-1263.0,-277.0,32426.0,5553664.0,2272.0,2703.0,0.0
6001796000,0.010267481044650379,97394.8717948718,2251.0,2274.0,2285.0,1287.0,4892.0,-5016.0,-14800.0,876.0,-327.0,-19.0,-536.0,-1263.0,-282.0,32426.0,5553664.0,2245.0,2697.0,0.0
6002052000,0.010267686999779351,97392.9181929182,2244.0,2275.0,2286.0,1288.0,4948.0,-5044.0,-14744.0,849.0,-319.0,-23.0,-536.0,-1263.0,-282.0,32426.0,5553664.0,2250.0,2703.0,0.0
6002308000,0.010267686999779351,97392.9181929182,2237.0,2275.0,2286.0,1288.0,4944.0,-5068.0,-14724.0,874.0,-327.0,-39.0,-538.0,-1262.0,-278.0,32426.0,5553664.0,2247.0,2704.0,0.0
6002564000,0.010267686999779351,97392.9181929182,2226.0,2275.0,2286.0,1289.0,4956.0,-5056.0,-14736.0,889.0,-325.0,-24.0,-531.0,-1260.0,-275.0,32426.0,5553664.0,2245.0,2704.0,0.0
6002820000,0.010267686999779351,97392.9181929182,2199.0,2276.0,2285.0,1288.0,4972.0,-5024.0,-14720.0,895.0,-330.0,-50.0,-537.0,-1263.0,-276.0,32426.0,5553664.0,2234.0,2698.0,0.0
6003076000,0.010267686999779351,97392.9181929182,2190.0,2277.0,2285.0,1288.0,4940.0,-5020.0,-14748.0,910.0,-328.0,-43.0,-537.0,-1263.0,-276.0,32426.0,5553664.0,2238.0,2702.0,0.0
6003332000,0.010267481044650379,97394.8717948718,2190.0,2277.0,2285.0,1289.0,4968.0,-4988.0,-14740.0,909.0,-327.0,-46.0,-525.0,-1264.0,-273.0,32426.0,5554176.0,2240.0,2702.0,0.0
6003588000,0.010267686999779351,97392.9181929182,2204.0,2278.0,2286.0,1289.0,4956.0,-4972.0,-14748.0,899.0,-320.0,-38.0,-527.0,-1265.0,-272.0,32426.0,5554176.0,2248.0,2703.0,0.0
6003844000,0.010267686999779351,97392.9181929182,2186.0,2276.0,2284.0,1290.0,4924.0,-4972.0,-14716.0,886.0,-334.0,-63.0,-531.0,-1259.0,-276.0,32426.0,5553920.0,2234.0,2698.0,0.0
6004100000,0.010267481044650379,97394.8717948718,2171.0,2277.0,2283.0,1291.0,4984.0,-4980.0,-14732.0,871.0,-351.0,-42.0,-527.0,-1265.0,-281.0,32426.0,5553920.0,2232.0,2702.0,0.0
6004356000,0.010267481044650379,97394.8717948718,2175.0,2277.0,2286.0,1290.0,4964.0,-5004.0,-14752.0,875.0,-364.0,-23.0,-527.0,-1265.0,-281.0,32426.0,5553664.0,2237.0,2702.0,0.0
6004612000,0.010267686999779351,97392.9181929182,2195.0,2276.0,2289.0,1291.0,4956.0,-5056.0,-14696.0,864.0,-353.0,-45.0,-534.0,-1263.0,-281.0,32426.0,5553664.0,2246.0,2703.0,0.0
6004868000,0.010267686999779351,97392.9181929182,2182.0,2274.0,2288.0,1290.0,4964.0,-5024.0,-14736.0,869.0,-358.0,-43.0,-538.0,-1259.0,-284.0,32426.0,5553664.0,2234.0,2698.0,0.0
6005124000,0.010267686999779351,97392.9181929182,2197.0,2275.0,2288.0,1288.0,4968.0,-5076.0,-14780.0,905.0,-347.0,-44.0,-540.0,-1258.0,-279.0,32426.0,5553664.0,2245.0,2703.0,0.0
6005380000,0.010267686999779351,97392.9181929182,2203.0,2273.0,2288.0,1291.0,4932.0,-5036.0,-14744.0,905.0,-364.0,-27.0,-535.0,-1265.0,-280.0,32426.0,5553408.0,2243.0,2702.0,0.0
6005636000,0.010267686999779351,97392.9181929182,2215.0,2274.0,2288.0,1288.0,4936.0,-5068.0,-14772.0,917.0,-348.0,-38.0,-535.0,-1265.0,-280.0,32426.0,5553408.0,2249.0,2703.0,0.0
6005892000,0.010267686999779351,97392.9181929182,2194.0,2273.0,2289.0,1289.0,4904.0,-5028.0,-14728.0,908.0,-322.0,-9.0,-535.0,-1264.0,-276.0,32426.0,5553664.0,2234.0,2697.0,0.0
6006148000,0.010267686999779351,97392.9181929182,2203.0,2273.0,2287.0,1290.0,4872.0,-5048.0,-14728.0,941.0,-330.0,-23.0,-538.0,-1265.0,-286.0,32426.0,5553664.0,2245.0,2703.0,0.0
6006404000,0.010267686999779351,97392.9181929182,2207.0,2273.0,2288.0,1288.0,4888.0,-5076.0,-14756.0,938.0,-338.0,-41.0,-534.0,-1261.0,-276.0,32426.0,5553408.0,2243.0,2702.0,0.0
6006660000,0.010267686999779351,97392.9181929182,2203.0,2273.0,2285.0,1289.0,4892.0,-5016.0,-14736.0,935.0,-347.0,-32.0,-528.0,-1258.0,-275.0,32426.0,5553408.0,2242.0,2702.0,0.0
6006916000,0.010267686999779351,97392.9181929182,2184.0,2273.0,2284.0,1289.0,4888.0,-4992.0,-14784.0,930.0,-352.0,-53.0,-528.0,-1258.0,-275.0,32426.0,5553920.0,2231.0,2697.0,0.0
6007172000,0.010267686999779351,97392.9181929182,2194.0,2273.0,2283.0,1289.0,4896.0,-4976.0,-14764.0,945.0,-350.0,-28.0,-531.0,-1263.0,-276.0,32426.0,5553920.0,2244.0,2703.0,0.0
6007428000,0.010267686999779351,97392.9181929182,2198.0,2275.0,2283.0,1288.0,4916.0,-4968.0,-14760.0,916.0,-356.0,-43.0,-528.0,-1260.0,-279.0,32433.0,5553920.0,2244.0,2704.0,0.0
6007684000,0.010267686999779351,97392.9181929182,2200.0,2273.0,2283.0,1288.0,4900.0,-4956.0,-14780.0,907.0,-349.0,-32.0,-535.0,-1260.0,-276.0,32433.0,5553920.0,2244.0,2704.0,0.0
6007940000,0.010267686999779351,97392.9181929182,2176.0,2274.0,2282.0,1288.0,4916.0,-4940.0,-14756.0,897.0,-333.0,-44.0,-535.0,-1260.0,-276.0,32433.0,5553664.0,2232.0,2697.0,0.0
6008196000,0.010267686999779351,97392.9181929182,2190.0,2273.0,2283.0,1290.0,4908.0,-4976.0,-14784.0,899.0,-332.0,-36.0,-524.0,-1260.0,-279.0,32433.0,5553664.0,2244.0,2703.0,0.0
6008452000,0.010267686999779351,97392.9181929182,2208.0,2275.0,2282.0,1288.0,4932.0,-4968.0,-14784.0,913.0,-350.0,-49.0,-534.0,-1265.0,-276.0,32433.0,5553664.0,2249.0,2703.0,0.0
6008708000,0.010267686999779351,97392.9181929182,2220.0,2274.0,2281.0,1286.0,4900.0,-4968.0,-14808.0,907.0,-338.0,-51.0,-536.0,-1263.0,-279.0,32433.0,5553664.0,2252.0,2703.0,0.0
6008964000,0.010267686999779351,97392.9181929182,2200.0,2275.0,2281.0,1287.0,4924.0,-4972.0,-14796.0,915.0,-330.0,-36.0,-534.0,-1264.0,-276.0,32433.0,5553664.0,2235.0,2697.0,0.0
6009220000,0.010267686999779351,97392.9181929182,2205.0,2275.0,2282.0,1289.0,4904.0,-4968.0,-14752.0,913.0,-316.0,-35.0,-534.0,-1264.0,-276.0,32433.0,5553664.0,2245.0,2703.0,0.0
6009476000,0.010267686999779351,97392.9181929182,2220.0,2275.0,2280.0,1289.0,4940.0,-4916.0,-14788.0,921.0,-340.0,-38.0,-537.0,-1263.0,-278.0,32433.0,5553152.0,2250.0,2703.0,0.0
6009732000,0.010267686999779351,97392.9181929182,2226.0,2275.0,2282.0,1288.0,4932.0,-4932.0,-14748.0,910.0,-345.0,-42.0,-538.0,-1264.0,-276.0,32433.0,5553152.0,2252.0,2703.0,0.0
6009988000,0.010267686999779351,97392.9181929182,2200.0,2275.0,2282.0,1288.0,4916.0,-4940.0,-14760.0,891.0,-340.0,-35.0,-548.0,-1267.0,-285.0,32433.0,5553408.0,2236.0,2698.0,0.0
6010244000,0.010267686999779351,97392.9181929182,2193.0,2275.0,2281.0,1288.0,4920.0,-4908.0,-14692.0,878.0,-343.0,-42.0,-535.0,-1269.0,-279.0,32433.0,5553408.0,2240.0,2702.0,0.0
6010500000,0.010267686999779351,97392.9181929182,2209.0,2277.0,2282.0,1290.0,4952.0,-4924.0,-14740.0,851.0,-355.0,-30.0,-535.0,-1269.0,-279.0,32433.0,5553664.0,2247.0,2703.0,0.0
6010756000,0.010267686999779351,97392.9181929182,2226.0,2275.0,2282.0,1289.0,4924.0,-4976.0,-14752.0,850.0,-358.0,-49.0,-527.0,-1266.0,-277.0,32433.0,5553664.0,2251.0,2703.0,0.0
6011012000,0.010267686999779351,97392.9181929182,2204.0,2274.0,2283.0,1289.0,4924.0,-4968.0,-14724.0,881.0,-383.0,-41.0,-526.0,-1260.0,-280.0,32433.0,5553664.0,2235.0,2697.0,0.0
6011268000,0.010267686999779351,97392.9181929182,2209.0,2274.0,2283.0,1288.0,4924.0,-4976.0,-14732.0,872.0,-351.0,-30.0,-528.0,-1263.0,-275.0,32433.0,5553664.0,2245.0,2703.0,0.0
6011524000,0.010267686999779351,97392.9181929182,2218.0,2275.0,2284.0,1290.0,4924.0,-5036.0,-14768.0,888.0,-348.0,-29.0,-528.0,-1270.0,-283.0,32433.0,5553920.0,2250.0,2703.0,0.0
6011780000,0.010267686999779351,97392.9181929182,2225.0,2273.0,2285.0,1288.0,4936.0,-4988.0,-14792.0,884.0,-355.0,-47.0,-528.0,-1270.0,-283.0,32433.0,5553920.0,2252.0,2703.0,0.0
6012036000,0.010267686999779351,97392.9181929182,2206.0,2273.0,2285.0,1288.0,4892.0,-5008.0,-14832.0,903.0,-340.0,-18.0,-530.0,-1262.0,-281.0,32433.0,5553920.0,2237.0,2698.0,0.0
6012292000,0.010267686999779351,97392.9181929182,2211.0,2273.0,2283.0,1287.0,4912.0,-4968.0,-14760.0,903.0,-340.0,-18.0,-535.0,-1263.0,-280.0,32433.0,5553920.0,2246.0,2703.0,0.0
6012548000,0.010267686999779351,97392.9181929182,2221.0,2272.0,2284.0,1289.0,4900.0,-5008.0,-14768.0,901.0,-346.0,-41.0,-536.0,-1271.0,-278.0,32433.0,5553664.0,2250.0,2703.0,0.0
6012804000,0.010267686999779351,97392.9181929182,2225.0,2272.0,2282.0,1287.0,4920.0,-5000.0,-14828.0,873.0,-336.0,-45.0,-536.0,-1271.0,-278.0,32433.0,5553664.0,2252.0,2703.0,0.0
6013060000,0.010267686999779351,97392.9181929182,2206.0,2272.0,2283.0,1286.0,4884.0,-5000.0,-14816.0,862.0,-339.0,-36.0,-529.0,-1267.0,-283.0,32433.0,5553920.0,2237.0,2698.0,0.0
6013316000,0.010267481044650379,97394.8717948718,2203.0,2272.0,2283.0,1287.0,4892.0,-4976.0,-14748.0,899.0,-325.0,-48.0,-536.0,-1265.0,-280.0,32433.0,5553920.0,2241.0,2704.0,0.0
6013572000,0.010267686999779351,97392.9181929182,2210.0,2273.0,2282.0,1287.0,4888.0,-4960.0,-14748.0,911.0,-324.0,-28.0,-530.0,-1264.0,-281.0,32433.0,5553920.0,2248.0,2703.0,0.0
6013828000,0.010267686999779351,97392.9181929182,2225.0,2275.0,2282.0,1290.0,4924.0,-4944.0,-14752.0,939.0,-339.0,-51.0,-535.0,-1265.0,-282.0,32433.0,5553920.0,2251.0,2703.0,0.0
6014084000,0.010267686999779351,97392.9181929182,2183.0,2274.0,2280.0,1289.0,4912.0,-4968.0,-14764.0,933.0,-333.0,-34.0,-535.0,-1265.0,-282.0,32433.0,5553664.0,2228.0,2696.0,0.0
6014340000,0.010267686999779351,97392.9181929182,2193.0,2274.0,2280.0,1291.0,4916.0,-4920.0,-14812.0,914.0,-336.0,-51.0,-530.0,-1263.0,-276.0,32433.0,5553664.0,2242.0,2703.0,0.0
6014596000,0.010267686999779351,97392.9181929182,2205.0,2273.0,2280.0,1289.0,4936.0,-4884.0,-14732.0,903.0,-347.0,-27.0,-533.0,-1269.0,-275.0,32433.0,5553920.0,2248.0,2703.0,0.0
6014852000,0.010267686999779351,97392.9181929182,2222.0,2275.0,2280.0,1291.0,4952.0,-4916.0,-14724.0,889.0,-337.0,-23.0,-529.0,-1265.0,-278.0,32433.0,5553920.0,2251.0,2703.0,0.0
6015108000,0.010267686999779351,97392.9181929182,2182.0,2275.0,2281.0,1287.0,4952.0,-4920.0,-14796.0,866.0,-349.0,-37.0,-529.0,-1267.0,-277.0,32433.0,5553664.0,2228.0,2696.0,0.0
6015364000,0.010267686999779351,97392.9181929182,2190.0,2274.0,2280.0,1288.0,4888.0,-4948.0,-14804.0,885.0,-360.0,-8.0,-529.0,-1267.0,-277.0,32433.0,5553664.0,2242.0,2703.0,0.0
6015620000,0.010267686999779351,97392.9181929182,2197.0,2275.0,2280.0,1286.0,4912.0,-4956.0,-14832.0,869.0,-339.0,-42.0,-528.0,-1260.0,-277.0,32433.0,5553408.0,2244.0,2704.0,0.0
6015876000,0.010267686999779351,97392.9181929182,2212.0,2274.0,2281.0,1284.0,4948.0,-4892.0,-14772.0,850.0,-342.0,-19.0,-530.0,-1263.0,-280.0,32433.0,5553408.0,2249.0,2703.0,0.0
6016132000,0.010267686999779351,97392.9181929182,2196.0,2273.0,2283.0,1287.0,4904.0,-4912.0,-14792.0,859.0,-349.0,-58.0,-532.0,-1266.0,-280.0,32433.0,5553152.0,2235.0,2698.0,0.0
6016388000,0.010267686999779351,97392.9181929182,2204.0,2274.0,2282.0,1286.0,4904.0,-4984.0,-14864.0,866.0,-333.0,-35.0,-533.0,-1265.0,-282.0,32433.0,5553152.0,2246.0,2703.0,0.0
6016644000,0.010267686999779351,97392.9181929182,2217.0,2273.0,2282.0,1284.0,4928.0,-4972.0,-14804.0,862.0,-339.0,-29.0,-533.0,-1265.0,-282.0,32433.0,5553152.0,2250.0,2703.0,0.0
6016900000,0.010267686999779351,97392.9181929182,2223.0,2273.0,2281.0,1287.0,4876.0,-4972.0,-14740.0,887.0,-333.0,-18.0,-530.0,-1262.0,-277.0,32433.0,5553152.0,2247.0,2704.0,0.0
6017156000,0.010267686999779351,97392.9181929182,2197.0,2273.0,2281.0,1288.0,4892.0,-4928.0,-14720.0,898.0,-310.0,-10.0,-528.0,-1266.0,-280.0,32433.0,5553664.0,2234.0,2698.0,0.0
6017412000,0.010267686999779351,97392.9181929182,2205.0,2275.0,2281.0,1291.0,4912.0,-4932.0,-14768.0,872.0,-315.0,-28.0,-537.0,-1265.0,-279.0,32433.0,5553664.0,2245.0,2703.0,0.0
6017668000,0.010267686999779351,97392.9181929182,2207.0,2274.0,2280.0,1290.0,4896.0,-4892.0,-14800.0,884.0,-336.0,-38.0,-547.0,-1267.0,-278.0,32433.0,5553664.0,2243.0,2702.0,0.0
6017924000,0.010267686999779351,97392.9181929182,2206.0,2276.0,2278.0,1290.0,4908.0,-4888.0,-14792.0,886.0,-343.0,-32.0,-547.0,-1267.0,-278.0,32433.0,5553664.0,2244.0,2704.0,0.0
6018180000,0.010267686999779351,97392.9181929182,2182.0,2275.0,2280.0,1289.0,4920.0,-4840.0,-14752.0,876.0,-364.0,-68.0,-535.0,-1268.0,-278.0,32433.0,5553664.0,2232.0,2697.0,0.0
6018436000,0.010267686999779351,97392.9181929182,2191.0,2274.0,2278.0,1287.0,4892.0,-4884.0,-14820.0,866.0,-351.0,-66.0,-552.0,-1267.0,-275.0,32433.0,5553664.0,2244.0,2703.0,0.0
6018692000,0.010267686999779351,97392.9181929182,2201.0,2274.0,2281.0,1285.0,4896.0,-4908.0,-14860.0,837.0,-330.0,-41.0,-529.0,-1267.0,-281.0,32433.0,5553664.0,2243.0,2702.0,0.0
6018948000,0.010267686999779351,97392.9181929182,2207.0,2274.0,2282.0,1285.0,4884.0,-4948.0,-14868.0,829.0,-332.0,-43.0,-529.0,-1267.0,-281.0,32433.0,5553664.0,2248.0,2703.0,0.0
6019204000,0.010267686999779351,97392.9181929182,2190.0,2272.0,2281.0,1288.0,4888.0,-4948.0,-14804.0,837.0,-331.0,-19.0,-527.0,-1269.0,-284.0,32433.0,5553664.0,2234.0,2697.0,0.0
6019460000,0.010267686999779351,97392.9181929182,2201.0,2271.0,2283.0,1286.0,4880.0,-4980.0,-14768.0,828.0,-306.0,-25.0,-535.0,-1271.0,-275.0,32433.0,5553664.0,2245.0,2703.0,0.0
6019716000,0.010267686999779351,97392.9181929182,2207.0,2273.0,2284.0,1290.0,4836.0,-4968.0,-14744.0,878.0,-327.0,-19.0,-531.0,-1260.0,-281.0,32433.0,5554432.0,2245.0,2704.0,0.0
6019972000,0.010267686999779351,97392.9181929182,2218.0,2272.0,2282.0,1291.0,4860.0,-4972.0,-14784.0,881.0,-316.0,-24.0,-536.0,-1267.0,-273.0,32433.0,5554432.0,2250.0,2703.0,0.0
6020228000,0.010267686999779351,97392.9181929182,2193.0,2270.0,2280.0,1290.0,4868.0,-4912.0,-14732.0,911.0,-319.0,-48.0,-536.0,-1267.0,-273.0,32433.0,5553664.0,2234.0,2697.0,0.0
6020484000,0.010267686999779351,97392.9181929182,2205.0,2272.0,2279.0,1289.0,4836.0,-4912.0,-14768.0,909.0,-339.0,-58.0,-537.0,-1268.0,-277.0,32433.0,5553664.0,2245.0,2703.0,0.0
6020740000,0.010267686999779351,97392.9181929182,2217.0,2273.0,2278.0,1287.0,4872.0,-4888.0,-14804.0,879.0,-357.0,-60.0,-529.0,-1266.0,-279.0,32433.0,5554176.0,2250.0,2703.0,0.0
6020996000,0.010267686999779351,97392.9181929182,2222.0,2271.0,2278.0,1286.0,4856.0,-4900.0,-14844.0,852.0,-361.0,-60.0,-533.0,-1259.0,-279.0,32433.0,5554176.0,2247.0,2704.0,0.0
6021252000,0.010267686999779351,97392.9181929182,2169.0,2272.0,2282.0,1286.0,4856.0,-4932.0,-14872.0,848.0,-332.0,-37.0,-533.0,-1269.0,-274.0,32433.0,5553664.0,2446.0,2684.0,0.0
6021508000,0.010267686999779351,97392.9181929182,2158.0,2272.0,2282.0,1287.0,4848.0,-4940.0,-14800.0,890.0,-340.0,-37.0,-533.0,-1269.0,-274.0,32433.0,5553664.0,2341.0,2703.0,0.0
6021764000,0.010267686999779351,97392.9181929182,2266.0,2275.0,2281.0,1286.0,4880.0,-4956.0,-14824.0,919.0,-317.0,-36.0,-530.0,-1261.0,-276.0,32433.0,5553408.0,2294.0,2703.0,0.0
6022020000,0.010267481044650379,97394.8717948718,2284.0,2272.0,2281.0,1289.0,4876.0,-4928.0,-14772.0,933.0,-321.0,-17.0,-531.0,-1266.0,-277.0,32433.0,5553408.0,2272.0,2703.0,0.0
6022276000,0.010267481044650379,97394.8717948718,2252.0,2274.0,2281.0,1290.0,4888.0,-4868.0,-14788.0,932.0,-317.0,-45.0,-523.0,-1267.0,-281.0,32433.0,5553664.0,2245.0,2697.0,0.0
6022532000,0.010267686999779351,97392.9181929182,2233.0,2274.0,2281.0,1290.0,4876.0,-4920.0,-14760.0,931.0,-337.0,-31.0,-523.0,-1267.0,-281.0,32433.0,5553664.0,2243.0,2702.0,0.0
6022788000,0.010267686999779351,97392.9181929182,2220.0,2275.0,2280.0,1289.0,4896.0,-4888.0,-14740.0,898.0,-344.0,-31.0,-528.0,-1267.0,-279.0,32433.0,5553408.0,2244.0,2704.0,0.0
6023044000,0.010267686999779351,97392.9181929182,2225.0,2275.0,2280.0,1288.0,4912.0,-4864.0,-14792.0,903.0,-357.0,-50.0,-534.0,-1265.0,-274.0,32433.0,5553408.0,2249.0,2703.0,0.0
6023300000,0.010267686999779351,97392.9181929182,2184.0,2275.0,2279.0,1286.0,4896.0,-4852.0,-14820.0,873.0,-357.0,-34.0,-532.0,-1264.0,-281.0,32433.0,5553920.0,2228.0,2696.0,0.0
6023556000,0.010267686999779351,97392.9181929182,2191.0,2274.0,2279.0,1285.0,4888.0,-4836.0,-14840.0,840.0,-336.0,-39.0,-529.0,-1263.0,-274.0,32433.0,5553920.0,2242.0,2703.0,0.0
6023812000,0.010267686999779351,97392.9181929182,2203.0,2274.0,2277.0,1284.0,4912.0,-4836.0,-14844.0,838.0,-344.0,-29.0,-529.0,-1263.0,-274.0,32433.0,5553664.0,2248.0,2703.0,0.0
6024068000,0.010267686999779351,97392.9181929182,2218.0,2276.0,2278.0,1285.0,4900.0,-4904.0,-14864.0,854.0,-341.0,-28.0,-532.0,-1263.0,-279.0,32433.0,5553664.0,2252.0,2703.0,0.0
6024324000,0.010267686999779351,97392.9181929182,2201.0,2274.0,2279.0,1287.0,4900.0,-4892.0,-14824.0,839.0,-320.0,-37.0,-533.0,-1268.0,-280.0,32433.0,5553408.0,2237.0,2698.0,0.0
6024580000,0.010267686999779351,97392.9181929182,2208.0,2274.0,2281.0,1286.0,4932.0,-4852.0,-14804.0,864.0,-331.0,-30.0,-531.0,-1263.0,-275.0,32433.0,5553408.0,2246.0,2703.0,0.0
6024836000,0.010267686999779351,97392.9181929182,2219.0,2275.0,2278.0,1289.0,4936.0,-4884.0,-14784.0,846.0,-338.0,-18.0,-535.0,-1268.0,-280.0,32433.0,5553920.0,2250.0,2703.0,0.0
6025092000,0.010267686999779351,97392.9181929182,2225.0,2276.0,2278.0,1290.0,4944.0,-4872.0,-14780.0,860.0,-342.0,-2.0,-535.0,-1268.0,-280.0,32433.0,5553920.0,2252.0,2703.0,0.0
6025348000,0.010267686999779351,97392.9181929182,2204.0,2275.0,2279.0,1287.0,4876.0,-4844.0,-14832.0,854.0,-339.0,-24.0,-532.0,-1262.0,-284.0,32433.0,5553664.0,2235.0,2697.0,0.0
6025604000,0.010267686999779351,97392.9181929182,2210.0,2274.0,2276.0,1286.0,4928.0,-4860.0,-14768.0,865.0,-335.0,-11.0,-530.0,-1265.0,-279.0,32433.0,5553664.0,2246.0,2703.0,0.0
6025860000,0.010267686999779351,97392.9181929182,2220.0,2274.0,2280.0,1288.0,4936.0,-4892.0,-14792.0,880.0,-353.0,-31.0,-526.0,-1263.0,-277.0,32433.0,5553664.0,2250.0,2703.0,0.0
6026116000,0.010267686999779351,97392.9181929182,2216.0,2272.0,2278.0,1289.0,4876.0,-4872.0,-14788.0,875.0,-365.0,-31.0,-527.0,-1262.0,-280.0,32433.0,5553664.0,2245.0,2702.0,0.0
6026372000,0.010267686999779351,97392.9181929182,2187.0,2273.0,2278.0,1287.0,4836.0,-4876.0,-14788.0,863.0,-354.0,-35.0,-527.0,-1262.0,-280.0,32433.0,5553664.0,2232.0,2697.0,0.0
6026628000,0.010267686999779351,97392.9181929182,2196.0,2272.0,2277.0,1286.0,4848.0,-4872.0,-14876.0,867.0,-368.0,-47.0,-535.0,-1262.0,-283.0,32433.0,5553664.0,2244.0,2703.0,0.0
6026884000,0.010267686999779351,97392.9181929182,2212.0,2270.0,2277.0,1286.0,4852.0,-4876.0,-14812.0,828.0,-353.0,-31.0,-528.0,-1265.0,-282.0,32433.0,5554176.0,2250.0,2703.0,0.0
6027140000,0.010267686999779351,97392.9181929182,2222.0,2271.0,2279.0,1287.0,4844.0,-4880.0,-14808.0,852.0,-342.0,-24.0,-533.0,-1267.0,-277.0,32433.0,5554176.0,2252.0,2703.0,0.0
6027396000,0.010267686999779351,97392.9181929182,2200.0,2272.0,2279.0,1285.0,4820.0,-4888.0,-14868.0,840.0,-347.0,-33.0,-531.0,-1262.0,-284.0,32433.0,5553408.0,2235.0,2697.0,0.0
6027652000,0.010267686999779351,97392.9181929182,2209.0,2272.0,2280.0,1287.0,4884.0,-4880.0,-14796.0,844.0,-334.0,-32.0,-531.0,-1262.0,-284.0,32433.0,5553408.0,2246.0,2703.0,0.0
6027908000,0.010267481044650379,97394.8717948718,2212.0,2273.0,2280.0,1286.0,4856.0,-4912.0,-14820.0,840.0,-353.0,-24.0,-531.0,-1268.0,-280.0,32433.0,5553152.0,2245.0,2704.0,0.0
6028164000,0.010267686999779351,97392.9181929182,2213.0,2273.0,2279.0,1287.0,4864.0,-4936.0,-14784.0,859.0,-333.0,-31.0,-531.0,-1267.0,-279.0,32433.0,5553152.0,2245.0,2704.0,0.0
6028420000,0.010267686999779351,97392.9181929182,2185.0,2270.0,2281.0,1284.0,4832.0,-4884.0,-14816.0,813.0,-325.0,-53.0,-533.0,-1261.0,-285.0,32433.0,5553152.0,2232.0,2697.0,0.0
6028676000,0.010267686999779351,97392.9181929182,2192.0,2270.0,2280.0,1285.0,4900.0,-4916.0,-14824.0,873.0,-332.0,-13.0,-533.0,-1261.0,-285.0,32433.0,5553152.0,2244.0,2703.0,0.0
6028932000,0.010267686999779351,97392.9181929182,2198.0,2273.0,2278.0,1286.0,4888.0,-4928.0,-14844.0,866.0,-333.0,-8.0,-536.0,-1267.0,-283.0,32433.0,5553408.0,2244.0,2704.0,0.0
6029188000,0.010267686999779351,97392.9181929182,2200.0,2273.0,2280.0,1283.0,4884.0,-4852.0,-14796.0,837.0,-345.0,-17.0,-526.0,-1263.0,-281.0,32433.0,5553408.0,2244.0,2704.0,0.0
6029444000,0.010267686999779351,97392.9181929182,2168.0,2274.0,2278.0,1286.0,4848.0,-4896.0,-14776.0,837.0,-345.0,-17.0,-523.0,-1263.0,-280.0,32433.0,5553920.0,2225.0,2696.0,0.0
6029700000,0.010267686999779351,97392.9181929182,2182.0,2273.0,2280.0,1287.0,4904.0,-4900.0,-14844.0,825.0,-318.0,-42.0,-525.0,-1265.0,-278.0,32433.0,5553920.0,2241.0,2703.0,0.0
6029956000,0.010267686999779351,97392.9181929182,2172.0,2272.0,2279.0,1286.0,4880.0,-4896.0,-14828.0,837.0,-347.0,-19.0,-525.0,-1265.0,-278.0,32433.0,5553152.0,2231.0,2698.0,0.0
6030212000,0.010267686999779351,97392.9181929182,2184.0,2273.0,2280.0,1289.0,4928.0,-4852.0,-14800.0,831.0,-333.0,-38.0,-529.0,-1265.0,-278.0,32433.0,5553152.0,2239.0,2704.0,0.0
6030468000,0.010267686999779351,97392.9181929182,2167.0,2274.0,2280.0,1289.0,4884.0,-4896.0,-14740.0,845.0,-341.0,-19.0,-528.0,-1264.0,-283.0,32433.0,5553664.0,2229.0,2697.0,0.0
6030724000,0.010267686999779351,97392.9181929182,2188.0,2274.0,2280.0,1287.0,4864.0,-4876.0,-14776.0,849.0,-350.0,-47.0,-536.0,-1267.0,-281.0,32433.0,5553664.0,2243.0,2703.0,0.0
6030980000,0.010267686999779351,97392.9181929182,2192.0,2274.0,2279.0,1288.0,4904.0,-4916.0,-14788.0,827.0,-358.0,-25.0,-535.0,-1270.0,-282.0,32433.0,5553664.0,2242.0,2702.0,0.0
6031236000,0.010267686999779351,97392.9181929182,2205.0,2273.0,2279.0,1288.0,4908.0,-4896.0,-14824.0,828.0,-343.0,-16.0,-535.0,-1270.0,-282.0,32433.0,5553664.0,2248.0,2703.0,0.0
6031492000,0.010267686999779351,97392.9181929182,2188.0,2273.0,2280.0,1287.0,4920.0,-4912.0,-14792.0,841.0,-348.0,-27.0,-545.0,-1269.0,-273.0,32433.0,5553920.0,2234.0,2697.0,0.0
6031748000,0.010267686999779351,97392.9181929182,2200.0,2272.0,2279.0,1287.0,4892.0,-4896.0,-14784.0,848.0,-340.0,-10.0,-532.0,-1265.0,-275.0,32433.0,5553920.0,2245.0,2703.0,0.0
6032004000,0.010267686999779351,97392.9181929182,2214.0,2272.0,2283.0,1286.0,4880.0,-4920.0,-14780.0,843.0,-339.0,-24.0,-532.0,-1258.0,-282.0,32433.0,5553920.0,2250.0,2703.0,0.0
6032260000,0.010267686999779351,97392.9181929182,2222.0,2274.0,2281.0,1286.0,4920.0,-4920.0,-14788.0,840.0,-341.0,-14.0,-543.0,-1263.0,-276.0,32433.0,5553920.0,2252.0,2703.0,0.0
6032516000,0.010267686999779351,97392.9181929182,2202.0,2275.0,2279.0,1289.0,4920.0,-4952.0,-14824.0,845.0,-333.0,-15.0,-543.0,-1263.0,-276.0,32433.0,5553664.0,2235.0,2697.0,0.0
6032772000,0.010267686999779351,97392.9181929182,2196.0,2273.0,2280.0,1286.0,4876.0,-4904.0,-14788.0,859.0,-327.0,-31.0,-525.0,-1262.0,-275.0,32433.0,5553664.0,2240.0,2704.0,0.0
6033028000,0.010267686999779351,97392.9181929182,2207.0,2273.0,2277.0,1287.0,4904.0,-4924.0,-14776.0,864.0,-321.0,-36.0,-529.0,-1262.0,-278.0,32433.0,5553920.0,2248.0,2703.0,0.0
6033284000,0.010267686999779351,97392.9181929182,2223.0,2274.0,2278.0,1287.0,4948.0,-4904.0,-14820.0,865.0,-333.0,-31.0,-528.0,-1268.0,-282.0,32433.0,5553920.0,2251.0,2703.0,0.0
6033540000,0.010267686999779351,97392.9181929182,2184.0,2274.0,2277.0,1287.0,4920.0,-4884.0,-14824.0,878.0,-314.0,-18.0,-528.0,-1268.0,-282.0,32433.0,5553920.0,2453.0,2683.0,0.0
6033796000,0.010267686999779351,97392.9181929182,2171.0,2272.0,2278.0,1288.0,4924.0,-4864.0,-14736.0,848.0,-317.0,-31.0,-532.0,-1263.0,-275.0,32433.0,5553920.0,2344.0,2703.0,0.0
6034052000,0.010267481044650379,97394.8717948718,2277.0,2273.0,2278.0,1291.0,4908.0,-4888.0,-14724.0,819.0,-335.0,-29.0,-527.0,-1261.0,-283.0,32433.0,5554176.0,2295.0,2703.0,0.0
6034308000,0.010267686999779351,97392.9181929182,2295.0,2275.0,2278.0,1288.0,4932.0,-4864.0,-14752.0,854.0,-351.0,-13.0,-534.0,-1267.0,-282.0,32433.0,5554176.0,2273.0,2703.0,0.0
6034564000,0.010267686999779351,97392.9181929182,2243.0,2276.0,2277.0,1289.0,4916.0,-4876.0,-14812.0,841.0,-350.0,-28.0,-533.0,-1264.0,-276.0,32433.0,5553920.0,2238.0,2696.0,0.0
6034820000,0.010267686999779351,97392.9181929182,2216.0,2274.0,2279.0,1287.0,4920.0,-4868.0,-14828.0,843.0,-352.0,-30.0,-533.0,-1264.0,-276.0,32433.0,5553920.0,2240.0,2702.0,0.0
6035076000,0.010267686999779351,97392.9181929182,2223.0,2272.0,2278.0,1286.0,4888.0,-4860.0,-14808.0,840.0,-331.0,-34.0,-534.0,-1268.0,-278.0,32433.0,5553408.0,2247.0,2703.0,0.0
6035332000,0.010267686999779351,97392.9181929182,2220.0,2273.0,2279.0,1288.0,4912.0,-4884.0,-14812.0,843.0,-333.0,-22.0,-533.0,-1268.0,-279.0,32433.0,5553408.0,2246.0,2704.0,0.0
6035588000,0.010267686999779351,97392.9181929182,2194.0,2273.0,2279.0,1286.0,4908.0,-4888.0,-14836.0,835.0,-353.0,-39.0,-536.0,-1266.0,-282.0,32433.0,5554176.0,2233.0,2697.0,0.0
6035844000,0.010267686999779351,97392.9181929182,2188.0,2272.0,2280.0,1286.0,4920.0,-4928.0,-14808.0,834.0,-336.0,-45.0,-534.0,-1267.0,-274.0,32433.0,5554176.0,2237.0,2702.0,0.0
6036100000,0.010267686999779351,97392.9181929182,2201.0,2272.0,2279.0,1287.0,4900.0,-4892.0,-14804.0,850.0,-340.0,-18.0,-534.0,-1267.0,-274.0,32433.0,5553920.0,2246.0,2703.0,0.0
6036356000,0.010267686999779351,97392.9181929182,2208.0,2273.0,2281.0,1288.0,4912.0,-4892.0,-14800.0,849.0,-346.0,-27.0,-522.0,-1262.0,-280.0,32433.0,5553920.0,2245.0,2704.0,0.0
6036612000,0.010267686999779351,97392.9181929182,2182.0,2274.0,2279.0,1286.0,4908.0,-4852.0,-14760.0,838.0,-346.0,-32.0,-527.0,-1268.0,-276.0,32433.0,5553920.0,2232.0,2697.0,0.0
6036868000,0.010267686999779351,97392.9181929182,2211.0,2272.0,2278.0,1289.0,4864.0,-4876.0,-14808.0,856.0,-338.0,-21.0,-530.0,-1262.0,-277.0,32433.0,5553920.0,2251.0,2703.0,0.0
6037124000,0.010267686999779351,97392.9181929182,2220.0,2273.0,2278.0,1286.0,4900.0,-4896.0,-14808.0,836.0,-344.0,-32.0,-540.0,-1267.0,-276.0,32433.0,5553920.0,2252.0,2703.0,0.0
6037380000,0.010267686999779351,97392.9181929182,2232.0,2274.0,2278.0,1287.0,4852.0,-4860.0,-14800.0,840.0,-344.0,-32.0,-540.0,-1267.0,-276.0,32433.0,5553920.0,2253.0,2703.0,0.0
6037636000,0.010267686999779351,97392.9181929182,2204.0,2273.0,2278.0,1286.0,4892.0,-4884.0,-14820.0,837.0,-369.0,-32.0,-528.0,-1263.0,-279.0,32433.0,5554176.0,2236.0,2697.0,0.0
6037892000,0.010267686999779351,97392.9181929182,2210.0,2273.0,2281.0,1287.0,4908.0,-4904.0,-14840.0,849.0,-330.0,-34.0,-530.0,-1265.0,-274.0,32433.0,5554176.0,2246.0,2703.0,0.0
6038148000,0.010267686999779351,97392.9181929182,2220.0,2273.0,2279.0,1287.0,4868.0,-4896.0,-14808.0,839.0,-358.0,-29.0,-536.0,-1260.0,-280.0,32433.0,5554432.0,2250.0,2703.0,0.0
6038404000,0.010267686999779351,97392.9181929182,2217.0,2272.0,2278.0,1289.0,4872.0,-4900.0,-14820.0,831.0,-343.0,-11.0,-536.0,-1260.0,-280.0,32433.0,5554432.0,2246.0,2702.0,0.0
6038660000,0.010267686999779351,97392.9181929182,2193.0,2272.0,2282.0,1285.0,4888.0,-4884.0,-14784.0,829.0,-336.0,-30.0,-534.0,-1268.0,-279.0,32433.0,5554176.0,2233.0,2697.0,0.0
6038916000,0.010267686999779351,97392.9181929182,2198.0,2273.0,2281.0,1287.0,4900.0,-4968.0,-14788.0,839.0,-344.0,-32.0,-539.0,-1265.0,-276.0,32433.0,5554176.0,2244.0,2703.0,0.0
6039172000,0.010267686999779351,97392.9181929182,2213.0,2273.0,2281.0,1288.0,4912.0,-4912.0,-14780.0,821.0,-317.0,-15.0,-531.0,-1264.0,-279.0,32433.0,5554432.0,2249.0,2703.0,0.0
6039428000,0.010267686999779351,97392.9181929182,2222.0,2272.0,2279.0,1288.0,4860.0,-4912.0,-14760.0,834.0,-332.0,-12.0,-534.0,-1266.0,-275.0,32433.0,5554432.0,2252.0,2703.0,0.0
6039684000,0.010267686999779351,97392.9181929182,2181.0,2273.0,2281.0,1287.0,4896.0,-4904.0,-14732.0,873.0,-326.0,-24.0,-534.0,-1266.0,-275.0,32433.0,5554176.0,2228.0,2696.0,0.0
6039940000,0.010267686999779351,97392.9181929182,2192.0,2274.0,2280.0,1288.0,4892.0,-4904.0,-14788.0,844.0,-334.0,-12.0,-532.0,-1261.0,-278.0,32433.0,5554176.0,2242.0,2703.0,0.0
6040196000,0.010267686999779351,97392.9181929182,2204.0,2272.0,2279.0,1287.0,4916.0,-4884.0,-14820.0,859.0,-317.0,-14.0,-530.0,-1263.0,-283.0,32433.0,5553920.0,2248.0,2703.0,0.0
6040452000,0.010267686999779351,97392.9181929182,2222.0,2275.0,2279.0,1286.0,4920.0,-4856.0,-14804.0,866.0,-343.0,-12.0,-531.0,-1270.0,-278.0,32433.0,5553920.0,2251.0,2703.0,0.0
6040708000,0.010267686999779351,97392.9181929182,2182.0,2274.0,2276.0,1285.0,4928.0,-4836.0,-14800.0,843.0,-358.0,-23.0,-525.0,-1260.0,-280.0,32433.0,5554432.0,2228.0,2696.0,0.0
6040964000,0.010267686999779351,97392.9181929182,2196.0,2274.0,2276.0,1287.0,4920.0,-4868.0,-14836.0,842.0,-376.0,-14.0,-525.0,-1260.0,-280.0,32433.0,5554432.0,2243.0,2703.0,0.0
6041220000,0.010267686999779351,97392.9181929182,2213.0,2276.0,2275.0,1285.0,4916.0,-4876.0,-14808.0,817.0,-349.0,-35.0,-528.0,-1269.0,-280.0,32433.0,5554432.0,2249.0,2703.0,0.0
6041476000,0.010267686999779351,97392.9181929182,2222.0,2274.0,2279.0,1286.0,4948.0,-4844.0,-14788.0,836.0,-339.0,-34.0,-535.0,-1270.0,-284.0,32433.0,5554432.0,2252.0,2703.0,0.0
6041732000,0.010267686999779351,97392.9181929182,2182.0,2273.0,2277.0,1286.0,4932.0,-4888.0,-14816.0,845.0,-339.0,-25.0,-541.0,-1270.0,-272.0,32433.0,5554176.0,2228.0,2696.0,0.0
6041988000,0.010267686999779351,97392.9181929182,2175.0,2275.0,2280.0,1286.0,4912.0,-4904.0,-14796.0,856.0,-332.0,-39.0,-534.0,-1264.0,-278.0,32433.0,5554176.0,2236.0,2702.0,0.0
6042244000,0.010267686999779351,97392.9181929182,2194.0,2274.0,2277.0,1285.0,4940.0,-4880.0,-14772.0,838.0,-347.0,-20.0,-534.0,-1264.0,-278.0,32433.0,5554176.0,2245.0,2703.0,0.0
6042500000,0.010267686999779351,97392.9181929182,2204.0,2274.0,2278.0,1288.0,4944.0,-4848.0,-14776.0,851.0,-327.0,-23.0,-534.0,-1264.0,-285.0,32433.0,5554176.0,2245.0,2704.0,0.0
6042756000,0.010267686999779351,97392.9181929182,2180.0,2274.0,2279.0,1289.0,4912.0,-4900.0,-14764.0,828.0,-342.0,-8.0,-536.0,-1262.0,-274.0,32433.0,5554176.0,2232.0,2697.0,0.0
6043012000,0.010267686999779351,97392.9181929182,2191.0,2274.0,2280.0,1289.0,4924.0,-4932.0,-14780.0,824.0,-340.0,-33.0,-534.0,-1267.0,-282.0,32433.0,5554176.0,2244.0,2703.0,0.0
6043268000,0.010267686999779351,97392.9181929182,2199.0,2273.0,2282.0,1287.0,4912.0,-4912.0,-14772.0,807.0,-354.0,-27.0,-534.0,-1267.0,-282.0,32433.0,5554688.0,2243.0,2702.0,0.0
6043524000,0.010267686999779351,97392.9181929182,2214.0,2272.0,2281.0,1285.0,4840.0,-4912.0,-14820.0,819.0,-325.0,-27.0,-535.0,-1266.0,-274.0,32433.0,5554688.0,2249.0,2703.0,0.0
6043780000,0.010267481044650379,97394.8717948718,2182.0,2271.0,2280.0,1285.0,4824.0,-4980.0,-14784.0,806.0,-341.0,-29.0,-528.0,-1262.0,-276.0,32433.0,5554176.0,2227.0,2696.0,0.0
6044036000,0.010267686999779351,97392.9181929182,2191.0,2271.0,2280.0,1287.0,4844.0,-4928.0,-14780.0,804.0,-330.0,-26.0,-527.0,-1261.0,-281.0,32433.0,5554176.0,2242.0,2703.0,0.0
6044292000,0.010267686999779351,97392.9181929182,2194.0,2274.0,2281.0,1288.0,4888.0,-4896.0,-14768.0,833.0,-331.0,-19.0,-526.0,-1263.0,-272.0,32433.0,5553920.0,2241.0,2701.0,0.0
6044548000,0.010267686999779351,97392.9181929182,2195.0,2274.0,2279.0,1289.0,4900.0,-4916.0,-14784.0,839.0,-340.0,-23.0,-526.0,-1263.0,-272.0,32433.0,5553920.0,2241.0,2702.0,0.0
6044804000,0.010267686999779351,97392.9181929182,2177.0,2277.0,2279.0,1286.0,4972.0,-4868.0,-14884.0,845.0,-358.0,-29.0,-526.0,-1263.0,-280.0,32433.0,5553664.0,2232.0,2698.0,0.0
6045060000,0.010267686999779351,97392.9181929182,2186.0,2275.0,2277.0,1284.0,4980.0,-4832.0,-14808.0,879.0,-349.0,-34.0,-526.0,-1268.0,-274.0,32433.0,5553664.0,2239.0,2704.0,0.0
6045316000,0.010267686999779351,97392.9181929182,2192.0,2276.0,2276.0,1285.0,4932.0,-4856.0,-14812.0,850.0,-333.0,-44.0,-528.0,-1265.0,-280.0,32433.0,5554176.0,2242.0,2704.0,0.0
6045572000,0.010267686999779351,97392.9181929182,2196.0,2274.0,2278.0,1283.0,4940.0,-4824.0,-14872.0,828.0,-306.0,-27.0,-531.0,-1263.0,-278.0,32433.0,5554176.0,2242.0,2702.0,0.0
6045828000,0.010267686999779351,97392.9181929182,2173.0,2272.0,2275.0,1285.0,4972.0,-4860.0,-14808.0,811.0,-301.0,-24.0,-531.0,-1263.0,-278.0,32433.0,5554432.0,2229.0,2695.0,0.0
6046084000,0.010267686999779351,97392.9181929182,2193.0,2273.0,2278.0,1289.0,4960.0,-4896.0,-14816.0,801.0,-304.0,-6.0,-540.0,-1268.0,-280.0,32433.0,5554432.0,2243.0,2703.0,0.0
6046340000,0.010267686999779351,97392.9181929182,2209.0,2274.0,2280.0,1291.0,4876.0,-4904.0,-14736.0,801.0,-304.0,-6.0,-531.0,-1268.0,-282.0,32433.0,5553664.0,2249.0,2703.0,0.0
6046596000,0.010267686999779351,97392.9181929182,2225.0,2273.0,2279.0,1291.0,4900.0,-4936.0,-14764.0,830.0,-314.0,-3.0,-535.0,-1265.0,-281.0,32433.0,5553664.0,2251.0,2703.0,0.0
6046852000,0.010267686999779351,97392.9181929182,2196.0,2273.0,2280.0,1291.0,4912.0,-4944.0,-14756.0,847.0,-341.0,-17.0,-535.0,-1264.0,-278.0,32433.0,5554176.0,2233.0,2695.0,0.0
6047108000,0.010267686999779351,97392.9181929182,2190.0,2271.0,2278.0,1288.0,4860.0,-4928.0,-14796.0,875.0,-356.0,-51.0,-535.0,-1264.0,-278.0,32433.0,5554176.0,2238.0,2702.0,0.0
6047364000,0.010267686999779351,97392.9181929182,2209.0,2270.0,2278.0,1285.0,4836.0,-4872.0,-14744.0,866.0,-364.0,-61.0,-534.0,-1258.0,-275.0,32433.0,5553920.0,2247.0,2703.0,0.0
6047620000,0.010267481044650379,97394.8717948718,2220.0,2271.0,2278.0,1285.0,4852.0,-4916.0,-14780.0,870.0,-358.0,-44.0,-534.0,-1268.0,-279.0,32433.0,5553920.0,2250.0,2703.0,0.0
6047876000,0.010267481044650379,97394.8717948718,2180.0,2272.0,2281.0,1284.0,4856.0,-4924.0,-14872.0,847.0,-365.0,-53.0,-526.0,-1263.0,-276.0,32433.0,5554176.0,2228.0,2696.0,0.0
6048132000,0.010267686999779351,97392.9181929182,2178.0,2271.0,2283.0,1287.0,4832.0,-4916.0,-14840.0,844.0,-337.0,-56.0,-526.0,-1263.0,-276.0,32433.0,5554176.0,2235.0,2702.0,0.0
6048388000,0.010267686999779351,97392.9181929182,2187.0,2271.0,2281.0,1286.0,4868.0,-4924.0,-14840.0,867.0,-334.0,-36.0,-539.0,-1264.0,-283.0,32433.0,5554432.0,2239.0,2702.0,0.0
6048644000,0.010267686999779351,97392.9181929182,2207.0,2272.0,2281.0,1288.0,4896.0,-4948.0,-14800.0,887.0,-309.0,-32.0,-529.0,-1261.0,-282.0,32433.0,5554432.0,2247.0,2703.0,0.0
6048900000,0.010267686999779351,97392.9181929182,2187.0,2274.0,2280.0,1289.0,4856.0,-4876.0,-14712.0,923.0,-304.0,2.0,-527.0,-1263.0,-276.0,32433.0,5554176.0,2233.0,2697.0,0.0
6049156000,0.010267686999779351,97392.9181929182,2185.0,2273.0,2279.0,1290.0,4876.0,-4848.0,-14796.0,934.0,-306.0,-19.0,-532.0,-1265.0,-278.0,32433.0,5554176.0,2238.0,2702.0,0.0
6049412000,0.010267686999779351,97392.9181929182,2204.0,2274.0,2277.0,1290.0,4880.0,-4880.0,-14752.0,920.0,-322.0,-24.0,-532.0,-1265.0,-278.0,32433.0,5554432.0,2247.0,2703.0,0.0
6049668000,0.010267686999779351,97392.9181929182,2223.0,2273.0,2275.0,1290.0,4920.0,-4816.0,-14764.0,890.0,-320.0,-10.0,-536.0,-1269.0,-274.0,32433.0,5554432.0,2251.0,2703.0,0.0
6049924000,0.010267686999779351,97392.9181929182,2197.0,2274.0,2274.0,1290.0,4852.0,-4836.0,-14752.0,884.0,-325.0,-37.0,-537.0,-1266.0,-278.0,32433.0,5553920.0,2234.0,2697.0,0.0
6050180000,0.010267686999779351,97392.9181929182,2205.0,2275.0,2278.0,1286.0,4908.0,-4848.0,-14812.0,851.0,-339.0,-40.0,-537.0,-1263.0,-280.0,32433.0,5553920.0,2245.0,2703.0,0.0
6050436000,0.010267686999779351,97392.9181929182,2208.0,2274.0,2280.0,1285.0,4924.0,-4840.0,-14876.0,839.0,-357.0,-47.0,-538.0,-1262.0,-279.0,32433.0,5554176.0,2243.0,2702.0,0.0
6050692000,0.010267686999779351,97392.9181929182,2205.0,2274.0,2277.0,1285.0,4920.0,-4860.0,-14856.0,812.0,-359.0,-44.0,-538.0,-1262.0,-279.0,32433.0,5554176.0,2244.0,2704.0,0.0
6050948000,0.010267686999779351,97392.9181929182,2172.0,2275.0,2278.0,1287.0,4920.0,-4864.0,-14824.0,821.0,-362.0,-35.0,-530.0,-1264.0,-281.0,32433.0,5554432.0,2225.0,2696.0,0.0
6051204000,0.010267686999779351,97392.9181929182,2184.0,2276.0,2278.0,1285.0,4948.0,-4848.0,-14828.0,841.0,-344.0,-36.0,-531.0,-1259.0,-282.0,32433.0,5554432.0,2241.0,2703.0,0.0
6051460000,0.010267686999779351,97392.9181929182,2200.0,2275.0,2277.0,1285.0,4912.0,-4852.0,-14816.0,854.0,-338.0,-18.0,-529.0,-1264.0,-284.0,32433.0,5554176.0,2248.0,2703.0,0.0
6051716000,0.010267481044650379,97394.8717948718,2204.0,2274.0,2277.0,1282.0,4928.0,-4852.0,-14824.0,863.0,-320.0,-18.0,-531.0,-1264.0,-280.0,32433.0,5554176.0,2245.0,2702.0,0.0
6051972000,0.010267481044650379,97394.8717948718,2171.0,2274.0,2277.0,1287.0,4868.0,-4816.0,-14816.0,832.0,-326.0,-11.0,-531.0,-1264.0,-280.0,32433.0,5553920.0,2225.0,2696.0,0.0
6052228000,0.010267686999779351,97392.9181929182,2185.0,2274.0,2277.0,1288.0,4888.0,-4836.0,-14792.0,831.0,-317.0,-26.0,-530.0,-1265.0,-281.0,32433.0,5553920.0,2241.0,2703.0,0.0
6052484000,0.010267686999779351,97392.9181929182,2192.0,2274.0,2278.0,1288.0,4864.0,-4908.0,-14796.0,849.0,-351.0,-5.0,-529.0,-1267.0,-279.0,32433.0,5554432.0,2242.0,2702.0,0.0
6052740000,0.010267686999779351,97392.9181929182,2204.0,2271.0,2276.0,1287.0,4868.0,-4852.0,-14864.0,863.0,-325.0,-12.0,-530.0,-1269.0,-277.0,32433.0,5554432.0,2248.0,2703.0,0.0
6052996000,0.010267686999779351,97392.9181929182,2175.0,2270.0,2277.0,1287.0,4848.0,-4864.0,-14836.0,856.0,-330.0,-7.0,-537.0,-1265.0,-274.0,32433.0,5555200.0,2227.0,2696.0,0.0
6053252000,0.010267686999779351,97392.9181929182,2188.0,2272.0,2276.0,1287.0,4828.0,-4864.0,-14780.0,841.0,-327.0,-19.0,-537.0,-1265.0,-274.0,32433.0,5555200.0,2242.0,2703.0,0.0
6053508000,0.010267686999779351,97392.9181929182,2203.0,2272.0,2278.0,1284.0,4848.0,-4844.0,-14840.0,841.0,-330.0,-27.0,-532.0,-1264.0,-279.0,32433.0,5554432.0,2248.0,2703.0,0.0
6053764000,0.010267686999779351,97392.9181929182,2221.0,2270.0,2277.0,1286.0,4796.0,-4836.0,-14804.0,819.0,-352.0,-16.0,-533.0,-1264.0,-279.0,32433.0,5554432.0,2251.0,2703.0,0.0
6054020000,0.010267686999779351,97392.9181929182,2182.0,2270.0,2277.0,1286.0,4800.0,-4880.0,-14824.0,801.0,-355.0,-23.0,-538.0,-1269.0,-275.0,32433.0,5553920.0,2228.0,2696.0,0.0
6054276000,0.010267481044650379,97394.8717948718,2179.0,2272.0,2280.0,1285.0,4832.0,-4888.0,-14852.0,785.0,-346.0,-23.0,-538.0,-1269.0,-275.0,32433.0,5553920.0,2235.0,2702.0,0.0
6054532000,0.010267686999779351,97392.9181929182,2197.0,2271.0,2280.0,1287.0,4848.0,-4912.0,-14812.0,803.0,-340.0,0.0,-535.0,-1268.0,-278.0,32433.0,5554176.0,2246.0,2703.0,0.0
6054788000,0.010267686999779351,97392.9181929182,2214.0,2271.0,2280.0,1286.0,4884.0,-4896.0,-14836.0,818.0,-337.0,-18.0,-529.0,-1263.0,-275.0,32433.0,5554176.0,2250.0,2703.0,0.0
6055044000,0.010267686999779351,97392.9181929182,2178.0,2273.0,2280.0,1286.0,4880.0,-4852.0,-14836.0,840.0,-338.0,-12.0,-529.0,-1264.0,-276.0,32433.0,5553920.0,2228.0,2696.0,0.0
6055300000,0.010267686999779351,97392.9181929182,2188.0,2272.0,2279.0,1287.0,4896.0,-4868.0,-14832.0,823.0,-326.0,-16.0,-524.0,-1261.0,-283.0,32433.0,5553920.0,2242.0,2703.0,0.0
6055556000,0.010267686999779351,97392.9181929182,2193.0,2274.0,2278.0,1286.0,4908.0,-4868.0,-14808.0,851.0,-322.0,-11.0,-524.0,-1261.0,-283.0,32433.0,5553920.0,2242.0,2702.0,0.0
6055812000,0.010267686999779351,97392.9181929182,2164.0,2272.0,2277.0,1289.0,4896.0,-4828.0,-14832.0,853.0,-330.0,-25.0,-526.0,-1265.0,-280.0,32433.0,5553920.0,2450.0,2685.0,0.0
6056068000,0.010267686999779351,97392.9181929182,2108.0,2273.0,2276.0,1291.0,4612.0,-4616.0,-14820.0,874.0,-313.0,-20.0,-529.0,-1266.0,-282.0,32433.0,5553920.0,2318.0,2696.0,0.0
6056324000,0.010267686999779351,97392.9181929182,2219.0,2273.0,2277.0,1286.0,4868.0,-4820.0,-14840.0,861.0,-317.0,-20.0,-528.0,-1267.0,-277.0,32433.0,5553920.0,2284.0,2703.0,0.0
6056580000,0.010267686999779351,97392.9181929182,2237.0,2273.0,2275.0,1290.0,4900.0,-4832.0,-14796.0,817.0,-328.0,-42.0,-532.0,-1261.0,-279.0,32433.0,5553664.0,2260.0,2701.0,0.0
6056836000,0.010267686999779351,97392.9181929182,2248.0,2273.0,2275.0,1289.0,4876.0,-4860.0,-14816.0,815.0,-326.0,-48.0,-532.0,-1261.0,-279.0,32433.0,5553664.0,2257.0,2703.0,0.0
6057092000,0.010267686999779351,97392.9181929182,2209.0,2273.0,2277.0,1287.0,4908.0,-4848.0,-14788.0,796.0,-353.0,-34.0,-535.0,-1261.0,-275.0,32433.0,5554176.0,2231.0,2696.0,0.0
6057348000,0.010267686999779351,97392.9181929182,2207.0,2273.0,2278.0,1288.0,4908.0,-4856.0,-14844.0,779.0,-336.0,-25.0,-531.0,-1259.0,-281.0,32433.0,5554176.0,2244.0,2703.0,0.0
6057604000,0.010267686999779351,97392.9181929182,2217.0,2275.0,2280.0,1286.0,4872.0,-4936.0,-14784.0,820.0,-338.0,-17.0,-536.0,-1263.0,-278.0,32433.0,5553664.0,2249.0,2703.0,0.0
6057860000,0.010267686999779351,97392.9181929182,2214.0,2275.0,2279.0,1286.0,4900.0,-4900.0,-14848.0,810.0,-349.0,-40.0,-529.0,-1265.0,-279.0,32433.0,5553664.0,2245.0,2702.0,0.0
6058116000,0.010267686999779351,97392.9181929182,2166.0,2274.0,2280.0,1285.0,4920.0,-4924.0,-14824.0,849.0,-328.0,-18.0,-529.0,-1265.0,-279.0,32433.0,5553920.0,2445.0,2684.0,0.0
6058372000,0.010267686999779351,97392.9181929182,2152.0,2273.0,2281.0,1285.0,4872.0,-4892.0,-14868.0,834.0,-327.0,-15.0,-552.0,-1262.0,-278.0,32433.0,5553920.0,2340.0,2703.0,0.0
6058628000,0.010267686999779351,97392.9181929182,2255.0,2275.0,2279.0,1287.0,4848.0,-4884.0,-14808.0,830.0,-323.0,-3.0,-527.0,-1265.0,-280.0,32433.0,5554432.0,2289.0,2704.0,0.0
6058884000,0.010267686999779351,97392.9181929182,2277.0,2272.0,2278.0,1288.0,4848.0,-4884.0,-14792.0,843.0,-337.0,-12.0,-528.0,-1262.0,-280.0,32433.0,5554432.0,2270.0,2703.0,0.0
6059140000,0.010267686999779351,97392.9181929182,2240.0,2272.0,2279.0,1285.0,4848.0,-4916.0,-14836.0,853.0,-321.0,-12.0,-528.0,-1262.0,-280.0,32433.0,5554176.0,2242.0,2695.0,0.0
6059396000,0.010267686999779351,97392.9181929182,2224.0,2273.0,2280.0,1290.0,4836.0,-4872.0,-14780.0,858.0,-313.0,-7.0,-525.0,-1268.0,-279.0,32433.0,5554176.0,2242.0,2702.0,0.0
6059652000,0.010267686999779351,97392.9181929182,2222.0,2273.0,2278.0,1287.0,4888.0,-4872.0,-14740.0,834.0,-325.0,-5.0,-525.0,-1261.0,-280.0,32433.0,5554688.0,2248.0,2703.0,0.0
6059908000,0.010267686999779351,97392.9181929182,2232.0,2274.0,2276.0,1290.0,4844.0,-4836.0,-14764.0,842.0,-340.0,-24.0,-529.0,-1268.0,-271.0,32433.0,5554688.0,2251.0,2703.0,0.0
6060164000,0.010267686999779351,97392.9181929182,2200.0,2273.0,2278.0,1286.0,4824.0,-4824.0,-14792.0,817.0,-331.0,-18.0,-530.0,-1263.0,-278.0,32433.0,5555200.0,2233.0,2695.0,0.0
6060420000,0.010267481044650379,97394.8717948718,2200.0,2272.0,2276.0,1286.0,4908.0,-4832.0,-14828.0,820.0,-341.0,-41.0,-530.0,-1263.0,-278.0,32433.0,5555200.0,2244.0,2703.0,0.0
6060676000,0.010267686999779351,97392.9181929182,2207.0,2274.0,2276.0,1284.0,4880.0,-4872.0,-14880.0,820.0,-332.0,-37.0,-534.0,-1262.0,-282.0,32433.0,5554176.0,2243.0,2702.0,0.0
6060932000,0.010267686999779351,97392.9181929182,2218.0,2273.0,2278.0,1285.0,4852.0,-4856.0,-14804.0,814.0,-323.0,-37.0,-528.0,-1258.0,-275.0,32433.0,5554176.0,2249.0,2703.0,0.0
6061188000,0.010267686999779351,97392.9181929182,2184.0,2272.0,2278.0,1286.0,4896.0,-4852.0,-14812.0,831.0,-332.0,-28.0,-531.0,-1262.0,-282.0,32433.0,5554432.0,2227.0,2696.0,0.0
6061444000,0.010267686999779351,97392.9181929182,2190.0,2274.0,2278.0,1284.0,4880.0,-4852.0,-14908.0,833.0,-349.0,-29.0,-536.0,-1269.0,-277.0,32433.0,5554432.0,2241.0,2703.0,0.0
6061700000,0.010267686999779351,97392.9181929182,2195.0,2274.0,2278.0,1284.0,4904.0,-4872.0,-14892.0,821.0,-327.0,-5.0,-536.0,-1269.0,-277.0,32433.0,5555200.0,2242.0,2702.0,0.0
6061956000,0.010267686999779351,97392.9181929182,2207.0,2275.0,2278.0,1286.0,4888.0,-4852.0,-14832.0,846.0,-325.0,-19.0,-530.0,-1268.0,-281.0,32433.0,5555200.0,2248.0,2703.0,0.0
6062212000,0.010267686999779351,97392.9181929182,2162.0,2274.0,2279.0,1285.0,4928.0,-4856.0,-14808.0,836.0,-306.0,-9.0,-535.0,-1264.0,-275.0,32433.0,5554176.0,2446.0,2684.0,0.0
6062468000,0.010267481044650379,97394.8717948718,2154.0,2272.0,2276.0,1286.0,4896.0,-4856.0,-14784.0,846.0,-307.0,-26.0,-529.0,-1264.0,-282.0,32433.0,5554176.0,2341.0,2703.0,0.0
6062724000,0.010267481044650379,97394.8717948718,2254.0,2273.0,2277.0,1286.0,4936.0,-4876.0,-14832.0,839.0,-293.0,-35.0,-527.0,-1261.0,-274.0,32433.0,5554176.0,2287.0,2702.0,0.0
6062980000,0.010267481044650379,97394.8717948718,2277.0,2273.0,2276.0,1287.0,4920.0,-4836.0,-14804.0,826.0,-298.0,-14.0,-527.0,-1261.0,-274.0,32433.0,5554176.0,2269.0,2703.0,0.0
6063236000,0.010267481044650379,97394.8717948718,2242.0,2273.0,2276.0,1288.0,4872.0,-4864.0,-14748.0,826.0,-298.0,-14.0,-535.0,-1269.0,-283.0,32433.0,5554432.0,2242.0,2695.0,0.0
6063492000,0.010267686999779351,97392.9181929182,2232.0,2271.0,2281.0,1290.0,4876.0,-4880.0,-14728.0,813.0,-300.0,-24.0,-524.0,-1268.0,-275.0,32433.0,5554432.0,2248.0,2703.0,0.0
6063748000,0.010267686999779351,97392.9181929182,2237.0,2274.0,2280.0,1292.0,4884.0,-4900.0,-14744.0,795.0,-338.0,-18.0,-528.0,-1265.0,-283.0,32433.0,5555200.0,2251.0,2703.0,0.0
6064004000,0.010267686999779351,97392.9181929182,2226.0,2273.0,2282.0,1290.0,4884.0,-4920.0,-14728.0,805.0,-330.0,-25.0,-528.0,-1265.0,-283.0,32433.0,5555200.0,2246.0,2702.0,0.0
6064260000,0.010267686999779351,97392.9181929182,2178.0,2272.0,2280.0,1292.0,4916.0,-4868.0,-14728.0,843.0,-344.0,-37.0,-530.0,-1273.0,-276.0,32433.0,5553920.0,2224.0,2694.0,0.0
6064516000,0.010267686999779351,97392.9181929182,2188.0,2272.0,2280.0,1288.0,4944.0,-4912.0,-14720.0,844.0,-384.0,-37.0,-540.0,-1261.0,-277.0,32433.0,5553920.0,2241.0,2703.0,0.0
6064772000,0.010267686999779351,97392.9181929182,2202.0,2274.0,2279.0,1286.0,4908.0,-4868.0,-14816.0,849.0,-380.0,-38.0,-532.0,-1261.0,-277.0,32433.0,5554176.0,2248.0,2703.0,0.0
6065028000,0.010267686999779351,97392.9181929182,2221.0,2273.0,2277.0,1284.0,4928.0,-4892.0,-14836.0,843.0,-379.0,-29.0,-537.0,-1260.0,-282.0,32433.0,5554176.0,2251.0,2703.0,0.0
6065284000,0.010267686999779351,97392.9181929182,2193.0,2273.0,2278.0,1284.0,4880.0,-4876.0,-14944.0,815.0,-357.0,-40.0,-537.0,-1260.0,-282.0,32433.0,5554176.0,2233.0,2695.0,0.0
6065540000,0.010267686999779351,97392.9181929182,2199.0,2272.0,2280.0,1284.0,4928.0,-4900.0,-14844.0,829.0,-340.0,-35.0,-536.0,-1270.0,-280.0,32433.0,5554176.0,2244.0,2703.0,0.0
6065796000,0.010267686999779351,97392.9181929182,2214.0,2273.0,2281.0,1282.0,4908.0,-4968.0,-14864.0,788.0,-340.0,-30.0,-533.0,-1265.0,-280.0,32433.0,5554432.0,2250.0,2703.0,0.0
6066052000,0.010267686999779351,97392.9181929182,2223.0,2274.0,2283.0,1285.0,4884.0,-4948.0,-14896.0,801.0,-298.0,-18.0,-527.0,-1262.0,-282.0,32433.0,5554432.0,2252.0,2703.0,0.0
6066308000,0.010267686999779351,97392.9181929182,2179.0,2273.0,2282.0,1287.0,4916.0,-4952.0,-14840.0,859.0,-292.0,-29.0,-521.0,-1266.0,-277.0,32433.0,5554688.0,2225.0,2693.0,0.0
6066564000,0.010267686999779351,97392.9181929182,2188.0,2274.0,2278.0,1288.0,4912.0,-4884.0,-14800.0,895.0,-293.0,-16.0,-521.0,-1266.0,-277.0,32433.0,5554688.0,2241.0,2703.0,0.0
6066820000,0.010267686999779351,97392.9181929182,2204.0,2273.0,2274.0,1288.0,4912.0,-4824.0,-14792.0,936.0,-306.0,-12.0,-526.0,-1265.0,-280.0,32433.0,5554176.0,2248.0,2703.0,0.0
6067076000,0.010267481044650379,97394.8717948718,2210.0,2273.0,2271.0,1289.0,4888.0,-4792.0,-14720.0,917.0,-308.0,-15.0,-525.0,-1265.0,-279.0,32433.0,5554176.0,2246.0,2704.0,0.0
6067332000,0.010267686999779351,97392.9181929182,2168.0,2274.0,2271.0,1289.0,4916.0,-4756.0,-14736.0,872.0,-333.0,-19.0,-533.0,-1265.0,-279.0,32433.0,5553664.0,2224.0,2694.0,0.0
6067588000,0.010267481044650379,97394.8717948718,2175.0,2272.0,2274.0,1290.0,4908.0,-4832.0,-14744.0,812.0,-357.0,-24.0,-535.0,-1257.0,-282.0,32433.0,5553664.0,2240.0,2703.0,0.0
6067844000,0.010267686999779351,97392.9181929182,2200.0,2274.0,2275.0,1290.0,4924.0,-4828.0,-14768.0,793.0,-369.0,-20.0,-535.0,-1257.0,-282.0,32433.0,5554176.0,2247.0,2703.0,0.0
6068100000,0.010267686999779351,97392.9181929182,2221.0,2273.0,2278.0,1286.0,4916.0,-4888.0,-14816.0,763.0,-351.0,-42.0,-527.0,-1264.0,-277.0,32433.0,5554176.0,2251.0,2703.0,0.0
6068356000,0.010267686999779351,97392.9181929182,2180.0,2272.0,2278.0,1283.0,4896.0,-4908.0,-14800.0,783.0,-364.0,-35.0,-538.0,-1260.0,-279.0,32433.0,5554688.0,2226.0,2694.0,0.0
6068612000,0.010267686999779351,97392.9181929182,2190.0,2274.0,2280.0,1285.0,4904.0,-4904.0,-14856.0,800.0,-341.0,-32.0,-532.0,-1267.0,-283.0,32433.0,5554688.0,2242.0,2703.0,0.0
6068868000,0.010267686999779351,97392.9181929182,2202.0,2275.0,2280.0,1283.0,4932.0,-4920.0,-14844.0,828.0,-336.0,-42.0,-532.0,-1267.0,-283.0,32433.0,5553920.0,2248.0,2703.0,0.0
6069124000,0.010267686999779351,97392.9181929182,2222.0,2273.0,2277.0,1284.0,4936.0,-4892.0,-14824.0,817.0,-310.0,-29.0,-534.0,-1265.0,-282.0,32433.0,5553920.0,2251.0,2703.0,0.0
6069380000,0.010267686999779351,97392.9181929182,2195.0,2275.0,2279.0,1286.0,4900.0,-4904.0,-14816.0,818.0,-325.0,-33.0,-536.0,-1265.0,-277.0,32433.0,5554176.0,2233.0,2695.0,0.0
6069636000,0.010267686999779351,97392.9181929182,2190.0,2273.0,2279.0,1286.0,4944.0,-4904.0,-14836.0,847.0,-276.0,-31.0,-526.0,-1271.0,-275.0,32433.0,5554176.0,2238.0,2703.0,0.0
6069892000,0.010267686999779351,97392.9181929182,2202.0,2273.0,2278.0,1286.0,4904.0,-4888.0,-14784.0,834.0,-304.0,-3.0,-531.0,-1259.0,-276.0,32433.0,5554432.0,2246.0,2703.0,0.0
6070148000,0.010267686999779351,97392.9181929182,2206.0,2272.0,2278.0,1288.0,4928.0,-4892.0,-14800.0,823.0,-283.0,-27.0,-531.0,-1259.0,-276.0,32433.0,5554432.0,2245.0,2704.0,0.0
6070404000,0.010267686999779351,97392.9181929182,2168.0,2273.0,2279.0,1289.0,4896.0,-4872.0,-14828.0,821.0,-303.0,-22.0,-521.0,-1266.0,-281.0,32433.0,5554176.0,2224.0,2694.0,0.0
6070660000,0.010267481044650379,97394.8717948718,2173.0,2272.0,2281.0,1288.0,4908.0,-4912.0,-14764.0,804.0,-305.0,-22.0,-528.0,-1264.0,-279.0,32433.0,5554176.0,2235.0,2704.0,0.0
6070916000,0.010267686999779351,97392.9181929182,2192.0,2273.0,2280.0,1291.0,4912.0,-4936.0,-14760.0,819.0,-311.0,-4.0,-532.0,-1259.0,-273.0,32433.0,5554176.0,2245.0,2703.0,0.0
6071172000,0.010267686999779351,97392.9181929182,2209.0,2275.0,2279.0,1291.0,4884.0,-4916.0,-14704.0,819.0,-326.0,-18.0,-532.0,-1268.0,-277.0,32433.0,5554176.0,2250.0,2703.0,0.0
6071428000,0.010267686999779351,97392.9181929182,2167.0,2276.0,2276.0,1293.0,4924.0,-4900.0,-14752.0,836.0,-355.0,-34.0,-532.0,-1268.0,-277.0,32433.0,5554432.0,2224.0,2693.0,0.0
6071684000,0.010267686999779351,97392.9181929182,2184.0,2274.0,2274.0,1291.0,4976.0,-4876.0,-14784.0,818.0,-350.0,-37.0,-538.0,-1267.0,-285.0,32433.0,5554432.0,2241.0,2703.0,0.0
6071940000,0.010267481044650379,97394.8717948718,2197.0,2275.0,2276.0,1287.0,4944.0,-4844.0,-14792.0,836.0,-356.0,-44.0,-535.0,-1267.0,-279.0,32433.0,5554176.0,2243.0,2704.0,0.0
6072196000,0.010267686999779351,97392.9181929182,2211.0,2275.0,2276.0,1285.0,4932.0,-4828.0,-14816.0,826.0,-347.0,-51.0,-542.0,-1269.0,-274.0,32433.0,5554176.0,2249.0,2703.0,0.0
6072452000,0.010267481044650379,97394.8717948718,2174.0,2276.0,2277.0,1281.0,4924.0,-4880.0,-14860.0,785.0,-325.0,-30.0,-532.0,-1264.0,-277.0,32433.0,5554176.0,2225.0,2694.0,0.0
6072708000,0.010267686999779351,97392.9181929182,2186.0,2274.0,2279.0,1280.0,4920.0,-4916.0,-14884.0,769.0,-308.0,-21.0,-532.0,-1264.0,-277.0,32433.0,5554176.0,2241.0,2703.0,0.0
6072964000,0.010267686999779351,97392.9181929182,2202.0,2274.0,2282.0,1283.0,4932.0,-4948.0,-14876.0,790.0,-306.0,-11.0,-534.0,-1256.0,-281.0,32440.0,5554176.0,2248.0,2703.0,0.0
6073220000,0.010267686999779351,97392.9181929182,2221.0,2274.0,2283.0,1286.0,4904.0,-4964.0,-14820.0,832.0,-300.0,-18.0,-528.0,-1269.0,-275.0,32440.0,5554176.0,2251.0,2703.0,0.0
6073476000,0.010267686999779351,97392.9181929182,2179.0,2273.0,2281.0,1287.0,4928.0,-4964.0,-14792.0,866.0,-302.0,-13.0,-529.0,-1260.0,-285.0,32440.0,5554176.0,2225.0,2693.0,0.0
6073732000,0.010267686999779351,97392.9181929182,2187.0,2275.0,2280.0,1288.0,4924.0,-4924.0,-14800.0,899.0,-317.0,-19.0,-529.0,-1260.0,-285.0,32440.0,5554176.0,2241.0,2703.0,0.0
6073988000,0.010267686999779351,97392.9181929182,2202.0,2273.0,2278.0,1289.0,4916.0,-4872.0,-14736.0,898.0,-340.0,-35.0,-526.0,-1263.0,-279.0,32440.0,5554176.0,2248.0,2703.0,0.0
6074244000,0.010267686999779351,97392.9181929182,2209.0,2272.0,2277.0,1289.0,4904.0,-4864.0,-14720.0,897.0,-351.0,-28.0,-520.0,-1264.0,-282.0,32440.0,5554176.0,2246.0,2704.0,0.0
6074500000,0.010267686999779351,97392.9181929182,2151.0,2271.0,2278.0,1287.0,4852.0,-4876.0,-14780.0,891.0,-365.0,-25.0,-534.0,-1260.0,-279.0,32440.0,5554176.0,2216.0,2692.0,0.0
6074756000,0.010267686999779351,97392.9181929182,2151.0,2270.0,2277.0,1285.0,4848.0,-4852.0,-14796.0,839.0,-352.0,-50.0,-533.0,-1264.0,-282.0,32440.0,5554176.0,2230.0,2702.0,0.0
6075012000,0.010267481044650379,97394.8717948718,2159.0,2271.0,2278.0,1286.0,4884.0,-4892.0,-14824.0,837.0,-331.0,-53.0,-533.0,-1264.0,-282.0,32440.0,5554432.0,2236.0,2702.0,0.0
6075268000,0.010267686999779351,97392.9181929182,2178.0,2273.0,2280.0,1286.0,4860.0,-4896.0,-14832.0,853.0,-333.0,-27.0,-540.0,-1266.0,-275.0,32440.0,5554432.0,2241.0,2704.0,0.0
6075524000,0.010267686999779351,97392.9181929182,2144.0,2271.0,2279.0,1286.0,4844.0,-4900.0,-14732.0,849.0,-332.0,-18.0,-533.0,-1263.0,-279.0,32440.0,5554176.0,2220.0,2693.0,0.0
6075780000,0.010267686999779351,97392.9181929182,2168.0,2272.0,2280.0,1287.0,4868.0,-4852.0,-14732.0,842.0,-321.0,-19.0,-541.0,-1263.0,-282.0,32440.0,5554176.0,2239.0,2703.0,0.0
6076036000,0.010267686999779351,97392.9181929182,2194.0,2273.0,2280.0,1290.0,4868.0,-4940.0,-14740.0,849.0,-349.0,-23.0,-531.0,-1265.0,-273.0,32440.0,5554176.0,2247.0,2703.0,0.0
6076292000,0.010267481044650379,97394.8717948718,2197.0,2273.0,2280.0,1289.0,4896.0,-4908.0,-14772.0,860.0,-339.0,-26.0,-531.0,-1265.0,-273.0,32440.0,5554176.0,2244.0,2702.0,0.0
6076548000,0.010267686999779351,97392.9181929182,2161.0,2272.0,2281.0,1289.0,4940.0,-4912.0,-14768.0,902.0,-354.0,-36.0,-553.0,-1263.0,-280.0,32440.0,5554176.0,2222.0,2693.0,0.0
6076804000,0.010267481044650379,97394.8717948718,2173.0,2273.0,2278.0,1289.0,4920.0,-4912.0,-14728.0,878.0,-348.0,-32.0,-527.0,-1264.0,-279.0,32440.0,5554176.0,2240.0,2703.0,0.0
6077060000,0.010267686999779351,97392.9181929182,2198.0,2276.0,2278.0,1288.0,4964.0,-4888.0,-14820.0,857.0,-333.0,-15.0,-523.0,-1259.0,-277.0,32440.0,5554432.0,2247.0,2703.0,0.0
6077316000,0.010267481044650379,97394.8717948718,2217.0,2276.0,2276.0,1283.0,4988.0,-4852.0,-14840.0,850.0,-319.0,-32.0,-521.0,-1266.0,-279.0,32440.0,5554432.0,2251.0,2703.0,0.0
6077572000,0.010267686999779351,97392.9181929182,2178.0,2275.0,2276.0,1284.0,4988.0,-4876.0,-14864.0,855.0,-319.0,-30.0,-521.0,-1266.0,-279.0,32440.0,5553920.0,2225.0,2693.0,0.0
6077828000,0.010267686999779351,97392.9181929182,2188.0,2278.0,2277.0,1285.0,4924.0,-4836.0,-14824.0,836.0,-298.0,-21.0,-527.0,-1265.0,-285.0,32440.0,5553920.0,2241.0,2703.0,0.0
6078084000,0.010267481044650379,97394.8717948718,2202.0,2276.0,2277.0,1286.0,4932.0,-4836.0,-14828.0,865.0,-307.0,-33.0,-526.0,-1271.0,-276.0,32440.0,5554432.0,2248.0,2703.0,0.0
6078340000,0.010267686999779351,97392.9181929182,2221.0,2278.0,2275.0,1288.0,4960.0,-4812.0,-14612.0,860.0,-326.0,-12.0,-528.0,-1263.0,-277.0,32440.0,5554432.0,2251.0,2703.0,0.0
6078596000,0.010267481044650379,97394.8717948718,2168.0,2276.0,2274.0,1289.0,4940.0,-4788.0,-14832.0,857.0,-313.0,-11.0,-534.0,-1263.0,-278.0,32440.0,5554176.0,2219.0,2692.0,0.0
6078852000,0.010267686999779351,97392.9181929182,2177.0,2275.0,2274.0,1289.0,4924.0,-4796.0,-14780.0,817.0,-315.0,11.0,-534.0,-1263.0,-278.0,32440.0,5554176.0,2238.0,2703.0,0.0
6079108000,0.010267686999779351,97392.9181929182,2195.0,2276.0,2275.0,1289.0,4924.0,-4772.0,-14740.0,821.0,-336.0,3.0,-536.0,-1267.0,-284.0,32440.0,5554432.0,2246.0,2703.0,0.0
6079364000,0.010267686999779351,97392.9181929182,2204.0,2274.0,2276.0,1287.0,4924.0,-4856.0,-14796.0,815.0,-347.0,-4.0,-537.0,-1269.0,-280.0,32440.0,5554432.0,2245.0,2704.0,0.0
6079620000,0.010267481044650379,97394.8717948718,2162.0,2274.0,2277.0,1288.0,4896.0,-4856.0,-14824.0,832.0,-344.0,-34.0,-539.0,-1260.0,-280.0,32440.0,5555200.0,2221.0,2691.0,0.0
6079876000,0.010267686999779351,97392.9181929182,2176.0,2274.0,2281.0,1288.0,4880.0,-4928.0,-14836.0,829.0,-362.0,-28.0,-539.0,-1260.0,-280.0,32440.0,5555200.0,2239.0,2703.0,0.0
6080132000,0.010267686999779351,97392.9181929182,2201.0,2272.0,2280.0,1289.0,4876.0,-4904.0,-14804.0,842.0,-385.0,-27.0,-533.0,-1266.0,-279.0,32440.0,5553664.0,2247.0,2703.0,0.0
6080388000,0.010267686999779351,97392.9181929182,2221.0,2272.0,2277.0,1288.0,4824.0,-4880.0,-14796.0,842.0,-385.0,-27.0,-533.0,-1269.0,-282.0,32440.0,5553664.0,2251.0,2703.0,0.0
6080644000,0.010267686999779351,97392.9181929182,2164.0,2272.0,2280.0,1285.0,4824.0,-4912.0,-14864.0,841.0,-357.0,-29.0,-530.0,-1265.0,-277.0,32440.0,5553920.0,2218.0,2692.0,0.0
6080900000,0.010267481044650379,97394.8717948718,2163.0,2272.0,2280.0,1284.0,4864.0,-4916.0,-14852.0,834.0,-350.0,-22.0,-531.0,-1264.0,-274.0,32440.0,5553920.0,2231.0,2702.0,0.0
6081156000,0.010267686999779351,97392.9181929182,2180.0,2271.0,2278.0,1289.0,4820.0,-4912.0,-14868.0,831.0,-349.0,3.0,-531.0,-1264.0,-274.0,32440.0,5553920.0,2244.0,2703.0,0.0
6081412000,0.010267686999779351,97392.9181929182,2196.0,2270.0,2279.0,1290.0,4828.0,-4924.0,-14800.0,816.0,-334.0,-11.0,-523.0,-1269.0,-282.0,32440.0,5553920.0,2243.0,2702.0,0.0
6081668000,0.010267686999779351,97392.9181929182,2148.0,2272.0,2278.0,1289.0,4872.0,-4900.0,-14780.0,841.0,-318.0,7.0,-533.0,-1266.0,-281.0,32440.0,5553920.0,2215.0,2692.0,0.0
6081924000,0.010267686999779351,97392.9181929182,2159.0,2272.0,2277.0,1288.0,4836.0,-4916.0,-14812.0,847.0,-316.0,-2.0,-530.0,-1266.0,-276.0,32440.0,5553920.0,2236.0,2703.0,0.0
6082180000,0.010267481044650379,97394.8717948718,2174.0,2272.0,2278.0,1287.0,4864.0,-4844.0,-14808.0,858.0,-320.0,-31.0,-532.0,-1272.0,-282.0,32440.0,5554432.0,2239.0,2702.0,0.0
6082436000,0.010267686999779351,97392.9181929182,2199.0,2274.0,2277.0,1290.0,4652.0,-4836.0,-14816.0,857.0,-315.0,-16.0,-532.0,-1272.0,-282.0,32440.0,5554432.0,2247.0,2703.0,0.0
6082692000,0.010267481044650379,97394.8717948718,2162.0,2274.0,2276.0,1288.0,4872.0,-4828.0,-14772.0,816.0,-334.0,-34.0,-533.0,-1261.0,-284.0,32440.0,5554176.0,2222.0,2691.0,0.0
6082948000,0.010267686999779351,97392.9181929182,2177.0,2274.0,2277.0,1287.0,4900.0,-4856.0,-14832.0,832.0,-322.0,-41.0,-535.0,-1268.0,-275.0,32440.0,5554176.0,2239.0,2703.0,0.0
6083204000,0.010267686999779351,97392.9181929182,2200.0,2274.0,2279.0,1287.0,4928.0,-4832.0,-14908.0,810.0,-343.0,-42.0,-536.0,-1267.0,-277.0,32440.0,5553920.0,2247.0,2703.0,0.0
6083460000,0.010267686999779351,97392.9181929182,2219.0,2276.0,2278.0,1286.0,4908.0,-4864.0,-14892.0,833.0,-333.0,-44.0,-538.0,-1261.0,-276.0,32440.0,5553920.0,2251.0,2703.0,0.0
6083716000,0.010267686999779351,97392.9181929182,2177.0,2275.0,2276.0,1285.0,4912.0,-4836.0,-14848.0,826.0,-333.0,-27.0,-538.0,-1261.0,-276.0,32440.0,5554176.0,2223.0,2691.0,0.0
6083972000,0.010267686999779351,97392.9181929182,2183.0,2275.0,2278.0,1285.0,4956.0,-4836.0,-14844.0,810.0,-348.0,-36.0,-531.0,-1271.0,-285.0,32440.0,5554176.0,2240.0,2703.0,0.0
6084228000,0.010267481044650379,97394.8717948718,2199.0,2276.0,2277.0,1283.0,4912.0,-4856.0,-14856.0,809.0,-337.0,-15.0,-535.0,-1263.0,-282.0,32440.0,5555456.0,2248.0,2703.0,0.0
6084484000,0.010267686999779351,97392.9181929182,2219.0,2275.0,2278.0,1286.0,4896.0,-4832.0,-14832.0,817.0,-318.0,8.0,-533.0,-1267.0,-278.0,32440.0,5555456.0,2251.0,2703.0,0.0
6084740000,0.010267686999779351,97392.9181929182,2175.0,2275.0,2279.0,1285.0,4892.0,-4876.0,-14816.0,808.0,-328.0,-12.0,-533.0,-1267.0,-278.0,32440.0,5554176.0,2223.0,2691.0,0.0
6084996000,0.010267686999779351,97392.9181929182,2182.0,2274.0,2280.0,1287.0,4872.0,-4852.0,-14816.0,806.0,-339.0,-4.0,-530.0,-1265.0,-281.0,32440.0,5554176.0,2240.0,2703.0,0.0
6085252000,0.010267686999779351,97392.9181929182,2199.0,2274.0,2279.0,1287.0,4880.0,-4848.0,-14804.0,801.0,-308.0,-5.0,-531.0,-1265.0,-280.0,32440.0,5553920.0,2248.0,2703.0,0.0
6085508000,0.010267686999779351,97392.9181929182,2219.0,2273.0,2278.0,1288.0,4856.0,-4904.0,-14776.0,791.0,-318.0,-17.0,-527.0,-1264.0,-275.0,32440.0,5553920.0,2251.0,2703.0,0.0
6085764000,0.010267686999779351,97392.9181929182,2176.0,2273.0,2278.0,1290.0,4836.0,-4896.0,-14812.0,790.0,-330.0,-9.0,-533.0,-1266.0,-275.0,32440.0,5553920.0,2223.0,2691.0,0.0
6086020000,0.010267686999779351,97392.9181929182,2180.0,2272.0,2279.0,1289.0,4888.0,-4848.0,-14764.0,790.0,-329.0,-18.0,-533.0,-1266.0,-275.0,32440.0,5553920.0,2240.0,2703.0,0.0
6086276000,0.010267686999779351,97392.9181929182,2200.0,2272.0,2278.0,1288.0,4892.0,-4888.0,-14764.0,779.0,-336.0,-11.0,-537.0,-1264.0,-281.0,32440.0,5553920.0,2248.0,2703.0,0.0
6086532000,0.010267686999779351,97392.9181929182,2220.0,2273.0,2279.0,1287.0,4856.0,-4836.0,-14800.0,786.0,-343.0,-26.0,-534.0,-1261.0,-277.0,32440.0,5553920.0,2251.0,2703.0,0.0
6086788000,0.010267686999779351,97392.9181929182,2177.0,2273.0,2279.0,1288.0,4896.0,-4852.0,-14808.0,793.0,-351.0,-41.0,-536.0,-1261.0,-281.0,32440.0,5553920.0,2223.0,2691.0,0.0
6087044000,0.010267481044650379,97394.8717948718,2170.0,2276.0,2280.0,1288.0,4912.0,-4872.0,-14812.0,763.0,-355.0,-33.0,-533.0,-1264.0,-277.0,32440.0,5553920.0,2233.0,2702.0,0.0
6087300000,0.010267686999779351,97392.9181929182,2177.0,2275.0,2277.0,1286.0,4908.0,-4824.0,-14852.0,793.0,-326.0,-28.0,-533.0,-1264.0,-277.0,32440.0,5554432.0,2238.0,2702.0,0.0
6087556000,0.010267686999779351,97392.9181929182,2189.0,2277.0,2277.0,1286.0,4896.0,-4872.0,-14864.0,796.0,-334.0,-35.0,-539.0,-1260.0,-278.0,32440.0,5554432.0,2242.0,2704.0,0.0
6087812000,0.010267686999779351,97392.9181929182,2152.0,2276.0,2278.0,1285.0,4896.0,-4864.0,-14788.0,791.0,-326.0,-28.0,-541.0,-1266.0,-285.0,32440.0,5554176.0,2219.0,2691.0,0.0
6088068000,0.010267686999779351,97392.9181929182,2167.0,2274.0,2278.0,1286.0,4896.0,-4904.0,-14784.0,786.0,-323.0,-27.0,-534.0,-1267.0,-282.0,32440.0,5554176.0,2238.0,2703.0,0.0
6088324000,0.010267686999779351,97392.9181929182,2175.0,2276.0,2278.0,1288.0,4896.0,-4912.0,-14808.0,781.0,-300.0,-30.0,-525.0,-1262.0,-278.0,32440.0,5554176.0,2240.0,2702.0,0.0
6088580000,0.010267686999779351,97392.9181929182,2200.0,2276.0,2280.0,1287.0,4916.0,-4860.0,-14800.0,794.0,-320.0,2.0,-525.0,-1262.0,-278.0,32440.0,5554176.0,2247.0,2703.0,0.0
6088836000,0.010267686999779351,97392.9181929182,2161.0,2275.0,2276.0,1288.0,4896.0,-4892.0,-14840.0,814.0,-317.0,-17.0,-521.0,-1263.0,-282.0,32440.0,5555456.0,2221.0,2691.0,0.0
6089092000,0.010267686999779351,97392.9181929182,2173.0,2273.0,2277.0,1291.0,4896.0,-4876.0,-14712.0,780.0,-336.0,-5.0,-527.0,-1264.0,-277.0,32440.0,5555456.0,2240.0,2703.0,0.0
6089348000,0.010267686999779351,97392.9181929182,2179.0,2273.0,2280.0,1288.0,4872.0,-4900.0,-14780.0,774.0,-349.0,-29.0,-524.0,-1265.0,-278.0,32440.0,5554432.0,2240.0,2702.0,0.0
6089604000,0.010267686999779351,97392.9181929182,2196.0,2273.0,2279.0,1289.0,4852.0,-4916.0,-14772.0,765.0,-344.0,-34.0,-524.0,-1265.0,-278.0,32440.0,5554432.0,2248.0,2703.0,0.0
6089860000,0.010267686999779351,97392.9181929182,2160.0,2274.0,2279.0,1288.0,4884.0,-4952.0,-14800.0,791.0,-346.0,-15.0,-530.0,-1260.0,-281.0,32440.0,5554176.0,2222.0,2691.0,0.0
6090116000,0.010267686999779351,97392.9181929182,2173.0,2273.0,2280.0,1287.0,4852.0,-4896.0,-14768.0,771.0,-365.0,-13.0,-527.0,-1262.0,-276.0,32440.0,5554176.0,2240.0,2703.0,0.0
6090372000,0.010267686999779351,97392.9181929182,2198.0,2274.0,2283.0,1289.0,4888.0,-4948.0,-14808.0,776.0,-329.0,-28.0,-532.0,-1266.0,-275.0,32440.0,5555200.0,2247.0,2703.0,0.0
6090628000,0.010267686999779351,97392.9181929182,2200.0,2276.0,2282.0,1289.0,4884.0,-4948.0,-14812.0,787.0,-346.0,-20.0,-533.0,-1264.0,-283.0,32440.0,5555200.0,2244.0,2702.0,0.0
6090884000,0.010267481044650379,97394.8717948718,2153.0,2275.0,2282.0,1285.0,4912.0,-4936.0,-14804.0,815.0,-347.0,-44.0,-533.0,-1264.0,-283.0,32440.0,5554176.0,2220.0,2691.0,0.0
6091140000,0.010267686999779351,97392.9181929182,2175.0,2273.0,2279.0,1288.0,4908.0,-4916.0,-14836.0,805.0,-350.0,-3.0,-533.0,-1270.0,-278.0,32440.0,5554176.0,2239.0,2703.0,0.0
6091396000,0.010267481044650379,97394.8717948718,2199.0,2275.0,2278.0,1289.0,4896.0,-4904.0,-14736.0,786.0,-346.0,-8.0,-539.0,-1263.0,-282.0,32440.0,5554176.0,2247.0,2703.0,0.0
6091652000,0.010267686999779351,97392.9181929182,2219.0,2275.0,2279.0,1285.0,4920.0,-4912.0,-14804.0,777.0,-319.0,-10.0,-529.0,-1258.0,-280.0,32440.0,5554176.0,2251.0,2703.0,0.0
6091908000,0.010267686999779351,97392.9181929182,2159.0,2274.0,2281.0,1286.0,4900.0,-4920.0,-14816.0,757.0,-336.0,-37.0,-529.0,-1262.0,-278.0,32440.0,5554176.0,2215.0,2689.0,0.0
6092164000,0.010267686999779351,97392.9181929182,2165.0,2274.0,2278.0,1285.0,4912.0,-4912.0,-14840.0,760.0,-324.0,-16.0,-529.0,-1262.0,-278.0,32440.0,5554176.0,2236.0,2703.0,0.0
6092420000,0.010267686999779351,97392.9181929182,2190.0,2274.0,2280.0,1284.0,4880.0,-4920.0,-14792.0,748.0,-319.0,-12.0,-529.0,-1262.0,-282.0,32440.0,5554176.0,2246.0,2703.0,0.0
6092676000,0.010267686999779351,97392.9181929182,2151.0,2273.0,2282.0,1287.0,4872.0,-4944.0,-14780.0,764.0,-319.0,4.0,-524.0,-1262.0,-281.0,32440.0,5554176.0,2445.0,2684.0,0.0
6092932000,0.010267686999779351,97392.9181929182,2076.0,2274.0,2281.0,1287.0,4940.0,-4936.0,-14764.0,785.0,-318.0,-25.0,-526.0,-1259.0,-280.0,32440.0,5554432.0,2305.0,2690.0,0.0
6093188000,0.010267686999779351,97392.9181929182,2185.0,2275.0,2282.0,1289.0,4924.0,-4940.0,-14800.0,769.0,-326.0,-23.0,-528.0,-1262.0,-281.0,32440.0,5554432.0,2271.0,2702.0,0.0
6093444000,0.010267686999779351,97392.9181929182,2227.0,2274.0,2281.0,1289.0,4904.0,-4896.0,-14796.0,784.0,-325.0,-5.0,-528.0,-1262.0,-281.0,32440.0,5554176.0,2262.0,2703.0,0.0
6093700000,0.010267686999779351,97392.9181929182,2243.0,2273.0,2280.0,1291.0,4880.0,-4948.0,-14752.0,802.0,-311.0,-4.0,-538.0,-1265.0,-275.0,32440.0,5554176.0,2257.0,2703.0,0.0
6093956000,0.010267481044650379,97394.8717948718,2181.0,2273.0,2281.0,1287.0,4900.0,-4924.0,-14732.0,786.0,-340.0,-4.0,-534.0,-1259.0,-278.0,32440.0,5554176.0,2219.0,2690.0,0.0
6094212000,0.010267686999779351,97392.9181929182,2183.0,2275.0,2281.0,1289.0,4896.0,-4944.0,-14808.0,807.0,-321.0,-18.0,-534.0,-1263.0,-276.0,32440.0,5554176.0,2238.0,2703.0,0.0
6094468000,0.010267481044650379,97394.8717948718,2197.0,2273.0,2279.0,1291.0,4916.0,-4900.0,-14780.0,755.0,-332.0,-9.0,-534.0,-1263.0,-276.0,32440.0,5554176.0,2246.0,2703.0,0.0
6094724000,0.010267686999779351,97392.9181929182,2220.0,2274.0,2282.0,1287.0,4964.0,-4960.0,-14768.0,761.0,-339.0,-16.0,-542.0,-1268.0,-281.0,32440.0,5554176.0,2251.0,2703.0,0.0
6094980000,0.010267686999779351,97392.9181929182,2162.0,2274.0,2281.0,1289.0,4924.0,-4948.0,-14752.0,743.0,-344.0,-33.0,-530.0,-1262.0,-285.0,32440.0,5555200.0,2215.0,2689.0,0.0
6095236000,0.010267686999779351,97392.9181929182,2166.0,2273.0,2282.0,1289.0,4940.0,-4988.0,-14764.0,753.0,-365.0,-34.0,-535.0,-1267.0,-278.0,32440.0,5555200.0,2236.0,2703.0,0.0
6095492000,0.010267686999779351,97392.9181929182,2179.0,2274.0,2282.0,1287.0,4888.0,-4972.0,-14768.0,762.0,-324.0,-15.0,-526.0,-1260.0,-273.0,32440.0,5554432.0,2239.0,2702.0,0.0
6095748000,0.010267686999779351,97392.9181929182,2200.0,2274.0,2283.0,1285.0,4944.0,-4968.0,-14872.0,767.0,-357.0,-16.0,-526.0,-1260.0,-273.0,32440.0,5554432.0,2247.0,2703.0,0.0
6096004000,0.010267481044650379,97394.8717948718,2152.0,2274.0,2282.0,1284.0,4952.0,-5004.0,-14812.0,761.0,-351.0,-13.0,-529.0,-1266.0,-276.0,32440.0,5554688.0,2215.0,2690.0,0.0
6096260000,0.010267481044650379,97394.8717948718,2161.0,2274.0,2283.0,1285.0,4920.0,-4988.0,-14828.0,774.0,-327.0,-17.0,-524.0,-1265.0,-281.0,32440.0,5554688.0,2236.0,2703.0,0.0
6096516000,0.010267686999779351,97392.9181929182,2186.0,2275.0,2283.0,1286.0,4900.0,-5000.0,-14828.0,764.0,-332.0,14.0,-526.0,-1266.0,-279.0,32440.0,5555200.0,2246.0,2703.0,0.0
6096772000,0.010267686999779351,97392.9181929182,2197.0,2273.0,2282.0,1287.0,4936.0,-5008.0,-14832.0,753.0,-317.0,10.0,-528.0,-1258.0,-278.0,32440.0,5555200.0,2243.0,2702.0,0.0
6097028000,0.010267686999779351,97392.9181929182,2141.0,2274.0,2283.0,1288.0,4952.0,-4996.0,-14768.0,771.0,-315.0,17.0,-528.0,-1258.0,-278.0,32440.0,5555200.0,2211.0,2689.0,0.0
6097284000,0.010267686999779351,97392.9181929182,2160.0,2273.0,2284.0,1291.0,4948.0,-5036.0,-14696.0,771.0,-315.0,17.0,-531.0,-1258.0,-282.0,32440.0,5555200.0,2235.0,2703.0,0.0
6097540000,0.010267686999779351,97392.9181929182,2185.0,2274.0,2283.0,1295.0,4928.0,-4988.0,-14656.0,765.0,-310.0,2.0,-536.0,-1263.0,-279.0,32440.0,5554432.0,2245.0,2703.0,0.0
6097796000,0.010267481044650379,97394.8717948718,2149.0,2274.0,2282.0,1295.0,4948.0,-4972.0,-14720.0,783.0,-335.0,0.0,-531.0,-1260.0,-284.0,32440.0,5554432.0,2445.0,2684.0,0.0
6098052000,0.010267686999779351,97392.9181929182,2259.0,2277.0,2282.0,1292.0,4992.0,-4996.0,-14708.0,786.0,-330.0,-9.0,-537.0,-1264.0,-281.0,32440.0,5554176.0,2296.0,2688.0,0.0
6098308000,0.010267686999779351,97392.9181929182,2287.0,2276.0,2280.0,1289.0,5012.0,-4908.0,-14696.0,772.0,-356.0,-29.0,-537.0,-1264.0,-281.0,32440.0,5554176.0,2274.0,2703.0,0.0
6098564000,0.010267686999779351,97392.9181929182,2288.0,2278.0,2282.0,1285.0,4972.0,-4928.0,-14800.0,780.0,-370.0,-20.0,-535.0,-1264.0,-281.0,32440.0,5555200.0,2263.0,2703.0,0.0
6098820000,0.010267686999779351,97392.9181929182,2268.0,2278.0,2281.0,1284.0,4992.0,-4956.0,-14804.0,742.0,-331.0,-29.0,-527.0,-1260.0,-281.0,32440.0,5555200.0,2253.0,2704.0,0.0
6099076000,0.010267481044650379,97394.8717948718,2173.0,2275.0,2283.0,1286.0,4968.0,-5008.0,-14864.0,731.0,-321.0,-39.0,-551.0,-1261.0,-280.0,32440.0,5554432.0,2209.0,2688.0,0.0
6099332000,0.010267686999779351,97392.9181929182,2169.0,2276.0,2286.0,1287.0,4904.0,-4984.0,-14848.0,711.0,-305.0,-5.0,-551.0,-1261.0,-280.0,32440.0,5554432.0,2234.0,2703.0,0.0
6099588000,0.010267686999779351,97392.9181929182,2191.0,2274.0,2286.0,1289.0,4956.0,-5044.0,-14800.0,703.0,-314.0,2.0,-530.0,-1262.0,-277.0,32440.0,5554176.0,2245.0,2703.0,0.0
6099844000,0.010267686999779351,97392.9181929182,2210.0,2273.0,2288.0,1288.0,4912.0,-5056.0,-14736.0,745.0,-298.0,-3.0,-528.0,-1259.0,-281.0,32440.0,5554176.0,2250.0,2703.0,0.0
6100100000,0.010267686999779351,97392.9181929182,2150.0,2273.0,2288.0,1290.0,4924.0,-5056.0,-14748.0,769.0,-311.0,28.0,-539.0,-1261.0,-281.0,32440.0,5554432.0,2214.0,2689.0,0.0
6100356000,0.010267686999779351,97392.9181929182,2149.0,2272.0,2286.0,1289.0,4860.0,-5036.0,-14728.0,815.0,-327.0,-7.0,-527.0,-1266.0,-280.0,32440.0,5554432.0,2229.0,2702.0,0.0
6100612000,0.010267686999779351,97392.9181929182,2176.0,2271.0,2285.0,1291.0,4880.0,-5040.0,-14708.0,808.0,-336.0,-29.0,-527.0,-1266.0,-280.0,32440.0,5555200.0,2243.0,2703.0,0.0
6100868000,0.010267686999779351,97392.9181929182,2203.0,2270.0,2284.0,1291.0,4852.0,-4960.0,-14712.0,811.0,-344.0,-37.0,-533.0,-1263.0,-275.0,32440.0,5555200.0,2249.0,2703.0,0.0
6101124000,0.010267686999779351,97392.9181929182,2147.0,2271.0,2283.0,1292.0,4880.0,-4964.0,-14756.0,778.0,-348.0,-42.0,-536.0,-1265.0,-282.0,32440.0,5555712.0,2214.0,2689.0,0.0
6101380000,0.010267686999779351,97392.9181929182,2158.0,2273.0,2283.0,1289.0,4880.0,-4996.0,-14784.0,734.0,-345.0,-32.0,-536.0,-1262.0,-280.0,32440.0,5555712.0,2236.0,2703.0,0.0
6101636000,0.010267686999779351,97392.9181929182,2184.0,2273.0,2285.0,1287.0,4916.0,-5072.0,-14796.0,714.0,-348.0,-32.0,-530.0,-1269.0,-279.0,32440.0,5554432.0,2246.0,2703.0,0.0
6101892000,0.010267686999779351,97392.9181929182,2205.0,2273.0,2287.0,1288.0,4948.0,-5064.0,-14808.0,712.0,-338.0,-21.0,-530.0,-1269.0,-279.0,32440.0,5554432.0,2250.0,2703.0,0.0
6102148000,0.010267481044650379,97394.8717948718,2135.0,2274.0,2287.0,1288.0,4920.0,-5072.0,-14740.0,750.0,-321.0,-21.0,-539.0,-1268.0,-281.0,32440.0,5554176.0,2208.0,2688.0,0.0
6102404000,0.010267481044650379,97394.8717948718,2160.0,2274.0,2290.0,1289.0,4920.0,-5104.0,-14760.0,773.0,-330.0,-13.0,-530.0,-1269.0,-277.0,32440.0,5554176.0,2240.0,2703.0,0.0
6102660000,0.010267686999779351,97392.9181929182,2177.0,2276.0,2290.0,1290.0,4968.0,-5092.0,-14728.0,778.0,-333.0,0.0,-530.0,-1254.0,-280.0,32440.0,5554432.0,2241.0,2702.0,0.0
6102916000,0.010267686999779351,97392.9181929182,2186.0,2275.0,2288.0,1291.0,4948.0,-5088.0,-14716.0,790.0,-311.0,-17.0,-527.0,-1268.0,-273.0,32440.0,5554432.0,2241.0,2702.0,0.0
6103172000,0.010267686999779351,97392.9181929182,2115.0,2276.0,2289.0,1290.0,4956.0,-5080.0,-14748.0,846.0,-325.0,-4.0,-527.0,-1268.0,-273.0,32440.0,5554176.0,2204.0,2688.0,0.0
6103428000,0.010267686999779351,97392.9181929182,2138.0,2277.0,2286.0,1290.0,4992.0,-5044.0,-14736.0,832.0,-331.0,-13.0,-530.0,-1259.0,-281.0,32440.0,5554176.0,2231.0,2703.0,0.0
6103684000,0.010267481044650379,97394.8717948718,2168.0,2277.0,2283.0,1289.0,4976.0,-5012.0,-14688.0,835.0,-320.0,-22.0,-531.0,-1260.0,-279.0,32440.0,5554432.0,2244.0,2703.0,0.0
6103940000,0.010267686999779351,97392.9181929182,2196.0,2277.0,2283.0,1288.0,5000.0,-4940.0,-14776.0,824.0,-322.0,-19.0,-529.0,-1258.0,-284.0,32440.0,5554432.0,2249.0,2703.0,0.0
6104196000,0.010267686999779351,97392.9181929182,2180.0,2279.0,2283.0,1288.0,5016.0,-4984.0,-14768.0,787.0,-300.0,-27.0,-529.0,-1258.0,-284.0,32440.0,5553920.0,2460.0,2687.0,0.0
6104452000,0.010267686999779351,97392.9181929182,2165.0,2276.0,2282.0,1290.0,4976.0,-4968.0,-14796.0,788.0,-341.0,-11.0,-535.0,-1262.0,-282.0,32440.0,5553920.0,2341.0,2702.0,0.0
6104708000,0.010267686999779351,97392.9181929182,2269.0,2277.0,2283.0,1290.0,4972.0,-4976.0,-14784.0,793.0,-325.0,-24.0,-533.0,-1264.0,-274.0,32440.0,5555200.0,2294.0,2703.0,0.0
6104964000,0.010267481044650379,97394.8717948718,2286.0,2275.0,2284.0,1288.0,4968.0,-4976.0,-14728.0,762.0,-339.0,-15.0,-534.0,-1263.0,-277.0,32440.0,5555200.0,2272.0,2703.0,0.0
6105220000,0.010267481044650379,97394.8717948718,2258.0,2277.0,2284.0,1289.0,4944.0,-4996.0,-14736.0,762.0,-333.0,8.0,-537.0,-1261.0,-273.0,32440.0,5554176.0,2471.0,2687.0,0.0
6105476000,0.010267481044650379,97394.8717948718,2223.0,2276.0,2286.0,1292.0,4948.0,-5052.0,-14740.0,743.0,-342.0,8.0,-537.0,-1261.0,-273.0,32440.0,5554176.0,2352.0,2703.0,0.0
6105732000,0.010267481044650379,97394.8717948718,2255.0,2275.0,2287.0,1291.0,4952.0,-5040.0,-14724.0,757.0,-347.0,-4.0,-536.0,-1266.0,-273.0,32440.0,5554176.0,2265.0,2692.0,0.0
6105988000,0.010267686999779351,97392.9181929182,2264.0,2273.0,2288.0,1289.0,4924.0,-5056.0,-14728.0,773.0,-358.0,16.0,-537.0,-1260.0,-281.0,32440.0,5554176.0,2259.0,2703.0,0.0
6106244000,0.010267686999779351,97392.9181929182,2173.0,2273.0,2288.0,1289.0,4844.0,-5076.0,-14708.0,792.0,-341.0,8.0,-537.0,-1261.0,-279.0,32440.0,5554432.0,2212.0,2688.0,0.0
6106500000,0.010267686999779351,97392.9181929182,2156.0,2272.0,2285.0,1290.0,4892.0,-5064.0,-14776.0,766.0,-359.0,13.0,-535.0,-1261.0,-277.0,32440.0,5554432.0,2228.0,2702.0,0.0
6106756000,0.010267686999779351,97392.9181929182,2176.0,2271.0,2286.0,1289.0,4916.0,-5020.0,-14824.0,762.0,-371.0,-5.0,-535.0,-1261.0,-277.0,32440.0,5554176.0,2242.0,2703.0,0.0
6107012000,0.010267481044650379,97394.8717948718,2202.0,2270.0,2287.0,1287.0,4868.0,-5056.0,-14768.0,773.0,-344.0,-2.0,-530.0,-1263.0,-282.0,32440.0,5554176.0,2249.0,2703.0,0.0
6107268000,0.010267686999779351,97392.9181929182,2135.0,2271.0,2287.0,1290.0,4868.0,-5056.0,-14672.0,766.0,-342.0,-6.0,-526.0,-1261.0,-281.0,32440.0,5554176.0,2207.0,2688.0,0.0
6107524000,0.010267686999779351,97392.9181929182,2149.0,2273.0,2288.0,1292.0,4856.0,-5112.0,-14672.0,747.0,-337.0,-8.0,-526.0,-1261.0,-283.0,32440.0,5554176.0,2233.0,2703.0,0.0
6107780000,0.010267481044650379,97394.8717948718,2163.0,2273.0,2292.0,1291.0,4908.0,-5112.0,-14720.0,761.0,-336.0,-11.0,-534.0,-1261.0,-271.0,32440.0,5554432.0,2237.0,2702.0,0.0
6108036000,0.010267686999779351,97392.9181929182,2193.0,2272.0,2290.0,1289.0,4928.0,-5128.0,-14724.0,757.0,-338.0,-17.0,-534.0,-1261.0,-271.0,32440.0,5554432.0,2247.0,2703.0,0.0
6108292000,0.010267686999779351,97392.9181929182,2184.0,2274.0,2288.0,1289.0,4880.0,-5132.0,-14724.0,759.0,-339.0,-6.0,-535.0,-1261.0,-279.0,32440.0,5554176.0,2459.0,2687.0,0.0
6108548000,0.010267686999779351,97392.9181929182,2181.0,2275.0,2291.0,1289.0,4944.0,-5116.0,-14748.0,793.0,-341.0,-7.0,-537.0,-1261.0,-280.0,32440.0,5554176.0,2347.0,2703.0,0.0
6108804000,0.010267686999779351,97392.9181929182,2278.0,2275.0,2289.0,1288.0,4948.0,-5072.0,-14720.0,792.0,-315.0,-25.0,-534.0,-1261.0,-285.0,32440.0,5554432.0,2296.0,2703.0,0.0
6109060000,0.010267481044650379,97394.8717948718,2295.0,2278.0,2287.0,1288.0,4936.0,-5060.0,-14816.0,810.0,-325.0,-10.0,-534.0,-1261.0,-285.0,32440.0,5554432.0,2273.0,2703.0,0.0
6109316000,0.010267686999779351,97392.9181929182,2264.0,2276.0,2285.0,1285.0,4940.0,-5024.0,-14812.0,828.0,-311.0,-9.0,-535.0,-1260.0,-278.0,32440.0,5554432.0,2471.0,2687.0,0.0
6109572000,0.010267481044650379,97394.8717948718,2228.0,2276.0,2285.0,1291.0,4960.0,-4988.0,-14780.0,817.0,-305.0,10.0,-537.0,-1261.0,-280.0,32440.0,5554432.0,2352.0,2703.0,0.0
6109828000,0.010267686999779351,97392.9181929182,2314.0,2277.0,2284.0,1289.0,4924.0,-4996.0,-14748.0,819.0,-312.0,-3.0,-533.0,-1262.0,-279.0,32440.0,5554432.0,2299.0,2703.0,0.0
6110084000,0.010267686999779351,97392.9181929182,2321.0,2274.0,2284.0,1288.0,4944.0,-4992.0,-14768.0,787.0,-311.0,-15.0,-535.0,-1259.0,-279.0,32440.0,5554432.0,2275.0,2703.0,0.0
6110340000,0.010267686999779351,97392.9181929182,2272.0,2275.0,2282.0,1290.0,4972.0,-5012.0,-14788.0,768.0,-341.0,3.0,-535.0,-1259.0,-279.0,32440.0,5555200.0,2472.0,2687.0,0.0
6110596000,0.010267686999779351,97392.9181929182,2240.0,2276.0,2285.0,1292.0,4932.0,-5020.0,-14708.0,783.0,-335.0,-4.0,-528.0,-1264.0,-279.0,32440.0,5555200.0,2353.0,2703.0,0.0
6110852000,0.010267686999779351,97392.9181929182,2321.0,2275.0,2287.0,1289.0,4904.0,-5064.0,-14688.0,766.0,-347.0,-24.0,-528.0,-1259.0,-282.0,32440.0,5554432.0,2299.0,2703.0,0.0
6111108000,0.010267481044650379,97394.8717948718,2325.0,2275.0,2288.0,1293.0,4908.0,-5068.0,-14716.0,740.0,-318.0,-6.0,-527.0,-1259.0,-279.0,32440.0,5554432.0,2275.0,2703.0,0.0
6111364000,0.010267686999779351,97392.9181929182,2255.0,2275.0,2289.0,1291.0,4900.0,-5088.0,-14784.0,758.0,-347.0,-15.0,-528.0,-1265.0,-277.0,32440.0,5554688.0,2459.0,2684.0,0.0
6111620000,0.010267686999779351,97392.9181929182,2198.0,2275.0,2289.0,1293.0,4940.0,-5120.0,-14736.0,736.0,-314.0,-6.0,-528.0,-1265.0,-277.0,32440.0,5554688.0,2340.0,2702.0,0.0
6111876000,0.010267686999779351,97392.9181929182,2281.0,2275.0,2290.0,1290.0,4920.0,-5104.0,-14696.0,769.0,-323.0,0.0,-531.0,-1260.0,-281.0,32440.0,5554944.0,2287.0,2702.0,0.0
6112132000,0.010267481044650379,97394.8717948718,2291.0,2275.0,2291.0,1289.0,4896.0,-5112.0,-14700.0,778.0,-311.0,5.0,-532.0,-1262.0,-275.0,32440.0,5554944.0,2270.0,2703.0,0.0
6112388000,0.010267686999779351,97392.9181929182,2255.0,2274.0,2291.0,1290.0,4904.0,-5128.0,-14756.0,794.0,-326.0,2.0,-536.0,-1263.0,-274.0,32440.0,5555200.0,2469.0,2687.0,0.0
6112644000,0.010267686999779351,97392.9181929182,2211.0,2274.0,2292.0,1289.0,4920.0,-5068.0,-14752.0,802.0,-325.0,-19.0,-533.0,-1260.0,-281.0,32440.0,5555200.0,2345.0,2702.0,0.0
6112900000,0.010267481044650379,97394.8717948718,2287.0,2275.0,2288.0,1290.0,4904.0,-5068.0,-14712.0,799.0,-318.0,0.0,-533.0,-1260.0,-281.0,32440.0,5554176.0,2289.0,2702.0,0.0
6113156000,0.010267686999779351,97392.9181929182,2296.0,2275.0,2287.0,1290.0,4908.0,-5072.0,-14700.0,786.0,-324.0,-16.0,-542.0,-1263.0,-278.0,32440.0,5554176.0,2270.0,2703.0,0.0
6113412000,0.010267686999779351,97392.9181929182,2258.0,2275.0,2288.0,1290.0,4912.0,-5060.0,-14692.0,810.0,-345.0,-14.0,-535.0,-1262.0,-278.0,32440.0,5554176.0,2470.0,2687.0,0.0
6113668000,0.010267481044650379,97394.8717948718,2225.0,2275.0,2288.0,1292.0,4924.0,-5032.0,-14756.0,795.0,-328.0,-17.0,-532.0,-1264.0,-276.0,32440.0,5554176.0,2352.0,2703.0,0.0
6113924000,0.010267481044650379,97394.8717948718,2294.0,2276.0,2288.0,1292.0,4928.0,-5052.0,-14712.0,793.0,-337.0,-10.0,-527.0,-1261.0,-276.0,32440.0,5554176.0,2292.0,2702.0,0.0
6114180000,0.010267686999779351,97392.9181929182,2301.0,2276.0,2289.0,1292.0,4932.0,-5064.0,-14728.0,808.0,-317.0,-37.0,-527.0,-1261.0,-276.0,32440.0,5554176.0,2272.0,2703.0,0.0
6114436000,0.010267481044650379,97394.8717948718,2208.0,2276.0,2290.0,1291.0,4932.0,-5120.0,-14756.0,808.0,-317.0,-37.0,-532.0,-1264.0,-279.0,32440.0,5553920.0,2218.0,2688.0,0.0
6114692000,0.010267686999779351,97392.9181929182,2197.0,2275.0,2291.0,1291.0,4932.0,-5100.0,-14772.0,802.0,-321.0,-34.0,-537.0,-1257.0,-278.0,32440.0,5553920.0,2238.0,2703.0,0.0
6114948000,0.010267686999779351,97392.9181929182,2211.0,2275.0,2289.0,1289.0,4908.0,-5100.0,-14780.0,795.0,-323.0,-19.0,-527.0,-1259.0,-273.0,32440.0,5554432.0,2247.0,2703.0,0.0
6115204000,0.010267686999779351,97392.9181929182,2206.0,2277.0,2290.0,1292.0,4928.0,-5088.0,-14752.0,820.0,-319.0,-9.0,-527.0,-1259.0,-273.0,32440.0,5554432.0,2244.0,2702.0,0.0
6115460000,0.010267686999779351,97392.9181929182,2187.0,2277.0,2289.0,1291.0,4952.0,-5068.0,-14724.0,824.0,-318.0,-26.0,-528.0,-1259.0,-277.0,32440.0,5555200.0,2458.0,2687.0,0.0
6115716000,0.010267686999779351,97392.9181929182,2177.0,2277.0,2287.0,1295.0,4928.0,-5056.0,-14744.0,819.0,-322.0,-15.0,-533.0,-1258.0,-279.0,32440.0,5555200.0,2346.0,2703.0,0.0
6115972000,0.010267686999779351,97392.9181929182,2276.0,2277.0,2288.0,1292.0,4936.0,-5108.0,-14728.0,837.0,-338.0,-28.0,-535.0,-1267.0,-278.0,32440.0,5555456.0,2296.0,2703.0,0.0
6116228000,0.010267481044650379,97394.8717948718,2294.0,2277.0,2290.0,1291.0,4964.0,-5092.0,-14712.0,820.0,-351.0,-10.0,-531.0,-1258.0,-280.0,32440.0,5555456.0,2273.0,2703.0,0.0
6116484000,0.010267686999779351,97392.9181929182,2262.0,2276.0,2291.0,1290.0,4940.0,-5084.0,-14716.0,821.0,-354.0,-15.0,-531.0,-1258.0,-280.0,32440.0,5555200.0,2471.0,2687.0,0.0
6116740000,0.010267686999779351,97392.9181929182,2228.0,2276.0,2289.0,1290.0,4948.0,-5092.0,-14748.0,843.0,-346.0,-14.0,-529.0,-1265.0,-275.0,32440.0,5555200.0,2352.0,2703.0,0.0
6116996000,0.010267686999779351,97392.9181929182,2315.0,2275.0,2290.0,1290.0,4916.0,-5088.0,-14772.0,819.0,-333.0,-15.0,-536.0,-1261.0,-281.0,32440.0,5555200.0,2299.0,2703.0,0.0
6117252000,0.010267686999779351,97392.9181929182,2303.0,2274.0,2288.0,1290.0,4884.0,-5064.0,-14756.0,837.0,-346.0,-22.0,-535.0,-1266.0,-276.0,32440.0,5555200.0,2268.0,2702.0,0.0
6117508000,0.010267686999779351,97392.9181929182,2246.0,2276.0,2289.0,1289.0,4932.0,-5088.0,-14732.0,791.0,-343.0,-28.0,-528.0,-1258.0,-281.0,32440.0,5555200.0,2462.0,2686.0,0.0
6117764000,0.010267686999779351,97392.9181929182,2201.0,2275.0,2290.0,1293.0,4900.0,-5132.0,-14712.0,798.0,-325.0,-16.0,-528.0,-1258.0,-281.0,32440.0,5555200.0,2342.0,2702.0,0.0
6118020000,0.010267686999779351,97392.9181929182,2277.0,2276.0,2291.0,1294.0,4944.0,-5140.0,-14704.0,793.0,-339.0,-9.0,-545.0,-1257.0,-278.0,32440.0,5554432.0,2288.0,2702.0,0.0
6118276000,0.010267686999779351,97392.9181929182,2282.0,2276.0,2292.0,1292.0,4908.0,-5116.0,-14680.0,808.0,-333.0,3.0,-524.0,-1261.0,-276.0,32440.0,5554432.0,2263.0,2702.0,0.0
6118532000,0.010267686999779351,97392.9181929182,2243.0,2276.0,2290.0,1295.0,4932.0,-5112.0,-14700.0,833.0,-335.0,-4.0,-537.0,-1263.0,-281.0,32440.0,5555200.0,2466.0,2687.0,0.0
6118788000,0.010267686999779351,97392.9181929182,2213.0,2275.0,2288.0,1293.0,4900.0,-5104.0,-14760.0,838.0,-340.0,9.0,-528.0,-1263.0,-282.0,32440.0,5555200.0,2350.0,2703.0,0.0
6119044000,0.010267686999779351,97392.9181929182,2290.0,2276.0,2286.0,1290.0,4912.0,-5084.0,-14764.0,847.0,-328.0,-16.0,-528.0,-1263.0,-282.0,32440.0,5554432.0,2292.0,2702.0,0.0
6119300000,0.010267481044650379,97394.8717948718,2303.0,2275.0,2287.0,1291.0,4916.0,-5076.0,-14740.0,860.0,-331.0,-3.0,-532.0,-1257.0,-272.0,32440.0,5554432.0,2271.0,2703.0,0.0
6119556000,0.010267686999779351,97392.9181929182,2262.0,2276.0,2289.0,1292.0,4892.0,-5072.0,-14732.0,872.0,-331.0,-5.0,-534.0,-1264.0,-277.0,32440.0,5555456.0,2470.0,2687.0,0.0
6119812000,0.010267481044650379,97394.8717948718,2227.0,2273.0,2287.0,1294.0,4912.0,-5096.0,-14656.0,863.0,-333.0,-25.0,-531.0,-1262.0,-281.0,32440.0,5555456.0,2352.0,2703.0,0.0
6120068000,0.010267686999779351,97392.9181929182,2247.0,2274.0,2288.0,1294.0,4940.0,-5128.0,-14660.0,855.0,-357.0,-12.0,-531.0,-1262.0,-281.0,32440.0,5554176.0,2261.0,2689.0,0.0
6120324000,0.010267686999779351,97392.9181929182,2256.0,2274.0,2290.0,1294.0,4880.0,-5096.0,-14684.0,846.0,-336.0,-31.0,-541.0,-1262.0,-277.0,32440.0,5554176.0,2258.0,2703.0,0.0
6120580000,0.010267481044650379,97394.8717948718,2222.0,2273.0,2291.0,1291.0,4944.0,-5120.0,-14644.0,833.0,-370.0,-49.0,-532.0,-1265.0,-278.0,32440.0,5554432.0,2464.0,2687.0,0.0
6120836000,0.010267481044650379,97394.8717948718,2202.0,2275.0,2292.0,1290.0,4920.0,-5136.0,-14692.0,816.0,-359.0,-42.0,-530.0,-1267.0,-278.0,32440.0,5554432.0,2349.0,2703.0,0.0
6121092000,0.010267686999779351,97392.9181929182,2287.0,2275.0,2293.0,1290.0,4932.0,-5164.0,-14780.0,832.0,-352.0,-61.0,-531.0,-1264.0,-276.0,32440.0,5555200.0,2291.0,2702.0,0.0
6121348000,0.010267686999779351,97392.9181929182,2299.0,2275.0,2292.0,1287.0,4908.0,-5192.0,-14764.0,861.0,-330.0,-47.0,-531.0,-1264.0,-276.0,32440.0,5555200.0,2271.0,2703.0,0.0
6121604000,0.010267686999779351,97392.9181929182,2261.0,2274.0,2292.0,1288.0,4936.0,-5172.0,-14768.0,905.0,-331.0,-34.0,-547.0,-1259.0,-279.0,32440.0,5554176.0,2470.0,2687.0,0.0
6121860000,0.010267481044650379,97394.8717948718,2226.0,2274.0,2289.0,1289.0,4904.0,-5148.0,-14744.0,935.0,-326.0,-25.0,-522.0,-1257.0,-281.0,32440.0,5554176.0,2352.0,2703.0,0.0
6122116000,0.010267481044650379,97394.8717948718,2301.0,2275.0,2291.0,1293.0,4920.0,-5080.0,-14692.0,939.0,-333.0,-13.0,-528.0,-1258.0,-279.0,32440.0,5554432.0,2291.0,2701.0,0.0
6122372000,0.010267686999779351,97392.9181929182,2289.0,2275.0,2290.0,1296.0,4900.0,-5104.0,-14752.0,907.0,-310.0,-26.0,-541.0,-1267.0,-284.0,32440.0,5554432.0,2264.0,2702.0,0.0
6122628000,0.010267686999779351,97392.9181929182,2252.0,2277.0,2289.0,1296.0,4912.0,-5064.0,-14688.0,921.0,-331.0,-14.0,-541.0,-1267.0,-284.0,32440.0,5554176.0,2467.0,2687.0,0.0
6122884000,0.010267481044650379,97394.8717948718,2207.0,2277.0,2289.0,1294.0,4948.0,-5100.0,-14692.0,939.0,-347.0,-21.0,-534.0,-1269.0,-277.0,32440.0,5554176.0,2344.0,2702.0,0.0
6123140000,0.010267686999779351,97392.9181929182,2224.0,2277.0,2288.0,1293.0,4944.0,-5100.0,-14688.0,931.0,-353.0,-36.0,-533.0,-1261.0,-281.0,32440.0,5554176.0,2251.0,2688.0,0.0
6123396000,0.010267686999779351,97392.9181929182,2234.0,2278.0,2287.0,1288.0,4964.0,-5016.0,-14708.0,955.0,-373.0,-29.0,-536.0,-1259.0,-279.0,32440.0,5554176.0,2253.0,2703.0,0.0
6123652000,0.010267686999779351,97392.9181929182,2192.0,2276.0,2286.0,1289.0,4948.0,-5044.0,-14812.0,959.0,-348.0,-50.0,-540.0,-1260.0,-278.0,32440.0,5554432.0,2456.0,2686.0,0.0
6123908000,0.010267686999779351,97392.9181929182,2180.0,2275.0,2285.0,1286.0,4900.0,-5020.0,-14816.0,928.0,-332.0,-36.0,-540.0,-1260.0,-278.0,32440.0,5554432.0,2345.0,2703.0,0.0
6124164000,0.010267686999779351,97392.9181929182,2278.0,2275.0,2285.0,1289.0,4876.0,-5028.0,-14800.0,881.0,-326.0,-36.0,-538.0,-1269.0,-278.0,32440.0,5554432.0,2296.0,2703.0,0.0
6124420000,0.010267686999779351,97392.9181929182,2296.0,2275.0,2287.0,1288.0,4880.0,-5068.0,-14724.0,859.0,-317.0,-19.0,-531.0,-1261.0,-278.0,32440.0,5554432.0,2273.0,2703.0,0.0
6124676000,0.010267686999779351,97392.9181929182,2263.0,2275.0,2288.0,1290.0,4876.0,-5056.0,-14816.0,850.0,-322.0,-38.0,-533.0,-1259.0,-276.0,32440.0,5554176.0,2471.0,2687.0,0.0
6124932000,0.010267686999779351,97392.9181929182,2217.0,2273.0,2288.0,1292.0,4932.0,-5112.0,-14756.0,891.0,-325.0,-6.0,-533.0,-1259.0,-276.0,32440.0,5554176.0,2346.0,2702.0,0.0
6125188000,0.010267686999779351,97392.9181929182,2299.0,2273.0,2288.0,1292.0,4920.0,-5100.0,-14680.0,907.0,-347.0,-44.0,-529.0,-1261.0,-285.0,32440.0,5554176.0,2296.0,2703.0,0.0
6125444000,0.010267686999779351,97392.9181929182,2307.0,2273.0,2286.0,1293.0,4896.0,-5084.0,-14660.0,962.0,-355.0,-49.0,-526.0,-1260.0,-280.0,32440.0,5554176.0,2273.0,2703.0,0.0
6125700000,0.010267686999779351,97392.9181929182,2270.0,2275.0,2286.0,1291.0,4936.0,-5036.0,-14684.0,949.0,-356.0,-61.0,-526.0,-1264.0,-283.0,32440.0,5555712.0,2471.0,2687.0,0.0
6125956000,0.010267686999779351,97392.9181929182,2221.0,2277.0,2283.0,1290.0,4912.0,-4964.0,-14716.0,927.0,-348.0,-79.0,-524.0,-1264.0,-276.0,32440.0,5555712.0,2346.0,2702.0,0.0
6126212000,0.010267481044650379,97394.8717948718,2299.0,2276.0,2284.0,1289.0,4952.0,-4988.0,-14760.0,886.0,-340.0,-60.0,-524.0,-1264.0,-276.0,32440.0,5554432.0,2296.0,2703.0,0.0
6126468000,0.010267686999779351,97392.9181929182,2309.0,2277.0,2284.0,1290.0,4972.0,-4988.0,-14748.0,854.0,-343.0,-63.0,-527.0,-1260.0,-270.0,32440.0,5554432.0,2273.0,2703.0,0.0
6126724000,0.010267686999779351,97392.9181929182,2270.0,2276.0,2286.0,1288.0,4960.0,-5032.0,-14740.0,893.0,-336.0,-57.0,-540.0,-1267.0,-279.0,32440.0,5554688.0,2471.0,2687.0,0.0
6126980000,0.010267686999779351,97392.9181929182,2222.0,2277.0,2288.0,1288.0,4936.0,-5132.0,-14724.0,923.0,-324.0,-63.0,-530.0,-1261.0,-280.0,32440.0,5554688.0,2346.0,2702.0,0.0
6127236000,0.010267686999779351,97392.9181929182,2292.0,2275.0,2289.0,1293.0,4960.0,-5072.0,-14736.0,944.0,-331.0,-15.0,-538.0,-1264.0,-276.0,32440.0,5555200.0,2289.0,2702.0,0.0
6127492000,0.010267686999779351,97392.9181929182,2298.0,2277.0,2290.0,1290.0,4948.0,-5064.0,-14744.0,952.0,-331.0,-23.0,-538.0,-1264.0,-276.0,32440.0,5555200.0,2270.0,2703.0,0.0
6127748000,0.010267686999779351,97392.9181929182,2235.0,2274.0,2288.0,1291.0,4940.0,-5104.0,-14704.0,954.0,-335.0,-34.0,-534.0,-1262.0,-281.0,32440.0,5554432.0,2457.0,2684.0,0.0
6128004000,0.010267686999779351,97392.9181929182,2203.0,2277.0,2289.0,1293.0,4968.0,-5060.0,-14680.0,958.0,-316.0,-35.0,-536.0,-1264.0,-278.0,32440.0,5554432.0,2346.0,2703.0,0.0
6128260000,0.010267481044650379,97394.8717948718,2283.0,2276.0,2284.0,1292.0,4968.0,-5056.0,-14688.0,952.0,-346.0,-30.0,-531.0,-1266.0,-282.0,32440.0,5554432.0,2290.0,2702.0,0.0
6128516000,0.010267686999779351,97392.9181929182,2279.0,2277.0,2285.0,1291.0,4968.0,-5052.0,-14740.0,940.0,-341.0,-25.0,-524.0,-1267.0,-279.0,32440.0,5554432.0,2262.0,2701.0,0.0
6128772000,0.010267481044650379,97394.8717948718,2227.0,2276.0,2286.0,1288.0,4984.0,-5020.0,-14712.0,915.0,-325.0,-67.0,-524.0,-1267.0,-279.0,32440.0,5555200.0,2460.0,2686.0,0.0
6129028000,0.010267686999779351,97392.9181929182,2201.0,2275.0,2286.0,1287.0,4920.0,-5012.0,-14716.0,898.0,-352.0,-34.0,-530.0,-1261.0,-279.0,32440.0,5555200.0,2348.0,2703.0,0.0
6129284000,0.010267481044650379,97394.8717948718,2294.0,2275.0,2285.0,1289.0,4960.0,-5008.0,-14732.0,892.0,-351.0,-47.0,-553.0,-1263.0,-279.0,32440.0,5555200.0,2297.0,2703.0,0.0
6129540000,0.010267686999779351,97392.9181929182,2304.0,2275.0,2284.0,1288.0,4928.0,-5040.0,-14732.0,906.0,-364.0,-32.0,-538.0,-1263.0,-278.0,32440.0,5555200.0,2274.0,2703.0,0.0
6129796000,0.010267686999779351,97392.9181929182,2252.0,2276.0,2283.0,1289.0,4980.0,-4992.0,-14744.0,906.0,-358.0,-40.0,-538.0,-1263.0,-278.0,32440.0,5554688.0,2465.0,2686.0,0.0
6130052000,0.010267481044650379,97394.8717948718,2222.0,2275.0,2285.0,1291.0,4944.0,-5008.0,-14752.0,890.0,-356.0,-37.0,-523.0,-1257.0,-284.0,32440.0,5554688.0,2350.0,2703.0,0.0
6130308000,0.010267686999779351,97392.9181929182,2306.0,2275.0,2286.0,1289.0,4924.0,-5064.0,-14728.0,918.0,-355.0,-38.0,-527.0,-1260.0,-277.0,32440.0,5555200.0,2298.0,2703.0,0.0
6130564000,0.010267481044650379,97394.8717948718,2300.0,2275.0,2285.0,1290.0,4928.0,-5016.0,-14724.0,936.0,-350.0,-15.0,-530.0,-1265.0,-275.0,32440.0,5555200.0,2268.0,2702.0,0.0
6130820000,0.010267686999779351,97392.9181929182,2244.0,2272.0,2285.0,1289.0,4912.0,-5044.0,-14736.0,939.0,-363.0,-27.0,-537.0,-1262.0,-278.0,32440.0,5554176.0,2462.0,2686.0,0.0
6131076000,0.010267686999779351,97392.9181929182,2198.0,2273.0,2284.0,1289.0,4904.0,-5028.0,-14728.0,909.0,-359.0,-20.0,-537.0,-1262.0,-278.0,32440.0,5554176.0,2342.0,2702.0,0.0
6131332000,0.010267686999779351,97392.9181929182,2289.0,2272.0,2284.0,1291.0,4892.0,-5036.0,-14768.0,909.0,-359.0,-20.0,-534.0,-1264.0,-281.0,32440.0,5555712.0,2294.0,2703.0,0.0
6131588000,0.010267686999779351,97392.9181929182,2290.0,2274.0,2286.0,1290.0,4892.0,-5012.0,-14744.0,944.0,-368.0,-24.0,-533.0,-1263.0,-279.0,32440.0,5555712.0,2266.0,2702.0,0.0
6131844000,0.010267481044650379,97394.8717948718,2238.0,2273.0,2283.0,1290.0,4924.0,-4976.0,-14748.0,961.0,-369.0,-32.0,-537.0,-1265.0,-277.0,32440.0,5555200.0,2462.0,2686.0,0.0
6132100000,0.010267686999779351,97392.9181929182,2197.0,2273.0,2284.0,1290.0,4876.0,-4964.0,-14760.0,945.0,-368.0,-41.0,-526.0,-1261.0,-277.0,32440.0,5555200.0,2342.0,2702.0,0.0
6132356000,0.010267686999779351,97392.9181929182,2273.0,2273.0,2283.0,1289.0,4896.0,-4956.0,-14764.0,915.0,-356.0,-31.0,-526.0,-1261.0,-277.0,32440.0,5555200.0,2288.0,2702.0,0.0
6132612000,0.010267686999779351,97392.9181929182,2289.0,2271.0,2284.0,1290.0,4884.0,-4968.0,-14796.0,903.0,-333.0,-44.0,-524.0,-1263.0,-278.0,32440.0,5555200.0,2270.0,2703.0,0.0
6132868000,0.010267686999779351,97392.9181929182,2244.0,2271.0,2284.0,1288.0,4884.0,-5032.0,-14792.0,860.0,-325.0,-47.0,-531.0,-1263.0,-275.0,32440.0,5555456.0,2463.0,2686.0,0.0
6133124000,0.010267481044650379,97394.8717948718,2214.0,2273.0,2286.0,1287.0,4876.0,-5016.0,-14752.0,861.0,-336.0,-41.0,-521.0,-1262.0,-282.0,32440.0,5555456.0,2349.0,2703.0,0.0
6133380000,0.010267481044650379,97394.8717948718,2293.0,2274.0,2286.0,1290.0,4932.0,-5024.0,-14772.0,860.0,-325.0,-47.0,-532.0,-1259.0,-279.0,32440.0,5555200.0,2291.0,2702.0,0.0
6133636000,0.010267686999779351,97392.9181929182,2287.0,2274.0,2286.0,1287.0,4912.0,-5024.0,-14796.0,904.0,-354.0,-19.0,-532.0,-1259.0,-279.0,32440.0,5555200.0,2264.0,2702.0,0.0
6133892000,0.010267686999779351,97392.9181929182,2252.0,2276.0,2285.0,1287.0,4940.0,-5000.0,-14800.0,910.0,-326.0,-60.0,-532.0,-1266.0,-278.0,32440.0,5553920.0,2467.0,2687.0,0.0
6134148000,0.010267686999779351,97392.9181929182,2220.0,2275.0,2283.0,1288.0,4884.0,-4944.0,-14744.0,953.0,-338.0,-28.0,-536.0,-1263.0,-281.0,32440.0,5553920.0,2350.0,2703.0,0.0
6134404000,0.010267686999779351,97392.9181929182,2304.0,2275.0,2282.0,1287.0,4948.0,-4940.0,-14744.0,922.0,-329.0,-31.0,-538.0,-1265.0,-274.0,32440.0,5555200.0,2298.0,2703.0,0.0
6134660000,0.010267481044650379,97394.8717948718,2297.0,2276.0,2279.0,1288.0,4944.0,-4940.0,-14764.0,912.0,-339.0,-29.0,-538.0,-1265.0,-274.0,32440.0,5555200.0,2266.0,2701.0,0.0
6134916000,0.010267686999779351,97392.9181929182,2254.0,2277.0,2280.0,1288.0,4988.0,-4904.0,-14744.0,915.0,-323.0,-27.0,-532.0,-1254.0,-280.0,32440.0,5555456.0,2468.0,2687.0,0.0
6135172000,0.010267686999779351,97392.9181929182,2207.0,2277.0,2280.0,1289.0,4956.0,-4892.0,-14788.0,913.0,-341.0,0.0,-532.0,-1261.0,-283.0,32440.0,5555456.0,2344.0,2703.0,0.0
6135428000,0.010267686999779351,97392.9181929182,2285.0,2276.0,2281.0,1290.0,4940.0,-4912.0,-14732.0,882.0,-353.0,-21.0,-535.0,-1266.0,-277.0,32440.0,5554432.0,2290.0,2704.0,0.0
6135684000,0.010267686999779351,97392.9181929182,2281.0,2276.0,2280.0,1288.0,4960.0,-4936.0,-14720.0,863.0,-359.0,-24.0,-532.0,-1260.0,-284.0,32440.0,5554432.0,2264.0,2702.0,0.0
6135940000,0.010267481044650379,97394.8717948718,2232.0,2275.0,2282.0,1289.0,4928.0,-4972.0,-14768.0,868.0,-357.0,-32.0,-532.0,-1260.0,-284.0,32440.0,5554176.0,2461.0,2686.0,0.0
6136196000,0.010267686999779351,97392.9181929182,2204.0,2275.0,2284.0,1287.0,5008.0,-5024.0,-14784.0,851.0,-351.0,-42.0,-555.0,-1258.0,-279.0,32440.0,5554176.0,2348.0,2703.0,0.0
6136452000,0.010267686999779351,97392.9181929182,2284.0,2274.0,2286.0,1287.0,4960.0,-5008.0,-14752.0,847.0,-344.0,-35.0,-527.0,-1262.0,-276.0,32440.0,5554944.0,2292.0,2704.0,0.0
6136708000,0.010267686999779351,97392.9181929182,2294.0,2274.0,2286.0,1288.0,4912.0,-5020.0,-14736.0,892.0,-343.0,-16.0,-529.0,-1268.0,-284.0,32440.0,5554944.0,2272.0,2703.0,0.0
6136964000,0.010267686999779351,97392.9181929182,2242.0,2274.0,2285.0,1288.0,4904.0,-5024.0,-14800.0,886.0,-349.0,-24.0,-529.0,-1260.0,-279.0,32440.0,5555456.0,2464.0,2686.0,0.0
6137220000,0.010267686999779351,97392.9181929182,2198.0,2274.0,2285.0,1287.0,4916.0,-4992.0,-14792.0,893.0,-341.0,-41.0,-529.0,-1260.0,-279.0,32440.0,5555456.0,2342.0,2702.0,0.0
6137476000,0.010267686999779351,97392.9181929182,2293.0,2274.0,2283.0,1286.0,4892.0,-4992.0,-14804.0,913.0,-333.0,-25.0,-525.0,-1266.0,-280.0,32440.0,5554176.0,2295.0,2703.0,0.0
6137732000,0.010267686999779351,97392.9181929182,2304.0,2273.0,2283.0,1289.0,4884.0,-4964.0,-14748.0,913.0,-330.0,-51.0,-527.0,-1261.0,-280.0,32440.0,5554176.0,2273.0,2703.0,0.0
6137988000,0.010267686999779351,97392.9181929182,2248.0,2273.0,2283.0,1290.0,4900.0,-4920.0,-14748.0,923.0,-336.0,-18.0,-534.0,-1264.0,-280.0,32440.0,5555200.0,2464.0,2686.0,0.0
6138244000,0.010267481044650379,97394.8717948718,2201.0,2274.0,2282.0,1290.0,4884.0,-4948.0,-14764.0,892.0,-363.0,-41.0,-528.0,-1257.0,-280.0,32440.0,5555200.0,2342.0,2702.0,0.0
6138500000,0.010267686999779351,97392.9181929182,2289.0,2273.0,2282.0,1290.0,4884.0,-4944.0,-14780.0,889.0,-332.0,-30.0,-528.0,-1257.0,-280.0,32445.0,5555200.0,2294.0,2703.0,0.0
6138756000,0.010267686999779351,97392.9181929182,2303.0,2273.0,2280.0,1292.0,4888.0,-4920.0,-14720.0,898.0,-336.0,-11.0,-528.0,-1268.0,-279.0,32445.0,5555200.0,2273.0,2703.0,0.0
6139012000,0.010267686999779351,97392.9181929182,2267.0,2273.0,2281.0,1290.0,4920.0,-4964.0,-14716.0,913.0,-343.0,-28.0,-537.0,-1260.0,-281.0,32445.0,5554176.0,2471.0,2687.0,0.0
6139268000,0.010267686999779351,97392.9181929182,2230.0,2275.0,2282.0,1290.0,4892.0,-4964.0,-14724.0,895.0,-362.0,-41.0,-542.0,-1263.0,-285.0,32445.0,5554176.0,2352.0,2703.0,0.0
6139524000,0.010267686999779351,97392.9181929182,2314.0,2274.0,2280.0,1288.0,4900.0,-4952.0,-14808.0,911.0,-339.0,-55.0,-527.0,-1264.0,-281.0,32445.0,5555200.0,2299.0,2703.0,0.0
6139780000,0.010267686999779351,97392.9181929182,2322.0,2275.0,2282.0,1288.0,4936.0,-4948.0,-14812.0,890.0,-358.0,-48.0,-527.0,-1264.0,-281.0,32445.0,5555200.0,2275.0,2703.0,0.0
6140036000,0.010267686999779351,97392.9181929182,2274.0,2274.0,2282.0,1286.0,4900.0,-4920.0,-14760.0,898.0,-374.0,-49.0,-526.0,-1266.0,-278.0,32445.0,5554688.0,2472.0,2687.0,0.0
6140292000,0.010267686999779351,97392.9181929182,2240.0,2275.0,2283.0,1284.0,4916.0,-4972.0,-14768.0,897.0,-355.0,-46.0,-528.0,-1262.0,-280.0,32445.0,5554688.0,2353.0,2703.0,0.0
6140548000,0.010267481044650379,97394.8717948718,2298.0,2275.0,2283.0,1288.0,4912.0,-4960.0,-14844.0,908.0,-361.0,-25.0,-527.0,-1259.0,-278.0,32445.0,5554688.0,2508.0,2687.0,0.0
6140804000,0.010267481044650379,97394.8717948718,2281.0,2274.0,2282.0,1286.0,4904.0,-4928.0,-14880.0,906.0,-331.0,-42.0,-527.0,-1259.0,-278.0,32445.0,5554688.0,2369.0,2703.0,0.0
6141060000,0.010267686999779351,97392.9181929182,2327.0,2275.0,2279.0,1286.0,4888.0,-4872.0,-14808.0,905.0,-347.0,-34.0,-531.0,-1262.0,-284.0,32445.0,5554688.0,2509.0,2686.0,0.0
6141316000,0.010267686999779351,97392.9181929182,2300.0,2274.0,2280.0,1287.0,4884.0,-4888.0,-14788.0,918.0,-334.0,-32.0,-536.0,-1264.0,-277.0,32445.0,5554688.0,2370.0,2703.0,0.0
6141572000,0.010267686999779351,97392.9181929182,2164.0,2274.0,2280.0,1286.0,4904.0,-4924.0,-14776.0,909.0,-344.0,-37.0,-536.0,-1267.0,-286.0,32445.0,5554432.0,2307.0,2703.0,0.0
6141828000,0.010267686999779351,97392.9181929182,2229.0,2274.0,2281.0,1287.0,4904.0,-4896.0,-14804.0,898.0,-338.0,-24.0,-542.0,-1260.0,-282.0,32445.0,5554432.0,2272.0,2702.0,0.0
6142084000,0.010267481044650379,97394.8717948718,2206.0,2275.0,2279.0,1291.0,4876.0,-4932.0,-14816.0,911.0,-330.0,-25.0,-542.0,-1260.0,-282.0,32445.0,5554688.0,2464.0,2685.0,0.0
6142340000,0.010267481044650379,97394.8717948718,2195.0,2274.0,2280.0,1289.0,4888.0,-4880.0,-14792.0,904.0,-346.0,-32.0,-532.0,-1268.0,-284.0,32445.0,5554688.0,2349.0,2703.0,0.0
6142596000,0.010267686999779351,97392.9181929182,2291.0,2274.0,2279.0,1287.0,4876.0,-4848.0,-14796.0,869.0,-360.0,-36.0,-531.0,-1270.0,-279.0,32445.0,5554176.0,2298.0,2703.0,0.0
6142852000,0.010267686999779351,97392.9181929182,2303.0,2272.0,2278.0,1286.0,4864.0,-4896.0,-14832.0,864.0,-351.0,-24.0,-527.0,-1264.0,-279.0,32445.0,5554176.0,2274.0,2703.0,0.0
6143108000,0.010267686999779351,97392.9181929182,2252.0,2272.0,2279.0,1287.0,4896.0,-4912.0,-14832.0,853.0,-364.0,-18.0,-539.0,-1264.0,-277.0,32445.0,5555712.0,2465.0,2686.0,0.0
6143364000,0.010267686999779351,97392.9181929182,2220.0,2271.0,2283.0,1287.0,4868.0,-4908.0,-14832.0,862.0,-339.0,-34.0,-539.0,-1264.0,-277.0,32445.0,5555712.0,2350.0,2703.0,0.0
6143620000,0.010267686999779351,97392.9181929182,2306.0,2272.0,2284.0,1287.0,4876.0,-4940.0,-14764.0,869.0,-356.0,-35.0,-526.0,-1263.0,-276.0,32445.0,5554688.0,2298.0,2703.0,0.0
6143876000,0.010267686999779351,97392.9181929182,2312.0,2272.0,2282.0,1288.0,4860.0,-4932.0,-14796.0,877.0,-359.0,-43.0,-527.0,-1261.0,-278.0,32445.0,5554688.0,2274.0,2703.0,0.0
6144132000,0.010267481044650379,97394.8717948718,2272.0,2273.0,2281.0,1288.0,4908.0,-4932.0,-14788.0,876.0,-369.0,-34.0,-526.0,-1258.0,-279.0,32445.0,5555200.0,2471.0,2687.0,0.0
6144388000,0.010267686999779351,97392.9181929182,2222.0,2275.0,2281.0,1288.0,4892.0,-4916.0,-14772.0,898.0,-340.0,-44.0,-527.0,-1266.0,-279.0,32445.0,5555200.0,2346.0,2702.0,0.0
6144644000,0.010267686999779351,97392.9181929182,2294.0,2274.0,2281.0,1289.0,4864.0,-4880.0,-14784.0,901.0,-351.0,-24.0,-527.0,-1266.0,-279.0,32445.0,5554688.0,2290.0,2702.0,0.0
6144900000,0.010267686999779351,97392.9181929182,2305.0,2274.0,2280.0,1289.0,4872.0,-4908.0,-14800.0,905.0,-331.0,-16.0,-534.0,-1264.0,-279.0,32445.0,5554688.0,2271.0,2703.0,0.0
6145156000,0.010267686999779351,97392.9181929182,2263.0,2273.0,2278.0,1288.0,4892.0,-4884.0,-14760.0,877.0,-322.0,-50.0,-530.0,-1263.0,-283.0,32445.0,5554176.0,2470.0,2687.0,0.0
6145412000,0.010267686999779351,97392.9181929182,2227.0,2276.0,2280.0,1289.0,4892.0,-4892.0,-14820.0,858.0,-313.0,-21.0,-533.0,-1269.0,-275.0,32445.0,5554176.0,2352.0,2703.0,0.0
6145668000,0.010267686999779351,97392.9181929182,2313.0,2275.0,2280.0,1291.0,4932.0,-4876.0,-14804.0,864.0,-326.0,-44.0,-533.0,-1269.0,-275.0,32445.0,5555200.0,2299.0,2703.0,0.0
6145924000,0.010267686999779351,97392.9181929182,2322.0,2274.0,2280.0,1287.0,4876.0,-4928.0,-14816.0,877.0,-326.0,-59.0,-535.0,-1264.0,-278.0,32445.0,5555200.0,2275.0,2703.0,0.0
6146180000,0.010267686999779351,97392.9181929182,2274.0,2275.0,2279.0,1287.0,4896.0,-4888.0,-14824.0,849.0,-331.0,-39.0,-536.0,-1264.0,-275.0,32445.0,5555456.0,2472.0,2687.0,0.0
6146436000,0.010267686999779351,97392.9181929182,2239.0,2275.0,2280.0,1286.0,4864.0,-4940.0,-14844.0,876.0,-331.0,-37.0,-534.0,-1267.0,-277.0,32445.0,5555456.0,2353.0,2703.0,0.0
6146692000,0.010267686999779351,97392.9181929182,2320.0,2274.0,2279.0,1288.0,4876.0,-4872.0,-14852.0,876.0,-322.0,-30.0,-535.0,-1259.0,-275.0,32445.0,5555456.0,2299.0,2703.0,0.0
6146948000,0.010267686999779351,97392.9181929182,2306.0,2275.0,2280.0,1288.0,4932.0,-4892.0,-14780.0,859.0,-347.0,-20.0,-535.0,-1259.0,-275.0,32445.0,5555456.0,2268.0,2702.0,0.0
6147204000,0.010267686999779351,97392.9181929182,2264.0,2274.0,2278.0,1288.0,4920.0,-4864.0,-14772.0,856.0,-336.0,-12.0,-530.0,-1264.0,-280.0,32445.0,5554688.0,2469.0,2687.0,0.0
6147460000,0.010267686999779351,97392.9181929182,2232.0,2276.0,2278.0,1289.0,4956.0,-4856.0,-14808.0,870.0,-366.0,-17.0,-531.0,-1264.0,-279.0,32445.0,5554688.0,2351.0,2703.0,0.0
6147716000,0.010267686999779351,97392.9181929182,2311.0,2276.0,2279.0,1289.0,4920.0,-4856.0,-14724.0,857.0,-358.0,-24.0,-529.0,-1265.0,-280.0,32445.0,5554432.0,2298.0,2703.0,0.0
6147972000,0.010267686999779351,97392.9181929182,2306.0,2276.0,2277.0,1288.0,4908.0,-4824.0,-14764.0,870.0,-336.0,-40.0,-523.0,-1260.0,-282.0,32445.0,5554432.0,2267.0,2702.0,0.0
6148228000,0.010267686999779351,97392.9181929182,2248.0,2275.0,2276.0,1285.0,4924.0,-4832.0,-14816.0,870.0,-336.0,-40.0,-523.0,-1260.0,-282.0,32445.0,5554176.0,2462.0,2686.0,0.0
6148484000,0.010267686999779351,97392.9181929182,2213.0,2274.0,2277.0,1284.0,4884.0,-4844.0,-14840.0,870.0,-339.0,-40.0,-525.0,-1261.0,-281.0,32445.0,5554176.0,2348.0,2703.0,0.0
6148740000,0.010267481044650379,97394.8717948718,2283.0,2274.0,2276.0,1285.0,4904.0,-4860.0,-14820.0,821.0,-323.0,-46.0,-530.0,-1264.0,-279.0,32445.0,5555200.0,2506.0,2687.0,0.0
6148996000,0.010267481044650379,97394.8717948718,2275.0,2274.0,2279.0,1284.0,4876.0,-4924.0,-14844.0,800.0,-337.0,-10.0,-528.0,-1267.0,-279.0,32445.0,5555200.0,2369.0,2703.0,0.0
6149252000,0.010267481044650379,97394.8717948718,2316.0,2272.0,2281.0,1286.0,4880.0,-4976.0,-14764.0,799.0,-329.0,-23.0,-530.0,-1264.0,-283.0,32445.0,5554688.0,2508.0,2685.0,0.0
6149508000,0.010267481044650379,97394.8717948718,2294.0,2273.0,2283.0,1287.0,4868.0,-4940.0,-14820.0,804.0,-317.0,-10.0,-530.0,-1264.0,-283.0,32445.0,5554688.0,2370.0,2703.0,0.0
6149764000,0.010267686999779351,97392.9181929182,2352.0,2272.0,2284.0,1288.0,4836.0,-4944.0,-14792.0,853.0,-323.0,-27.0,-538.0,-1266.0,-282.0,32445.0,5554688.0,2302.0,2704.0,0.0
6150020000,0.010267686999779351,97392.9181929182,2338.0,2271.0,2282.0,1287.0,4860.0,-4940.0,-14764.0,911.0,-321.0,-50.0,-540.0,-1265.0,-280.0,32445.0,5554688.0,2276.0,2703.0,0.0
6150276000,0.010267481044650379,97394.8717948718,2283.0,2272.0,2280.0,1287.0,4892.0,-4880.0,-14812.0,920.0,-345.0,-20.0,-532.0,-1264.0,-280.0,32445.0,5554176.0,2472.0,2687.0,0.0
6150532000,0.010267481044650379,97394.8717948718,2227.0,2271.0,2280.0,1287.0,4864.0,-4852.0,-14852.0,946.0,-349.0,-37.0,-532.0,-1264.0,-280.0,32445.0,5554176.0,2346.0,2702.0,0.0
6150788000,0.010267686999779351,97392.9181929182,2305.0,2272.0,2278.0,1289.0,4868.0,-4868.0,-14832.0,909.0,-359.0,-73.0,-527.0,-1264.0,-275.0,32445.0,5554688.0,2296.0,2703.0,0.0
6151044000,0.010267686999779351,97392.9181929182,2311.0,2273.0,2279.0,1288.0,4892.0,-4876.0,-14816.0,885.0,-330.0,-56.0,-529.0,-1265.0,-278.0,32445.0,5554688.0,2273.0,2703.0,0.0
6151300000,0.010267686999779351,97392.9181929182,2257.0,2272.0,2278.0,1289.0,4876.0,-4884.0,-14756.0,882.0,-342.0,-52.0,-526.0,-1261.0,-274.0,32445.0,5555200.0,2465.0,2686.0,0.0
6151556000,0.010267686999779351,97392.9181929182,2223.0,2272.0,2278.0,1288.0,4888.0,-4936.0,-14736.0,862.0,-341.0,-36.0,-528.0,-1267.0,-276.0,32445.0,5555200.0,2350.0,2703.0,0.0
6151812000,0.010267686999779351,97392.9181929182,2305.0,2272.0,2280.0,1290.0,4880.0,-4856.0,-14764.0,877.0,-298.0,-33.0,-528.0,-1267.0,-276.0,32445.0,5554176.0,2298.0,2703.0,0.0
6152068000,0.010267686999779351,97392.9181929182,2313.0,2271.0,2281.0,1288.0,4900.0,-4944.0,-14784.0,866.0,-331.0,-25.0,-528.0,-1265.0,-282.0,32445.0,5554176.0,2274.0,2703.0,0.0
6152324000,0.010267481044650379,97394.8717948718,2273.0,2272.0,2281.0,1288.0,4892.0,-4924.0,-14740.0,877.0,-316.0,-40.0,-528.0,-1265.0,-280.0,32445.0,5555968.0,2471.0,2687.0,0.0
6152580000,0.010267686999779351,97392.9181929182,2233.0,2275.0,2279.0,1286.0,4868.0,-4920.0,-14812.0,886.0,-343.0,-55.0,-530.0,-1272.0,-283.0,32445.0,5555968.0,2352.0,2703.0,0.0
6152836000,0.010267686999779351,97392.9181929182,2304.0,2273.0,2279.0,1287.0,4876.0,-4980.0,-14796.0,906.0,-320.0,-49.0,-535.0,-1264.0,-275.0,32445.0,5555200.0,2293.0,2702.0,0.0
6153092000,0.010267686999779351,97392.9181929182,2304.0,2275.0,2278.0,1286.0,4948.0,-4884.0,-14820.0,915.0,-338.0,-29.0,-535.0,-1264.0,-275.0,32445.0,5555200.0,2272.0,2703.0,0.0
6153348000,0.010267686999779351,97392.9181929182,2264.0,2275.0,2277.0,1285.0,4920.0,-4856.0,-14800.0,899.0,-340.0,-43.0,-537.0,-1259.0,-274.0,32445.0,5555456.0,2470.0,2687.0,0.0
6153604000,0.010267686999779351,97392.9181929182,2229.0,2275.0,2275.0,1285.0,4936.0,-4876.0,-14792.0,902.0,-350.0,-37.0,-539.0,-1265.0,-280.0,32445.0,5555456.0,2352.0,2703.0,0.0
6153860000,0.010267686999779351,97392.9181929182,2303.0,2275.0,2276.0,1286.0,4952.0,-4788.0,-14764.0,885.0,-344.0,-29.0,-529.0,-1261.0,-277.0,32445.0,5555200.0,2294.0,2704.0,0.0
6154116000,0.010267686999779351,97392.9181929182,2296.0,2277.0,2278.0,1286.0,4976.0,-4856.0,-14808.0,853.0,-338.0,-12.0,-532.0,-1265.0,-276.0,32445.0,5555200.0,2266.0,2702.0,0.0
6154372000,0.010267686999779351,97392.9181929182,2242.0,2277.0,2277.0,1287.0,4968.0,-4848.0,-14832.0,833.0,-332.0,-19.0,-532.0,-1265.0,-276.0,32445.0,5555456.0,2461.0,2686.0,0.0
6154628000,0.010267686999779351,97392.9181929182,2209.0,2275.0,2278.0,1287.0,4928.0,-4836.0,-14764.0,830.0,-327.0,-17.0,-529.0,-1269.0,-276.0,32445.0,5555456.0,2348.0,2703.0,0.0
6154884000,0.010267686999779351,97392.9181929182,2299.0,2276.0,2277.0,1284.0,4948.0,-4864.0,-14768.0,813.0,-339.0,2.0,-528.0,-1268.0,-280.0,32445.0,5555200.0,2297.0,2703.0,0.0
6155140000,0.010267686999779351,97392.9181929182,2300.0,2274.0,2278.0,1286.0,4944.0,-4916.0,-14808.0,833.0,-340.0,-20.0,-527.0,-1264.0,-276.0,32445.0,5555200.0,2267.0,2702.0,0.0
6155396000,0.010267481044650379,97394.8717948718,2243.0,2275.0,2278.0,1287.0,4908.0,-4900.0,-14824.0,855.0,-318.0,-18.0,-527.0,-1264.0,-276.0,32445.0,5555200.0,2462.0,2686.0,0.0
6155652000,0.010267481044650379,97394.8717948718,2210.0,2272.0,2281.0,1286.0,4860.0,-4884.0,-14836.0,854.0,-336.0,-24.0,-528.0,-1266.0,-283.0,32445.0,5555200.0,2348.0,2703.0,0.0
6155908000,0.010267481044650379,97394.8717948718,2288.0,2273.0,2279.0,1286.0,4912.0,-4880.0,-14764.0,873.0,-318.0,-17.0,-527.0,-1263.0,-274.0,32445.0,5555200.0,2292.0,2704.0,0.0
6156164000,0.010267686999779351,97392.9181929182,2296.0,2272.0,2278.0,1285.0,4912.0,-4836.0,-14772.0,872.0,-343.0,-25.0,-532.0,-1263.0,-282.0,32445.0,5555200.0,2272.0,2703.0,0.0
6156420000,0.010267481044650379,97394.8717948718,2243.0,2273.0,2278.0,1288.0,4928.0,-4868.0,-14824.0,886.0,-339.0,-30.0,-536.0,-1261.0,-278.0,32445.0,5555200.0,2464.0,2685.0,0.0
6156676000,0.010267686999779351,97392.9181929182,2198.0,2272.0,2276.0,1285.0,4920.0,-4808.0,-14820.0,874.0,-373.0,-5.0,-536.0,-1261.0,-278.0,32445.0,5555200.0,2342.0,2702.0,0.0
6156932000,0.010267686999779351,97392.9181929182,2289.0,2270.0,2274.0,1286.0,4832.0,-4832.0,-14768.0,840.0,-370.0,-40.0,-538.0,-1264.0,-284.0,32445.0,5554176.0,2294.0,2703.0,0.0
6157188000,0.010267686999779351,97392.9181929182,2295.0,2272.0,2275.0,1287.0,4864.0,-4852.0,-14768.0,846.0,-332.0,-22.0,-535.0,-1264.0,-277.0,32445.0,5554176.0,2267.0,2704.0,0.0
6157444000,0.010267686999779351,97392.9181929182,2251.0,2269.0,2276.0,1285.0,4856.0,-4852.0,-14760.0,814.0,-337.0,-4.0,-539.0,-1268.0,-280.0,32445.0,5555712.0,2468.0,2687.0,0.0
6157700000,0.010267481044650379,97394.8717948718,2205.0,2272.0,2276.0,1286.0,4856.0,-4884.0,-14812.0,810.0,-327.0,-21.0,-534.0,-1262.0,-282.0,32445.0,5555712.0,2344.0,2702.0,0.0
6157956000,0.010267686999779351,97392.9181929182,2290.0,2274.0,2279.0,1289.0,4884.0,-4912.0,-14816.0,795.0,-363.0,-22.0,-534.0,-1262.0,-282.0,32445.0,5555200.0,2296.0,2703.0,0.0
6158212000,0.010267481044650379,97394.8717948718,2304.0,2272.0,2279.0,1286.0,4920.0,-4852.0,-14804.0,822.0,-337.0,-36.0,-528.0,-1261.0,-281.0,32445.0,5555200.0,2273.0,2703.0,0.0
6158468000,0.010267686999779351,97392.9181929182,2268.0,2272.0,2281.0,1287.0,4904.0,-4912.0,-14816.0,837.0,-339.0,-60.0,-544.0,-1266.0,-279.0,32445.0,5554176.0,2471.0,2687.0,0.0
6158724000,0.010267686999779351,97392.9181929182,2226.0,2271.0,2280.0,1285.0,4900.0,-4892.0,-14800.0,854.0,-340.0,-38.0,-525.0,-1263.0,-280.0,32445.0,5554176.0,2347.0,2704.0,0.0
6158980000,0.010267481044650379,97394.8717948718,2295.0,2272.0,2279.0,1284.0,4884.0,-4860.0,-14856.0,858.0,-328.0,-45.0,-533.0,-1264.0,-278.0,32445.0,5555456.0,2290.0,2702.0,0.0
6159236000,0.010267686999779351,97392.9181929182,2249.0,2272.0,2277.0,1284.0,4884.0,-4868.0,-14796.0,872.0,-334.0,-36.0,-533.0,-1264.0,-278.0,32445.0,5555456.0,2466.0,2684.0,0.0
6159492000,0.010267481044650379,97394.8717948718,2384.0,2272.0,2277.0,1286.0,4876.0,-4856.0,-14784.0,869.0,-336.0,-25.0,-536.0,-1261.0,-277.0,32445.0,5554688.0,2553.0,2686.0,0.0
6159748000,0.010267686999779351,97392.9181929182,2370.0,2274.0,2277.0,1286.0,4924.0,-4848.0,-14764.0,860.0,-332.0,-27.0,-538.0,-1263.0,-278.0,32445.0,5554688.0,2391.0,2703.0,0.0
6160004000,0.010267686999779351,97392.9181929182,2219.0,2273.0,2277.0,1287.0,4876.0,-4884.0,-14808.0,819.0,-341.0,-22.0,-534.0,-1266.0,-279.0,32445.0,5554432.0,2317.0,2703.0,0.0
6160260000,0.010267686999779351,97392.9181929182,2265.0,2275.0,2277.0,1284.0,4932.0,-4876.0,-14816.0,832.0,-331.0,-17.0,-534.0,-1266.0,-279.0,32445.0,5554432.0,2276.0,2702.0,0.0
6160516000,0.010267686999779351,97392.9181929182,2240.0,2274.0,2278.0,1285.0,4924.0,-4884.0,-14800.0,834.0,-353.0,-19.0,-531.0,-1263.0,-278.0,32445.0,5555712.0,2467.0,2686.0,0.0
6160772000,0.010267686999779351,97392.9181929182,2205.0,2275.0,2278.0,1288.0,4908.0,-4872.0,-14772.0,846.0,-334.0,-26.0,-535.0,-1261.0,-280.0,32445.0,5555712.0,2345.0,2704.0,0.0
6161028000,0.010267481044650379,97394.8717948718,2291.0,2274.0,2277.0,1289.0,4924.0,-4920.0,-14800.0,863.0,-326.0,-17.0,-534.0,-1271.0,-277.0,32445.0,5555712.0,2296.0,2703.0,0.0
6161284000,0.010267481044650379,97394.8717948718,2303.0,2276.0,2277.0,1287.0,4928.0,-4852.0,-14760.0,854.0,-326.0,-18.0,-531.0,-1257.0,-278.0,32445.0,5555712.0,2273.0,2703.0,0.0
6161540000,0.010267481044650379,97394.8717948718,2251.0,2276.0,2276.0,1287.0,4932.0,-4844.0,-14800.0,823.0,-344.0,-2.0,-531.0,-1257.0,-278.0,32445.0,5554944.0,2465.0,2686.0,0.0
6161796000,0.010267686999779351,97392.9181929182,2221.0,2275.0,2277.0,1286.0,4904.0,-4872.0,-14784.0,819.0,-343.0,-35.0,-526.0,-1266.0,-279.0,32445.0,5554944.0,2350.0,2703.0,0.0
6162052000,0.010267686999779351,97392.9181929182,2306.0,2273.0,2278.0,1287.0,4912.0,-4916.0,-14780.0,817.0,-371.0,-28.0,-525.0,-1265.0,-279.0,32445.0,5554688.0,2298.0,2703.0,0.0
6162308000,0.010267686999779351,97392.9181929182,2311.0,2274.0,2280.0,1287.0,4932.0,-4900.0,-14792.0,830.0,-358.0,-10.0,-529.0,-1263.0,-277.0,32445.0,5554688.0,2274.0,2703.0,0.0
6162564000,0.010267686999779351,97392.9181929182,2257.0,2273.0,2279.0,1287.0,4908.0,-4880.0,-14792.0,834.0,-350.0,-34.0,-520.0,-1270.0,-281.0,32445.0,5555200.0,2465.0,2686.0,0.0
6162820000,0.010267686999779351,97392.9181929182,2222.0,2274.0,2277.0,1289.0,4916.0,-4888.0,-14860.0,859.0,-348.0,-20.0,-520.0,-1270.0,-281.0,32445.0,5555200.0,2350.0,2703.0,0.0
6163076000,0.010267686999779351,97392.9181929182,2301.0,2274.0,2278.0,1287.0,4920.0,-4856.0,-14796.0,860.0,-338.0,-24.0,-531.0,-1269.0,-283.0,32445.0,5555456.0,2293.0,2704.0,0.0
6163332000,0.010267481044650379,97394.8717948718,2303.0,2274.0,2276.0,1288.0,4904.0,-4888.0,-14812.0,862.0,-330.0,-22.0,-526.0,-1267.0,-282.0,32445.0,5555456.0,2272.0,2703.0,0.0
6163588000,0.010267686999779351,97392.9181929182,2247.0,2274.0,2278.0,1286.0,4944.0,-4832.0,-14808.0,872.0,-321.0,-2.0,-532.0,-1269.0,-280.0,32445.0,5555200.0,2464.0,2686.0,0.0
6163844000,0.010267686999779351,97392.9181929182,2215.0,2274.0,2276.0,1288.0,4928.0,-4828.0,-14772.0,852.0,-326.0,-13.0,-527.0,-1268.0,-282.0,32445.0,5555200.0,2349.0,2703.0,0.0
6164100000,0.010267481044650379,97394.8717948718,2303.0,2274.0,2276.0,1288.0,4928.0,-4816.0,-14788.0,834.0,-320.0,-35.0,-527.0,-1268.0,-282.0,32445.0,5555712.0,2298.0,2703.0,0.0
6164356000,0.010267686999779351,97392.9181929182,2311.0,2274.0,2275.0,1287.0,4920.0,-4832.0,-14784.0,830.0,-337.0,-38.0,-538.0,-1269.0,-282.0,32445.0,5555712.0,2274.0,2703.0,0.0
6164612000,0.010267686999779351,97392.9181929182,2257.0,2274.0,2276.0,1285.0,4916.0,-4804.0,-14760.0,799.0,-340.0,-40.0,-539.0,-1267.0,-279.0,32445.0,5555456.0,2465.0,2686.0,0.0
6164868000,0.010267686999779351,97392.9181929182,2223.0,2273.0,2278.0,1287.0,4892.0,-4880.0,-14812.0,806.0,-352.0,-49.0,-532.0,-1266.0,-280.0,32445.0,5555456.0,2350.0,2703.0,0.0
6165124000,0.010267481044650379,97394.8717948718,2305.0,2273.0,2279.0,1287.0,4940.0,-4900.0,-14792.0,831.0,-369.0,-32.0,-532.0,-1266.0,-280.0,32445.0,5555712.0,2298.0,2703.0,0.0
6165380000,0.010267686999779351,97392.9181929182,2305.0,2275.0,2279.0,1285.0,4896.0,-4908.0,-14824.0,831.0,-369.0,-32.0,-547.0,-1269.0,-280.0,32445.0,5555712.0,2267.0,2702.0,0.0
6165636000,0.010267686999779351,97392.9181929182,2257.0,2273.0,2279.0,1286.0,4904.0,-4928.0,-14808.0,826.0,-377.0,-33.0,-534.0,-1264.0,-285.0,32445.0,5555200.0,2468.0,2687.0,0.0
6165892000,0.010267686999779351,97392.9181929182,2214.0,2273.0,2278.0,1284.0,4892.0,-4864.0,-14844.0,858.0,-345.0,-45.0,-530.0,-1264.0,-281.0,32445.0,5555200.0,2345.0,2702.0,0.0
6166148000,0.010267686999779351,97392.9181929182,2296.0,2272.0,2279.0,1286.0,4856.0,-4852.0,-14784.0,868.0,-362.0,-30.0,-526.0,-1264.0,-281.0,32445.0,5554432.0,2296.0,2703.0,0.0
6166404000,0.010267481044650379,97394.8717948718,2298.0,2273.0,2278.0,1286.0,4904.0,-4884.0,-14812.0,873.0,-326.0,-25.0,-526.0,-1264.0,-281.0,32445.0,5554432.0,2267.0,2702.0,0.0
6166660000,0.010267686999779351,97392.9181929182,2244.0,2273.0,2278.0,1287.0,4924.0,-4868.0,-14804.0,883.0,-324.0,-35.0,-544.0,-1267.0,-280.0,32445.0,5555200.0,2462.0,2686.0,0.0
6166916000,0.010267686999779351,97392.9181929182,2206.0,2272.0,2278.0,1288.0,4880.0,-4856.0,-14772.0,882.0,-337.0,-28.0,-528.0,-1264.0,-279.0,32445.0,5555200.0,2343.0,2704.0,0.0
6167172000,0.010267686999779351,97392.9181929182,2296.0,2273.0,2279.0,1289.0,4900.0,-4860.0,-14796.0,860.0,-337.0,-17.0,-533.0,-1258.0,-281.0,32445.0,5554432.0,2295.0,2703.0,0.0
6167428000,0.010267481044650379,97394.8717948718,2292.0,2273.0,2277.0,1288.0,4892.0,-4828.0,-14764.0,870.0,-342.0,-35.0,-532.0,-1259.0,-283.0,32445.0,5554432.0,2265.0,2701.0,0.0
6167684000,0.010267481044650379,97394.8717948718,2238.0,2275.0,2275.0,1288.0,4932.0,-4816.0,-14836.0,869.0,-343.0,-49.0,-532.0,-1259.0,-283.0,32445.0,5555200.0,2461.0,2686.0,0.0
6167940000,0.010267686999779351,97392.9181929182,2223.0,2275.0,2277.0,1286.0,4920.0,-4864.0,-14848.0,859.0,-334.0,-34.0,-532.0,-1269.0,-277.0,32445.0,5555200.0,2354.0,2703.0,0.0
6168196000,0.010267686999779351,97392.9181929182,2307.0,2274.0,2278.0,1286.0,4916.0,-4884.0,-14788.0,824.0,-333.0,-40.0,-530.0,-1262.0,-282.0,32445.0,5555712.0,2300.0,2703.0,0.0
6168452000,0.010267686999779351,97392.9181929182,2300.0,2273.0,2277.0,1285.0,4852.0,-4864.0,-14816.0,831.0,-339.0,-40.0,-538.0,-1266.0,-285.0,32445.0,5555712.0,2268.0,2702.0,0.0
6168708000,0.010267686999779351,97392.9181929182,2242.0,2274.0,2279.0,1286.0,4920.0,-4884.0,-14820.0,820.0,-354.0,-15.0,-538.0,-1260.0,-274.0,32445.0,5555200.0,2461.0,2683.0,0.0
6168964000,0.010267686999779351,97392.9181929182,2198.0,2274.0,2278.0,1289.0,4924.0,-4832.0,-14860.0,861.0,-342.0,-22.0,-538.0,-1260.0,-274.0,32445.0,5555200.0,2341.0,2702.0,0.0
6169220000,0.010267686999779351,97392.9181929182,2280.0,2273.0,2277.0,1288.0,4908.0,-4848.0,-14776.0,860.0,-329.0,-17.0,-531.0,-1265.0,-280.0,32445.0,5555456.0,2287.0,2702.0,0.0
6169476000,0.010267686999779351,97392.9181929182,2284.0,2273.0,2276.0,1290.0,4900.0,-4836.0,-14784.0,870.0,-326.0,-18.0,-528.0,-1272.0,-280.0,32445.0,5555456.0,2263.0,2702.0,0.0
6169732000,0.010267686999779351,97392.9181929182,2228.0,2272.0,2278.0,1287.0,4856.0,-4816.0,-14776.0,846.0,-332.0,-4.0,-531.0,-1269.0,-279.0,32445.0,5555200.0,2460.0,2685.0,0.0
6169988000,0.010267481044650379,97394.8717948718,2183.0,2273.0,2277.0,1289.0,4868.0,-4812.0,-14820.0,852.0,-322.0,-10.0,-526.0,-1262.0,-276.0,32445.0,5555200.0,2340.0,2702.0,0.0
6170244000,0.010267481044650379,97394.8717948718,2280.0,2273.0,2275.0,1285.0,4888.0,-4840.0,-14836.0,854.0,-324.0,-21.0,-526.0,-1262.0,-276.0,32445.0,5554688.0,2294.0,2703.0,0.0
6170500000,0.010267686999779351,97392.9181929182,2285.0,2274.0,2277.0,1286.0,4860.0,-4788.0,-14792.0,840.0,-346.0,-44.0,-527.0,-1263.0,-281.0,32445.0,5554688.0,2266.0,2702.0,0.0
6170756000,0.010267686999779351,97392.9181929182,2235.0,2273.0,2276.0,1286.0,4852.0,-4832.0,-14796.0,785.0,-331.0,-29.0,-526.0,-1260.0,-277.0,32445.0,5555456.0,2461.0,2685.0,0.0
6171012000,0.010267686999779351,97392.9181929182,2204.0,2273.0,2279.0,1284.0,4872.0,-4864.0,-14888.0,785.0,-336.0,-19.0,-528.0,-1262.0,-281.0,32445.0,5555456.0,2348.0,2703.0,0.0
6171268000,0.010267686999779351,97392.9181929182,2295.0,2271.0,2281.0,1285.0,4868.0,-4892.0,-14872.0,792.0,-331.0,-25.0,-528.0,-1262.0,-281.0,32445.0,5555200.0,2297.0,2703.0,0.0
6171524000,0.010267686999779351,97392.9181929182,2300.0,2272.0,2278.0,1286.0,4876.0,-4900.0,-14860.0,807.0,-338.0,-36.0,-533.0,-1262.0,-280.0,32445.0,5555200.0,2267.0,2702.0,0.0
6171780000,0.010267686999779351,97392.9181929182,2244.0,2272.0,2279.0,1287.0,4860.0,-4860.0,-14772.0,818.0,-332.0,-7.0,-541.0,-1269.0,-283.0,32445.0,5554432.0,2462.0,2685.0,0.0
6172036000,0.010267686999779351,97392.9181929182,2209.0,2272.0,2279.0,1288.0,4864.0,-4860.0,-14776.0,842.0,-355.0,-15.0,-529.0,-1269.0,-273.0,32445.0,5554432.0,2348.0,2703.0,0.0
6172292000,0.010267481044650379,97394.8717948718,2293.0,2275.0,2278.0,1287.0,4892.0,-4828.0,-14852.0,862.0,-339.0,-38.0,-534.0,-1260.0,-280.0,32445.0,5555712.0,2296.0,2703.0,0.0
6172548000,0.010267481044650379,97394.8717948718,2296.0,2276.0,2277.0,1288.0,4924.0,-4812.0,-14836.0,858.0,-358.0,-24.0,-534.0,-1260.0,-280.0,32445.0,5555712.0,2267.0,2702.0,0.0
6172804000,0.010267481044650379,97394.8717948718,2253.0,2276.0,2276.0,1285.0,4928.0,-4844.0,-14820.0,842.0,-340.0,-39.0,-530.0,-1268.0,-277.0,32445.0,5555200.0,2468.0,2687.0,0.0
6173060000,0.010267481044650379,97394.8717948718,2227.0,2275.0,2276.0,1286.0,4912.0,-4796.0,-14836.0,866.0,-331.0,-46.0,-532.0,-1262.0,-285.0,32445.0,5555200.0,2351.0,2703.0,0.0
6173316000,0.010267686999779351,97392.9181929182,2313.0,2274.0,2275.0,1284.0,4868.0,-4832.0,-14868.0,874.0,-301.0,-27.0,-528.0,-1260.0,-277.0,32445.0,5554688.0,2299.0,2703.0,0.0
6173572000,0.010267686999779351,97392.9181929182,2302.0,2274.0,2276.0,1285.0,4856.0,-4804.0,-14832.0,840.0,-301.0,-29.0,-525.0,-1266.0,-277.0,32445.0,5554688.0,2266.0,2701.0,0.0
6173828000,0.010267481044650379,97394.8717948718,2246.0,2273.0,2278.0,1287.0,4888.0,-4816.0,-14820.0,816.0,-311.0,-18.0,-525.0,-1266.0,-277.0,32445.0,5555200.0,2462.0,2686.0,0.0
6174084000,0.010267686999779351,97392.9181929182,2212.0,2272.0,2276.0,1286.0,4860.0,-4852.0,-14776.0,828.0,-308.0,-2.0,-526.0,-1263.0,-282.0,32445.0,5555200.0,2348.0,2703.0,0.0
6174340000,0.010267481044650379,97394.8717948718,2300.0,2273.0,2280.0,1289.0,4848.0,-4880.0,-14764.0,830.0,-319.0,-25.0,-526.0,-1262.0,-279.0,32445.0,5555456.0,2297.0,2703.0,0.0
6174596000,0.010267686999779351,97392.9181929182,2259.0,2272.0,2279.0,1289.0,4860.0,-4888.0,-14780.0,884.0,-330.0,-35.0,-534.0,-1269.0,-285.0,32445.0,5555456.0,2469.0,2684.0,0.0
6174852000,0.010267481044650379,97394.8717948718,2391.0,2272.0,2277.0,1288.0,4860.0,-4852.0,-14832.0,898.0,-351.0,-45.0,-529.0,-1271.0,-287.0,32445.0,5555456.0,2555.0,2686.0,0.0
6175108000,0.010267686999779351,97392.9181929182,2375.0,2271.0,2278.0,1284.0,4832.0,-4836.0,-14812.0,849.0,-371.0,-53.0,-529.0,-1271.0,-287.0,32445.0,5555456.0,2391.0,2703.0,0.0
6175364000,0.010267686999779351,97392.9181929182,2223.0,2270.0,2277.0,1287.0,4828.0,-4824.0,-14848.0,860.0,-353.0,-53.0,-530.0,-1271.0,-283.0,32445.0,5555968.0,2317.0,2703.0,0.0
6175620000,0.010267686999779351,97392.9181929182,2268.0,2270.0,2277.0,1284.0,4840.0,-4824.0,-14864.0,865.0,-350.0,-53.0,-535.0,-1259.0,-278.0,32445.0,5555968.0,2276.0,2702.0,0.0
6175876000,0.010267686999779351,97392.9181929182,2235.0,2272.0,2277.0,1285.0,4828.0,-4836.0,-14852.0,858.0,-350.0,-28.0,-538.0,-1262.0,-281.0,32445.0,5555200.0,2466.0,2686.0,0.0
6176132000,0.010267686999779351,97392.9181929182,2195.0,2272.0,2276.0,1288.0,4840.0,-4824.0,-14828.0,850.0,-303.0,-34.0,-538.0,-1262.0,-281.0,32445.0,5555200.0,2344.0,2702.0,0.0
6176388000,0.010267686999779351,97392.9181929182,2292.0,2272.0,2280.0,1288.0,4828.0,-4860.0,-14772.0,862.0,-323.0,-9.0,-531.0,-1277.0,-286.0,32445.0,5554688.0,2295.0,2703.0,0.0
6176644000,0.010267481044650379,97394.8717948718,2303.0,2273.0,2281.0,1288.0,4876.0,-4880.0,-14740.0,864.0,-317.0,-34.0,-528.0,-1266.0,-280.0,32445.0,5554688.0,2273.0,2703.0,0.0
6176900000,0.010267686999779351,97392.9181929182,2253.0,2273.0,2279.0,1289.0,4896.0,-4892.0,-14800.0,870.0,-328.0,-17.0,-531.0,-1262.0,-279.0,32445.0,5555456.0,2465.0,2686.0,0.0
6177156000,0.010267686999779351,97392.9181929182,2210.0,2274.0,2280.0,1288.0,4920.0,-4848.0,-14764.0,892.0,-323.0,-15.0,-525.0,-1262.0,-283.0,32445.0,5555456.0,2343.0,2702.0,0.0
6177412000,0.010267686999779351,97392.9181929182,2280.0,2275.0,2278.0,1287.0,4864.0,-4880.0,-14792.0,888.0,-340.0,-50.0,-525.0,-1262.0,-283.0,32445.0,5555200.0,2288.0,2702.0,0.0
6177668000,0.010267686999779351,97392.9181929182,2285.0,2273.0,2276.0,1287.0,4912.0,-4888.0,-14808.0,844.0,-333.0,-43.0,-528.0,-1258.0,-277.0,32445.0,5555200.0,2263.0,2702.0,0.0
6177924000,0.010267481044650379,97394.8717948718,2244.0,2274.0,2274.0,1282.0,4892.0,-4848.0,-14844.0,827.0,-337.0,-36.0,-523.0,-1265.0,-282.0,32445.0,5555456.0,2466.0,2687.0,0.0
6178180000,0.010267481044650379,97394.8717948718,2216.0,2275.0,2277.0,1285.0,4924.0,-4796.0,-14860.0,836.0,-330.0,-25.0,-538.0,-1263.0,-276.0,32445.0,5555456.0,2350.0,2703.0,0.0
6178436000,0.010267481044650379,97394.8717948718,2290.0,2275.0,2278.0,1285.0,4900.0,-4836.0,-14864.0,833.0,-343.0,-33.0,-530.0,-1267.0,-276.0,32445.0,5555712.0,2292.0,2702.0,0.0
6178692000,0.010267481044650379,97394.8717948718,2289.0,2275.0,2275.0,1287.0,4888.0,-4840.0,-14828.0,837.0,-346.0,-42.0,-530.0,-1267.0,-276.0,32445.0,5555712.0,2265.0,2702.0,0.0
6178948000,0.010267686999779351,97392.9181929182,2239.0,2275.0,2277.0,1287.0,4928.0,-4824.0,-14792.0,866.0,-337.0,-30.0,-531.0,-1264.0,-282.0,32445.0,5555200.0,2461.0,2686.0,0.0
6179204000,0.010267481044650379,97394.8717948718,2207.0,2277.0,2276.0,1288.0,4916.0,-4820.0,-14776.0,864.0,-331.0,-14.0,-537.0,-1262.0,-281.0,32445.0,5555200.0,2348.0,2703.0,0.0
6179460000,0.010267686999779351,97392.9181929182,2297.0,2276.0,2277.0,1287.0,4896.0,-4796.0,-14796.0,885.0,-334.0,2.0,-533.0,-1263.0,-281.0,32445.0,5555200.0,2297.0,2703.0,0.0
6179716000,0.010267481044650379,97394.8717948718,2298.0,2276.0,2276.0,1288.0,4900.0,-4776.0,-14804.0,877.0,-332.0,-32.0,-531.0,-1263.0,-285.0,32445.0,5555200.0,2267.0,2702.0,0.0
6179972000,0.010267686999779351,97392.9181929182,2244.0,2277.0,2275.0,1288.0,4888.0,-4788.0,-14824.0,839.0,-334.0,-8.0,-531.0,-1263.0,-285.0,32445.0,5554688.0,2462.0,2686.0,0.0
6180228000,0.010267686999779351,97392.9181929182,2210.0,2275.0,2274.0,1288.0,4892.0,-4804.0,-14840.0,845.0,-334.0,-19.0,-528.0,-1262.0,-281.0,32445.0,5554688.0,2348.0,2703.0,0.0
6180484000,0.010267686999779351,97392.9181929182,2300.0,2273.0,2274.0,1287.0,4892.0,-4820.0,-14796.0,818.0,-333.0,-37.0,-531.0,-1254.0,-275.0,32445.0,5554432.0,2297.0,2703.0,0.0
6180740000,0.010267481044650379,97394.8717948718,2300.0,2272.0,2277.0,1284.0,4864.0,-4872.0,-14820.0,839.0,-337.0,-30.0,-525.0,-1261.0,-282.0,32445.0,5554432.0,2267.0,2702.0,0.0
6180996000,0.010267481044650379,97394.8717948718,2242.0,2272.0,2277.0,1286.0,4864.0,-4852.0,-14812.0,864.0,-353.0,-20.0,-525.0,-1261.0,-282.0,32445.0,5555200.0,2461.0,2685.0,0.0
6181252000,0.010267686999779351,97392.9181929182,2210.0,2272.0,2275.0,1286.0,4848.0,-4832.0,-14888.0,849.0,-361.0,-53.0,-524.0,-1264.0,-279.0,32445.0,5555200.0,2348.0,2703.0,0.0
6181508000,0.010267686999779351,97392.9181929182,2299.0,2271.0,2275.0,1284.0,4836.0,-4812.0,-14808.0,823.0,-364.0,-35.0,-533.0,-1265.0,-275.0,32445.0,5555200.0,2297.0,2703.0,0.0
6181764000,0.010267686999779351,97392.9181929182,2300.0,2271.0,2276.0,1286.0,4836.0,-4816.0,-14824.0,822.0,-351.0,-19.0,-534.0,-1266.0,-279.0,32445.0,5555200.0,2267.0,2702.0,0.0
6182020000,0.010267481044650379,97394.8717948718,2245.0,2270.0,2278.0,1289.0,4800.0,-4852.0,-14792.0,827.0,-323.0,-23.0,-525.0,-1264.0,-285.0,32445.0,5555456.0,2462.0,2685.0,0.0
6182276000,0.010267686999779351,97392.9181929182,2199.0,2270.0,2279.0,1286.0,4804.0,-4888.0,-14824.0,827.0,-323.0,-23.0,-525.0,-1264.0,-285.0,32445.0,5555456.0,2342.0,2702.0,0.0
6182532000,0.010267686999779351,97392.9181929182,2289.0,2272.0,2278.0,1287.0,4824.0,-4860.0,-14824.0,849.0,-331.0,-6.0,-535.0,-1264.0,-282.0,32445.0,5554432.0,2294.0,2703.0,0.0
6182788000,0.010267481044650379,97394.8717948718,2289.0,2272.0,2277.0,1288.0,4884.0,-4868.0,-14756.0,823.0,-315.0,-35.0,-541.0,-1265.0,-275.0,32445.0,5554432.0,2266.0,2702.0,0.0
6183044000,0.010267686999779351,97392.9181929182,2238.0,2273.0,2278.0,1288.0,4880.0,-4892.0,-14784.0,828.0,-332.0,-21.0,-540.0,-1265.0,-281.0,32445.0,5555712.0,2461.0,2686.0,0.0
6183300000,0.010267686999779351,97392.9181929182,2194.0,2273.0,2278.0,1289.0,4876.0,-4844.0,-14856.0,846.0,-330.0,-22.0,-546.0,-1260.0,-282.0,32445.0,5555712.0,2341.0,2702.0,0.0
6183556000,0.010267481044650379,97394.8717948718,2285.0,2274.0,2278.0,1286.0,4904.0,-4852.0,-14832.0,852.0,-346.0,-21.0,-546.0,-1260.0,-282.0,32445.0,5555200.0,2294.0,2703.0,0.0
6183812000,0.010267686999779351,97392.9181929182,2289.0,2273.0,2276.0,1286.0,4888.0,-4856.0,-14828.0,855.0,-347.0,-13.0,-530.0,-1263.0,-280.0,32445.0,5555200.0,2266.0,2702.0,0.0
6184068000,0.010267686999779351,97392.9181929182,2237.0,2274.0,2276.0,1283.0,4908.0,-4836.0,-14808.0,852.0,-350.0,-48.0,-528.0,-1269.0,-278.0,32445.0,5555200.0,2461.0,2685.0,0.0
6184324000,0.010267686999779351,97392.9181929182,2195.0,2275.0,2275.0,1285.0,4912.0,-4848.0,-14800.0,852.0,-352.0,-34.0,-527.0,-1267.0,-277.0,32445.0,5555200.0,2341.0,2702.0,0.0
6184580000,0.010267686999779351,97392.9181929182,2276.0,2275.0,2277.0,1287.0,4896.0,-4820.0,-14852.0,832.0,-347.0,-24.0,-528.0,-1265.0,-277.0,32445.0,5554432.0,2287.0,2702.0,0.0
6184836000,0.010267686999779351,97392.9181929182,2282.0,2274.0,2278.0,1286.0,4944.0,-4880.0,-14856.0,824.0,-332.0,-14.0,-528.0,-1265.0,-277.0,32445.0,5554432.0,2263.0,2702.0,0.0
6185092000,0.010267686999779351,97392.9181929182,2233.0,2275.0,2277.0,1284.0,4920.0,-4904.0,-14812.0,845.0,-329.0,-19.0,-527.0,-1268.0,-278.0,32445.0,5555456.0,2459.0,2685.0,0.0
6185348000,0.010267686999779351,97392.9181929182,2207.0,2276.0,2278.0,1286.0,4920.0,-4856.0,-14760.0,852.0,-330.0,-24.0,-522.0,-1263.0,-279.0,32445.0,5555456.0,2347.0,2703.0,0.0
6185604000,0.010267686999779351,97392.9181929182,2297.0,2276.0,2278.0,1289.0,4908.0,-4852.0,-14840.0,868.0,-337.0,-5.0,-528.0,-1268.0,-280.0,32445.0,5555200.0,2297.0,2703.0,0.0
6185860000,0.010267686999779351,97392.9181929182,2306.0,2275.0,2277.0,1289.0,4948.0,-4852.0,-14804.0,869.0,-317.0,-18.0,-528.0,-1268.0,-280.0,32445.0,5555200.0,2274.0,2703.0,0.0
6186116000,0.010267686999779351,97392.9181929182,2256.0,2275.0,2273.0,1290.0,4976.0,-4800.0,-14828.0,877.0,-302.0,-24.0,-531.0,-1266.0,-276.0,32445.0,5555456.0,2465.0,2686.0,0.0
6186372000,0.010267686999779351,97392.9181929182,2222.0,2275.0,2276.0,1288.0,4960.0,-4808.0,-14756.0,854.0,-321.0,-18.0,-534.0,-1263.0,-277.0,32445.0,5555456.0,2350.0,2703.0,0.0
6186628000,0.010267686999779351,97392.9181929182,2306.0,2274.0,2276.0,1287.0,4904.0,-4804.0,-14772.0,845.0,-309.0,-32.0,-533.0,-1269.0,-282.0,32445.0,5555200.0,2298.0,2703.0,0.0
6186884000,0.010267686999779351,97392.9181929182,2311.0,2275.0,2276.0,1286.0,4940.0,-4808.0,-14852.0,832.0,-337.0,-37.0,-537.0,-1262.0,-285.0,32445.0,5555200.0,2274.0,2703.0,0.0
6187140000,0.010267686999779351,97392.9181929182,2256.0,2273.0,2275.0,1287.0,4896.0,-4840.0,-14872.0,813.0,-340.0,-39.0,-537.0,-1262.0,-285.0,32445.0,5555200.0,2465.0,2686.0,0.0
6187396000,0.010267686999779351,97392.9181929182,2224.0,2273.0,2279.0,1285.0,4888.0,-4844.0,-14828.0,819.0,-315.0,-29.0,-538.0,-1265.0,-279.0,32445.0,5555200.0,2350.0,2703.0,0.0
6187652000,0.010267686999779351,97392.9181929182,2276.0,2272.0,2279.0,1284.0,4876.0,-4896.0,-14820.0,825.0,-320.0,-32.0,-538.0,-1263.0,-281.0,32445.0,5555456.0,2500.0,2685.0,0.0
6187908000,0.010267686999779351,97392.9181929182,2254.0,2274.0,2279.0,1284.0,4868.0,-4900.0,-14796.0,821.0,-325.0,-9.0,-531.0,-1272.0,-276.0,32445.0,5555456.0,2359.0,2702.0,0.0
6188164000,0.010267686999779351,97392.9181929182,2290.0,2272.0,2278.0,1287.0,4876.0,-4888.0,-14876.0,856.0,-333.0,-30.0,-527.0,-1264.0,-278.0,32445.0,5555200.0,2498.0,2684.0,0.0
6188420000,0.010267481044650379,97394.8717948718,2270.0,2272.0,2278.0,1287.0,4868.0,-4852.0,-14820.0,861.0,-329.0,-24.0,-527.0,-1264.0,-278.0,32445.0,5555200.0,2365.0,2703.0,0.0
6188676000,0.010267481044650379,97394.8717948718,2136.0,2271.0,2276.0,1287.0,4840.0,-4832.0,-14760.0,860.0,-325.0,-19.0,-526.0,-1260.0,-276.0,32445.0,5555456.0,2304.0,2703.0,0.0
6188932000,0.010267686999779351,97392.9181929182,2215.0,2271.0,2276.0,1286.0,4852.0,-4864.0,-14772.0,868.0,-348.0,-16.0,-531.0,-1262.0,-285.0,32445.0,5555456.0,2270.0,2702.0,0.0
6189188000,0.010267686999779351,97392.9181929182,2199.0,2272.0,2277.0,1288.0,4860.0,-4844.0,-14768.0,837.0,-339.0,-37.0,-528.0,-1270.0,-279.0,32445.0,5554944.0,2464.0,2686.0,0.0
6189444000,0.010267686999779351,97392.9181929182,2174.0,2271.0,2278.0,1287.0,4860.0,-4888.0,-14796.0,819.0,-336.0,-37.0,-536.0,-1266.0,-281.0,32445.0,5554944.0,2342.0,2702.0,0.0
6189700000,0.010267686999779351,97392.9181929182,2279.0,2272.0,2277.0,1285.0,4852.0,-4832.0,-14836.0,825.0,-349.0,-16.0,-536.0,-1266.0,-281.0,32445.0,5555200.0,2295.0,2703.0,0.0
6189956000,0.010267481044650379,97394.8717948718,2297.0,2272.0,2277.0,1285.0,4888.0,-4848.0,-14792.0,832.0,-343.0,-28.0,-537.0,-1264.0,-281.0,32445.0,5555200.0,2273.0,2703.0,0.0
6190212000,0.010267686999779351,97392.9181929182,2249.0,2274.0,2276.0,1285.0,4904.0,-4868.0,-14840.0,811.0,-344.0,-22.0,-534.0,-1266.0,-280.0,32445.0,5555456.0,2465.0,2686.0,0.0
6190468000,0.010267686999779351,97392.9181929182,2219.0,2273.0,2277.0,1285.0,4896.0,-4876.0,-14872.0,824.0,-327.0,-42.0,-528.0,-1263.0,-280.0,32445.0,5555456.0,2350.0,2703.0,0.0
6190724000,0.010267686999779351,97392.9181929182,2303.0,2273.0,2278.0,1285.0,4904.0,-4836.0,-14864.0,848.0,-325.0,-24.0,-528.0,-1263.0,-280.0,32445.0,5555200.0,2298.0,2703.0,0.0
6190980000,0.010267481044650379,97394.8717948718,2300.0,2274.0,2277.0,1284.0,4924.0,-4876.0,-14856.0,872.0,-321.0,-22.0,-538.0,-1264.0,-276.0,32445.0,5555200.0,2268.0,2702.0,0.0
6191236000,0.010267481044650379,97394.8717948718,2244.0,2274.0,2277.0,1285.0,4976.0,-4832.0,-14768.0,887.0,-326.0,-36.0,-535.0,-1267.0,-278.0,32445.0,5555456.0,2462.0,2685.0,0.0
6191492000,0.010267686999779351,97392.9181929182,2209.0,2276.0,2277.0,1288.0,4928.0,-4852.0,-14840.0,869.0,-334.0,-4.0,-529.0,-1261.0,-274.0,32445.0,5555456.0,2348.0,2703.0,0.0
6191748000,0.010267481044650379,97394.8717948718,2298.0,2275.0,2275.0,1289.0,4940.0,-4848.0,-14752.0,881.0,-325.0,3.0,-529.0,-1263.0,-283.0,32445.0,5555200.0,2297.0,2703.0,0.0
6192004000,0.010267481044650379,97394.8717948718,2299.0,2275.0,2274.0,1290.0,4912.0,-4820.0,-14736.0,853.0,-341.0,-18.0,-529.0,-1263.0,-283.0,32445.0,5555200.0,2267.0,2702.0,0.0
6192260000,0.010267481044650379,97394.8717948718,2245.0,2275.0,2275.0,1290.0,4964.0,-4832.0,-14728.0,843.0,-366.0,-8.0,-531.0,-1262.0,-279.0,32445.0,5555200.0,2462.0,2685.0,0.0
6192516000,0.010267686999779351,97392.9181929182,2210.0,2275.0,2277.0,1289.0,4972.0,-4840.0,-14768.0,821.0,-358.0,-25.0,-528.0,-1264.0,-275.0,32445.0,5555200.0,2348.0,2703.0,0.0
6192772000,0.010267686999779351,97392.9181929182,2299.0,2274.0,2276.0,1288.0,4940.0,-4856.0,-14756.0,819.0,-355.0,-27.0,-524.0,-1265.0,-274.0,32445.0,5554688.0,2297.0,2703.0,0.0
6193028000,0.010267481044650379,97394.8717948718,2300.0,2276.0,2280.0,1290.0,4952.0,-4924.0,-14768.0,827.0,-367.0,-38.0,-529.0,-1271.0,-281.0,32445.0,5554688.0,2267.0,2702.0,0.0
6193284000,0.010267686999779351,97392.9181929182,2243.0,2279.0,2283.0,1289.0,4980.0,-4896.0,-14736.0,861.0,-350.0,-30.0,-529.0,-1271.0,-281.0,32445.0,5554432.0,2462.0,2686.0,0.0
6193540000,0.010267686999779351,97392.9181929182,2211.0,2279.0,2280.0,1289.0,5000.0,-4940.0,-14732.0,870.0,-344.0,-29.0,-535.0,-1267.0,-278.0,32445.0,5554432.0,2348.0,2703.0,0.0
6193796000,0.010267481044650379,97394.8717948718,2300.0,2278.0,2279.0,1290.0,5004.0,-4932.0,-14804.0,898.0,-360.0,-27.0,-529.0,-1261.0,-283.0,32445.0,5555456.0,2297.0,2703.0,0.0
6194052000,0.010267686999779351,97392.9181929182,2308.0,2277.0,2281.0,1286.0,5012.0,-4884.0,-14800.0,932.0,-347.0,-34.0,-530.0,-1262.0,-283.0,32445.0,5555456.0,2274.0,2703.0,0.0
6194308000,0.010267686999779351,97392.9181929182,2240.0,2275.0,2279.0,1286.0,4920.0,-4892.0,-14808.0,926.0,-347.0,-34.0,-537.0,-1269.0,-279.0,32445.0,5555200.0,2458.0,2684.0,0.0
6194564000,0.010267481044650379,97394.8717948718,2191.0,2273.0,2279.0,1285.0,4936.0,-4904.0,-14788.0,921.0,-334.0,-23.0,-537.0,-1269.0,-279.0,32445.0,5555200.0,2340.0,2702.0,0.0
6194820000,0.010267481044650379,97394.8717948718,2284.0,2272.0,2277.0,1287.0,4852.0,-4888.0,-14780.0,924.0,-342.0,-17.0,-530.0,-1267.0,-282.0,32445.0,5555456.0,2294.0,2703.0,0.0
6195076000,0.010267481044650379,97394.8717948718,2287.0,2272.0,2279.0,1288.0,4864.0,-4864.0,-14768.0,930.0,-329.0,-28.0,-531.0,-1267.0,-282.0,32445.0,5555456.0,2266.0,2702.0,0.0
6195332000,0.010267481044650379,97394.8717948718,2236.0,2274.0,2278.0,1290.0,4884.0,-4888.0,-14720.0,937.0,-321.0,-39.0,-523.0,-1259.0,-279.0,32445.0,5555456.0,2461.0,2686.0,0.0
6195588000,0.010267686999779351,97392.9181929182,2193.0,2275.0,2276.0,1288.0,4884.0,-4856.0,-14760.0,955.0,-365.0,-61.0,-523.0,-1259.0,-279.0,32445.0,5555456.0,2341.0,2702.0,0.0
6195844000,0.010267686999779351,97392.9181929182,2253.0,2275.0,2274.0,1290.0,4916.0,-4812.0,-14760.0,959.0,-375.0,-48.0,-525.0,-1261.0,-278.0,32445.0,5555456.0,2496.0,2685.0,0.0
6196100000,0.010267481044650379,97394.8717948718,2236.0,2276.0,2272.0,1290.0,4948.0,-4716.0,-14820.0,958.0,-418.0,-54.0,-540.0,-1268.0,-279.0,32445.0,5555456.0,2358.0,2702.0,0.0
6196356000,0.010267686999779351,97392.9181929182,2294.0,2277.0,2269.0,1286.0,4960.0,-4652.0,-14836.0,961.0,-425.0,-73.0,-525.0,-1268.0,-284.0,32445.0,5554432.0,2503.0,2685.0,0.0
6196612000,0.010267481044650379,97394.8717948718,2265.0,2278.0,2270.0,1281.0,4944.0,-4660.0,-14860.0,955.0,-423.0,-73.0,-524.0,-1271.0,-280.0,32445.0,5554432.0,2361.0,2702.0,0.0
6196868000,0.010267686999779351,97392.9181929182,2339.0,2278.0,2268.0,1280.0,4976.0,-4652.0,-14928.0,918.0,-392.0,-74.0,-524.0,-1271.0,-280.0,32445.0,5555456.0,2303.0,2703.0,0.0
6197124000,0.010267686999779351,97392.9181929182,2324.0,2276.0,2268.0,1279.0,4960.0,-4668.0,-14956.0,915.0,-371.0,-71.0,-533.0,-1271.0,-278.0,32445.0,5555456.0,2269.0,2701.0,0.0
6197380000,0.010267686999779351,97392.9181929182,2258.0,2274.0,2267.0,1279.0,4900.0,-4652.0,-14928.0,911.0,-371.0,-49.0,-533.0,-1261.0,-277.0,32445.0,5555200.0,2462.0,2685.0,0.0
6197636000,0.010267686999779351,97392.9181929182,2222.0,2272.0,2268.0,1281.0,4848.0,-4668.0,-14900.0,875.0,-356.0,-37.0,-539.0,-1270.0,-274.0,32445.0,5555200.0,2349.0,2703.0,0.0
6197892000,0.010267686999779351,97392.9181929182,2293.0,2269.0,2270.0,1279.0,4768.0,-4684.0,-14884.0,851.0,-330.0,-23.0,-534.0,-1264.0,-273.0,32445.0,5556224.0,2290.0,2701.0,0.0
6198148000,0.010267481044650379,97394.8717948718,2298.0,2264.0,2273.0,1280.0,4780.0,-4792.0,-14960.0,831.0,-338.0,-21.0,-534.0,-1264.0,-273.0,32445.0,5556224.0,2270.0,2703.0,0.0
6198404000,0.010267481044650379,97394.8717948718,2250.0,2264.0,2276.0,1279.0,4720.0,-4840.0,-14976.0,813.0,-337.0,-26.0,-535.0,-1264.0,-283.0,32445.0,5555200.0,2463.0,2685.0,0.0
6198660000,0.010267686999779351,97392.9181929182,2218.0,2262.0,2277.0,1282.0,4684.0,-4808.0,-14900.0,781.0,-362.0,-26.0,-535.0,-1264.0,-283.0,32445.0,5555200.0,2349.0,2703.0,0.0
6198916000,0.010267686999779351,97392.9181929182,2303.0,2262.0,2277.0,1283.0,4652.0,-4872.0,-14860.0,776.0,-350.0,-7.0,-529.0,-1263.0,-277.0,32445.0,5555200.0,2297.0,2703.0,0.0
6199172000,0.010267481044650379,97394.8717948718,2296.0,2260.0,2279.0,1283.0,4672.0,-4884.0,-14944.0,776.0,-350.0,-7.0,-528.0,-1266.0,-275.0,32445.0,5555200.0,2266.0,2701.0,0.0
6199428000,0.010267686999779351,97392.9181929182,2242.0,2262.0,2280.0,1285.0,4716.0,-4940.0,-14860.0,768.0,-312.0,-9.0,-528.0,-1266.0,-275.0,32445.0,5555712.0,2461.0,2685.0,0.0
6199684000,0.010267686999779351,97392.9181929182,2209.0,2263.0,2279.0,1286.0,4704.0,-4916.0,-14804.0,749.0,-347.0,-14.0,-530.0,-1263.0,-281.0,32445.0,5555712.0,2348.0,2703.0,0.0
6199940000,0.010267686999779351,97392.9181929182,2299.0,2267.0,2280.0,1287.0,4756.0,-4900.0,-14776.0,783.0,-349.0,-17.0,-527.0,-1264.0,-281.0,32445.0,5555200.0,2297.0,2703.0,0.0
6200196000,0.010267686999779351,97392.9181929182,2300.0,2269.0,2278.0,1285.0,4852.0,-4860.0,-14756.0,788.0,-364.0,-20.0,-532.0,-1257.0,-284.0,32445.0,5555200.0,2267.0,2702.0,0.0
6200452000,0.010267686999779351,97392.9181929182,2243.0,2273.0,2277.0,1285.0,4864.0,-4892.0,-14852.0,791.0,-350.0,-18.0,-532.0,-1257.0,-284.0,32445.0,5555712.0,2462.0,2686.0,0.0
6200708000,0.010267686999779351,97392.9181929182,2200.0,2274.0,2277.0,1285.0,4916.0,-4796.0,-14836.0,796.0,-350.0,-16.0,-536.0,-1264.0,-285.0,32445.0,5555712.0,2342.0,2703.0,0.0
6200964000,0.010267481044650379,97394.8717948718,2256.0,2274.0,2277.0,1284.0,4892.0,-4816.0,-14848.0,821.0,-330.0,-26.0,-532.0,-1262.0,-282.0,32445.0,5555968.0,2496.0,2686.0,0.0
6201220000,0.010267686999779351,97392.9181929182,2247.0,2273.0,2276.0,1284.0,4892.0,-4848.0,-14816.0,849.0,-302.0,-7.0,-537.0,-1271.0,-279.0,32445.0,5555968.0,2364.0,2703.0,0.0
6201476000,0.010267686999779351,97392.9181929182,2306.0,2274.0,2277.0,1288.0,4908.0,-4820.0,-14856.0,824.0,-282.0,-10.0,-536.0,-1260.0,-280.0,32445.0,5555712.0,2507.0,2686.0,0.0
6201732000,0.010267686999779351,97392.9181929182,2276.0,2275.0,2278.0,1287.0,4936.0,-4836.0,-14852.0,809.0,-266.0,10.0,-536.0,-1260.0,-280.0,32445.0,5555712.0,2363.0,2702.0,0.0
6201988000,0.010267686999779351,97392.9181929182,2337.0,2277.0,2277.0,1287.0,4960.0,-4848.0,-14808.0,844.0,-267.0,9.0,-533.0,-1268.0,-278.0,32445.0,5555712.0,2297.0,2702.0,0.0
6202244000,0.010267686999779351,97392.9181929182,2322.0,2277.0,2274.0,1287.0,4964.0,-4824.0,-14756.0,897.0,-275.0,-5.0,-538.0,-1265.0,-282.0,32445.0,5555712.0,2269.0,2704.0,0.0
6202500000,0.010267686999779351,97392.9181929182,2262.0,2278.0,2272.0,1287.0,4932.0,-4740.0,-14756.0,924.0,-298.0,2.0,-531.0,-1258.0,-280.0,32445.0,5555456.0,2463.0,2686.0,0.0
6202756000,0.010267686999779351,97392.9181929182,2209.0,2276.0,2271.0,1288.0,4940.0,-4744.0,-14812.0,950.0,-320.0,-32.0,-529.0,-1266.0,-281.0,32445.0,5555456.0,2342.0,2702.0,0.0
6203012000,0.010267686999779351,97392.9181929182,2292.0,2277.0,2269.0,1286.0,4972.0,-4704.0,-14816.0,926.0,-325.0,-27.0,-529.0,-1266.0,-281.0,32445.0,5555968.0,2294.0,2703.0,0.0
6203268000,0.010267481044650379,97394.8717948718,2300.0,2276.0,2270.0,1286.0,4948.0,-4676.0,-14828.0,891.0,-349.0,-33.0,-523.0,-1263.0,-279.0,32445.0,5555968.0,2272.0,2703.0,0.0
6203524000,0.010267481044650379,97394.8717948718,2266.0,2275.0,2270.0,1283.0,4940.0,-4668.0,-14868.0,878.0,-333.0,-22.0,-532.0,-1263.0,-277.0,32445.0,5555200.0,2471.0,2687.0,0.0
6203780000,0.010267686999779351,97392.9181929182,2203.0,2276.0,2268.0,1286.0,4940.0,-4672.0,-14832.0,875.0,-326.0,-45.0,-528.0,-1261.0,-278.0,32445.0,5555200.0,2338.0,2700.0,0.0
6204036000,0.010267481044650379,97394.8717948718,2275.0,2274.0,2270.0,1286.0,4884.0,-4692.0,-14856.0,864.0,-323.0,-23.0,-525.0,-1265.0,-279.0,32453.0,5555200.0,2285.0,2702.0,0.0
6204292000,0.010267686999779351,97392.9181929182,2275.0,2275.0,2272.0,1286.0,4912.0,-4744.0,-14836.0,844.0,-313.0,-23.0,-525.0,-1265.0,-279.0,32453.0,5555200.0,2262.0,2702.0,0.0
6204548000,0.010267686999779351,97392.9181929182,2230.0,2274.0,2273.0,1287.0,4864.0,-4752.0,-14788.0,820.0,-335.0,-32.0,-532.0,-1264.0,-281.0,32453.0,5555456.0,2459.0,2685.0,0.0
6204804000,0.010267686999779351,97392.9181929182,2205.0,2274.0,2274.0,1288.0,4896.0,-4784.0,-14816.0,835.0,-321.0,-34.0,-536.0,-1269.0,-278.0,32453.0,5555456.0,2347.0,2703.0,0.0
6205060000,0.010267686999779351,97392.9181929182,2264.0,2274.0,2274.0,1284.0,4872.0,-4792.0,-14848.0,831.0,-344.0,-28.0,-537.0,-1266.0,-279.0,32453.0,5555456.0,2498.0,2685.0,0.0
6205316000,0.010267686999779351,97392.9181929182,2256.0,2271.0,2275.0,1286.0,4840.0,-4776.0,-14844.0,832.0,-342.0,-30.0,-537.0,-1266.0,-279.0,32453.0,5555456.0,2365.0,2703.0,0.0
6205572000,0.010267481044650379,97394.8717948718,2307.0,2272.0,2276.0,1288.0,4836.0,-4808.0,-14804.0,825.0,-330.0,-33.0,-535.0,-1267.0,-279.0,32453.0,5555712.0,2508.0,2686.0,0.0
6205828000,0.010267481044650379,97394.8717948718,2279.0,2272.0,2276.0,1286.0,4856.0,-4852.0,-14780.0,775.0,-347.0,-44.0,-532.0,-1266.0,-282.0,32453.0,5555712.0,2363.0,2702.0,0.0
6206084000,0.010267686999779351,97392.9181929182,2349.0,2272.0,2277.0,1286.0,4836.0,-4860.0,-14840.0,761.0,-357.0,-38.0,-531.0,-1270.0,-275.0,32453.0,5555712.0,2303.0,2703.0,0.0
6206340000,0.010267686999779351,97392.9181929182,2341.0,2275.0,2278.0,1285.0,4904.0,-4884.0,-14848.0,795.0,-362.0,-15.0,-532.0,-1261.0,-281.0,32453.0,5555712.0,2277.0,2703.0,0.0
6206596000,0.010267686999779351,97392.9181929182,2279.0,2274.0,2280.0,1286.0,4924.0,-4916.0,-14856.0,814.0,-340.0,-48.0,-532.0,-1261.0,-281.0,32453.0,5554432.0,2467.0,2686.0,0.0
6206852000,0.010267686999779351,97392.9181929182,2236.0,2274.0,2277.0,1285.0,4896.0,-4856.0,-14808.0,847.0,-314.0,-24.0,-529.0,-1265.0,-278.0,32453.0,5554432.0,2350.0,2703.0,0.0
6207108000,0.010267481044650379,97394.8717948718,2314.0,2275.0,2276.0,1287.0,4880.0,-4788.0,-14768.0,853.0,-307.0,-30.0,-546.0,-1271.0,-282.0,32453.0,5555456.0,2298.0,2703.0,0.0
6207364000,0.010267686999779351,97392.9181929182,2304.0,2273.0,2276.0,1289.0,4900.0,-4832.0,-14756.0,849.0,-312.0,-11.0,-526.0,-1265.0,-282.0,32453.0,5555456.0,2268.0,2702.0,0.0
6207620000,0.010267686999779351,97392.9181929182,2232.0,2273.0,2276.0,1290.0,4868.0,-4800.0,-14796.0,851.0,-304.0,-43.0,-531.0,-1268.0,-282.0,32453.0,5555200.0,2456.0,2684.0,0.0
6207876000,0.010267686999779351,97392.9181929182,2189.0,2272.0,2276.0,1289.0,4888.0,-4768.0,-14744.0,835.0,-328.0,-20.0,-531.0,-1268.0,-282.0,32453.0,5555200.0,2339.0,2702.0,0.0
6208132000,0.010267481044650379,97394.8717948718,2283.0,2273.0,2276.0,1289.0,4872.0,-4764.0,-14796.0,815.0,-318.0,-19.0,-538.0,-1262.0,-278.0,32453.0,5555712.0,2293.0,2703.0,0.0
6208388000,0.010267686999779351,97392.9181929182,2286.0,2273.0,2275.0,1286.0,4848.0,-4804.0,-14828.0,804.0,-363.0,-9.0,-534.0,-1255.0,-278.0,32453.0,5555712.0,2265.0,2702.0,0.0
6208644000,0.010267686999779351,97392.9181929182,2246.0,2272.0,2276.0,1284.0,4860.0,-4800.0,-14856.0,836.0,-357.0,-15.0,-536.0,-1263.0,-278.0,32453.0,5555200.0,2468.0,2687.0,0.0
6208900000,0.010267686999779351,97392.9181929182,2221.0,2272.0,2274.0,1283.0,4892.0,-4792.0,-14908.0,846.0,-355.0,-29.0,-540.0,-1265.0,-273.0,32453.0,5555200.0,2351.0,2703.0,0.0
6209156000,0.010267686999779351,97392.9181929182,2306.0,2272.0,2274.0,1284.0,4832.0,-4780.0,-14876.0,816.0,-355.0,-5.0,-540.0,-1265.0,-273.0,32453.0,5555200.0,2298.0,2703.0,0.0
6209412000,0.010267686999779351,97392.9181929182,2313.0,2274.0,2273.0,1284.0,4896.0,-4756.0,-14876.0,811.0,-334.0,-8.0,-534.0,-1264.0,-275.0,32453.0,5555200.0,2274.0,2703.0,0.0
6209668000,0.010267686999779351,97392.9181929182,2259.0,2272.0,2275.0,1285.0,4852.0,-4756.0,-14872.0,798.0,-349.0,-11.0,-534.0,-1266.0,-279.0,32453.0,5555200.0,2466.0,2686.0,0.0
6209924000,0.010267481044650379,97394.8717948718,2224.0,2273.0,2275.0,1282.0,4868.0,-4792.0,-14844.0,803.0,-320.0,8.0,-530.0,-1262.0,-279.0,32453.0,5555200.0,2350.0,2703.0,0.0
6210180000,0.010267686999779351,97392.9181929182,2299.0,2270.0,2275.0,1284.0,4800.0,-4800.0,-14860.0,807.0,-337.0,10.0,-531.0,-1265.0,-275.0,32453.0,5555200.0,2291.0,2702.0,0.0
6210436000,0.010267686999779351,97392.9181929182,2307.0,2272.0,2273.0,1283.0,4796.0,-4756.0,-14872.0,810.0,-301.0,-24.0,-531.0,-1265.0,-275.0,32453.0,5555200.0,2271.0,2703.0,0.0
6210692000,0.010267481044650379,97394.8717948718,2265.0,2272.0,2272.0,1286.0,4844.0,-4772.0,-14852.0,831.0,-317.0,6.0,-532.0,-1268.0,-278.0,32453.0,5555200.0,2470.0,2687.0,0.0
6210948000,0.010267686999779351,97392.9181929182,2229.0,2271.0,2271.0,1286.0,4864.0,-4756.0,-14760.0,813.0,-311.0,-3.0,-529.0,-1268.0,-280.0,32453.0,5555200.0,2352.0,2703.0,0.0
6211204000,0.010267481044650379,97394.8717948718,2315.0,2273.0,2273.0,1285.0,4860.0,-4748.0,-14824.0,813.0,-321.0,-19.0,-528.0,-1260.0,-287.0,32453.0,5555712.0,2299.0,2703.0,0.0
6211460000,0.010267686999779351,97392.9181929182,2307.0,2272.0,2272.0,1287.0,4852.0,-4732.0,-14860.0,796.0,-318.0,-21.0,-528.0,-1260.0,-287.0,32453.0,5555712.0,2267.0,2701.0,0.0
6211716000,0.010267686999779351,97392.9181929182,2249.0,2273.0,2272.0,1284.0,4872.0,-4736.0,-14840.0,787.0,-338.0,-27.0,-526.0,-1267.0,-280.0,32453.0,5555712.0,2461.0,2685.0,0.0
6211972000,0.010267686999779351,97392.9181929182,2212.0,2274.0,2272.0,1284.0,4908.0,-4740.0,-14848.0,782.0,-331.0,-19.0,-531.0,-1266.0,-279.0,32453.0,5555712.0,2348.0,2703.0,0.0
6212228000,0.010267686999779351,97392.9181929182,2300.0,2276.0,2272.0,1287.0,4896.0,-4744.0,-14796.0,788.0,-358.0,-18.0,-530.0,-1263.0,-280.0,32453.0,5555200.0,2297.0,2703.0,0.0
6212484000,0.010267686999779351,97392.9181929182,2301.0,2275.0,2274.0,1287.0,4932.0,-4764.0,-14780.0,764.0,-368.0,-36.0,-533.0,-1263.0,-280.0,32453.0,5555200.0,2267.0,2702.0,0.0
6212740000,0.010267686999779351,97392.9181929182,2229.0,2275.0,2274.0,1286.0,4916.0,-4692.0,-14836.0,782.0,-362.0,-42.0,-533.0,-1263.0,-280.0,32453.0,5555200.0,2456.0,2684.0,0.0
6212996000,0.010267686999779351,97392.9181929182,2200.0,2276.0,2276.0,1284.0,4860.0,-4804.0,-14896.0,765.0,-355.0,-22.0,-533.0,-1262.0,-275.0,32453.0,5555200.0,2345.0,2703.0,0.0
6213252000,0.010267686999779351,97392.9181929182,2289.0,2276.0,2275.0,1284.0,4940.0,-4776.0,-14820.0,733.0,-341.0,-24.0,-531.0,-1260.0,-282.0,32453.0,5555200.0,2296.0,2703.0,0.0
6213508000,0.010267686999779351,97392.9181929182,2290.0,2275.0,2276.0,1283.0,4916.0,-4800.0,-14808.0,730.0,-346.0,-16.0,-527.0,-1268.0,-283.0,32453.0,5555200.0,2268.0,2704.0,0.0
6213764000,0.010267686999779351,97392.9181929182,2223.0,2274.0,2278.0,1284.0,4920.0,-4840.0,-14844.0,729.0,-333.0,-32.0,-531.0,-1268.0,-281.0,32453.0,5555200.0,2456.0,2684.0,0.0
6214020000,0.010267686999779351,97392.9181929182,2180.0,2274.0,2279.0,1284.0,4884.0,-4920.0,-14864.0,742.0,-332.0,-21.0,-531.0,-1268.0,-281.0,32453.0,5555200.0,2338.0,2702.0,0.0
6214276000,0.010267686999779351,97392.9181929182,2273.0,2274.0,2280.0,1288.0,4932.0,-4968.0,-14824.0,801.0,-313.0,-9.0,-528.0,-1264.0,-279.0,32453.0,5555200.0,2292.0,2703.0,0.0
6214532000,0.010267686999779351,97392.9181929182,2288.0,2273.0,2281.0,1289.0,4912.0,-4932.0,-14756.0,781.0,-332.0,-16.0,-525.0,-1270.0,-276.0,32453.0,5555200.0,2272.0,2703.0,0.0
6214788000,0.010267686999779351,97392.9181929182,2239.0,2274.0,2280.0,1288.0,4872.0,-4940.0,-14748.0,792.0,-340.0,-23.0,-531.0,-1258.0,-280.0,32453.0,5555712.0,2464.0,2686.0,0.0
6215044000,0.010267686999779351,97392.9181929182,2201.0,2273.0,2279.0,1287.0,4868.0,-4944.0,-14760.0,812.0,-339.0,-19.0,-531.0,-1264.0,-279.0,32453.0,5555712.0,2343.0,2702.0,0.0
6215300000,0.010267686999779351,97392.9181929182,2294.0,2273.0,2278.0,1289.0,4924.0,-4916.0,-14804.0,805.0,-355.0,-14.0,-531.0,-1264.0,-279.0,32453.0,5555456.0,2295.0,2703.0,0.0
6215556000,0.010267686999779351,97392.9181929182,2305.0,2272.0,2279.0,1288.0,4916.0,-4856.0,-14764.0,804.0,-356.0,-21.0,-530.0,-1265.0,-276.0,32453.0,5555456.0,2273.0,2703.0,0.0
6215812000,0.010267481044650379,97394.8717948718,2268.0,2272.0,2278.0,1286.0,4864.0,-4876.0,-14788.0,811.0,-329.0,-13.0,-531.0,-1261.0,-277.0,32453.0,5555456.0,2471.0,2687.0,0.0
6216068000,0.010267481044650379,97394.8717948718,2230.0,2272.0,2279.0,1285.0,4880.0,-4908.0,-14752.0,815.0,-348.0,-28.0,-532.0,-1259.0,-281.0,32453.0,5555456.0,2352.0,2703.0,0.0
6216324000,0.010267686999779351,97392.9181929182,2314.0,2274.0,2279.0,1286.0,4872.0,-4876.0,-14848.0,815.0,-348.0,-28.0,-532.0,-1259.0,-281.0,32453.0,5554432.0,2299.0,2703.0,0.0
6216580000,0.010267686999779351,97392.9181929182,2306.0,2273.0,2276.0,1286.0,4884.0,-4868.0,-14852.0,807.0,-316.0,-38.0,-536.0,-1267.0,-278.0,32453.0,5554432.0,2268.0,2702.0,0.0
6216836000,0.010267686999779351,97392.9181929182,2248.0,2273.0,2275.0,1284.0,4888.0,-4844.0,-14780.0,846.0,-349.0,-15.0,-537.0,-1264.0,-279.0,32453.0,5555200.0,2462.0,2685.0,0.0
6217092000,0.010267481044650379,97394.8717948718,2212.0,2271.0,2275.0,1282.0,4896.0,-4776.0,-14828.0,822.0,-331.0,-21.0,-534.0,-1263.0,-287.0,32453.0,5555200.0,2348.0,2703.0,0.0
6217348000,0.010267481044650379,97394.8717948718,2300.0,2271.0,2275.0,1281.0,4900.0,-4848.0,-14876.0,798.0,-331.0,-21.0,-523.0,-1265.0,-279.0,32453.0,5554176.0,2297.0,2703.0,0.0
6217604000,0.010267481044650379,97394.8717948718,2299.0,2272.0,2276.0,1284.0,4904.0,-4840.0,-14884.0,807.0,-337.0,-14.0,-523.0,-1265.0,-279.0,32453.0,5554176.0,2267.0,2702.0,0.0
6217860000,0.010267481044650379,97394.8717948718,2255.0,2272.0,2275.0,1284.0,4884.0,-4840.0,-14840.0,800.0,-325.0,-17.0,-520.0,-1258.0,-282.0,32453.0,5554432.0,2468.0,2687.0,0.0
6218116000,0.010267686999779351,97392.9181929182,2227.0,2273.0,2276.0,1285.0,4916.0,-4868.0,-14784.0,803.0,-314.0,-21.0,-527.0,-1264.0,-282.0,32453.0,5554432.0,2351.0,2703.0,0.0
6218372000,0.010267686999779351,97392.9181929182,2314.0,2274.0,2278.0,1287.0,4892.0,-4828.0,-14824.0,811.0,-337.0,-5.0,-541.0,-1260.0,-277.0,32453.0,5554432.0,2299.0,2703.0,0.0
6218628000,0.010267686999779351,97392.9181929182,2303.0,2274.0,2276.0,1287.0,4936.0,-4864.0,-14840.0,811.0,-340.0,-6.0,-524.0,-1266.0,-279.0,32453.0,5554432.0,2268.0,2702.0,0.0
6218884000,0.010267686999779351,97392.9181929182,2246.0,2274.0,2277.0,1286.0,4900.0,-4820.0,-14808.0,810.0,-328.0,-11.0,-524.0,-1266.0,-279.0,32453.0,5555456.0,2462.0,2685.0,0.0
6219140000,0.010267686999779351,97392.9181929182,2212.0,2275.0,2276.0,1288.0,4900.0,-4816.0,-14756.0,828.0,-342.0,-15.0,-525.0,-1268.0,-278.0,32453.0,5555456.0,2348.0,2703.0,0.0
6219396000,0.010267481044650379,97394.8717948718,2300.0,2274.0,2274.0,1287.0,4872.0,-4776.0,-14788.0,829.0,-336.0,-3.0,-531.0,-1268.0,-279.0,32453.0,5555200.0,2297.0,2703.0,0.0
6219652000,0.010267686999779351,97392.9181929182,2308.0,2272.0,2274.0,1287.0,4904.0,-4804.0,-14800.0,800.0,-346.0,-1.0,-533.0,-1263.0,-268.0,32453.0,5555200.0,2273.0,2703.0,0.0
6219908000,0.010267481044650379,97394.8717948718,2239.0,2272.0,2274.0,1289.0,4876.0,-4852.0,-14788.0,772.0,-356.0,-13.0,-533.0,-1266.0,-278.0,32453.0,5555456.0,2458.0,2684.0,0.0
6220164000,0.010267686999779351,97392.9181929182,2206.0,2272.0,2277.0,1288.0,4892.0,-4888.0,-14792.0,747.0,-339.0,-22.0,-533.0,-1266.0,-278.0,32453.0,5555456.0,2346.0,2703.0,0.0
6220420000,0.010267686999779351,97392.9181929182,2293.0,2274.0,2278.0,1289.0,4892.0,-4884.0,-14796.0,742.0,-347.0,-34.0,-538.0,-1266.0,-279.0,32453.0,5555200.0,2296.0,2703.0,0.0
6220676000,0.010267481044650379,97394.8717948718,2297.0,2275.0,2279.0,1285.0,4932.0,-4852.0,-14800.0,730.0,-335.0,-32.0,-536.0,-1265.0,-278.0,32453.0,5555200.0,2267.0,2702.0,0.0
6220932000,0.010267481044650379,97394.8717948718,2242.0,2273.0,2279.0,1286.0,4912.0,-4876.0,-14840.0,726.0,-344.0,-34.0,-530.0,-1265.0,-273.0,32453.0,5554432.0,2461.0,2685.0,0.0
6221188000,0.010267686999779351,97392.9181929182,2206.0,2273.0,2279.0,1286.0,4868.0,-4924.0,-14864.0,726.0,-325.0,-23.0,-530.0,-1265.0,-273.0,32453.0,5554432.0,2348.0,2703.0,0.0
6221444000,0.010267686999779351,97392.9181929182,2299.0,2275.0,2281.0,1285.0,4912.0,-4936.0,-14828.0,740.0,-327.0,-31.0,-533.0,-1259.0,-278.0,32453.0,5555456.0,2297.0,2703.0,0.0
6221700000,0.010267481044650379,97394.8717948718,2301.0,2274.0,2283.0,1284.0,4920.0,-4980.0,-14844.0,755.0,-346.0,-20.0,-528.0,-1260.0,-279.0,32453.0,5555456.0,2267.0,2702.0,0.0
6221956000,0.010267481044650379,97394.8717948718,2243.0,2272.0,2283.0,1284.0,4916.0,-4980.0,-14844.0,800.0,-327.0,-26.0,-531.0,-1269.0,-281.0,32453.0,5555200.0,2461.0,2685.0,0.0
6222212000,0.010267686999779351,97392.9181929182,2209.0,2271.0,2283.0,1286.0,4884.0,-4968.0,-14804.0,828.0,-315.0,-3.0,-522.0,-1261.0,-279.0,32453.0,5555200.0,2348.0,2703.0,0.0
6222468000,0.010267686999779351,97392.9181929182,2297.0,2272.0,2280.0,1287.0,4912.0,-4896.0,-14764.0,858.0,-306.0,14.0,-522.0,-1261.0,-279.0,32453.0,5554688.0,2297.0,2703.0,0.0
6222724000,0.010267481044650379,97394.8717948718,2302.0,2273.0,2277.0,1287.0,4896.0,-4876.0,-14764.0,870.0,-293.0,15.0,-527.0,-1263.0,-281.0,32453.0,5554688.0,2269.0,2704.0,0.0
6222980000,0.010267686999779351,97392.9181929182,2251.0,2274.0,2276.0,1292.0,4896.0,-4852.0,-14732.0,857.0,-315.0,10.0,-527.0,-1259.0,-275.0,32453.0,5555712.0,2463.0,2686.0,0.0
6223236000,0.010267686999779351,97392.9181929182,2219.0,2273.0,2273.0,1289.0,4940.0,-4804.0,-14752.0,830.0,-333.0,1.0,-535.0,-1267.0,-279.0,32453.0,5555712.0,2349.0,2703.0,0.0
6223492000,0.010267481044650379,97394.8717948718,2303.0,2274.0,2275.0,1290.0,4912.0,-4788.0,-14736.0,806.0,-336.0,-19.0,-537.0,-1263.0,-283.0,32453.0,5555200.0,2297.0,2703.0,0.0
6223748000,0.010267481044650379,97394.8717948718,2302.0,2273.0,2274.0,1287.0,4912.0,-4800.0,-14712.0,787.0,-340.0,-23.0,-537.0,-1263.0,-283.0,32453.0,5555200.0,2267.0,2702.0,0.0
6224004000,0.010267686999779351,97392.9181929182,2247.0,2274.0,2280.0,1287.0,4900.0,-4880.0,-14772.0,741.0,-356.0,-35.0,-538.0,-1265.0,-277.0,32453.0,5555456.0,2462.0,2685.0,0.0
6224260000,0.010267481044650379,97394.8717948718,2211.0,2274.0,2280.0,1286.0,4920.0,-4892.0,-14808.0,727.0,-339.0,-43.0,-531.0,-1263.0,-275.0,32453.0,5555456.0,2348.0,2703.0,0.0
6224516000,0.010267686999779351,97392.9181929182,2300.0,2273.0,2279.0,1284.0,4928.0,-4912.0,-14800.0,746.0,-319.0,-25.0,-525.0,-1260.0,-281.0,32453.0,5554432.0,2297.0,2703.0,0.0
6224772000,0.010267481044650379,97394.8717948718,2299.0,2274.0,2283.0,1284.0,4912.0,-4920.0,-14876.0,772.0,-323.0,-22.0,-547.0,-1258.0,-281.0,32453.0,5554432.0,2267.0,2702.0,0.0
6225028000,0.010267481044650379,97394.8717948718,2234.0,2274.0,2281.0,1283.0,4924.0,-4952.0,-14892.0,765.0,-321.0,-24.0,-547.0,-1258.0,-281.0,32453.0,5555200.0,2455.0,2684.0,0.0
6225284000,0.010267686999779351,97392.9181929182,2203.0,2273.0,2282.0,1282.0,4884.0,-4960.0,-14876.0,774.0,-325.0,-7.0,-528.0,-1264.0,-276.0,32453.0,5555200.0,2346.0,2703.0,0.0
6225540000,0.010267481044650379,97394.8717948718,2264.0,2272.0,2282.0,1284.0,4904.0,-4964.0,-14852.0,797.0,-322.0,-14.0,-526.0,-1262.0,-274.0,32453.0,5555200.0,2498.0,2686.0,0.0
6225796000,0.010267686999779351,97392.9181929182,2247.0,2273.0,2281.0,1285.0,4892.0,-4924.0,-14808.0,830.0,-291.0,-6.0,-528.0,-1263.0,-278.0,32453.0,5555200.0,2359.0,2702.0,0.0
6226052000,0.010267481044650379,97394.8717948718,2294.0,2274.0,2279.0,1290.0,4884.0,-4892.0,-14772.0,823.0,-313.0,-3.0,-528.0,-1263.0,-278.0,32453.0,5555712.0,2504.0,2685.0,0.0
6226308000,0.010267686999779351,97392.9181929182,2266.0,2274.0,2279.0,1292.0,4876.0,-4892.0,-14696.0,814.0,-303.0,5.0,-535.0,-1262.0,-281.0,32453.0,5555712.0,2361.0,2702.0,0.0
6226564000,0.010267686999779351,97392.9181929182,2342.0,2273.0,2276.0,1294.0,4892.0,-4848.0,-14692.0,781.0,-307.0,-12.0,-528.0,-1264.0,-277.0,32453.0,5555712.0,2303.0,2703.0,0.0
6226820000,0.010267686999779351,97392.9181929182,2338.0,2276.0,2278.0,1291.0,4936.0,-4840.0,-14700.0,761.0,-317.0,-23.0,-530.0,-1264.0,-278.0,32453.0,5555712.0,2277.0,2703.0,0.0
6227076000,0.010267686999779351,97392.9181929182,2273.0,2276.0,2278.0,1288.0,4948.0,-4920.0,-14768.0,739.0,-342.0,-26.0,-529.0,-1255.0,-281.0,32453.0,5555712.0,2466.0,2686.0,0.0
6227332000,0.010267686999779351,97392.9181929182,2230.0,2276.0,2280.0,1288.0,4968.0,-4920.0,-14788.0,745.0,-343.0,-37.0,-529.0,-1255.0,-281.0,32453.0,5555712.0,2350.0,2703.0,0.0
6227588000,0.010267686999779351,97392.9181929182,2312.0,2276.0,2281.0,1284.0,4956.0,-4928.0,-14844.0,780.0,-343.0,-34.0,-531.0,-1263.0,-276.0,32453.0,5555712.0,2298.0,2703.0,0.0
6227844000,0.010267481044650379,97394.8717948718,2303.0,2276.0,2282.0,1281.0,4940.0,-4892.0,-14848.0,781.0,-314.0,-15.0,-532.0,-1262.0,-279.0,32453.0,5555712.0,2268.0,2702.0,0.0
6228100000,0.010267686999779351,97392.9181929182,2231.0,2276.0,2284.0,1283.0,4924.0,-4948.0,-14800.0,774.0,-322.0,-17.0,-533.0,-1269.0,-286.0,32453.0,5555200.0,2456.0,2684.0,0.0
6228356000,0.010267686999779351,97392.9181929182,2190.0,2274.0,2282.0,1286.0,4908.0,-4936.0,-14784.0,768.0,-280.0,11.0,-531.0,-1270.0,-276.0,32453.0,5555200.0,2339.0,2702.0,0.0
6228612000,0.010267481044650379,97394.8717948718,2281.0,2272.0,2282.0,1288.0,4908.0,-4980.0,-14812.0,802.0,-298.0,11.0,-531.0,-1270.0,-276.0,32453.0,5555712.0,2293.0,2703.0,0.0
6228868000,0.010267481044650379,97394.8717948718,2286.0,2272.0,2282.0,1287.0,4888.0,-4968.0,-14788.0,797.0,-301.0,11.0,-530.0,-1261.0,-282.0,32453.0,5555712.0,2265.0,2702.0,0.0
6229124000,0.010267686999779351,97392.9181929182,2226.0,2272.0,2284.0,1291.0,4840.0,-4988.0,-14752.0,833.0,-293.0,-10.0,-531.0,-1265.0,-281.0,32453.0,5555712.0,2455.0,2684.0,0.0
6229380000,0.010267686999779351,97392.9181929182,2182.0,2273.0,2281.0,1290.0,4856.0,-4916.0,-14752.0,823.0,-320.0,-20.0,-524.0,-1261.0,-278.0,32453.0,5555712.0,2338.0,2702.0,0.0
6229636000,0.010267686999779351,97392.9181929182,2229.0,2271.0,2278.0,1287.0,4896.0,-4888.0,-14788.0,836.0,-329.0,-55.0,-526.0,-1260.0,-276.0,32453.0,5555712.0,2488.0,2684.0,0.0
6229892000,0.010267686999779351,97392.9181929182,2215.0,2276.0,2276.0,1285.0,4916.0,-4844.0,-14820.0,810.0,-338.0,-43.0,-526.0,-1260.0,-276.0,32453.0,5555712.0,2354.0,2702.0,0.0
6230148000,0.010267686999779351,97392.9181929182,2278.0,2274.0,2276.0,1286.0,4920.0,-4824.0,-14824.0,779.0,-340.0,-49.0,-530.0,-1261.0,-277.0,32453.0,5555456.0,2502.0,2686.0,0.0
6230404000,0.010267481044650379,97394.8717948718,2271.0,2273.0,2278.0,1288.0,4936.0,-4856.0,-14796.0,763.0,-319.0,-29.0,-529.0,-1262.0,-275.0,32453.0,5555456.0,2367.0,2703.0,0.0
6230660000,0.010267686999779351,97392.9181929182,2142.0,2276.0,2281.0,1288.0,4940.0,-4904.0,-14748.0,788.0,-337.0,-17.0,-531.0,-1259.0,-278.0,32453.0,5556224.0,2306.0,2703.0,0.0
6230916000,0.010267686999779351,97392.9181929182,2228.0,2274.0,2282.0,1289.0,4944.0,-4916.0,-14776.0,779.0,-333.0,-16.0,-531.0,-1259.0,-278.0,32453.0,5556224.0,2277.0,2703.0,0.0
6231172000,0.010267686999779351,97392.9181929182,2219.0,2275.0,2285.0,1291.0,4964.0,-5016.0,-14768.0,772.0,-327.0,4.0,-534.0,-1261.0,-281.0,32453.0,5555968.0,2467.0,2686.0,0.0
6231428000,0.010267686999779351,97392.9181929182,2208.0,2274.0,2285.0,1291.0,4908.0,-5020.0,-14728.0,776.0,-344.0,-28.0,-536.0,-1261.0,-282.0,32453.0,5555968.0,2351.0,2703.0,0.0
6231684000,0.010267686999779351,97392.9181929182,2303.0,2275.0,2285.0,1290.0,4912.0,-5004.0,-14672.0,807.0,-316.0,-24.0,-536.0,-1264.0,-282.0,32453.0,5555712.0,2299.0,2703.0,0.0
6231940000,0.010267481044650379,97394.8717948718,2298.0,2275.0,2284.0,1290.0,4936.0,-5032.0,-14772.0,786.0,-326.0,-34.0,-532.0,-1266.0,-273.0,32453.0,5555712.0,2268.0,2702.0,0.0
6232196000,0.010267481044650379,97394.8717948718,2247.0,2275.0,2283.0,1289.0,4968.0,-5024.0,-14784.0,834.0,-307.0,-27.0,-532.0,-1266.0,-273.0,32453.0,5555968.0,2463.0,2686.0,0.0
6232452000,0.010267481044650379,97394.8717948718,2213.0,2276.0,2283.0,1288.0,4936.0,-4944.0,-14800.0,835.0,-324.0,-31.0,-530.0,-1263.0,-282.0,32453.0,5555968.0,2348.0,2703.0,0.0
6232708000,0.010267686999779351,97392.9181929182,2289.0,2276.0,2281.0,1287.0,4928.0,-4924.0,-14772.0,834.0,-310.0,-38.0,-531.0,-1263.0,-281.0,32453.0,5555968.0,2292.0,2704.0,0.0
6232964000,0.010267686999779351,97392.9181929182,2289.0,2276.0,2280.0,1285.0,4924.0,-4912.0,-14744.0,817.0,-311.0,-18.0,-532.0,-1265.0,-276.0,32453.0,5555968.0,2265.0,2702.0,0.0
6233220000,0.010267686999779351,97392.9181929182,2222.0,2276.0,2281.0,1288.0,4956.0,-4920.0,-14844.0,817.0,-311.0,-18.0,-531.0,-1268.0,-279.0,32453.0,5555968.0,2454.0,2684.0,0.0
6233476000,0.010267686999779351,97392.9181929182,2189.0,2275.0,2278.0,1289.0,4932.0,-4908.0,-14812.0,811.0,-313.0,-29.0,-531.0,-1268.0,-279.0,32453.0,5555968.0,2344.0,2702.0,0.0
6233732000,0.010267481044650379,97394.8717948718,2284.0,2276.0,2281.0,1290.0,4968.0,-4912.0,-14764.0,807.0,-336.0,-22.0,-526.0,-1261.0,-276.0,32453.0,5555200.0,2296.0,2703.0,0.0
6233988000,0.010267481044650379,97394.8717948718,2292.0,2276.0,2279.0,1289.0,4960.0,-4916.0,-14712.0,806.0,-325.0,-25.0,-525.0,-1263.0,-276.0,32453.0,5555200.0,2267.0,2702.0,0.0
6234244000,0.010267686999779351,97392.9181929182,2240.0,2275.0,2279.0,1291.0,4936.0,-4876.0,-14732.0,817.0,-352.0,-20.0,-533.0,-1265.0,-275.0,32453.0,5555456.0,2462.0,2686.0,0.0
6234500000,0.010267481044650379,97394.8717948718,2195.0,2275.0,2281.0,1291.0,4912.0,-4920.0,-14820.0,796.0,-349.0,-17.0,-531.0,-1267.0,-279.0,32453.0,5555456.0,2341.0,2702.0,0.0
6234756000,0.010267686999779351,97392.9181929182,2285.0,2275.0,2283.0,1289.0,4928.0,-5004.0,-14812.0,765.0,-363.0,12.0,-531.0,-1267.0,-279.0,32453.0,5555968.0,2294.0,2703.0,0.0
6235012000,0.010267481044650379,97394.8717948718,2301.0,2272.0,2284.0,1290.0,4872.0,-4960.0,-14776.0,760.0,-326.0,-19.0,-533.0,-1260.0,-280.0,32453.0,5555968.0,2273.0,2703.0,0.0
6235268000,0.010267481044650379,97394.8717948718,2252.0,2272.0,2286.0,1287.0,4856.0,-5000.0,-14828.0,794.0,-345.0,7.0,-535.0,-1265.0,-279.0,32453.0,5555456.0,2465.0,2686.0,0.0
6235524000,0.010267481044650379,97394.8717948718,2219.0,2272.0,2283.0,1286.0,4832.0,-4972.0,-14796.0,799.0,-343.0,-10.0,-540.0,-1272.0,-282.0,32453.0,5555456.0,2349.0,2703.0,0.0
6235780000,0.010267686999779351,97392.9181929182,2303.0,2272.0,2282.0,1287.0,4860.0,-4960.0,-14820.0,829.0,-351.0,-15.0,-527.0,-1262.0,-278.0,32453.0,5555456.0,2298.0,2703.0,0.0
6236036000,0.010267481044650379,97394.8717948718,2272.0,2272.0,2282.0,1288.0,4816.0,-4960.0,-14784.0,831.0,-338.0,-12.0,-527.0,-1262.0,-278.0,32453.0,5555456.0,2476.0,2685.0,0.0
6236292000,0.010267686999779351,97392.9181929182,2403.0,2272.0,2283.0,1288.0,4820.0,-4912.0,-14796.0,806.0,-352.0,-36.0,-550.0,-1269.0,-279.0,32453.0,5555200.0,2558.0,2686.0,0.0
6236548000,0.010267481044650379,97394.8717948718,2368.0,2272.0,2282.0,1286.0,4840.0,-4888.0,-14772.0,808.0,-336.0,-9.0,-525.0,-1262.0,-273.0,32453.0,5555200.0,2386.0,2702.0,0.0
6236804000,0.010267481044650379,97394.8717948718,2211.0,2272.0,2282.0,1285.0,4868.0,-4940.0,-14848.0,788.0,-335.0,-30.0,-526.0,-1264.0,-280.0,32453.0,5555200.0,2314.0,2703.0,0.0
6237060000,0.010267686999779351,97392.9181929182,2260.0,2274.0,2282.0,1288.0,4864.0,-4964.0,-14800.0,777.0,-321.0,-5.0,-526.0,-1264.0,-280.0,32453.0,5555200.0,2274.0,2701.0,0.0
6237316000,0.010267481044650379,97394.8717948718,2222.0,2273.0,2283.0,1288.0,4932.0,-4980.0,-14816.0,755.0,-323.0,-21.0,-524.0,-1259.0,-277.0,32453.0,5555456.0,2459.0,2684.0,0.0
6237572000,0.010267481044650379,97394.8717948718,2201.0,2273.0,2286.0,1288.0,4868.0,-5020.0,-14808.0,800.0,-333.0,-24.0,-529.0,-1262.0,-283.0,32453.0,5555456.0,2347.0,2703.0,0.0
6237828000,0.010267481044650379,97394.8717948718,2294.0,2275.0,2283.0,1286.0,4888.0,-5000.0,-14828.0,812.0,-310.0,4.0,-530.0,-1268.0,-272.0,32453.0,5555200.0,2297.0,2703.0,0.0
6238084000,0.010267481044650379,97394.8717948718,2297.0,2274.0,2282.0,1289.0,4904.0,-4960.0,-14808.0,830.0,-303.0,-5.0,-527.0,-1267.0,-281.0,32453.0,5555200.0,2267.0,2702.0,0.0
6238340000,0.010267481044650379,97394.8717948718,2232.0,2274.0,2280.0,1290.0,4892.0,-4916.0,-14772.0,860.0,-297.0,-3.0,-527.0,-1267.0,-281.0,32453.0,5555712.0,2455.0,2684.0,0.0
6238596000,0.010267686999779351,97392.9181929182,2202.0,2275.0,2278.0,1289.0,4920.0,-4832.0,-14748.0,861.0,-303.0,-14.0,-534.0,-1261.0,-277.0,32453.0,5555712.0,2345.0,2703.0,0.0
6238852000,0.010267686999779351,97392.9181929182,2262.0,2275.0,2278.0,1289.0,4920.0,-4872.0,-14728.0,816.0,-296.0,-8.0,-539.0,-1257.0,-282.0,32453.0,5555968.0,2497.0,2685.0,0.0
6239108000,0.010267481044650379,97394.8717948718,2240.0,2275.0,2279.0,1290.0,4912.0,-4876.0,-14776.0,787.0,-333.0,-27.0,-533.0,-1267.0,-281.0,32453.0,5555968.0,2358.0,2702.0,0.0
6239364000,0.010267686999779351,97392.9181929182,2291.0,2276.0,2280.0,1290.0,4948.0,-4948.0,-14732.0,737.0,-347.0,-34.0,-530.0,-1262.0,-282.0,32453.0,5556224.0,2504.0,2685.0,0.0
6239620000,0.010267481044650379,97394.8717948718,2263.0,2277.0,2282.0,1291.0,4932.0,-4952.0,-14760.0,742.0,-351.0,-37.0,-530.0,-1262.0,-282.0,32453.0,5556224.0,2361.0,2702.0,0.0
6239876000,0.010267686999779351,97392.9181929182,2341.0,2275.0,2286.0,1291.0,4904.0,-5000.0,-14764.0,744.0,-372.0,-29.0,-532.0,-1258.0,-281.0,32453.0,5555968.0,2303.0,2703.0,0.0
6240132000,0.010267686999779351,97392.9181929182,2325.0,2276.0,2287.0,1288.0,4944.0,-5020.0,-14752.0,748.0,-356.0,-14.0,-524.0,-1261.0,-276.0,32453.0,5555968.0,2270.0,2702.0,0.0
6240388000,0.010267686999779351,97392.9181929182,2248.0,2276.0,2287.0,1288.0,4904.0,-5064.0,-14764.0,754.0,-360.0,-12.0,-520.0,-1265.0,-279.0,32453.0,5555456.0,2457.0,2684.0,0.0
6240644000,0.010267686999779351,97392.9181929182,2198.0,2277.0,2290.0,1289.0,4904.0,-5056.0,-14764.0,801.0,-351.0,-4.0,-524.0,-1250.0,-283.0,32453.0,5555456.0,2339.0,2702.0,0.0
6240900000,0.010267481044650379,97394.8717948718,2287.0,2276.0,2288.0,1290.0,4912.0,-5032.0,-14772.0,812.0,-329.0,-10.0,-524.0,-1250.0,-283.0,32453.0,5555456.0,2293.0,2703.0,0.0
6241156000,0.010267686999779351,97392.9181929182,2289.0,2275.0,2287.0,1288.0,4960.0,-5020.0,-14768.0,829.0,-340.0,-12.0,-530.0,-1257.0,-280.0,32453.0,5555456.0,2265.0,2702.0,0.0
6241412000,0.010267686999779351,97392.9181929182,2238.0,2275.0,2286.0,1289.0,4904.0,-5016.0,-14776.0,824.0,-310.0,-8.0,-530.0,-1262.0,-282.0,32453.0,5555712.0,2461.0,2685.0,0.0
6241668000,0.010267686999779351,97392.9181929182,2195.0,2273.0,2287.0,1290.0,4908.0,-5016.0,-14772.0,848.0,-308.0,-15.0,-537.0,-1265.0,-283.0,32453.0,5555712.0,2341.0,2702.0,0.0
6241924000,0.010267481044650379,97394.8717948718,2276.0,2274.0,2285.0,1288.0,4884.0,-4976.0,-14784.0,844.0,-313.0,-8.0,-537.0,-1265.0,-283.0,32453.0,5555456.0,2287.0,2702.0,0.0
6242180000,0.010267481044650379,97394.8717948718,2283.0,2276.0,2284.0,1288.0,4876.0,-4948.0,-14756.0,831.0,-307.0,-28.0,-535.0,-1260.0,-276.0,32453.0,5555456.0,2263.0,2702.0,0.0
6242436000,0.010267686999779351,97392.9181929182,2273.0,2277.0,2283.0,1288.0,4932.0,-4948.0,-14780.0,844.0,-316.0,-18.0,-535.0,-1265.0,-279.0,32453.0,5555456.0,2258.0,2703.0,0.0
6242692000,0.010267686999779351,97392.9181929182,2262.0,2275.0,2282.0,1291.0,4892.0,-4976.0,-14748.0,858.0,-334.0,-41.0,-535.0,-1261.0,-280.0,32453.0,5555456.0,2256.0,2703.0,0.0
6242948000,0.010267481044650379,97394.8717948718,2242.0,2276.0,2284.0,1291.0,4936.0,-4964.0,-14724.0,858.0,-350.0,-11.0,-529.0,-1263.0,-279.0,32453.0,5555712.0,2248.0,2702.0,0.0
6243204000,0.010267481044650379,97394.8717948718,2228.0,2275.0,2282.0,1292.0,4948.0,-4928.0,-14740.0,838.0,-336.0,-17.0,-529.0,-1263.0,-279.0,32453.0,5555712.0,2245.0,2702.0,0.0
6243460000,0.010267686999779351,97392.9181929182,2184.0,2275.0,2282.0,1289.0,4936.0,-4948.0,-14724.0,850.0,-345.0,-48.0,-527.0,-1262.0,-280.0,32453.0,5555712.0,2452.0,2686.0,0.0
6243716000,0.010267686999779351,97392.9181929182,2173.0,2276.0,2283.0,1290.0,4896.0,-4960.0,-14712.0,834.0,-354.0,-24.0,-529.0,-1257.0,-283.0,32453.0,5555712.0,2343.0,2703.0,0.0
6243972000,0.010267686999779351,97392.9181929182,2278.0,2274.0,2283.0,1288.0,4908.0,-4992.0,-14756.0,834.0,-356.0,-23.0,-526.0,-1264.0,-278.0,32453.0,5555200.0,2295.0,2703.0,0.0
6244228000,0.010267481044650379,97394.8717948718,2254.0,2273.0,2282.0,1287.0,4876.0,-4988.0,-14772.0,837.0,-357.0,-39.0,-525.0,-1261.0,-279.0,32453.0,5555200.0,2473.0,2683.0,0.0
6244484000,0.010267481044650379,97394.8717948718,2391.0,2273.0,2285.0,1289.0,4884.0,-4992.0,-14804.0,853.0,-344.0,-22.0,-525.0,-1261.0,-279.0,32453.0,5555712.0,2557.0,2686.0,0.0
6244740000,0.010267481044650379,97394.8717948718,2362.0,2272.0,2285.0,1291.0,4888.0,-5004.0,-14780.0,873.0,-352.0,-53.0,-529.0,-1262.0,-280.0,32453.0,5555712.0,2385.0,2702.0,0.0
6244996000,0.010267686999779351,97392.9181929182,2208.0,2274.0,2286.0,1292.0,4860.0,-5060.0,-14756.0,877.0,-336.0,-34.0,-528.0,-1268.0,-281.0,32453.0,5555456.0,2314.0,2703.0,0.0
6245252000,0.010267686999779351,97392.9181929182,2272.0,2273.0,2286.0,1291.0,4896.0,-5028.0,-14744.0,894.0,-344.0,-34.0,-533.0,-1258.0,-276.0,32453.0,5555456.0,2281.0,2703.0,0.0
6245508000,0.010267481044650379,97394.8717948718,2228.0,2273.0,2286.0,1289.0,4904.0,-5080.0,-14788.0,900.0,-340.0,-29.0,-534.0,-1265.0,-282.0,32453.0,5554688.0,2462.0,2684.0,0.0
6245764000,0.010267686999779351,97392.9181929182,2201.0,2272.0,2284.0,1289.0,4936.0,-4996.0,-14768.0,913.0,-358.0,-35.0,-534.0,-1265.0,-282.0,32453.0,5554688.0,2348.0,2703.0,0.0
6246020000,0.010267686999779351,97392.9181929182,2295.0,2275.0,2285.0,1287.0,4920.0,-5016.0,-14676.0,916.0,-344.0,-48.0,-541.0,-1267.0,-277.0,32453.0,5556224.0,2297.0,2703.0,0.0
6246276000,0.010267686999779351,97392.9181929182,2305.0,2275.0,2283.0,1288.0,4908.0,-5004.0,-14768.0,927.0,-356.0,-43.0,-536.0,-1259.0,-282.0,32453.0,5556224.0,2274.0,2703.0,0.0
6246532000,0.010267686999779351,97392.9181929182,2254.0,2274.0,2285.0,1289.0,4952.0,-5000.0,-14728.0,914.0,-340.0,-41.0,-530.0,-1262.0,-275.0,32453.0,5555200.0,2465.0,2686.0,0.0
6246788000,0.010267481044650379,97394.8717948718,2204.0,2275.0,2286.0,1290.0,4952.0,-4996.0,-14792.0,906.0,-339.0,-15.0,-530.0,-1262.0,-275.0,32453.0,5555200.0,2342.0,2702.0,0.0
6247044000,0.010267686999779351,97392.9181929182,2297.0,2274.0,2287.0,1289.0,4932.0,-5040.0,-14764.0,959.0,-343.0,-43.0,-541.0,-1264.0,-273.0,32453.0,5555712.0,2295.0,2703.0,0.0
6247300000,0.010267686999779351,97392.9181929182,2306.0,2274.0,2285.0,1290.0,4896.0,-5012.0,-14736.0,977.0,-349.0,-21.0,-532.0,-1268.0,-276.0,32453.0,5555712.0,2273.0,2703.0,0.0
6247556000,0.010267481044650379,97394.8717948718,2254.0,2274.0,2284.0,1291.0,4904.0,-4948.0,-14732.0,980.0,-347.0,-19.0,-524.0,-1258.0,-274.0,32453.0,5555456.0,2465.0,2686.0,0.0
6247812000,0.010267686999779351,97392.9181929182,2210.0,2274.0,2282.0,1290.0,4924.0,-4972.0,-14792.0,952.0,-342.0,-24.0,-530.0,-1263.0,-281.0,32453.0,5555456.0,2343.0,2702.0,0.0
6248068000,0.010267481044650379,97394.8717948718,2280.0,2275.0,2281.0,1288.0,4940.0,-4928.0,-14780.0,935.0,-343.0,-37.0,-530.0,-1263.0,-281.0,32453.0,5554688.0,2288.0,2702.0,0.0
6248324000,0.010267481044650379,97394.8717948718,2285.0,2274.0,2280.0,1291.0,4896.0,-4896.0,-14772.0,923.0,-351.0,-9.0,-528.0,-1262.0,-279.0,32453.0,5554688.0,2263.0,2702.0,0.0
6248580000,0.010267686999779351,97392.9181929182,2230.0,2275.0,2279.0,1289.0,4928.0,-4888.0,-14760.0,905.0,-364.0,-24.0,-524.0,-1260.0,-283.0,32453.0,5555200.0,2460.0,2686.0,0.0
6248836000,0.010267686999779351,97392.9181929182,2191.0,2275.0,2280.0,1287.0,4940.0,-4920.0,-14792.0,878.0,-349.0,-17.0,-532.0,-1268.0,-277.0,32453.0,5555200.0,2341.0,2702.0,0.0
6249092000,0.010267686999779351,97392.9181929182,2239.0,2276.0,2282.0,1288.0,4924.0,-4940.0,-14816.0,909.0,-347.0,-20.0,-528.0,-1266.0,-278.0,32453.0,5555712.0,2489.0,2684.0,0.0
6249348000,0.010267686999779351,97392.9181929182,2220.0,2276.0,2283.0,1288.0,4944.0,-4924.0,-14824.0,917.0,-356.0,-22.0,-528.0,-1266.0,-278.0,32453.0,5555712.0,2354.0,2702.0,0.0
6249604000,0.010267481044650379,97394.8717948718,2282.0,2274.0,2281.0,1286.0,4948.0,-4944.0,-14780.0,923.0,-355.0,-36.0,-534.0,-1263.0,-283.0,32453.0,5555200.0,2502.0,2685.0,0.0
6249860000,0.010267686999779351,97392.9181929182,2252.0,2276.0,2280.0,1287.0,4940.0,-4904.0,-14772.0,918.0,-355.0,-37.0,-531.0,-1268.0,-273.0,32453.0,5555200.0,2360.0,2702.0,0.0
6250116000,0.010267686999779351,97392.9181929182,2334.0,2274.0,2281.0,1290.0,4964.0,-4908.0,-14840.0,918.0,-355.0,-37.0,-529.0,-1271.0,-276.0,32453.0,5555456.0,2303.0,2703.0,0.0
6250372000,0.010267481044650379,97394.8717948718,2313.0,2276.0,2280.0,1288.0,4912.0,-4876.0,-14792.0,934.0,-339.0,-22.0,-533.0,-1262.0,-278.0,32453.0,5555456.0,2268.0,2701.0,0.0
6250628000,0.010267481044650379,97394.8717948718,2238.0,2276.0,2281.0,1289.0,4900.0,-4932.0,-14780.0,912.0,-345.0,-47.0,-533.0,-1262.0,-278.0,32453.0,5555456.0,2456.0,2684.0,0.0
6250884000,0.010267481044650379,97394.8717948718,2194.0,2272.0,2280.0,1290.0,4916.0,-4932.0,-14700.0,912.0,-343.0,-22.0,-533.0,-1265.0,-280.0,32453.0,5555456.0,2339.0,2702.0,0.0
6251140000,0.010267686999779351,97392.9181929182,2285.0,2273.0,2279.0,1293.0,4936.0,-4900.0,-14708.0,914.0,-332.0,-23.0,-523.0,-1260.0,-276.0,32453.0,5554944.0,2293.0,2703.0,0.0
6251396000,0.010267481044650379,97394.8717948718,2294.0,2274.0,2279.0,1290.0,4916.0,-4860.0,-14784.0,918.0,-317.0,-34.0,-529.0,-1264.0,-282.0,32453.0,5554944.0,2272.0,2703.0,0.0
6251652000,0.010267686999779351,97392.9181929182,2245.0,2273.0,2281.0,1287.0,4924.0,-4952.0,-14768.0,897.0,-347.0,-28.0,-529.0,-1264.0,-282.0,32453.0,5555200.0,2463.0,2685.0,0.0
6251908000,0.010267686999779351,97392.9181929182,2207.0,2274.0,2281.0,1287.0,4932.0,-4948.0,-14756.0,890.0,-360.0,-42.0,-535.0,-1264.0,-282.0,32453.0,5555200.0,2343.0,2702.0,0.0
6252164000,0.010267686999779351,97392.9181929182,2297.0,2273.0,2281.0,1286.0,4920.0,-4964.0,-14788.0,891.0,-341.0,-62.0,-524.0,-1266.0,-277.0,32453.0,5555200.0,2295.0,2703.0,0.0
6252420000,0.010267686999779351,97392.9181929182,2294.0,2274.0,2280.0,1289.0,4924.0,-4900.0,-14772.0,888.0,-349.0,-38.0,-529.0,-1264.0,-279.0,32453.0,5555200.0,2266.0,2702.0,0.0
6252676000,0.010267686999779351,97392.9181929182,2231.0,2273.0,2282.0,1288.0,4924.0,-4940.0,-14752.0,886.0,-357.0,-62.0,-536.0,-1265.0,-281.0,32453.0,5555456.0,2455.0,2684.0,0.0
6252932000,0.010267686999779351,97392.9181929182,2188.0,2274.0,2281.0,1288.0,4936.0,-4960.0,-14804.0,869.0,-364.0,-54.0,-536.0,-1265.0,-281.0,32453.0,5555456.0,2339.0,2702.0,0.0
6253188000,0.010267481044650379,97394.8717948718,2283.0,2275.0,2283.0,1289.0,4984.0,-4948.0,-14768.0,866.0,-366.0,-27.0,-539.0,-1260.0,-277.0,32453.0,5555712.0,2293.0,2703.0,0.0
6253444000,0.010267686999779351,97392.9181929182,2293.0,2275.0,2281.0,1287.0,4972.0,-4928.0,-14788.0,906.0,-357.0,-38.0,-532.0,-1266.0,-275.0,32453.0,5555712.0,2272.0,2703.0,0.0
6253700000,0.010267686999779351,97392.9181929182,2246.0,2275.0,2281.0,1286.0,4956.0,-4900.0,-14844.0,971.0,-351.0,-27.0,-535.0,-1266.0,-284.0,32453.0,5555456.0,2463.0,2685.0,0.0
6253956000,0.010267686999779351,97392.9181929182,2200.0,2275.0,2279.0,1286.0,4948.0,-4892.0,-14840.0,970.0,-328.0,-22.0,-546.0,-1267.0,-279.0,32453.0,5555456.0,2342.0,2702.0,0.0
6254212000,0.010267481044650379,97394.8717948718,2287.0,2274.0,2274.0,1286.0,4924.0,-4812.0,-14848.0,962.0,-336.0,-31.0,-546.0,-1267.0,-279.0,32453.0,5555712.0,2294.0,2703.0,0.0
6254468000,0.010267686999779351,97392.9181929182,2290.0,2273.0,2277.0,1288.0,4896.0,-4828.0,-14800.0,932.0,-318.0,-16.0,-542.0,-1267.0,-277.0,32453.0,5555712.0,2266.0,2702.0,0.0
6254724000,0.010267686999779351,97392.9181929182,2238.0,2272.0,2277.0,1288.0,4888.0,-4828.0,-14800.0,908.0,-317.0,-17.0,-529.0,-1261.0,-277.0,32453.0,5555712.0,2461.0,2686.0,0.0
6254980000,0.010267481044650379,97394.8717948718,2206.0,2273.0,2279.0,1289.0,4884.0,-4896.0,-14776.0,859.0,-334.0,-42.0,-532.0,-1265.0,-278.0,32453.0,5555712.0,2348.0,2703.0,0.0
6255236000,0.010267686999779351,97392.9181929182,2288.0,2272.0,2280.0,1289.0,4848.0,-4932.0,-14760.0,872.0,-341.0,-24.0,-542.0,-1261.0,-275.0,32453.0,5555456.0,2291.0,2702.0,0.0
6255492000,0.010267686999779351,97392.9181929182,2284.0,2270.0,2279.0,1289.0,4864.0,-4928.0,-14756.0,907.0,-338.0,-45.0,-542.0,-1261.0,-275.0,32453.0,5555456.0,2264.0,2702.0,0.0
6255748000,0.010267686999779351,97392.9181929182,2236.0,2271.0,2278.0,1288.0,4864.0,-4912.0,-14752.0,924.0,-356.0,-51.0,-528.0,-1262.0,-278.0,32453.0,5555968.0,2461.0,2686.0,0.0
6256004000,0.010267686999779351,97392.9181929182,2204.0,2271.0,2279.0,1288.0,4856.0,-4912.0,-14792.0,912.0,-376.0,-52.0,-530.0,-1262.0,-283.0,32453.0,5555968.0,2348.0,2703.0,0.0
6256260000,0.010267481044650379,97394.8717948718,2296.0,2272.0,2278.0,1282.0,4900.0,-4860.0,-14872.0,903.0,-369.0,-52.0,-535.0,-1266.0,-281.0,32453.0,5555712.0,2297.0,2703.0,0.0
6256516000,0.010267686999779351,97392.9181929182,2292.0,2274.0,2278.0,1282.0,4876.0,-4896.0,-14880.0,891.0,-342.0,-46.0,-535.0,-1266.0,-281.0,32453.0,5555712.0,2266.0,2701.0,0.0
6256772000,0.010267686999779351,97392.9181929182,2231.0,2273.0,2280.0,1283.0,4856.0,-4856.0,-14868.0,905.0,-338.0,-46.0,-537.0,-1259.0,-283.0,32453.0,5555456.0,2455.0,2684.0,0.0
6257028000,0.010267686999779351,97392.9181929182,2200.0,2274.0,2279.0,1285.0,4892.0,-4852.0,-14760.0,920.0,-356.0,-53.0,-534.0,-1267.0,-275.0,32453.0,5555456.0,2345.0,2703.0,0.0
6257284000,0.010267481044650379,97394.8717948718,2293.0,2273.0,2277.0,1288.0,4920.0,-4892.0,-14776.0,951.0,-298.0,-19.0,-536.0,-1268.0,-278.0,32453.0,5555200.0,2295.0,2703.0,0.0
6257540000,0.010267481044650379,97394.8717948718,2292.0,2274.0,2277.0,1290.0,4928.0,-4900.0,-14696.0,958.0,-300.0,-12.0,-535.0,-1266.0,-280.0,32453.0,5555200.0,2266.0,2702.0,0.0
6257796000,0.010267686999779351,97392.9181929182,2228.0,2274.0,2278.0,1289.0,4908.0,-4900.0,-14740.0,964.0,-329.0,-12.0,-535.0,-1266.0,-280.0,32453.0,5555200.0,2455.0,2684.0,0.0
6258052000,0.010267686999779351,97392.9181929182,2200.0,2273.0,2277.0,1290.0,4928.0,-4840.0,-14728.0,944.0,-330.0,-31.0,-530.0,-1265.0,-279.0,32453.0,5555200.0,2345.0,2703.0,0.0
6258308000,0.010267686999779351,97392.9181929182,2288.0,2274.0,2277.0,1286.0,4948.0,-4848.0,-14704.0,931.0,-316.0,-41.0,-531.0,-1257.0,-280.0,32453.0,5555200.0,2296.0,2703.0,0.0
6258564000,0.010267686999779351,97392.9181929182,2295.0,2274.0,2277.0,1288.0,4940.0,-4852.0,-14756.0,892.0,-324.0,-25.0,-523.0,-1268.0,-280.0,32453.0,5555200.0,2267.0,2702.0,0.0
6258820000,0.010267481044650379,97394.8717948718,2231.0,2276.0,2276.0,1286.0,4956.0,-4868.0,-14752.0,882.0,-345.0,-43.0,-532.0,-1260.0,-277.0,32453.0,5555712.0,2455.0,2684.0,0.0
6259076000,0.010267686999779351,97392.9181929182,2184.0,2275.0,2278.0,1286.0,4952.0,-4872.0,-14840.0,883.0,-340.0,-47.0,-532.0,-1260.0,-277.0,32453.0,5555712.0,2338.0,2702.0,0.0
6259332000,0.010267686999779351,97392.9181929182,2268.0,2277.0,2279.0,1283.0,4992.0,-4852.0,-14864.0,891.0,-350.0,-47.0,-526.0,-1262.0,-280.0,32453.0,5555712.0,2288.0,2704.0,0.0
6259588000,0.010267686999779351,97392.9181929182,2284.0,2278.0,2278.0,1285.0,4992.0,-4848.0,-14856.0,912.0,-338.0,-47.0,-527.0,-1267.0,-278.0,32453.0,5555712.0,2269.0,2703.0,0.0
6259844000,0.010267686999779351,97392.9181929182,2241.0,2277.0,2276.0,1287.0,4980.0,-4840.0,-14844.0,929.0,-340.0,-51.0,-532.0,-1262.0,-283.0,32453.0,5555200.0,2463.0,2686.0,0.0
6260100000,0.010267686999779351,97392.9181929182,2196.0,2276.0,2275.0,1288.0,4976.0,-4812.0,-14860.0,926.0,-325.0,-19.0,-532.0,-1267.0,-284.0,32453.0,5555200.0,2341.0,2701.0,0.0
6260356000,0.010267686999779351,97392.9181929182,2279.0,2276.0,2275.0,1286.0,4984.0,-4820.0,-14868.0,916.0,-332.0,-36.0,-532.0,-1267.0,-284.0,32453.0,5555456.0,2287.0,2702.0,0.0
6260612000,0.010267686999779351,97392.9181929182,2284.0,2275.0,2273.0,1285.0,4964.0,-4776.0,-14816.0,909.0,-326.0,2.0,-533.0,-1265.0,-279.0,32453.0,5555456.0,2263.0,2702.0,0.0
6260868000,0.010267686999779351,97392.9181929182,2229.0,2275.0,2274.0,1286.0,4960.0,-4836.0,-14788.0,895.0,-352.0,-21.0,-534.0,-1262.0,-280.0,32453.0,5555712.0,2460.0,2686.0,0.0
6261124000,0.010267686999779351,97392.9181929182,2190.0,2274.0,2277.0,1287.0,4896.0,-4824.0,-14760.0,907.0,-339.0,-15.0,-538.0,-1261.0,-275.0,32453.0,5555712.0,2341.0,2702.0,0.0
6261380000,0.010267686999779351,97392.9181929182,2273.0,2273.0,2278.0,1287.0,4920.0,-4844.0,-14824.0,891.0,-347.0,-11.0,-538.0,-1261.0,-275.0,32453.0,5555456.0,2287.0,2702.0,0.0
6261636000,0.010267686999779351,97392.9181929182,2281.0,2272.0,2277.0,1286.0,4860.0,-4856.0,-14816.0,886.0,-368.0,-2.0,-535.0,-1261.0,-281.0,32453.0,5555456.0,2263.0,2702.0,0.0
6261892000,0.010267686999779351,97392.9181929182,2228.0,2272.0,2278.0,1288.0,4868.0,-4860.0,-14768.0,893.0,-360.0,-14.0,-530.0,-1268.0,-275.0,32453.0,5555456.0,2460.0,2686.0,0.0
6262148000,0.010267686999779351,97392.9181929182,2184.0,2272.0,2274.0,1287.0,4840.0,-4836.0,-14788.0,900.0,-361.0,-40.0,-524.0,-1265.0,-277.0,32453.0,5555456.0,2340.0,2702.0,0.0
6262404000,0.010267686999779351,97392.9181929182,2279.0,2271.0,2276.0,1286.0,4832.0,-4804.0,-14840.0,895.0,-360.0,-51.0,-528.0,-1263.0,-283.0,32453.0,5555712.0,2294.0,2703.0,0.0
6262660000,0.010267686999779351,97392.9181929182,2283.0,2270.0,2275.0,1287.0,4836.0,-4808.0,-14836.0,892.0,-359.0,-30.0,-528.0,-1263.0,-283.0,32453.0,5555712.0,2266.0,2702.0,0.0
6262916000,0.010267686999779351,97392.9181929182,2226.0,2269.0,2274.0,1285.0,4812.0,-4808.0,-14868.0,863.0,-370.0,-33.0,-529.0,-1264.0,-281.0,32453.0,5555456.0,2455.0,2684.0,0.0
6263172000,0.010267481044650379,97394.8717948718,2197.0,2271.0,2276.0,1284.0,4852.0,-4816.0,-14788.0,864.0,-361.0,-30.0,-529.0,-1263.0,-284.0,32453.0,5555456.0,2345.0,2703.0,0.0
6263428000,0.010267686999779351,97392.9181929182,2287.0,2273.0,2277.0,1284.0,4840.0,-4852.0,-14788.0,869.0,-343.0,-32.0,-535.0,-1265.0,-273.0,32453.0,5555200.0,2296.0,2703.0,0.0
6263684000,0.010267481044650379,97394.8717948718,2301.0,2273.0,2275.0,1284.0,4908.0,-4824.0,-14864.0,877.0,-324.0,-33.0,-532.0,-1263.0,-278.0,32453.0,5555200.0,2273.0,2703.0,0.0
6263940000,0.010267686999779351,97392.9181929182,2250.0,2274.0,2278.0,1285.0,4876.0,-4820.0,-14848.0,903.0,-332.0,-50.0,-532.0,-1263.0,-278.0,32453.0,5555456.0,2465.0,2686.0,0.0
6264196000,0.010267686999779351,97392.9181929182,2221.0,2274.0,2276.0,1285.0,4884.0,-4812.0,-14804.0,919.0,-317.0,-15.0,-534.0,-1268.0,-283.0,32453.0,5555456.0,2350.0,2703.0,0.0
6264452000,0.010267686999779351,97392.9181929182,2305.0,2274.0,2274.0,1286.0,4884.0,-4780.0,-14844.0,898.0,-314.0,-44.0,-534.0,-1263.0,-281.0,32453.0,5555456.0,2298.0,2703.0,0.0
6264708000,0.010267481044650379,97394.8717948718,2303.0,2274.0,2273.0,1284.0,4900.0,-4756.0,-14812.0,916.0,-330.0,-36.0,-536.0,-1267.0,-272.0,32453.0,5555456.0,2267.0,2702.0,0.0
6264964000,0.010267481044650379,97394.8717948718,2235.0,2274.0,2273.0,1287.0,4896.0,-4776.0,-14872.0,886.0,-334.0,-30.0,-538.0,-1262.0,-278.0,32453.0,5555456.0,2455.0,2684.0,0.0
6265220000,0.010267481044650379,97394.8717948718,2192.0,2276.0,2271.0,1287.0,4904.0,-4748.0,-14844.0,875.0,-327.0,-36.0,-538.0,-1262.0,-278.0,32453.0,5555456.0,2339.0,2702.0,0.0
6265476000,0.010267686999779351,97392.9181929182,2285.0,2274.0,2273.0,1285.0,4912.0,-4744.0,-14836.0,870.0,-332.0,-41.0,-530.0,-1264.0,-277.0,32453.0,5555968.0,2293.0,2703.0,0.0
6265732000,0.010267481044650379,97394.8717948718,2294.0,2275.0,2274.0,1286.0,4900.0,-4752.0,-14804.0,845.0,-353.0,-49.0,-526.0,-1264.0,-278.0,32453.0,5555968.0,2272.0,2703.0,0.0
6265988000,0.010267686999779351,97392.9181929182,2232.0,2274.0,2273.0,1286.0,4892.0,-4756.0,-14824.0,862.0,-338.0,-29.0,-530.0,-1265.0,-282.0,32453.0,5555456.0,2457.0,2684.0,0.0
6266244000,0.010267686999779351,97392.9181929182,2174.0,2275.0,2274.0,1285.0,4908.0,-4820.0,-14848.0,841.0,-336.0,-19.0,-527.0,-1264.0,-281.0,32453.0,5555456.0,2333.0,2702.0,0.0
6266500000,0.010267481044650379,97394.8717948718,2274.0,2275.0,2273.0,1288.0,4900.0,-4784.0,-14840.0,840.0,-353.0,-22.0,-527.0,-1264.0,-281.0,32453.0,5555968.0,2291.0,2703.0,0.0
6266756000,0.010267686999779351,97392.9181929182,2294.0,2274.0,2275.0,1287.0,4864.0,-4776.0,-14788.0,839.0,-361.0,-7.0,-528.0,-1263.0,-280.0,32453.0,5555968.0,2271.0,2703.0,0.0
6267012000,0.010267686999779351,97392.9181929182,2246.0,2274.0,2276.0,1286.0,4860.0,-4832.0,-14820.0,837.0,-349.0,-17.0,-524.0,-1263.0,-283.0,32453.0,5555712.0,2463.0,2685.0,0.0
6267268000,0.010267481044650379,97394.8717948718,2216.0,2274.0,2278.0,1287.0,4860.0,-4796.0,-14828.0,837.0,-349.0,-17.0,-536.0,-1258.0,-274.0,32453.0,5555712.0,2349.0,2703.0,0.0
6267524000,0.010267686999779351,97392.9181929182,2294.0,2273.0,2276.0,1286.0,4848.0,-4828.0,-14824.0,854.0,-333.0,-28.0,-536.0,-1258.0,-274.0,32453.0,5555200.0,2291.0,2702.0,0.0
6267780000,0.010267686999779351,97392.9181929182,2305.0,2273.0,2276.0,1284.0,4876.0,-4804.0,-14820.0,851.0,-328.0,3.0,-541.0,-1264.0,-273.0,32453.0,5555200.0,2271.0,2703.0,0.0
6268036000,0.010267686999779351,97392.9181929182,2249.0,2273.0,2277.0,1286.0,4860.0,-4840.0,-14804.0,850.0,-342.0,-25.0,-528.0,-1267.0,-280.0,32453.0,5555200.0,2464.0,2686.0,0.0
6268292000,0.010267481044650379,97394.8717948718,2217.0,2271.0,2277.0,1287.0,4856.0,-4872.0,-14872.0,851.0,-333.0,-36.0,-531.0,-1265.0,-279.0,32453.0,5555200.0,2349.0,2703.0,0.0
6268548000,0.010267686999779351,97392.9181929182,2296.0,2273.0,2277.0,1287.0,4880.0,-4840.0,-14848.0,872.0,-361.0,-45.0,-534.0,-1263.0,-284.0,32453.0,5555200.0,2291.0,2702.0,0.0
6268804000,0.010267686999779351,97392.9181929182,2304.0,2274.0,2274.0,1285.0,4892.0,-4812.0,-14844.0,888.0,-341.0,-23.0,-534.0,-1263.0,-284.0,32453.0,5555200.0,2271.0,2703.0,0.0
6269060000,0.010267481044650379,97394.8717948718,2254.0,2273.0,2275.0,1286.0,4880.0,-4800.0,-14824.0,895.0,-368.0,-36.0,-535.0,-1269.0,-276.0,32453.0,5555200.0,2463.0,2685.0,0.0
6269316000,0.010267686999779351,97392.9181929182,2220.0,2275.0,2275.0,1286.0,4864.0,-4780.0,-14800.0,902.0,-357.0,-35.0,-534.0,-1262.0,-283.0,32453.0,5555200.0,2349.0,2703.0,0.0
6269572000,0.010267481044650379,97394.8717948718,2264.0,2274.0,2274.0,1284.0,4876.0,-4772.0,-14860.0,900.0,-345.0,-25.0,-529.0,-1260.0,-277.0,32456.0,5555200.0,2493.0,2684.0,0.0
6269828000,0.010267686999779351,97392.9181929182,2238.0,2273.0,2274.0,1288.0,4864.0,-4732.0,-14824.0,891.0,-316.0,-7.0,-529.0,-1264.0,-279.0,32456.0,5555200.0,2355.0,2701.0,0.0
6270084000,0.010267481044650379,97394.8717948718,2295.0,2274.0,2272.0,1287.0,4860.0,-4776.0,-14836.0,895.0,-334.0,-25.0,-529.0,-1264.0,-279.0,32456.0,5554688.0,2503.0,2686.0,0.0
6270340000,0.010267481044650379,97394.8717948718,2281.0,2272.0,2272.0,1286.0,4848.0,-4744.0,-14816.0,889.0,-313.0,-17.0,-525.0,-1265.0,-282.0,32456.0,5554688.0,2367.0,2703.0,0.0
6270596000,0.010267686999779351,97392.9181929182,2147.0,2273.0,2272.0,1285.0,4864.0,-4748.0,-14832.0,881.0,-324.0,-45.0,-527.0,-1263.0,-279.0,32456.0,5555712.0,2306.0,2703.0,0.0
6270852000,0.010267686999779351,97392.9181929182,2226.0,2274.0,2275.0,1284.0,4872.0,-4756.0,-14824.0,857.0,-317.0,-37.0,-525.0,-1268.0,-279.0,32456.0,5555712.0,2271.0,2702.0,0.0
6271108000,0.010267481044650379,97394.8717948718,2193.0,2274.0,2274.0,1284.0,4880.0,-4784.0,-14844.0,857.0,-317.0,-21.0,-536.0,-1266.0,-276.0,32456.0,5555456.0,2457.0,2684.0,0.0
6271364000,0.010267686999779351,97392.9181929182,2181.0,2274.0,2274.0,1284.0,4924.0,-4800.0,-14828.0,847.0,-340.0,-28.0,-536.0,-1266.0,-276.0,32456.0,5555456.0,2346.0,2703.0,0.0
6271620000,0.010267686999779351,97392.9181929182,2284.0,2275.0,2274.0,1287.0,4888.0,-4808.0,-14848.0,854.0,-326.0,-25.0,-536.0,-1267.0,-281.0,32456.0,5555200.0,2297.0,2703.0,0.0
6271876000,0.010267481044650379,97394.8717948718,2299.0,2274.0,2275.0,1287.0,4856.0,-4832.0,-14804.0,849.0,-357.0,-25.0,-531.0,-1269.0,-276.0,32456.0,5555200.0,2274.0,2703.0,0.0
6272132000,0.010267481044650379,97394.8717948718,2251.0,2274.0,2275.0,1286.0,4884.0,-4796.0,-14804.0,872.0,-389.0,-22.0,-542.0,-1265.0,-278.0,32456.0,5555456.0,2465.0,2686.0,0.0
6272388000,0.010267686999779351,97392.9181929182,2207.0,2274.0,2275.0,1288.0,4844.0,-4808.0,-14856.0,879.0,-361.0,-18.0,-542.0,-1265.0,-278.0,32456.0,5555456.0,2343.0,2702.0,0.0
6272644000,0.010267686999779351,97392.9181929182,2298.0,2272.0,2276.0,1286.0,4864.0,-4776.0,-14852.0,886.0,-346.0,-9.0,-536.0,-1265.0,-281.0,32456.0,5555200.0,2295.0,2703.0,0.0
6272900000,0.010267481044650379,97394.8717948718,2295.0,2272.0,2275.0,1285.0,4876.0,-4784.0,-14828.0,895.0,-339.0,-13.0,-536.0,-1266.0,-277.0,32456.0,5555200.0,2266.0,2702.0,0.0
6273156000,0.010267686999779351,97392.9181929182,2230.0,2273.0,2273.0,1288.0,4880.0,-4784.0,-14820.0,885.0,-332.0,-30.0,-529.0,-1262.0,-285.0,32456.0,5555200.0,2455.0,2684.0,0.0
6273412000,0.010267481044650379,97394.8717948718,2184.0,2274.0,2273.0,1287.0,4868.0,-4744.0,-14840.0,871.0,-312.0,-22.0,-539.0,-1264.0,-274.0,32456.0,5555200.0,2338.0,2702.0,0.0
6273668000,0.010267481044650379,97394.8717948718,2278.0,2275.0,2273.0,1284.0,4904.0,-4736.0,-14844.0,861.0,-335.0,-33.0,-539.0,-1264.0,-274.0,32456.0,5555200.0,2293.0,2703.0,0.0
6273924000,0.010267481044650379,97394.8717948718,2297.0,2275.0,2271.0,1284.0,4936.0,-4764.0,-14856.0,875.0,-334.0,-35.0,-522.0,-1267.0,-277.0,32456.0,5555200.0,2271.0,2703.0,0.0
6274180000,0.010267686999779351,97392.9181929182,2248.0,2274.0,2272.0,1285.0,4852.0,-4756.0,-14840.0,877.0,-331.0,-47.0,-530.0,-1259.0,-281.0,32456.0,5554176.0,2463.0,2685.0,0.0
6274436000,0.010267481044650379,97394.8717948718,2217.0,2274.0,2271.0,1284.0,4928.0,-4748.0,-14852.0,876.0,-328.0,-24.0,-524.0,-1262.0,-283.0,32456.0,5554176.0,2349.0,2703.0,0.0
6274692000,0.010267481044650379,97394.8717948718,2295.0,2274.0,2273.0,1282.0,4916.0,-4764.0,-14796.0,860.0,-340.0,-39.0,-530.0,-1263.0,-280.0,32456.0,5555968.0,2291.0,2702.0,0.0
6274948000,0.010267481044650379,97394.8717948718,2287.0,2273.0,2273.0,1288.0,4928.0,-4760.0,-14836.0,846.0,-338.0,-11.0,-530.0,-1263.0,-280.0,32456.0,5555968.0,2264.0,2702.0,0.0
6275204000,0.010267481044650379,97394.8717948718,2232.0,2273.0,2274.0,1284.0,4864.0,-4784.0,-14848.0,845.0,-358.0,-35.0,-533.0,-1266.0,-280.0,32456.0,5555200.0,2460.0,2685.0,0.0
6275460000,0.010267481044650379,97394.8717948718,2203.0,2273.0,2274.0,1284.0,4868.0,-4788.0,-14864.0,836.0,-347.0,-15.0,-532.0,-1267.0,-278.0,32456.0,5555200.0,2348.0,2703.0,0.0
6275716000,0.010267481044650379,97394.8717948718,2249.0,2272.0,2273.0,1286.0,4848.0,-4788.0,-14840.0,848.0,-362.0,-42.0,-530.0,-1266.0,-280.0,32456.0,5555200.0,2492.0,2684.0,0.0
6275972000,0.010267686999779351,97392.9181929182,2226.0,2272.0,2275.0,1284.0,4844.0,-4832.0,-14828.0,855.0,-337.0,-22.0,-537.0,-1266.0,-291.0,32456.0,5555200.0,2356.0,2702.0,0.0
6276228000,0.010267481044650379,97394.8717948718,2289.0,2272.0,2275.0,1286.0,4864.0,-4780.0,-14820.0,872.0,-340.0,-15.0,-537.0,-1266.0,-291.0,32456.0,5555456.0,2503.0,2686.0,0.0
6276484000,0.010267686999779351,97392.9181929182,2277.0,2272.0,2273.0,1286.0,4856.0,-4804.0,-14792.0,873.0,-323.0,-14.0,-533.0,-1266.0,-282.0,32456.0,5555456.0,2367.0,2703.0,0.0
6276740000,0.010267686999779351,97392.9181929182,2342.0,2273.0,2271.0,1284.0,4856.0,-4764.0,-14816.0,868.0,-333.0,-46.0,-530.0,-1264.0,-277.0,32456.0,5555200.0,2301.0,2704.0,0.0
6276996000,0.010267481044650379,97394.8717948718,2324.0,2272.0,2270.0,1285.0,4896.0,-4740.0,-14832.0,872.0,-328.0,-45.0,-545.0,-1262.0,-277.0,32456.0,5555200.0,2269.0,2702.0,0.0
6277252000,0.010267686999779351,97392.9181929182,2256.0,2273.0,2272.0,1285.0,4872.0,-4732.0,-14868.0,831.0,-347.0,-25.0,-545.0,-1262.0,-277.0,32456.0,5555200.0,2462.0,2685.0,0.0
6277508000,0.010267686999779351,97392.9181929182,2218.0,2272.0,2272.0,1284.0,4884.0,-4760.0,-14876.0,824.0,-342.0,-22.0,-525.0,-1258.0,-274.0,32456.0,5555200.0,2348.0,2703.0,0.0
6277764000,0.010267686999779351,97392.9181929182,2304.0,2273.0,2274.0,1288.0,4884.0,-4792.0,-14808.0,823.0,-332.0,-37.0,-524.0,-1262.0,-279.0,32456.0,5555712.0,2298.0,2703.0,0.0
6278020000,0.010267481044650379,97394.8717948718,2303.0,2273.0,2274.0,1286.0,4868.0,-4788.0,-14804.0,832.0,-339.0,-39.0,-528.0,-1268.0,-279.0,32456.0,5555712.0,2267.0,2702.0,0.0
6278276000,0.010267481044650379,97394.8717948718,2246.0,2273.0,2274.0,1284.0,4924.0,-4808.0,-14848.0,845.0,-348.0,-36.0,-533.0,-1267.0,-278.0,32456.0,5555200.0,2462.0,2686.0,0.0
6278532000,0.010267686999779351,97392.9181929182,2199.0,2274.0,2274.0,1286.0,4960.0,-4788.0,-14832.0,862.0,-345.0,-42.0,-533.0,-1267.0,-278.0,32456.0,5555200.0,2342.0,2702.0,0.0
6278788000,0.010267686999779351,97392.9181929182,2283.0,2275.0,2275.0,1285.0,4912.0,-4756.0,-14860.0,839.0,-351.0,-25.0,-536.0,-1262.0,-280.0,32456.0,5555712.0,2289.0,2704.0,0.0
6279044000,0.010267686999779351,97392.9181929182,2280.0,2274.0,2272.0,1285.0,4880.0,-4772.0,-14812.0,832.0,-342.0,-17.0,-533.0,-1262.0,-280.0,32456.0,5555712.0,2264.0,2702.0,0.0
6279300000,0.010267481044650379,97394.8717948718,2227.0,2273.0,2274.0,1285.0,4888.0,-4792.0,-14844.0,865.0,-349.0,-13.0,-532.0,-1268.0,-276.0,32456.0,5555456.0,2460.0,2686.0,0.0
6279556000,0.010267686999779351,97392.9181929182,2199.0,2273.0,2275.0,1283.0,4888.0,-4816.0,-14844.0,849.0,-319.0,-30.0,-533.0,-1267.0,-284.0,32456.0,5555456.0,2348.0,2703.0,0.0
6279812000,0.010267481044650379,97394.8717948718,2293.0,2272.0,2274.0,1285.0,4892.0,-4776.0,-14852.0,861.0,-327.0,-13.0,-533.0,-1267.0,-284.0,32456.0,5555200.0,2297.0,2703.0,0.0
6280068000,0.010267481044650379,97394.8717948718,2271.0,2272.0,2273.0,1288.0,4844.0,-4752.0,-14780.0,854.0,-341.0,-15.0,-529.0,-1271.0,-282.0,32456.0,5555200.0,2475.0,2685.0,0.0
6280324000,0.010267481044650379,97394.8717948718,2400.0,2273.0,2272.0,1289.0,4928.0,-4724.0,-14792.0,839.0,-336.0,-5.0,-533.0,-1260.0,-281.0,32456.0,5555712.0,2557.0,2685.0,0.0
6280580000,0.010267686999779351,97392.9181929182,2367.0,2275.0,2273.0,1287.0,4924.0,-4764.0,-14760.0,846.0,-348.0,-32.0,-531.0,-1268.0,-279.0,32456.0,5555712.0,2386.0,2702.0,0.0
6280836000,0.010267481044650379,97394.8717948718,2209.0,2277.0,2273.0,1286.0,4968.0,-4756.0,-14848.0,838.0,-365.0,-36.0,-526.0,-1263.0,-284.0,32456.0,5555712.0,2314.0,2703.0,0.0
6281092000,0.010267686999779351,97392.9181929182,2266.0,2275.0,2272.0,1284.0,4968.0,-4736.0,-14908.0,869.0,-357.0,-48.0,-526.0,-1263.0,-284.0,32456.0,5555712.0,2275.0,2702.0,0.0
6281348000,0.010267686999779351,97392.9181929182,2235.0,2272.0,2272.0,1284.0,4944.0,-4760.0,-14868.0,848.0,-338.0,-37.0,-528.0,-1262.0,-285.0,32456.0,5555456.0,2466.0,2686.0,0.0
6281604000,0.010267686999779351,97392.9181929182,2211.0,2273.0,2271.0,1284.0,4916.0,-4760.0,-14832.0,830.0,-343.0,-16.0,-527.0,-1267.0,-277.0,32456.0,5555456.0,2350.0,2703.0,0.0
6281860000,0.010267481044650379,97394.8717948718,2300.0,2276.0,2270.0,1287.0,4908.0,-4772.0,-14856.0,833.0,-319.0,-17.0,-531.0,-1264.0,-284.0,32456.0,5555456.0,2298.0,2703.0,0.0
6282116000,0.010267686999779351,97392.9181929182,2295.0,2275.0,2272.0,1283.0,4912.0,-4736.0,-14836.0,828.0,-349.0,-18.0,-531.0,-1264.0,-284.0,32456.0,5555456.0,2268.0,2702.0,0.0
6282372000,0.010267686999779351,97392.9181929182,2243.0,2273.0,2274.0,1286.0,4896.0,-4800.0,-14808.0,831.0,-328.0,-35.0,-539.0,-1268.0,-279.0,32456.0,5555456.0,2462.0,2685.0,0.0
6282628000,0.010267686999779351,97392.9181929182,2209.0,2272.0,2272.0,1286.0,4884.0,-4784.0,-14808.0,862.0,-334.0,-28.0,-539.0,-1267.0,-281.0,32456.0,5555456.0,2348.0,2703.0,0.0
6282884000,0.010267686999779351,97392.9181929182,2299.0,2273.0,2271.0,1286.0,4844.0,-4764.0,-14812.0,881.0,-361.0,-62.0,-532.0,-1269.0,-270.0,32456.0,5555968.0,2297.0,2703.0,0.0
6283140000,0.010267686999779351,97392.9181929182,2300.0,2270.0,2273.0,1286.0,4872.0,-4744.0,-14860.0,892.0,-349.0,-49.0,-531.0,-1271.0,-286.0,32456.0,5555968.0,2267.0,2702.0,0.0
6283396000,0.010267481044650379,97394.8717948718,2242.0,2269.0,2271.0,1285.0,4860.0,-4728.0,-14828.0,865.0,-368.0,-84.0,-531.0,-1271.0,-286.0,32456.0,5554688.0,2461.0,2685.0,0.0
6283652000,0.010267686999779351,97392.9181929182,2210.0,2270.0,2272.0,1283.0,4812.0,-4744.0,-14888.0,847.0,-360.0,-81.0,-538.0,-1261.0,-281.0,32456.0,5554688.0,2348.0,2703.0,0.0
6283908000,0.010267686999779351,97392.9181929182,2272.0,2272.0,2273.0,1285.0,4916.0,-4768.0,-14860.0,828.0,-348.0,-64.0,-535.0,-1263.0,-281.0,32456.0,5555456.0,2499.0,2685.0,0.0
6284164000,0.010267686999779351,97392.9181929182,2252.0,2272.0,2275.0,1283.0,4896.0,-4796.0,-14836.0,828.0,-348.0,-64.0,-528.0,-1262.0,-274.0,32456.0,5555456.0,2359.0,2702.0,0.0
6284420000,0.010267481044650379,97394.8717948718,2302.0,2272.0,2275.0,1284.0,4892.0,-4820.0,-14824.0,836.0,-339.0,-59.0,-542.0,-1264.0,-276.0,32456.0,5555200.0,2505.0,2686.0,0.0
6284676000,0.010267686999779351,97392.9181929182,2270.0,2274.0,2274.0,1287.0,4884.0,-4820.0,-14836.0,890.0,-355.0,-45.0,-542.0,-1264.0,-276.0,32456.0,5555200.0,2362.0,2702.0,0.0
6284932000,0.010267686999779351,97392.9181929182,2345.0,2273.0,2272.0,1287.0,4912.0,-4788.0,-14804.0,896.0,-354.0,-32.0,-530.0,-1262.0,-280.0,32456.0,5555200.0,2303.0,2703.0,0.0
6285188000,0.010267686999779351,97392.9181929182,2327.0,2273.0,2272.0,1286.0,4860.0,-4804.0,-14828.0,890.0,-342.0,-24.0,-525.0,-1263.0,-286.0,32456.0,5555200.0,2270.0,2702.0,0.0
6285444000,0.010267686999779351,97392.9181929182,2265.0,2273.0,2274.0,1285.0,4872.0,-4780.0,-14796.0,876.0,-325.0,-22.0,-527.0,-1265.0,-276.0,32456.0,5554944.0,2463.0,2686.0,0.0
6285700000,0.010267481044650379,97394.8717948718,2210.0,2272.0,2273.0,1284.0,4888.0,-4780.0,-14848.0,864.0,-333.0,-37.0,-540.0,-1269.0,-276.0,32456.0,5554944.0,2342.0,2702.0,0.0
6285956000,0.010267481044650379,97394.8717948718,2282.0,2273.0,2273.0,1283.0,4892.0,-4760.0,-14852.0,888.0,-345.0,-4.0,-540.0,-1269.0,-276.0,32456.0,5555456.0,2288.0,2702.0,0.0
6286212000,0.010267686999779351,97392.9181929182,2285.0,2272.0,2273.0,1283.0,4868.0,-4752.0,-14856.0,869.0,-345.0,-31.0,-536.0,-1262.0,-279.0,32456.0,5555456.0,2263.0,2702.0,0.0
6286468000,0.010267481044650379,97394.8717948718,2230.0,2272.0,2273.0,1283.0,4892.0,-4752.0,-14864.0,840.0,-324.0,-25.0,-538.0,-1264.0,-274.0,32456.0,5554688.0,2460.0,2685.0,0.0
6286724000,0.010267686999779351,97392.9181929182,2206.0,2273.0,2272.0,1283.0,4896.0,-4752.0,-14876.0,837.0,-326.0,-36.0,-536.0,-1261.0,-277.0,32456.0,5554688.0,2347.0,2703.0,0.0
6286980000,0.010267686999779351,97392.9181929182,2283.0,2274.0,2272.0,1283.0,4880.0,-4744.0,-14848.0,844.0,-357.0,-25.0,-536.0,-1261.0,-277.0,32456.0,5554432.0,2290.0,2702.0,0.0
6287236000,0.010267481044650379,97394.8717948718,2294.0,2273.0,2273.0,1285.0,4872.0,-4748.0,-14876.0,841.0,-343.0,-28.0,-536.0,-1269.0,-277.0,32456.0,5554432.0,2270.0,2703.0,0.0
6287492000,0.010267686999779351,97392.9181929182,2247.0,2273.0,2270.0,1285.0,4904.0,-4720.0,-14780.0,840.0,-345.0,-8.0,-526.0,-1262.0,-280.0,32456.0,5555456.0,2463.0,2685.0,0.0
6287748000,0.010267481044650379,97394.8717948718,2216.0,2273.0,2273.0,1286.0,4900.0,-4764.0,-14780.0,836.0,-334.0,-12.0,-533.0,-1260.0,-278.0,32456.0,5555456.0,2349.0,2703.0,0.0
6288004000,0.010267686999779351,97392.9181929182,2296.0,2273.0,2272.0,1287.0,4900.0,-4776.0,-14784.0,828.0,-319.0,-19.0,-534.0,-1273.0,-277.0,32456.0,5555456.0,2291.0,2702.0,0.0
6288260000,0.010267481044650379,97394.8717948718,2286.0,2273.0,2274.0,1287.0,4908.0,-4764.0,-14800.0,816.0,-318.0,3.0,-534.0,-1273.0,-277.0,32456.0,5555456.0,2264.0,2702.0,0.0
6288516000,0.010267686999779351,97392.9181929182,2237.0,2272.0,2274.0,1287.0,4900.0,-4792.0,-14816.0,857.0,-346.0,12.0,-526.0,-1263.0,-276.0,32456.0,5555712.0,2461.0,2686.0,0.0
6288772000,0.010267686999779351,97392.9181929182,2206.0,2271.0,2273.0,1284.0,4872.0,-4760.0,-14816.0,858.0,-311.0,-11.0,-528.0,-1266.0,-282.0,32456.0,5555712.0,2348.0,2703.0,0.0
6289028000,0.010267686999779351,97392.9181929182,2297.0,2273.0,2272.0,1286.0,4888.0,-4784.0,-14784.0,858.0,-316.0,-1.0,-526.0,-1260.0,-283.0,32456.0,5555712.0,2297.0,2703.0,0.0
6289284000,0.010267686999779351,97392.9181929182,2299.0,2272.0,2273.0,1288.0,4852.0,-4736.0,-14800.0,865.0,-332.0,-4.0,-532.0,-1259.0,-276.0,32456.0,5555712.0,2267.0,2702.0,0.0
6289540000,0.010267686999779351,97392.9181929182,2243.0,2273.0,2272.0,1287.0,4836.0,-4744.0,-14800.0,860.0,-328.0,-23.0,-532.0,-1259.0,-276.0,32456.0,5554432.0,2462.0,2686.0,0.0
6289796000,0.010267686999779351,97392.9181929182,2210.0,2273.0,2274.0,1286.0,4856.0,-4776.0,-14860.0,838.0,-339.0,-28.0,-530.0,-1265.0,-282.0,32456.0,5554432.0,2348.0,2703.0,0.0
6290052000,0.010267686999779351,97392.9181929182,2299.0,2272.0,2272.0,1285.0,4900.0,-4784.0,-14808.0,822.0,-326.0,-28.0,-539.0,-1267.0,-279.0,32456.0,5555712.0,2297.0,2703.0,0.0
6290308000,0.010267686999779351,97392.9181929182,2301.0,2272.0,2274.0,1286.0,4872.0,-4744.0,-14820.0,831.0,-328.0,-18.0,-532.0,-1263.0,-282.0,32456.0,5555712.0,2267.0,2702.0,0.0
6290564000,0.010267481044650379,97394.8717948718,2233.0,2273.0,2273.0,1286.0,4904.0,-4792.0,-14836.0,807.0,-331.0,-12.0,-535.0,-1269.0,-279.0,32456.0,5555200.0,2455.0,2684.0,0.0
6290820000,0.010267481044650379,97394.8717948718,2186.0,2274.0,2274.0,1285.0,4960.0,-4820.0,-14880.0,840.0,-333.0,-14.0,-535.0,-1269.0,-279.0,32456.0,5555200.0,2338.0,2702.0,0.0
6291076000,0.010267481044650379,97394.8717948718,2281.0,2275.0,2273.0,1285.0,4964.0,-4752.0,-14836.0,851.0,-336.0,-22.0,-545.0,-1263.0,-281.0,32456.0,5555456.0,2293.0,2703.0,0.0
6291332000,0.010267481044650379,97394.8717948718,2284.0,2277.0,2274.0,1285.0,4952.0,-4740.0,-14820.0,867.0,-350.0,-25.0,-531.0,-1264.0,-281.0,32456.0,5555456.0,2265.0,2702.0,0.0
6291588000,0.010267686999779351,97392.9181929182,2234.0,2277.0,2272.0,1283.0,4936.0,-4780.0,-14836.0,890.0,-331.0,-21.0,-526.0,-1269.0,-275.0,32456.0,5555968.0,2461.0,2686.0,0.0
6291844000,0.010267686999779351,97392.9181929182,2192.0,2276.0,2271.0,1283.0,4936.0,-4752.0,-14836.0,870.0,-320.0,-5.0,-526.0,-1269.0,-275.0,32456.0,5555968.0,2341.0,2702.0,0.0
6292100000,0.010267686999779351,97392.9181929182,2285.0,2275.0,2268.0,1283.0,4936.0,-4668.0,-14860.0,861.0,-331.0,-13.0,-524.0,-1262.0,-279.0,32456.0,5555712.0,2294.0,2703.0,0.0
6292356000,0.010267686999779351,97392.9181929182,2295.0,2274.0,2269.0,1282.0,4924.0,-4696.0,-14820.0,877.0,-327.0,-13.0,-536.0,-1266.0,-283.0,32456.0,5555712.0,2272.0,2703.0,0.0
6292612000,0.010267481044650379,97394.8717948718,2249.0,2272.0,2269.0,1284.0,4900.0,-4712.0,-14792.0,846.0,-318.0,-11.0,-539.0,-1262.0,-279.0,32456.0,5555712.0,2465.0,2686.0,0.0
6292868000,0.010267686999779351,97392.9181929182,2217.0,2273.0,2269.0,1285.0,4928.0,-4692.0,-14792.0,845.0,-330.0,-14.0,-525.0,-1264.0,-280.0,32456.0,5555712.0,2349.0,2703.0,0.0
6293124000,0.010267481044650379,97394.8717948718,2302.0,2273.0,2271.0,1285.0,4896.0,-4720.0,-14832.0,849.0,-364.0,-15.0,-525.0,-1264.0,-280.0,32456.0,5555456.0,2298.0,2703.0,0.0
6293380000,0.010267686999779351,97392.9181929182,2263.0,2271.0,2271.0,1286.0,4872.0,-4708.0,-14920.0,809.0,-365.0,-22.0,-533.0,-1268.0,-281.0,32456.0,5555456.0,2470.0,2684.0,0.0
6293636000,0.010267481044650379,97394.8717948718,2390.0,2272.0,2273.0,1282.0,4876.0,-4748.0,-14844.0,792.0,-355.0,-30.0,-534.0,-1264.0,-281.0,32456.0,5555712.0,2554.0,2685.0,0.0
6293892000,0.010267481044650379,97394.8717948718,2374.0,2271.0,2275.0,1285.0,4836.0,-4736.0,-14820.0,811.0,-345.0,-27.0,-535.0,-1261.0,-277.0,32456.0,5555712.0,2391.0,2703.0,0.0
6294148000,0.010267481044650379,97394.8717948718,2205.0,2270.0,2274.0,1285.0,4860.0,-4796.0,-14900.0,815.0,-360.0,-34.0,-537.0,-1263.0,-281.0,32456.0,5555712.0,2310.0,2702.0,0.0
6294404000,0.010267686999779351,97392.9181929182,2257.0,2271.0,2275.0,1286.0,4848.0,-4768.0,-14912.0,826.0,-336.0,-27.0,-537.0,-1263.0,-281.0,32456.0,5555712.0,2273.0,2702.0,0.0
6294660000,0.010267686999779351,97392.9181929182,2229.0,2269.0,2275.0,1286.0,4836.0,-4800.0,-14824.0,849.0,-329.0,-29.0,-542.0,-1260.0,-277.0,32456.0,5555456.0,2465.0,2686.0,0.0
6294916000,0.010267686999779351,97392.9181929182,2208.0,2269.0,2274.0,1285.0,4848.0,-4800.0,-14856.0,841.0,-319.0,-20.0,-534.0,-1269.0,-281.0,32456.0,5555456.0,2350.0,2703.0,0.0
6295172000,0.010267686999779351,97392.9181929182,2298.0,2270.0,2273.0,1283.0,4840.0,-4772.0,-14832.0,821.0,-326.0,-17.0,-541.0,-1268.0,-286.0,32456.0,5555712.0,2298.0,2703.0,0.0
6295428000,0.010267481044650379,97394.8717948718,2294.0,2272.0,2273.0,1283.0,4820.0,-4756.0,-14864.0,827.0,-323.0,-42.0,-526.0,-1266.0,-284.0,32456.0,5555712.0,2268.0,2702.0,0.0
6295684000,0.010267686999779351,97392.9181929182,2242.0,2271.0,2272.0,1287.0,4820.0,-4768.0,-14888.0,840.0,-317.0,-22.0,-526.0,-1266.0,-284.0,32456.0,5555968.0,2462.0,2685.0,0.0
6295940000,0.010267686999779351,97392.9181929182,2209.0,2273.0,2272.0,1285.0,4852.0,-4736.0,-14780.0,864.0,-321.0,-15.0,-527.0,-1269.0,-278.0,32456.0,5555968.0,2348.0,2703.0,0.0
6296196000,0.010267686999779351,97392.9181929182,2299.0,2274.0,2268.0,1286.0,4892.0,-4700.0,-14808.0,840.0,-318.0,-59.0,-528.0,-1269.0,-275.0,32456.0,5556224.0,2297.0,2703.0,0.0
6296452000,0.010267481044650379,97394.8717948718,2307.0,2274.0,2269.0,1282.0,4876.0,-4716.0,-14884.0,835.0,-336.0,-45.0,-534.0,-1265.0,-280.0,32456.0,5556224.0,2274.0,2703.0,0.0
6296708000,0.010267686999779351,97392.9181929182,2254.0,2275.0,2270.0,1285.0,4940.0,-4724.0,-14856.0,820.0,-339.0,-23.0,-531.0,-1263.0,-281.0,32456.0,5555712.0,2465.0,2686.0,0.0
6296964000,0.010267686999779351,97392.9181929182,2222.0,2277.0,2272.0,1283.0,4940.0,-4736.0,-14872.0,805.0,-347.0,-54.0,-531.0,-1263.0,-281.0,32456.0,5555712.0,2350.0,2703.0,0.0
6297220000,0.010267686999779351,97392.9181929182,2307.0,2274.0,2272.0,1286.0,4928.0,-4704.0,-14828.0,804.0,-340.0,-20.0,-529.0,-1269.0,-276.0,32456.0,5555712.0,2298.0,2703.0,0.0
6297476000,0.010267481044650379,97394.8717948718,2273.0,2275.0,2273.0,1284.0,4928.0,-4784.0,-14816.0,816.0,-310.0,-19.0,-533.0,-1268.0,-275.0,32456.0,5555712.0,2476.0,2685.0,0.0
6297732000,0.010267686999779351,97392.9181929182,2402.0,2276.0,2273.0,1285.0,4908.0,-4784.0,-14880.0,826.0,-314.0,1.0,-535.0,-1271.0,-283.0,32456.0,5555968.0,2558.0,2686.0,0.0
6297988000,0.010267686999779351,97392.9181929182,2367.0,2275.0,2275.0,1286.0,4896.0,-4740.0,-14876.0,829.0,-307.0,1.0,-535.0,-1271.0,-283.0,32456.0,5555968.0,2386.0,2702.0,0.0
6298244000,0.010267686999779351,97392.9181929182,2212.0,2274.0,2276.0,1285.0,4904.0,-4748.0,-14840.0,851.0,-306.0,-15.0,-531.0,-1267.0,-283.0,32456.0,5555712.0,2314.0,2703.0,0.0
6298500000,0.010267481044650379,97394.8717948718,2276.0,2274.0,2274.0,1286.0,4860.0,-4764.0,-14820.0,860.0,-328.0,-3.0,-533.0,-1265.0,-277.0,32456.0,5555712.0,2282.0,2703.0,0.0
6298756000,0.010267481044650379,97394.8717948718,2241.0,2271.0,2275.0,1288.0,4872.0,-4796.0,-14796.0,886.0,-320.0,1.0,-534.0,-1262.0,-278.0,32456.0,5555712.0,2468.0,2686.0,0.0
6299012000,0.010267686999779351,97392.9181929182,2220.0,2270.0,2271.0,1289.0,4856.0,-4756.0,-14820.0,864.0,-351.0,-22.0,-524.0,-1260.0,-276.0,32456.0,5555712.0,2351.0,2702.0,0.0
6299268000,0.010267686999779351,97392.9181929182,2263.0,2273.0,2272.0,1288.0,4864.0,-4768.0,-14816.0,849.0,-345.0,-28.0,-524.0,-1260.0,-276.0,32456.0,5555456.0,2494.0,2684.0,0.0
6299524000,0.010267686999779351,97392.9181929182,2237.0,2272.0,2272.0,1286.0,4856.0,-4736.0,-14784.0,818.0,-353.0,-23.0,-524.0,-1261.0,-279.0,32456.0,5555456.0,2356.0,2702.0,0.0
6299780000,0.010267481044650379,97394.8717948718,2290.0,2271.0,2271.0,1285.0,4856.0,-4676.0,-14840.0,836.0,-345.0,-19.0,-523.0,-1262.0,-275.0,32456.0,5555712.0,2504.0,2686.0,0.0
6300036000,0.010267686999779351,97392.9181929182,2263.0,2273.0,2271.0,1283.0,4864.0,-4724.0,-14868.0,825.0,-338.0,-9.0,-531.0,-1267.0,-283.0,32456.0,5555712.0,2361.0,2702.0,0.0
6300292000,0.010267686999779351,97392.9181929182,2326.0,2274.0,2271.0,1285.0,4860.0,-4708.0,-14848.0,812.0,-333.0,-9.0,-526.0,-1264.0,-278.0,32456.0,5555456.0,2297.0,2702.0,0.0
6300548000,0.010267686999779351,97392.9181929182,2315.0,2274.0,2273.0,1283.0,4864.0,-4720.0,-14840.0,827.0,-349.0,-30.0,-526.0,-1264.0,-278.0,32456.0,5555456.0,2267.0,2702.0,0.0
6300804000,0.010267481044650379,97394.8717948718,2254.0,2274.0,2272.0,1284.0,4908.0,-4736.0,-14888.0,817.0,-346.0,-38.0,-532.0,-1266.0,-279.0,32456.0,5555968.0,2462.0,2686.0,0.0
6301060000,0.010267686999779351,97392.9181929182,2221.0,2274.0,2274.0,1283.0,4880.0,-4752.0,-14860.0,817.0,-346.0,-38.0,-533.0,-1268.0,-283.0,32456.0,5555968.0,2349.0,2703.0,0.0
6301316000,0.010267686999779351,97392.9181929182,2304.0,2274.0,2273.0,1284.0,4908.0,-4732.0,-14868.0,879.0,-340.0,-22.0,-532.0,-1265.0,-276.0,32456.0,5555712.0,2297.0,2703.0,0.0
6301572000,0.010267481044650379,97394.8717948718,2302.0,2274.0,2273.0,1284.0,4876.0,-4696.0,-14804.0,879.0,-337.0,-31.0,-542.0,-1266.0,-279.0,32456.0,5555712.0,2267.0,2702.0,0.0
6301828000,0.010267481044650379,97394.8717948718,2247.0,2275.0,2271.0,1286.0,4884.0,-4700.0,-14836.0,892.0,-355.0,-26.0,-542.0,-1266.0,-279.0,32456.0,5555712.0,2462.0,2686.0,0.0
6302084000,0.010267481044650379,97394.8717948718,2212.0,2274.0,2270.0,1285.0,4840.0,-4716.0,-14864.0,868.0,-329.0,-11.0,-533.0,-1269.0,-285.0,32456.0,5555712.0,2348.0,2703.0,0.0
6302340000,0.010267686999779351,97392.9181929182,2300.0,2272.0,2270.0,1286.0,4864.0,-4728.0,-14848.0,845.0,-360.0,-8.0,-533.0,-1262.0,-283.0,32456.0,5555456.0,2297.0,2703.0,0.0
6302596000,0.010267481044650379,97394.8717948718,2296.0,2273.0,2272.0,1284.0,4888.0,-4724.0,-14820.0,826.0,-350.0,-37.0,-546.0,-1265.0,-276.0,32456.0,5555456.0,2268.0,2702.0,0.0
6302852000,0.010267481044650379,97394.8717948718,2241.0,2273.0,2272.0,1284.0,4868.0,-4768.0,-14856.0,798.0,-326.0,-36.0,-546.0,-1265.0,-276.0,32456.0,5555712.0,2462.0,2686.0,0.0
6303108000,0.010267481044650379,97394.8717948718,2198.0,2272.0,2274.0,1286.0,4868.0,-4776.0,-14868.0,804.0,-351.0,-37.0,-529.0,-1266.0,-282.0,32456.0,5555712.0,2341.0,2702.0,0.0
6303364000,0.010267481044650379,97394.8717948718,2287.0,2274.0,2275.0,1284.0,4872.0,-4776.0,-14824.0,834.0,-311.0,-40.0,-530.0,-1258.0,-279.0,32456.0,5555200.0,2294.0,2703.0,0.0
6303620000,0.010267686999779351,97392.9181929182,2289.0,2273.0,2276.0,1288.0,4880.0,-4776.0,-14828.0,824.0,-315.0,-39.0,-526.0,-1266.0,-282.0,32456.0,5555200.0,2266.0,2702.0,0.0
6303876000,0.010267481044650379,97394.8717948718,2237.0,2274.0,2273.0,1287.0,4908.0,-4768.0,-14812.0,857.0,-321.0,-36.0,-525.0,-1267.0,-283.0,32456.0,5555456.0,2461.0,2685.0,0.0
6304132000,0.010267481044650379,97394.8717948718,2193.0,2273.0,2272.0,1288.0,4880.0,-4716.0,-14836.0,874.0,-330.0,-23.0,-525.0,-1267.0,-283.0,32456.0,5555456.0,2341.0,2702.0,0.0
6304388000,0.010267481044650379,97394.8717948718,2286.0,2275.0,2272.0,1288.0,4876.0,-4712.0,-14860.0,848.0,-338.0,-27.0,-533.0,-1267.0,-281.0,32456.0,5555456.0,2294.0,2703.0,0.0
6304644000,0.010267686999779351,97392.9181929182,2300.0,2276.0,2272.0,1286.0,4876.0,-4716.0,-14812.0,855.0,-341.0,-23.0,-538.0,-1270.0,-283.0,32456.0,5555456.0,2273.0,2703.0,0.0
6304900000,0.010267686999779351,97392.9181929182,2252.0,2275.0,2270.0,1286.0,4868.0,-4728.0,-14832.0,851.0,-341.0,-19.0,-532.0,-1260.0,-275.0,32456.0,5555712.0,2465.0,2686.0,0.0
6305156000,0.010267481044650379,97394.8717948718,2208.0,2273.0,2272.0,1284.0,4844.0,-4684.0,-14844.0,836.0,-354.0,-11.0,-538.0,-1267.0,-276.0,32456.0,5555712.0,2343.0,2702.0,0.0
6305412000,0.010267481044650379,97394.8717948718,2280.0,2274.0,2271.0,1284.0,4884.0,-4752.0,-14888.0,850.0,-345.0,-20.0,-538.0,-1267.0,-276.0,32456.0,5556224.0,2288.0,2702.0,0.0
6305668000,0.010267686999779351,97392.9181929182,2285.0,2272.0,2272.0,1284.0,4856.0,-4776.0,-14884.0,812.0,-343.0,-21.0,-534.0,-1264.0,-280.0,32456.0,5556224.0,2263.0,2702.0,0.0
6305924000,0.010267686999779351,97392.9181929182,2191.0,2273.0,2272.0,1284.0,4872.0,-4760.0,-14844.0,815.0,-340.0,-10.0,-534.0,-1269.0,-281.0,32456.0,5556224.0,2214.0,2688.0,0.0
6306180000,0.010267686999779351,97392.9181929182,2182.0,2272.0,2272.0,1283.0,4880.0,-4768.0,-14884.0,838.0,-340.0,-26.0,-527.0,-1260.0,-281.0,32456.0,5556224.0,2236.0,2703.0,0.0
6306436000,0.010267481044650379,97394.8717948718,2187.0,2272.0,2272.0,1281.0,4852.0,-4768.0,-14892.0,819.0,-339.0,-18.0,-522.0,-1264.0,-279.0,32456.0,5555712.0,2239.0,2702.0,0.0
6306692000,0.010267686999779351,97392.9181929182,2193.0,2273.0,2272.0,1282.0,4852.0,-4756.0,-14932.0,805.0,-313.0,-32.0,-522.0,-1264.0,-279.0,32456.0,5555712.0,2241.0,2702.0,0.0
6306948000,0.010267686999779351,97392.9181929182,2124.0,2271.0,2274.0,1282.0,4856.0,-4808.0,-14848.0,810.0,-325.0,-14.0,-536.0,-1264.0,-278.0,32456.0,5555712.0,2203.0,2688.0,0.0
6307204000,0.010267686999779351,97392.9181929182,2141.0,2270.0,2274.0,1286.0,4800.0,-4784.0,-14796.0,834.0,-304.0,-25.0,-526.0,-1261.0,-270.0,32456.0,5555712.0,2231.0,2703.0,0.0
6307460000,0.010267481044650379,97394.8717948718,2160.0,2272.0,2272.0,1288.0,4864.0,-4732.0,-14780.0,858.0,-323.0,-1.0,-531.0,-1262.0,-279.0,32456.0,5555712.0,2237.0,2702.0,0.0
6307716000,0.010267481044650379,97394.8717948718,2170.0,2273.0,2272.0,1284.0,4892.0,-4712.0,-14816.0,876.0,-334.0,-1.0,-531.0,-1262.0,-279.0,32456.0,5555712.0,2238.0,2701.0,0.0
6307972000,0.010267686999779351,97392.9181929182,2144.0,2274.0,2270.0,1286.0,4892.0,-4700.0,-14816.0,868.0,-334.0,-13.0,-530.0,-1260.0,-281.0,32456.0,5555200.0,2448.0,2685.0,0.0
6308228000,0.010267481044650379,97394.8717948718,2146.0,2276.0,2269.0,1289.0,4916.0,-4704.0,-14744.0,838.0,-340.0,-19.0,-535.0,-1263.0,-279.0,32456.0,5555200.0,2342.0,2703.0,0.0
6308484000,0.010267686999779351,97392.9181929182,2246.0,2275.0,2269.0,1285.0,4908.0,-4724.0,-14852.0,828.0,-356.0,-45.0,-531.0,-1259.0,-277.0,32456.0,5555456.0,2288.0,2702.0,0.0
6308740000,0.010267686999779351,97392.9181929182,2265.0,2275.0,2271.0,1281.0,4896.0,-4680.0,-14912.0,845.0,-366.0,-27.0,-543.0,-1263.0,-280.0,32456.0,5555456.0,2263.0,2702.0,0.0
6308996000,0.010267686999779351,97392.9181929182,2221.0,2275.0,2270.0,1282.0,4928.0,-4680.0,-14948.0,811.0,-345.0,-35.0,-543.0,-1263.0,-280.0,32456.0,5555712.0,2459.0,2685.0,0.0
6309252000,0.010267481044650379,97394.8717948718,2202.0,2274.0,2273.0,1282.0,4936.0,-4768.0,-14932.0,776.0,-308.0,-36.0,-534.0,-1264.0,-279.0,32456.0,5555712.0,2347.0,2703.0,0.0
6309508000,0.010267481044650379,97394.8717948718,2295.0,2273.0,2275.0,1285.0,4872.0,-4784.0,-14876.0,794.0,-303.0,-16.0,-536.0,-1266.0,-280.0,32456.0,5555712.0,2297.0,2703.0,0.0
6309764000,0.010267481044650379,97394.8717948718,2298.0,2274.0,2274.0,1285.0,4892.0,-4804.0,-14836.0,820.0,-294.0,9.0,-531.0,-1264.0,-274.0,32456.0,5555712.0,2267.0,2702.0,0.0
6310020000,0.010267686999779351,97392.9181929182,2198.0,2274.0,2275.0,1285.0,4908.0,-4808.0,-14824.0,853.0,-307.0,-27.0,-533.0,-1260.0,-282.0,32456.0,5555456.0,2216.0,2688.0,0.0
6310276000,0.010267686999779351,97392.9181929182,2177.0,2272.0,2277.0,1288.0,4880.0,-4804.0,-14836.0,877.0,-317.0,-15.0,-533.0,-1260.0,-282.0,32456.0,5555456.0,2230.0,2702.0,0.0
6310532000,0.010267686999779351,97392.9181929182,2194.0,2271.0,2275.0,1286.0,4872.0,-4824.0,-14800.0,917.0,-317.0,-37.0,-530.0,-1255.0,-278.0,32456.0,5555712.0,2243.0,2703.0,0.0
6310788000,0.010267686999779351,97392.9181929182,2203.0,2272.0,2272.0,1285.0,4856.0,-4740.0,-14800.0,903.0,-311.0,-44.0,-530.0,-1262.0,-279.0,32456.0,5555712.0,2243.0,2702.0,0.0
6311044000,0.010267686999779351,97392.9181929182,2144.0,2271.0,2271.0,1285.0,4868.0,-4664.0,-14828.0,897.0,-350.0,-39.0,-527.0,-1265.0,-276.0,32456.0,5555712.0,2211.0,2689.0,0.0
6311300000,0.010267686999779351,97392.9181929182,2139.0,2272.0,2268.0,1285.0,4884.0,-4704.0,-14808.0,895.0,-339.0,-36.0,-530.0,-1267.0,-276.0,32456.0,5555712.0,2228.0,2702.0,0.0
6311556000,0.010267686999779351,97392.9181929182,2155.0,2273.0,2268.0,1286.0,4840.0,-4672.0,-14856.0,847.0,-330.0,-38.0,-530.0,-1267.0,-276.0,32456.0,5555712.0,2236.0,2702.0,0.0
6311812000,0.010267481044650379,97394.8717948718,2159.0,2271.0,2270.0,1284.0,4872.0,-4700.0,-14816.0,854.0,-339.0,-38.0,-527.0,-1269.0,-283.0,32456.0,5555712.0,2231.0,2700.0,0.0
6312068000,0.010267686999779351,97392.9181929182,2135.0,2273.0,2271.0,1285.0,4884.0,-4708.0,-14832.0,835.0,-319.0,-37.0,-538.0,-1269.0,-272.0,32456.0,5556224.0,2445.0,2686.0,0.0
6312324000,0.010267686999779351,97392.9181929182,2124.0,2273.0,2273.0,1286.0,4896.0,-4740.0,-14860.0,842.0,-327.0,-39.0,-533.0,-1263.0,-282.0,32456.0,5556224.0,2334.0,2702.0,0.0
6312580000,0.010267686999779351,97392.9181929182,2226.0,2273.0,2273.0,1287.0,4864.0,-4780.0,-14844.0,842.0,-306.0,-26.0,-533.0,-1263.0,-282.0,32456.0,5555712.0,2284.0,2702.0,0.0
6312836000,0.010267686999779351,97392.9181929182,2244.0,2272.0,2273.0,1285.0,4896.0,-4796.0,-14792.0,869.0,-353.0,-39.0,-533.0,-1268.0,-279.0,32456.0,5555712.0,2260.0,2701.0,0.0
6313092000,0.010267686999779351,97392.9181929182,2206.0,2273.0,2275.0,1286.0,4904.0,-4804.0,-14824.0,853.0,-338.0,-27.0,-535.0,-1264.0,-277.0,32456.0,5555712.0,2458.0,2685.0,0.0
6313348000,0.010267686999779351,97392.9181929182,2173.0,2272.0,2274.0,1284.0,4896.0,-4808.0,-14840.0,861.0,-318.0,-21.0,-533.0,-1264.0,-282.0,32456.0,5555712.0,2340.0,2702.0,0.0
6313604000,0.010267686999779351,97392.9181929182,2265.0,2274.0,2272.0,1284.0,4920.0,-4744.0,-14880.0,868.0,-364.0,-25.0,-526.0,-1263.0,-281.0,32456.0,5555456.0,2287.0,2702.0,0.0
6313860000,0.010267686999779351,97392.9181929182,2268.0,2273.0,2272.0,1283.0,4936.0,-4752.0,-14840.0,838.0,-345.0,-38.0,-526.0,-1263.0,-281.0,32456.0,5555456.0,2262.0,2702.0,0.0
6314116000,0.010267686999779351,97392.9181929182,2222.0,2274.0,2272.0,1282.0,4936.0,-4716.0,-14812.0,856.0,-337.0,-13.0,-531.0,-1260.0,-280.0,32456.0,5555200.0,2460.0,2686.0,0.0
6314372000,0.010267686999779351,97392.9181929182,2186.0,2274.0,2271.0,1286.0,4932.0,-4712.0,-14800.0,858.0,-311.0,-30.0,-527.0,-1268.0,-281.0,32456.0,5555200.0,2341.0,2702.0,0.0
6314628000,0.010267686999779351,97392.9181929182,2273.0,2276.0,2271.0,1284.0,4948.0,-4740.0,-14852.0,875.0,-343.0,-27.0,-531.0,-1262.0,-284.0,32456.0,5555968.0,2287.0,2702.0,0.0
6314884000,0.010267686999779351,97392.9181929182,2273.0,2275.0,2270.0,1286.0,4968.0,-4696.0,-14796.0,870.0,-328.0,-31.0,-523.0,-1264.0,-277.0,32456.0,5555968.0,2262.0,2701.0,0.0
6315140000,0.010267686999779351,97392.9181929182,2227.0,2275.0,2270.0,1288.0,4980.0,-4724.0,-14800.0,872.0,-332.0,-15.0,-523.0,-1264.0,-277.0,32456.0,5555200.0,2459.0,2685.0,0.0
6315396000,0.010267481044650379,97394.8717948718,2205.0,2276.0,2269.0,1286.0,4924.0,-4692.0,-14812.0,852.0,-321.0,-17.0,-526.0,-1272.0,-276.0,32456.0,5555200.0,2347.0,2703.0,0.0
6315652000,0.010267686999779351,97392.9181929182,2291.0,2275.0,2271.0,1286.0,4964.0,-4740.0,-14812.0,836.0,-326.0,-6.0,-528.0,-1262.0,-282.0,32456.0,5555712.0,2296.0,2703.0,0.0
6315908000,0.010267686999779351,97392.9181929182,2303.0,2274.0,2270.0,1284.0,4932.0,-4704.0,-14828.0,836.0,-325.0,-12.0,-535.0,-1263.0,-278.0,32456.0,5555712.0,2273.0,2703.0,0.0
6316164000,0.010267686999779351,97392.9181929182,2229.0,2273.0,2271.0,1283.0,4920.0,-4728.0,-14836.0,834.0,-347.0,-30.0,-537.0,-1262.0,-281.0,32456.0,5555456.0,2227.0,2690.0,0.0
6316420000,0.010267686999779351,97392.9181929182,2217.0,2274.0,2272.0,1284.0,4872.0,-4744.0,-14832.0,828.0,-358.0,-12.0,-537.0,-1262.0,-281.0,32456.0,5555456.0,2242.0,2703.0,0.0
6316676000,0.010267686999779351,97392.9181929182,2219.0,2272.0,2271.0,1283.0,4880.0,-4732.0,-14892.0,836.0,-351.0,-28.0,-534.0,-1263.0,-280.0,32456.0,5555200.0,2248.0,2703.0,0.0
6316932000,0.010267686999779351,97392.9181929182,2230.0,2273.0,2272.0,1283.0,4908.0,-4696.0,-14880.0,832.0,-360.0,-30.0,-533.0,-1266.0,-278.0,32456.0,5555200.0,2251.0,2703.0,0.0
6317188000,0.010267686999779351,97392.9181929182,2196.0,2271.0,2271.0,1285.0,4880.0,-4712.0,-14876.0,851.0,-327.0,-5.0,-537.0,-1265.0,-277.0,32456.0,5555712.0,2455.0,2686.0,0.0
6317444000,0.010267686999779351,97392.9181929182,2165.0,2272.0,2271.0,1283.0,4892.0,-4688.0,-14864.0,836.0,-328.0,-8.0,-537.0,-1265.0,-277.0,32456.0,5555712.0,2338.0,2702.0,0.0
6317700000,0.010267481044650379,97394.8717948718,2269.0,2272.0,2271.0,1284.0,4900.0,-4704.0,-14844.0,828.0,-334.0,-19.0,-549.0,-1263.0,-279.0,32456.0,5555712.0,2293.0,2703.0,0.0
6317956000,0.010267481044650379,97394.8717948718,2278.0,2272.0,2272.0,1284.0,4876.0,-4700.0,-14832.0,815.0,-331.0,-26.0,-526.0,-1268.0,-279.0,32456.0,5555712.0,2265.0,2702.0,0.0
6318212000,0.010267481044650379,97394.8717948718,2210.0,2272.0,2271.0,1286.0,4872.0,-4772.0,-14840.0,815.0,-331.0,-26.0,-528.0,-1261.0,-277.0,32456.0,5555968.0,2225.0,2692.0,0.0
6318468000,0.010267686999779351,97392.9181929182,2190.0,2271.0,2273.0,1287.0,4860.0,-4772.0,-14840.0,800.0,-324.0,-6.0,-545.0,-1258.0,-287.0,32456.0,5555968.0,2234.0,2702.0,0.0
6318724000,0.010267686999779351,97392.9181929182,2186.0,2272.0,2273.0,1286.0,4880.0,-4780.0,-14848.0,832.0,-329.0,-16.0,-545.0,-1258.0,-287.0,32456.0,5555456.0,2238.0,2702.0,0.0
6318980000,0.010267686999779351,97392.9181929182,2189.0,2272.0,2272.0,1286.0,4892.0,-4764.0,-14852.0,849.0,-319.0,-7.0,-528.0,-1269.0,-280.0,32456.0,5555456.0,2240.0,2702.0,0.0
6319236000,0.010267481044650379,97394.8717948718,2139.0,2275.0,2272.0,1286.0,4896.0,-4740.0,-14828.0,856.0,-329.0,-36.0,-533.0,-1263.0,-282.0,32456.0,5555456.0,2214.0,2692.0,0.0
6319492000,0.010267481044650379,97394.8717948718,2157.0,2275.0,2271.0,1283.0,4896.0,-4752.0,-14824.0,820.0,-331.0,-29.0,-525.0,-1262.0,-280.0,32456.0,5555456.0,2235.0,2703.0,0.0
6319748000,0.010267686999779351,97392.9181929182,2134.0,2273.0,2273.0,1284.0,4860.0,-4744.0,-14868.0,833.0,-323.0,-36.0,-538.0,-1266.0,-280.0,32456.0,5555712.0,2446.0,2683.0,0.0
6320004000,0.010267686999779351,97392.9181929182,2124.0,2273.0,2271.0,1285.0,4908.0,-4748.0,-14812.0,834.0,-307.0,-41.0,-538.0,-1266.0,-280.0,32456.0,5555712.0,2334.0,2702.0,0.0
6320260000,0.010267686999779351,97392.9181929182,2213.0,2273.0,2270.0,1287.0,4944.0,-4712.0,-14860.0,832.0,-334.0,-4.0,-536.0,-1261.0,-285.0,32456.0,5555968.0,2493.0,2686.0,0.0
6320516000,0.010267481044650379,97394.8717948718,2227.0,2273.0,2272.0,1286.0,4936.0,-4712.0,-14844.0,795.0,-336.0,-35.0,-534.0,-1264.0,-281.0,32456.0,5555968.0,2363.0,2703.0,0.0
6320772000,0.010267686999779351,97392.9181929182,2320.0,2275.0,2272.0,1284.0,4936.0,-4716.0,-14844.0,794.0,-314.0,-54.0,-538.0,-1272.0,-280.0,32456.0,5555968.0,2303.0,2703.0,0.0
6321028000,0.010267686999779351,97392.9181929182,2311.0,2275.0,2272.0,1284.0,4936.0,-4756.0,-14852.0,772.0,-323.0,-19.0,-535.0,-1263.0,-284.0,32456.0,5555968.0,2270.0,2702.0,0.0
6321284000,0.010267686999779351,97392.9181929182,2236.0,2275.0,2273.0,1286.0,4940.0,-4772.0,-14856.0,786.0,-325.0,-20.0,-535.0,-1263.0,-284.0,32456.0,5555456.0,2227.0,2692.0,0.0
6321540000,0.010267481044650379,97394.8717948718,2221.0,2274.0,2271.0,1284.0,4932.0,-4748.0,-14832.0,823.0,-327.0,10.0,-525.0,-1269.0,-274.0,32456.0,5555456.0,2242.0,2703.0,0.0
6321796000,0.010267481044650379,97394.8717948718,2220.0,2275.0,2272.0,1284.0,4964.0,-4748.0,-14848.0,839.0,-330.0,5.0,-531.0,-1263.0,-281.0,32456.0,5555456.0,2248.0,2703.0,0.0
6322052000,0.010267686999779351,97392.9181929182,2217.0,2274.0,2271.0,1284.0,4920.0,-4724.0,-14796.0,830.0,-328.0,1.0,-545.0,-1261.0,-280.0,32456.0,5555456.0,2245.0,2702.0,0.0
6322308000,0.010267686999779351,97392.9181929182,2180.0,2274.0,2271.0,1287.0,4920.0,-4756.0,-14836.0,807.0,-328.0,-6.0,-545.0,-1261.0,-280.0,32456.0,5554944.0,2451.0,2685.0,0.0
6322564000,0.010267686999779351,97392.9181929182,2172.0,2273.0,2272.0,1286.0,4928.0,-4756.0,-14832.0,802.0,-332.0,-23.0,-531.0,-1262.0,-280.0,32456.0,5554944.0,2343.0,2703.0,0.0
6322820000,0.010267481044650379,97394.8717948718,2278.0,2273.0,2272.0,1286.0,4876.0,-4760.0,-14788.0,780.0,-336.0,-25.0,-528.0,-1261.0,-284.0,32456.0,5555712.0,2295.0,2703.0,0.0
6323076000,0.010267481044650379,97394.8717948718,2284.0,2272.0,2273.0,1285.0,4884.0,-4784.0,-14804.0,757.0,-312.0,-28.0,-525.0,-1264.0,-273.0,32456.0,5555712.0,2266.0,2702.0,0.0
6323332000,0.010267686999779351,97392.9181929182,2213.0,2273.0,2274.0,1285.0,4912.0,-4764.0,-14788.0,786.0,-340.0,-34.0,-531.0,-1266.0,-278.0,32456.0,5555712.0,2225.0,2692.0,0.0
6323588000,0.010267686999779351,97392.9181929182,2196.0,2275.0,2273.0,1287.0,4952.0,-4784.0,-14832.0,814.0,-325.0,-51.0,-531.0,-1266.0,-278.0,32456.0,5555712.0,2235.0,2702.0,0.0
6323844000,0.010267686999779351,97392.9181929182,2206.0,2275.0,2273.0,1287.0,4920.0,-4740.0,-14832.0,840.0,-338.0,-38.0,-538.0,-1262.0,-282.0,32456.0,5555456.0,2245.0,2703.0,0.0
6324100000,0.010267686999779351,97392.9181929182,2209.0,2275.0,2271.0,1287.0,4896.0,-4728.0,-14776.0,844.0,-350.0,-40.0,-535.0,-1268.0,-284.0,32456.0,5555456.0,2243.0,2702.0,0.0
6324356000,0.010267686999779351,97392.9181929182,2177.0,2274.0,2272.0,1287.0,4896.0,-4764.0,-14808.0,845.0,-332.0,-28.0,-535.0,-1270.0,-284.0,32456.0,5555968.0,2451.0,2685.0,0.0
6324612000,0.010267481044650379,97394.8717948718,2148.0,2272.0,2271.0,1287.0,4904.0,-4764.0,-14888.0,824.0,-336.0,-26.0,-536.0,-1264.0,-279.0,32456.0,5555968.0,2336.0,2702.0,0.0
