Shimmer_A5E0_Timestamp_Unix_CAL,Shimmer_A5E0_GSR_Skin_Conductance_CAL_uS,Shimmer_A5E0_GSR_Skin_Resistance_CAL_kOhm,Shimmer_A5E0_PPG_A13_CAL_mV,Shimmer_A5E0_Accel_LN_X_CAL_m/s^2,Shimmer_A5E0_Accel_LN_Y_CAL_m/s^2,Shimmer_A5E0_Accel_LN_Z_CAL_m/s^2,Shimmer_A5E0_Accel_WR_X_CAL_m/s^2,Shimmer_A5E0_Accel_WR_Y_CAL_m/s^2,Shimmer_A5E0_Accel_WR_Z_CAL_m/s^2,Shimmer_A5E0_Gyro_X_CAL_deg/s,Shimmer_A5E0_Gyro_Y_CAL_deg/s,Shimmer_A5E0_Gyro_Z_CAL_deg/s,Shimmer_A5E0_Mag_X_CAL_local,Shimmer_A5E0_Mag_Y_CAL_local,Shimmer_A5E0_Mag_Z_CAL_local,Shimmer_A5E0_Temperature_BMP280_CAL_Celcius,Shimmer_A5E0_Pressure_BMP280_CAL_Pa,Shimmer_A5E0_Ext_Exp_A7_CAL_mV,Shimmer_A5E0_VSenseBatt_CAL_mV,Shimmer_A5E0_PPGtoHR_CAL_BPM
10101378000,0.7494509516837482,1334.3101343101343,2292.0,2096.0,2348.0,1221.0,1164.0,-6032.0,-15924.0,4598.0,65.0,4854.0,-484.0,-1313.0,-417.0,32768.0,5626368.0,2269.0,2707.0,0.0
10101634000,0.7494509516837482,1334.3101343101343,2299.0,2142.0,2345.0,1242.0,2408.0,-6152.0,-15572.0,2938.0,1479.0,4690.0,-484.0,-1313.0,-417.0,32768.0,5626368.0,2272.0,2707.0,0.0
10101890000,0.7494509516837482,1334.3101343101343,2276.0,2169.0,2328.0,1270.0,2724.0,-5880.0,-15320.0,1893.0,2360.0,4265.0,-484.0,-1308.0,-418.0,32768.0,5626624.0,2256.0,2702.0,0.0
10102146000,0.7494509516837482,1334.3101343101343,2270.0,2203.0,2311.0,1272.0,3516.0,-5468.0,-15500.0,1897.0,2116.0,3883.0,-485.0,-1317.0,-419.0,32768.0,5626624.0,2260.0,2708.0,0.0
10102402000,0.7494509516837482,1334.3101343101343,2273.0,2210.0,2276.0,1290.0,3740.0,-4440.0,-14888.0,2326.0,1199.0,3997.0,-490.0,-1315.0,-414.0,32768.0,5626880.0,2262.0,2708.0,0.0
10102658000,0.7494509516837482,1334.3101343101343,2278.0,2208.0,2303.0,1289.0,3664.0,-4840.0,-14864.0,2167.0,547.0,4311.0,-490.0,-1315.0,-414.0,32768.0,5626880.0,2263.0,2708.0,0.0
10102914000,0.7494509516837482,1334.3101343101343,2259.0,2205.0,2353.0,1272.0,3620.0,-6460.0,-15188.0,1736.0,168.0,4408.0,-481.0,-1312.0,-416.0,32768.0,5626880.0,2252.0,2702.0,0.0
10103170000,0.7494509516837482,1334.3101343101343,2273.0,2178.0,2340.0,1247.0,3160.0,-6300.0,-15448.0,983.0,283.0,3908.0,-488.0,-1313.0,-418.0,32768.0,5626880.0,2263.0,2707.0,0.0
10103426000,0.02998857578065499,33346.031746031746,2274.0,2164.0,2320.0,1259.0,2752.0,-5760.0,-15384.0,632.0,730.0,2862.0,-491.0,-1318.0,-415.0,32768.0,5626624.0,2262.0,2706.0,0.0
10103682000,0.02998857578065499,33346.031746031746,2280.0,2172.0,2328.0,1283.0,2876.0,-5764.0,-15008.0,454.0,969.0,1949.0,-488.0,-1305.0,-416.0,32768.0,5626624.0,2263.0,2708.0,0.0
10103938000,0.02998857578065499,33346.031746031746,2258.0,2177.0,2330.0,1291.0,3116.0,-5860.0,-14968.0,441.0,875.0,1498.0,-488.0,-1305.0,-416.0,32768.0,5626624.0,2252.0,2702.0,0.0
10104194000,0.02998857578065499,33346.031746031746,2274.0,2180.0,2314.0,1290.0,3192.0,-5516.0,-14948.0,579.0,620.0,1198.0,-487.0,-1303.0,-416.0,32768.0,5626624.0,2265.0,2709.0,0.0
10104450000,0.02998857578065499,33346.031746031746,2294.0,2193.0,2320.0,1289.0,3352.0,-5548.0,-14772.0,591.0,441.0,806.0,-492.0,-1310.0,-419.0,32768.0,5626880.0,2271.0,2709.0,0.0
10104706000,0.02998857578065499,33346.031746031746,2305.0,2207.0,2332.0,1296.0,3676.0,-5864.0,-14648.0,491.0,475.0,529.0,-491.0,-1310.0,-419.0,32768.0,5626880.0,2274.0,2709.0,0.0
10104962000,0.02998857578065499,33346.031746031746,2291.0,2222.0,2328.0,1303.0,3860.0,-5728.0,-14596.0,630.0,603.0,376.0,-492.0,-1311.0,-422.0,32768.0,5626112.0,2264.0,2703.0,0.0
10105218000,0.02998857578065499,33346.031746031746,2290.0,2232.0,2328.0,1301.0,4148.0,-5668.0,-14664.0,810.0,514.0,379.0,-492.0,-1311.0,-422.0,32768.0,5626112.0,2263.0,2708.0,0.0
10105474000,0.02998857578065499,33346.031746031746,2299.0,2242.0,2342.0,1303.0,4288.0,-5868.0,-14652.0,1087.0,333.0,464.0,-490.0,-1312.0,-415.0,32768.0,5626368.0,2270.0,2709.0,0.0
10105730000,0.02998857578065499,33346.031746031746,2307.0,2230.0,2333.0,1297.0,4160.0,-5744.0,-14648.0,1206.0,178.0,722.0,-487.0,-1312.0,-418.0,32768.0,5626368.0,2273.0,2709.0,0.0
10105986000,0.02998857578065499,33346.031746031746,2298.0,2218.0,2321.0,1286.0,3904.0,-5640.0,-15060.0,1367.0,68.0,775.0,-493.0,-1308.0,-418.0,32768.0,5626880.0,2263.0,2703.0,0.0
10106242000,0.015298117154811717,65367.52136752136,2294.0,2210.0,2300.0,1272.0,3692.0,-4944.0,-15172.0,1364.0,-19.0,742.0,-493.0,-1308.0,-418.0,32768.0,5626880.0,2268.0,2707.0,0.0
10106498000,0.015298117154811717,65367.52136752136,2304.0,2199.0,2303.0,1266.0,3432.0,-5164.0,-15276.0,1236.0,-75.0,628.0,-494.0,-1313.0,-419.0,32768.0,5627136.0,2271.0,2707.0,0.0
10106754000,0.015298117154811717,65367.52136752136,2254.0,2183.0,2300.0,1272.0,3220.0,-5184.0,-15172.0,1232.0,-89.0,416.0,-494.0,-1308.0,-424.0,32768.0,5627136.0,2463.0,2685.0,0.0
10107010000,0.015298117154811717,65367.52136752136,2211.0,2174.0,2303.0,1278.0,2976.0,-5208.0,-15072.0,1229.0,-43.0,310.0,-490.0,-1312.0,-421.0,32768.0,5626880.0,2343.0,2702.0,0.0
10107266000,0.015298117154811717,65367.52136752136,2108.0,2175.0,2310.0,1277.0,3024.0,-5324.0,-15120.0,1241.0,-101.0,254.0,-487.0,-1318.0,-414.0,32768.0,5626880.0,2305.0,2707.0,0.0
10107522000,0.015298117154811717,65367.52136752136,2218.0,2175.0,2316.0,1277.0,3024.0,-5452.0,-15084.0,1092.0,-121.0,131.0,-487.0,-1318.0,-414.0,32768.0,5627136.0,2282.0,2708.0,0.0
10107778000,0.015298117154811717,65367.52136752136,2260.0,2181.0,2315.0,1276.0,3040.0,-5532.0,-15096.0,881.0,-8.0,38.0,-487.0,-1312.0,-421.0,32768.0,5627136.0,2272.0,2708.0,0.0
10108034000,0.015298117154811717,65367.52136752136,2260.0,2197.0,2319.0,1281.0,3436.0,-5520.0,-14948.0,748.0,108.0,-74.0,-490.0,-1313.0,-414.0,32768.0,5626880.0,2258.0,2704.0,0.0
10108290000,0.015298117154811717,65367.52136752136,2275.0,2211.0,2326.0,1281.0,3776.0,-5672.0,-14948.0,656.0,131.0,-109.0,-488.0,-1308.0,-416.0,32768.0,5626880.0,2268.0,2709.0,0.0
10108546000,0.015298117154811717,65367.52136752136,2261.0,2226.0,2323.0,1278.0,3960.0,-5572.0,-15064.0,627.0,139.0,-45.0,-480.0,-1313.0,-414.0,32768.0,5627392.0,2256.0,2704.0,0.0
10108802000,0.015298117154811717,65367.52136752136,2263.0,2235.0,2323.0,1267.0,4260.0,-5492.0,-15284.0,654.0,162.0,202.0,-480.0,-1313.0,-414.0,32768.0,5627392.0,2260.0,2708.0,0.0
10109058000,0.010265421947697738,97414.40781440781,2249.0,2213.0,2310.0,1278.0,3928.0,-5392.0,-15120.0,500.0,303.0,362.0,-485.0,-1309.0,-416.0,32768.0,5628160.0,2250.0,2702.0,0.0
10109314000,0.010265421947697738,97414.40781440781,2263.0,2191.0,2306.0,1287.0,3256.0,-5268.0,-14804.0,520.0,385.0,389.0,-488.0,-1313.0,-414.0,32768.0,5628160.0,2264.0,2709.0,0.0
10109570000,0.010265421947697738,97414.40781440781,2282.0,2184.0,2311.0,1283.0,3204.0,-5344.0,-14956.0,624.0,362.0,332.0,-488.0,-1311.0,-418.0,32768.0,5627392.0,2270.0,2709.0,0.0
10109826000,0.010265421947697738,97414.40781440781,2297.0,2181.0,2309.0,1283.0,3232.0,-5332.0,-14948.0,594.0,467.0,425.0,-488.0,-1311.0,-418.0,32768.0,5627392.0,2273.0,2709.0,0.0
10110082000,0.010265421947697738,97414.40781440781,2290.0,2173.0,2310.0,1291.0,3000.0,-5376.0,-14836.0,557.0,508.0,521.0,-488.0,-1305.0,-415.0,32768.0,5627136.0,2264.0,2703.0,0.0
10110338000,0.010265421947697738,97414.40781440781,2297.0,2174.0,2319.0,1296.0,2988.0,-5504.0,-14740.0,648.0,487.0,552.0,-490.0,-1312.0,-422.0,32768.0,5627136.0,2270.0,2709.0,0.0
10110594000,0.010265421947697738,97414.40781440781,2306.0,2185.0,2320.0,1292.0,3240.0,-5560.0,-14748.0,645.0,464.0,487.0,-500.0,-1315.0,-417.0,32768.0,5627904.0,2273.0,2709.0,0.0
10110850000,0.010265421947697738,97414.40781440781,2312.0,2189.0,2318.0,1288.0,3328.0,-5560.0,-14824.0,546.0,612.0,386.0,-496.0,-1309.0,-414.0,32768.0,5627904.0,2274.0,2709.0,0.0
10111106000,0.010265421947697738,97414.40781440781,2272.0,2200.0,2327.0,1276.0,3572.0,-5748.0,-15020.0,439.0,958.0,255.0,-496.0,-1309.0,-414.0,32768.0,5626880.0,2471.0,2687.0,0.0
10111362000,0.010265421947697738,97414.40781440781,2258.0,2225.0,2308.0,1237.0,3844.0,-5552.0,-15408.0,159.0,1499.0,216.0,-495.0,-1312.0,-411.0,32768.0,5626880.0,2364.0,2709.0,0.0
10111618000,0.010265421947697738,97414.40781440781,2143.0,2260.0,2306.0,1240.0,4768.0,-5112.0,-15660.0,-360.0,1967.0,352.0,-505.0,-1309.0,-421.0,32768.0,5626880.0,2310.0,2708.0,0.0
10111874000,0.010265421947697738,97414.40781440781,2256.0,2238.0,2309.0,1281.0,4636.0,-5048.0,-15280.0,-558.0,2350.0,667.0,-502.0,-1308.0,-417.0,32768.0,5626880.0,2291.0,2709.0,0.0
10112130000,0.010265421947697738,97414.40781440781,2270.0,2220.0,2344.0,1308.0,3860.0,-5832.0,-14544.0,-319.0,2293.0,1109.0,-501.0,-1309.0,-406.0,32768.0,5627392.0,2265.0,2702.0,0.0
10112386000,0.010265421947697738,97414.40781440781,2293.0,2230.0,2364.0,1315.0,4212.0,-6224.0,-14400.0,-350.0,2091.0,1797.0,-501.0,-1309.0,-406.0,32768.0,5627392.0,2271.0,2709.0,0.0
10112642000,0.010265421947697738,97414.40781440781,2305.0,2223.0,2338.0,1329.0,4036.0,-5988.0,-14168.0,112.0,1636.0,2291.0,-501.0,-1306.0,-420.0,32768.0,5627392.0,2274.0,2709.0,0.0
10112898000,0.010265421947697738,97414.40781440781,2316.0,2219.0,2320.0,1319.0,3888.0,-5572.0,-14356.0,510.0,1297.0,2142.0,-503.0,-1308.0,-420.0,32768.0,5627392.0,2275.0,2709.0,0.0
10113154000,0.010265421947697738,97414.40781440781,2299.0,2236.0,2336.0,1306.0,4072.0,-5776.0,-14516.0,593.0,1335.0,1838.0,-516.0,-1303.0,-418.0,32768.0,5627392.0,2264.0,2703.0,0.0
10113410000,0.010265421947697738,97414.40781440781,2288.0,2241.0,2336.0,1305.0,4384.0,-5912.0,-14620.0,600.0,1418.0,1808.0,-516.0,-1303.0,-418.0,32768.0,5627392.0,2264.0,2708.0,0.0
10113666000,0.010265421947697738,97414.40781440781,2303.0,2235.0,2325.0,1296.0,4196.0,-5688.0,-14508.0,707.0,1466.0,1628.0,-499.0,-1308.0,-412.0,32768.0,5627648.0,2271.0,2709.0,0.0
10113922000,0.010265421947697738,97414.40781440781,2310.0,2235.0,2337.0,1265.0,4224.0,-5840.0,-15228.0,1657.0,1235.0,1452.0,-501.0,-1310.0,-410.0,32768.0,5627648.0,2273.0,2709.0,0.0
10114178000,0.010265421947697738,97414.40781440781,2300.0,2255.0,2319.0,1293.0,4664.0,-5176.0,-14596.0,1657.0,1235.0,1452.0,-502.0,-1307.0,-405.0,32768.0,5627136.0,2263.0,2703.0,0.0
10114434000,0.010265421947697738,97414.40781440781,2296.0,2220.0,2299.0,1266.0,3896.0,-4912.0,-15284.0,3757.0,-131.0,1648.0,-500.0,-1308.0,-414.0,32768.0,5627136.0,2268.0,2707.0,0.0
10114690000,0.010265421947697738,97414.40781440781,2294.0,2257.0,2303.0,1314.0,4756.0,-4944.0,-13828.0,4837.0,-127.0,1786.0,-500.0,-1308.0,-414.0,32768.0,5627392.0,2266.0,2708.0,0.0
10114946000,0.010265421947697738,97414.40781440781,2252.0,2268.0,2324.0,1337.0,4752.0,-5288.0,-13428.0,3629.0,454.0,2458.0,-499.0,-1310.0,-413.0,32768.0,5627392.0,2468.0,2687.0,0.0
10115202000,0.010265421947697738,97414.40781440781,2222.0,2273.0,2325.0,1332.0,4908.0,-5816.0,-13980.0,2179.0,1615.0,2557.0,-499.0,-1310.0,-414.0,32768.0,5627392.0,2352.0,2703.0,0.0
10115458000,0.010265421947697738,97414.40781440781,2318.0,2286.0,2332.0,1318.0,5136.0,-5884.0,-14148.0,2081.0,1915.0,2259.0,-493.0,-1310.0,-407.0,32768.0,5627392.0,2303.0,2708.0,0.0
10115714000,0.010265421947697738,97414.40781440781,2343.0,2275.0,2310.0,1301.0,5056.0,-5336.0,-14548.0,1884.0,1785.0,1726.0,-497.0,-1312.0,-412.0,32768.0,5627648.0,2289.0,2709.0,0.0
10115970000,0.010265421947697738,97414.40781440781,2346.0,2256.0,2291.0,1296.0,4648.0,-4888.0,-14604.0,1596.0,2008.0,1732.0,-497.0,-1312.0,-412.0,32768.0,5627648.0,2282.0,2709.0,0.0
10116226000,0.010265421947697738,97414.40781440781,2314.0,2274.0,2302.0,1267.0,4956.0,-5056.0,-14996.0,1564.0,2265.0,1797.0,-502.0,-1311.0,-414.0,32768.0,5627136.0,2261.0,2702.0,0.0
10116482000,0.010265421947697738,97414.40781440781,2298.0,2289.0,2292.0,1211.0,5312.0,-4864.0,-16400.0,1744.0,2505.0,2007.0,-496.0,-1317.0,-408.0,32768.0,5627136.0,2262.0,2708.0,0.0
10116738000,0.010265421947697738,97414.40781440781,2294.0,2267.0,2278.0,1211.0,5144.0,-4444.0,-16240.0,2497.0,2755.0,2081.0,-503.0,-1318.0,-413.0,32768.0,5626880.0,2263.0,2708.0,0.0
10116994000,0.010265421947697738,97414.40781440781,2289.0,2231.0,2315.0,1185.0,4080.0,-5448.0,-17532.0,4117.0,2804.0,2544.0,-503.0,-1318.0,-413.0,32768.0,5626880.0,2263.0,2708.0,0.0
10117250000,0.010265421947697738,97414.40781440781,2284.0,2247.0,2261.0,1204.0,4348.0,-5064.0,-17368.0,8033.0,1269.0,2980.0,-507.0,-1313.0,-416.0,32768.0,5627392.0,2259.0,2703.0,0.0
10117506000,0.010265421947697738,97414.40781440781,2288.0,2278.0,2167.0,1302.0,5152.0,-2316.0,-14756.0,11636.0,-864.0,3062.0,-507.0,-1319.0,-413.0,32768.0,5627392.0,2268.0,2709.0,0.0
10117762000,0.010265421947697738,97414.40781440781,2290.0,2347.0,2206.0,1377.0,5820.0,-2588.0,-13640.0,12277.0,-1873.0,3492.0,-507.0,-1320.0,-420.0,32768.0,5627392.0,2266.0,2708.0,0.0
10118018000,0.010265421947697738,97414.40781440781,2284.0,2379.0,2220.0,1352.0,7160.0,-3636.0,-12712.0,9419.0,-1417.0,3801.0,-507.0,-1332.0,-420.0,32768.0,5627392.0,2264.0,2708.0,0.0
10118274000,0.010265421947697738,97414.40781440781,2260.0,2295.0,2194.0,1306.0,4892.0,-2880.0,-14540.0,7037.0,694.0,3294.0,-507.0,-1332.0,-420.0,32768.0,5627392.0,2252.0,2702.0,0.0
10118530000,0.010265421947697738,97414.40781440781,2263.0,2283.0,2190.0,1354.0,4992.0,-2820.0,-13592.0,7243.0,1863.0,2868.0,-511.0,-1328.0,-425.0,32768.0,5627392.0,2258.0,2708.0,0.0
10118786000,0.010265421947697738,97414.40781440781,2281.0,2321.0,2211.0,1301.0,6068.0,-3424.0,-14928.0,6869.0,1980.0,3051.0,-513.0,-1331.0,-430.0,32768.0,5627648.0,2267.0,2709.0,0.0
10119042000,0.010265421947697738,97414.40781440781,2285.0,2336.0,2199.0,1260.0,6408.0,-3320.0,-15168.0,7137.0,1665.0,3001.0,-504.0,-1336.0,-428.0,32768.0,5627648.0,2265.0,2708.0,0.0
10119298000,0.010265421947697738,97414.40781440781,2266.0,2309.0,2180.0,1226.0,5596.0,-2876.0,-16160.0,6947.0,1620.0,2804.0,-510.0,-1344.0,-429.0,32768.0,5627904.0,2253.0,2702.0,0.0
10119554000,0.010265421947697738,97414.40781440781,2270.0,2316.0,2140.0,1246.0,5576.0,-2348.0,-15872.0,7838.0,1726.0,2358.0,-510.0,-1344.0,-429.0,32768.0,5627904.0,2259.0,2708.0,0.0
10119810000,0.010265421947697738,97414.40781440781,2287.0,2338.0,2112.0,1290.0,6280.0,-1288.0,-14696.0,8436.0,2062.0,2066.0,-509.0,-1332.0,-432.0,32768.0,5627392.0,2269.0,2710.0,0.0
10120066000,0.010265421947697738,97414.40781440781,2289.0,2335.0,2093.0,1319.0,6040.0,-824.0,-13884.0,8326.0,2669.0,2029.0,-511.0,-1345.0,-433.0,32768.0,5627392.0,2266.0,2708.0,0.0
10120322000,0.010265421947697738,97414.40781440781,2270.0,2296.0,2084.0,1337.0,5452.0,-728.0,-13732.0,7622.0,3290.0,2292.0,-515.0,-1346.0,-433.0,32768.0,5627136.0,2254.0,2702.0,0.0
10120578000,0.010265421947697738,97414.40781440781,2270.0,2285.0,2086.0,1301.0,5224.0,-852.0,-14904.0,6735.0,3572.0,2358.0,-515.0,-1346.0,-433.0,32768.0,5627136.0,2259.0,2708.0,0.0
10120834000,0.010265421947697738,97414.40781440781,2274.0,2316.0,2090.0,1267.0,5636.0,-936.0,-15472.0,7878.0,3268.0,2280.0,-515.0,-1350.0,-436.0,32768.0,5627392.0,2261.0,2708.0,0.0
10121090000,0.010265421947697738,97414.40781440781,2288.0,2346.0,2085.0,1272.0,6456.0,-824.0,-15264.0,9349.0,2361.0,2216.0,-511.0,-1355.0,-439.0,32768.0,5627392.0,2269.0,2709.0,0.0
10121346000,0.010265421947697738,97414.40781440781,2282.0,2362.0,2067.0,1231.0,6676.0,-500.0,-15636.0,9472.0,1709.0,2133.0,-511.0,-1357.0,-438.0,32768.0,5627136.0,2261.0,2703.0,0.0
10121602000,0.010265421947697738,97414.40781440781,2279.0,2387.0,2043.0,1223.0,7228.0,68.0,-15636.0,10497.0,1923.0,2243.0,-508.0,-1358.0,-443.0,32768.0,5627136.0,2262.0,2708.0,0.0
10121858000,0.010265421947697738,97414.40781440781,2290.0,2385.0,1969.0,1154.0,6892.0,836.0,-17096.0,12015.0,2999.0,2669.0,-508.0,-1358.0,-443.0,32768.0,5627136.0,2269.0,2709.0,0.0
10122114000,0.010265421947697738,97414.40781440781,2304.0,2410.0,1931.0,1200.0,7660.0,2868.0,-17508.0,15045.0,2838.0,3924.0,-512.0,-1364.0,-454.0,32768.0,5627136.0,2273.0,2709.0,0.0
10122370000,0.010265421947697738,97414.40781440781,2297.0,2402.0,1899.0,1303.0,7336.0,2988.0,-14340.0,15265.0,1783.0,5005.0,-506.0,-1368.0,-458.0,32768.0,5627648.0,2263.0,2703.0,0.0
10122626000,0.010265421947697738,97414.40781440781,2293.0,2374.0,1885.0,1362.0,6864.0,3104.0,-13976.0,16418.0,1657.0,4854.0,-504.0,-1370.0,-461.0,32768.0,5627648.0,2263.0,2708.0,0.0
10122882000,0.010265421947697738,97414.40781440781,2299.0,2344.0,1914.0,1422.0,6160.0,2152.0,-11956.0,15718.0,1471.0,3607.0,-503.0,-1384.0,-474.0,32768.0,5627648.0,2270.0,2709.0,0.0
10123138000,0.010265421947697738,97414.40781440781,2296.0,2338.0,1989.0,1397.0,5952.0,1076.0,-12384.0,13847.0,1789.0,1873.0,-503.0,-1384.0,-474.0,32768.0,5627648.0,2266.0,2708.0,0.0
10123394000,0.010265421947697738,97414.40781440781,2282.0,2389.0,1957.0,1324.0,7232.0,1700.0,-14424.0,13112.0,1313.0,856.0,-502.0,-1388.0,-473.0,32768.0,5627392.0,2260.0,2703.0,0.0
10123650000,0.010265421947697738,97414.40781440781,2287.0,2431.0,1897.0,1278.0,7872.0,2444.0,-15508.0,14304.0,14.0,976.0,-504.0,-1389.0,-478.0,32768.0,5627392.0,2268.0,2709.0,0.0
10123906000,0.010265421947697738,97414.40781440781,2296.0,2438.0,1804.0,1280.0,8140.0,4964.0,-15504.0,15231.0,-1346.0,1121.0,-507.0,-1391.0,-486.0,32768.0,5627136.0,2272.0,2709.0,0.0
10124162000,0.010265421947697738,97414.40781440781,2305.0,2423.0,1794.0,1294.0,7728.0,4992.0,-14772.0,14970.0,-2274.0,1585.0,-507.0,-1391.0,-486.0,32768.0,5627136.0,2274.0,2709.0,0.0
10124418000,0.010265421947697738,97414.40781440781,2299.0,2413.0,1757.0,1272.0,7564.0,5552.0,-15456.0,15268.0,-2085.0,1585.0,-517.0,-1395.0,-499.0,32768.0,5627648.0,2263.0,2703.0,0.0
10124674000,0.010265421947697738,97414.40781440781,2289.0,2420.0,1699.0,1336.0,7972.0,7412.0,-14308.0,18540.0,-2414.0,2488.0,-501.0,-1404.0,-505.0,32768.0,5627648.0,2264.0,2708.0,0.0
10124930000,0.010265421947697738,97414.40781440781,2289.0,2405.0,1722.0,1442.0,7840.0,7272.0,-12908.0,21448.0,-4002.0,3728.0,-507.0,-1403.0,-519.0,32768.0,5627904.0,2263.0,2708.0,0.0
10125186000,0.010265421947697738,97414.40781440781,2295.0,2347.0,1801.0,1517.0,6308.0,4760.0,-10260.0,21024.0,-4238.0,4469.0,-505.0,-1411.0,-527.0,32768.0,5627904.0,2269.0,2707.0,0.0
10125442000,0.010265421947697738,97414.40781440781,2256.0,2368.0,1723.0,1490.0,6916.0,5860.0,-10884.0,20251.0,-4133.0,4234.0,-505.0,-1411.0,-527.0,32768.0,5627392.0,2469.0,2687.0,0.0
10125698000,0.010265421947697738,97414.40781440781,2233.0,2409.0,1693.0,1458.0,7436.0,6936.0,-11128.0,18643.0,-3903.0,3719.0,-504.0,-1417.0,-535.0,32768.0,5627392.0,2356.0,2708.0,0.0
10125954000,0.010265421947697738,97414.40781440781,2122.0,2450.0,1683.0,1406.0,8684.0,7460.0,-12392.0,16790.0,-2854.0,3658.0,-501.0,-1420.0,-551.0,32768.0,5627904.0,2306.0,2708.0,0.0
10126210000,0.010265421947697738,97414.40781440781,2231.0,2462.0,1672.0,1378.0,8768.0,7816.0,-12688.0,16550.0,-1473.0,4206.0,-504.0,-1425.0,-564.0,32768.0,5627904.0,2283.0,2708.0,0.0
10126466000,0.010265421947697738,97414.40781440781,2244.0,2440.0,1712.0,1360.0,8216.0,6824.0,-12644.0,15707.0,766.0,5269.0,-501.0,-1426.0,-572.0,32768.0,5627392.0,2260.0,2701.0,0.0
10126722000,0.010265421947697738,97414.40781440781,2261.0,2463.0,1703.0,1369.0,8736.0,6752.0,-12696.0,13433.0,3380.0,5819.0,-501.0,-1426.0,-572.0,32768.0,5627392.0,2262.0,2708.0,0.0
10126978000,0.010265421947697738,97414.40781440781,2274.0,2429.0,1664.0,1398.0,7948.0,7456.0,-12712.0,12005.0,4220.0,5378.0,-493.0,-1427.0,-579.0,32768.0,5627392.0,2263.0,2708.0,0.0
10127234000,0.010265421947697738,97414.40781440781,2289.0,2368.0,1581.0,1430.0,6848.0,8244.0,-12624.0,10865.0,3261.0,3838.0,-491.0,-1425.0,-584.0,32768.0,5627392.0,2270.0,2709.0,0.0
10127490000,0.010265421947697738,97414.40781440781,2275.0,2323.0,1511.0,1473.0,5860.0,10756.0,-11152.0,10564.0,2603.0,2855.0,-491.0,-1433.0,-588.0,32768.0,5627904.0,2255.0,2702.0,0.0
10127746000,0.010265421947697738,97414.40781440781,2274.0,2287.0,1474.0,1489.0,5500.0,11348.0,-11012.0,10282.0,2773.0,3227.0,-491.0,-1433.0,-588.0,32768.0,5627904.0,2259.0,2708.0,0.0
10128002000,0.010265421947697738,97414.40781440781,2277.0,2266.0,1447.0,1525.0,4740.0,12004.0,-10356.0,10128.0,2544.0,3517.0,-488.0,-1434.0,-593.0,32768.0,5627648.0,2262.0,2708.0,0.0
10128258000,0.010265421947697738,97414.40781440781,2290.0,2246.0,1445.0,1545.0,4276.0,11740.0,-9864.0,10088.0,2333.0,3398.0,-484.0,-1432.0,-601.0,32768.0,5627648.0,2269.0,2709.0,0.0
10128514000,0.010265421947697738,97414.40781440781,2275.0,2248.0,1446.0,1520.0,4312.0,11648.0,-10140.0,10008.0,2423.0,2207.0,-489.0,-1431.0,-612.0,32768.0,5627904.0,2255.0,2702.0,0.0
10128770000,0.010265421947697738,97414.40781440781,2277.0,2263.0,1466.0,1517.0,4740.0,11388.0,-10520.0,10071.0,2161.0,1219.0,-482.0,-1428.0,-613.0,32768.0,5627904.0,2264.0,2707.0,0.0
10129026000,0.010265421947697738,97414.40781440781,2277.0,2295.0,1471.0,1541.0,5204.0,11492.0,-10376.0,9634.0,1435.0,1184.0,-482.0,-1428.0,-613.0,32768.0,5628160.0,2264.0,2708.0,0.0
10129282000,0.010265421947697738,97414.40781440781,2292.0,2298.0,1476.0,1577.0,5460.0,11500.0,-9300.0,8628.0,969.0,1575.0,-478.0,-1438.0,-624.0,32768.0,5628160.0,2270.0,2709.0,0.0
10129538000,0.010265421947697738,97414.40781440781,2277.0,2299.0,1441.0,1620.0,5352.0,11724.0,-8636.0,8072.0,1057.0,1937.0,-477.0,-1427.0,-631.0,32768.0,5627648.0,2255.0,2702.0,0.0
10129794000,0.010265421947697738,97414.40781440781,2271.0,2310.0,1404.0,1653.0,5552.0,12888.0,-7608.0,8375.0,1005.0,2313.0,-479.0,-1432.0,-634.0,32768.0,5627648.0,2260.0,2708.0,0.0
10130050000,0.010265421947697738,97414.40781440781,2285.0,2339.0,1412.0,1606.0,6252.0,12516.0,-8936.0,7917.0,764.0,2244.0,-473.0,-1433.0,-643.0,32768.0,5627904.0,2267.0,2707.0,0.0
10130306000,0.010265421947697738,97414.40781440781,2301.0,2366.0,1413.0,1589.0,6596.0,12520.0,-9140.0,7940.0,505.0,1835.0,-473.0,-1433.0,-643.0,32768.0,5627904.0,2271.0,2709.0,0.0
10130562000,0.010265421947697738,97414.40781440781,2278.0,2353.0,1412.0,1619.0,6404.0,12596.0,-8548.0,8300.0,-263.0,1428.0,-473.0,-1431.0,-644.0,32768.0,5628160.0,2256.0,2702.0,0.0
10130818000,0.010265421947697738,97414.40781440781,2272.0,2280.0,1412.0,1685.0,5084.0,12596.0,-7532.0,8300.0,-263.0,1428.0,-476.0,-1424.0,-643.0,32768.0,5628160.0,2260.0,2708.0,0.0
10131074000,0.010265421947697738,97414.40781440781,2274.0,2269.0,1360.0,1658.0,4736.0,14028.0,-7960.0,10104.0,-1419.0,1601.0,-476.0,-1428.0,-651.0,32768.0,5628160.0,2262.0,2708.0,0.0
10131330000,0.010265421947697738,97414.40781440781,2274.0,2303.0,1333.0,1621.0,5296.0,13960.0,-8384.0,10891.0,-2412.0,1750.0,-476.0,-1428.0,-651.0,32768.0,5628160.0,2262.0,2708.0,0.0
10131586000,0.010265421947697738,97414.40781440781,2258.0,2298.0,1354.0,1675.0,5324.0,13836.0,-7376.0,9871.0,-2671.0,1384.0,-477.0,-1423.0,-660.0,32768.0,5627392.0,2252.0,2702.0,0.0
10131842000,0.010265421947697738,97414.40781440781,2260.0,2284.0,1363.0,1719.0,5344.0,13664.0,-6684.0,9566.0,-2954.0,1490.0,-469.0,-1432.0,-665.0,32768.0,5627392.0,2258.0,2708.0,0.0
10132098000,0.010265421947697738,97414.40781440781,2267.0,2273.0,1353.0,1760.0,4932.0,13832.0,-5624.0,9357.0,-3085.0,1616.0,-469.0,-1426.0,-666.0,32768.0,5627904.0,2261.0,2708.0,0.0
10132354000,0.010265421947697738,97414.40781440781,2284.0,2278.0,1336.0,1785.0,4956.0,14244.0,-5096.0,9171.0,-3058.0,1719.0,-475.0,-1435.0,-675.0,32768.0,5627904.0,2267.0,2707.0,0.0
10132610000,0.010265421947697738,97414.40781440781,2279.0,2267.0,1336.0,1793.0,4752.0,14248.0,-5044.0,9012.0,-2979.0,1734.0,-475.0,-1435.0,-675.0,32768.0,5627648.0,2261.0,2703.0,0.0
10132866000,0.010265421947697738,97414.40781440781,2280.0,2266.0,1334.0,1780.0,4748.0,14168.0,-5476.0,8587.0,-3371.0,1837.0,-480.0,-1424.0,-686.0,32768.0,5627648.0,2262.0,2708.0,0.0
10133122000,0.010265421947697738,97414.40781440781,2299.0,2269.0,1301.0,1790.0,4752.0,14644.0,-5368.0,8461.0,-3856.0,1805.0,-480.0,-1429.0,-691.0,32768.0,5627648.0,2274.0,2707.0,0.0
10133378000,0.010265421947697738,97414.40781440781,2301.0,2264.0,1286.0,1810.0,4736.0,15128.0,-4688.0,8371.0,-4182.0,1924.0,-478.0,-1421.0,-695.0,32768.0,5627648.0,2269.0,2708.0,0.0
10133634000,0.010265421947697738,97414.40781440781,2274.0,2252.0,1295.0,1805.0,4476.0,14928.0,-4808.0,8025.0,-4375.0,1874.0,-476.0,-1420.0,-697.0,32768.0,5627904.0,2253.0,2701.0,0.0
10133890000,0.010265421947697738,97414.40781440781,2282.0,2251.0,1281.0,1801.0,4408.0,15200.0,-5048.0,7638.0,-4788.0,1811.0,-476.0,-1420.0,-697.0,32768.0,5627904.0,2265.0,2709.0,0.0
10134146000,0.010265421947697738,97414.40781440781,2281.0,2290.0,1266.0,1829.0,5356.0,15612.0,-4108.0,7162.0,-5096.0,1772.0,-478.0,-1427.0,-707.0,32768.0,5627904.0,2264.0,2708.0,0.0
10134402000,0.010265421947697738,97414.40781440781,2280.0,2290.0,1259.0,1823.0,5244.0,15716.0,-4304.0,6853.0,-4793.0,1634.0,-472.0,-1429.0,-716.0,32768.0,5627904.0,2264.0,2708.0,0.0
10134658000,0.010265421947697738,97414.40781440781,2263.0,2270.0,1268.0,1830.0,4792.0,15432.0,-4284.0,6237.0,-4309.0,1488.0,-478.0,-1422.0,-715.0,32768.0,5627904.0,2251.0,2701.0,0.0
10134914000,0.010265421947697738,97414.40781440781,2273.0,2255.0,1279.0,1856.0,4604.0,15324.0,-3900.0,5635.0,-4357.0,1430.0,-478.0,-1422.0,-715.0,32768.0,5627904.0,2263.0,2707.0,0.0
10135170000,0.010265421947697738,97414.40781440781,2281.0,2244.0,1281.0,1865.0,4272.0,15232.0,-3472.0,4733.0,-4147.0,1483.0,-475.0,-1421.0,-716.0,32768.0,5627904.0,2263.0,2708.0,0.0
10135426000,0.010265421947697738,97414.40781440781,2287.0,2257.0,1263.0,1873.0,4424.0,15464.0,-3256.0,3842.0,-3577.0,1405.0,-473.0,-1425.0,-722.0,32768.0,5627904.0,2268.0,2707.0,0.0
10135682000,0.010265421947697738,97414.40781440781,2259.0,2264.0,1268.0,1876.0,4740.0,15572.0,-3148.0,3047.0,-2770.0,1371.0,-469.0,-1419.0,-726.0,32768.0,5627648.0,2247.0,2700.0,0.0
10135938000,0.010265421947697738,97414.40781440781,2266.0,2264.0,1275.0,1845.0,4676.0,15356.0,-4036.0,2414.0,-2264.0,1390.0,-494.0,-1424.0,-725.0,32768.0,5627648.0,2261.0,2707.0,0.0
10136194000,0.010265421947697738,97414.40781440781,2282.0,2253.0,1275.0,1822.0,4624.0,15388.0,-4436.0,1882.0,-1830.0,1341.0,-494.0,-1424.0,-725.0,32768.0,5628160.0,2267.0,2707.0,0.0
10136450000,0.010265421947697738,97414.40781440781,2288.0,2239.0,1278.0,1802.0,4224.0,15352.0,-4896.0,1501.0,-1682.0,1194.0,-463.0,-1423.0,-726.0,32768.0,5628160.0,2265.0,2708.0,0.0
10136706000,0.010265421947697738,97414.40781440781,2268.0,2226.0,1275.0,1791.0,4040.0,15384.0,-5056.0,1360.0,-1802.0,1136.0,-463.0,-1423.0,-727.0,32768.0,5627904.0,2251.0,2701.0,0.0
10136962000,0.010265421947697738,97414.40781440781,2266.0,2216.0,1276.0,1781.0,3764.0,15420.0,-5388.0,1583.0,-2201.0,1250.0,-464.0,-1424.0,-732.0,32768.0,5627904.0,2258.0,2708.0,0.0
10137218000,0.010265421947697738,97414.40781440781,2243.0,2198.0,1275.0,1772.0,3564.0,15324.0,-5504.0,1945.0,-2613.0,1258.0,-466.0,-1421.0,-726.0,32768.0,5627648.0,2248.0,2701.0,0.0
10137474000,0.010265421947697738,97414.40781440781,2260.0,2184.0,1259.0,1791.0,3192.0,15792.0,-5292.0,2496.0,-3227.0,1301.0,-466.0,-1421.0,-726.0,32768.0,5627648.0,2262.0,2707.0,0.0
10137730000,0.010265421947697738,97414.40781440781,2248.0,2167.0,1264.0,1831.0,2964.0,15888.0,-4860.0,3276.0,-4048.0,1580.0,-471.0,-1422.0,-729.0,32768.0,5627904.0,2250.0,2701.0,0.0
10137986000,0.010265421947697738,97414.40781440781,2254.0,2135.0,1280.0,1857.0,1060.0,9336.0,-1892.0,7797.0,-5469.0,2644.0,-466.0,-1425.0,-734.0,32768.0,5627904.0,2257.0,2708.0,0.0
10138242000,0.010265421947697738,97414.40781440781,2271.0,2223.0,1249.0,1726.0,4092.0,15100.0,-5540.0,6210.0,-6610.0,2526.0,-462.0,-1425.0,-737.0,32768.0,5627648.0,2266.0,2707.0,0.0
10138498000,0.010265421947697738,97414.40781440781,2285.0,2215.0,1239.0,1815.0,3976.0,15572.0,-4436.0,4780.0,-6418.0,2287.0,-462.0,-1425.0,-737.0,32768.0,5627648.0,2269.0,2707.0,0.0
10138754000,0.010265421947697738,97414.40781440781,2270.0,2184.0,1233.0,1814.0,3040.0,16136.0,-4548.0,4625.0,-5685.0,2184.0,-466.0,-1422.0,-744.0,32768.0,5627904.0,2254.0,2701.0,0.0
10139010000,0.010265421947697738,97414.40781440781,2274.0,2173.0,1264.0,1847.0,2920.0,15500.0,-4228.0,4602.0,-5152.0,1929.0,-463.0,-1418.0,-741.0,32768.0,5627904.0,2264.0,2707.0,0.0
10139266000,0.010265421947697738,97414.40781440781,2276.0,2169.0,1266.0,1889.0,2860.0,15444.0,-2976.0,4486.0,-4538.0,1532.0,-470.0,-1412.0,-750.0,32768.0,5628416.0,2264.0,2708.0,0.0
10139522000,0.010265421947697738,97414.40781440781,2288.0,2162.0,1266.0,1934.0,2356.0,15336.0,-1652.0,3432.0,-3044.0,913.0,-470.0,-1416.0,-746.0,32768.0,5628416.0,2269.0,2707.0,0.0
10139778000,0.010265421947697738,97414.40781440781,2260.0,2181.0,1253.0,1916.0,3016.0,15800.0,-2248.0,2183.0,-671.0,298.0,-470.0,-1416.0,-746.0,32768.0,5627904.0,2247.0,2700.0,0.0
10140034000,0.010265421947697738,97414.40781440781,2257.0,2188.0,1245.0,1872.0,3164.0,15868.0,-3860.0,2260.0,-242.0,353.0,-471.0,-1417.0,-747.0,32768.0,5627904.0,2256.0,2708.0,0.0
10140290000,0.010265421947697738,97414.40781440781,2265.0,2144.0,1252.0,1879.0,2484.0,15680.0,-3700.0,3261.0,-723.0,59.0,-472.0,-1417.0,-751.0,32768.0,5627648.0,2259.0,2708.0,0.0
10140546000,0.010265421947697738,97414.40781440781,2270.0,2124.0,1258.0,1924.0,1908.0,15636.0,-2244.0,3410.0,-769.0,-542.0,-480.0,-1405.0,-757.0,32768.0,5627648.0,2262.0,2708.0,0.0
10140802000,0.010265421947697738,97414.40781440781,2243.0,2140.0,1260.0,1926.0,2212.0,15688.0,-2200.0,3045.0,-239.0,-797.0,-476.0,-1419.0,-754.0,32768.0,5627648.0,2243.0,2700.0,0.0
10141058000,0.010265421947697738,97414.40781440781,2258.0,2156.0,1266.0,1914.0,2636.0,15460.0,-2668.0,2715.0,326.0,-980.0,-476.0,-1419.0,-754.0,32768.0,5627648.0,2259.0,2707.0,0.0
10141314000,0.010265421947697738,97414.40781440781,2275.0,2151.0,1275.0,1909.0,2468.0,15360.0,-2768.0,2424.0,576.0,-1255.0,-477.0,-1412.0,-759.0,32768.0,5628160.0,2266.0,2707.0,0.0
10141570000,0.010265421947697738,97414.40781440781,2282.0,2171.0,1279.0,1926.0,2844.0,15308.0,-2388.0,2135.0,687.0,-1387.0,-464.0,-1416.0,-756.0,32768.0,5628160.0,2265.0,2708.0,0.0
10141826000,0.010265421947697738,97414.40781440781,2251.0,2172.0,1281.0,1913.0,3000.0,15212.0,-2960.0,1866.0,944.0,-1368.0,-489.0,-1412.0,-756.0,32768.0,5627904.0,2245.0,2700.0,0.0
10142082000,0.010265421947697738,97414.40781440781,2256.0,2158.0,1271.0,1877.0,2592.0,15464.0,-3456.0,1949.0,740.0,-1329.0,-489.0,-1412.0,-756.0,32768.0,5627904.0,2260.0,2707.0,0.0
10142338000,0.010265421947697738,97414.40781440781,2267.0,2172.0,1261.0,1855.0,2944.0,15784.0,-3976.0,2049.0,208.0,-1154.0,-479.0,-1414.0,-756.0,32768.0,5627648.0,2262.0,2708.0,0.0
10142594000,0.010265421947697738,97414.40781440781,2279.0,2193.0,1260.0,1871.0,3188.0,15680.0,-3664.0,1820.0,-136.0,-1062.0,-479.0,-1420.0,-753.0,32768.0,5627648.0,2268.0,2707.0,0.0
10142850000,0.010265421947697738,97414.40781440781,2264.0,2187.0,1261.0,1903.0,3160.0,15740.0,-2856.0,1634.0,-259.0,-976.0,-475.0,-1413.0,-754.0,32768.0,5627904.0,2253.0,2701.0,0.0
10143106000,0.010265421947697738,97414.40781440781,2262.0,2188.0,1260.0,1915.0,3192.0,15728.0,-2676.0,1482.0,-279.0,-812.0,-480.0,-1415.0,-762.0,32768.0,5627904.0,2257.0,2706.0,0.0
10143362000,0.010265421947697738,97414.40781440781,2275.0,2195.0,1261.0,1904.0,3324.0,15680.0,-2884.0,1265.0,-279.0,-675.0,-480.0,-1415.0,-762.0,32768.0,5627904.0,2266.0,2707.0,0.0
10143618000,0.010265421947697738,97414.40781440781,2278.0,2201.0,1258.0,1905.0,3356.0,15760.0,-2908.0,1035.0,-306.0,-644.0,-470.0,-1414.0,-760.0,32768.0,5627904.0,2264.0,2708.0,0.0
10143874000,0.010265421947697738,97414.40781440781,2262.0,2208.0,1256.0,1911.0,3632.0,15764.0,-2768.0,882.0,-398.0,-542.0,-471.0,-1411.0,-759.0,32768.0,5627648.0,2251.0,2701.0,0.0
10144130000,0.010265421947697738,97414.40781440781,2262.0,2203.0,1260.0,1907.0,3496.0,15692.0,-2880.0,777.0,-625.0,-405.0,-470.0,-1411.0,-756.0,32768.0,5627648.0,2258.0,2708.0,0.0
10144386000,0.010265421947697738,97414.40781440781,2266.0,2203.0,1259.0,1907.0,3480.0,15720.0,-2972.0,758.0,-948.0,-355.0,-468.0,-1412.0,-759.0,32768.0,5628160.0,2259.0,2706.0,0.0
10144642000,0.010265421947697738,97414.40781440781,2279.0,2200.0,1262.0,1904.0,3480.0,15664.0,-2972.0,728.0,-1256.0,-216.0,-468.0,-1412.0,-759.0,32768.0,5628160.0,2266.0,2707.0,0.0
10144898000,0.010265421947697738,97414.40781440781,2265.0,2200.0,1264.0,1902.0,3408.0,15680.0,-2984.0,681.0,-1546.0,-52.0,-472.0,-1412.0,-755.0,32768.0,5627904.0,2254.0,2702.0,0.0
10145154000,0.010265421947697738,97414.40781440781,2269.0,2203.0,1266.0,1893.0,3512.0,15620.0,-3156.0,647.0,-1924.0,158.0,-469.0,-1412.0,-755.0,32768.0,5627904.0,2259.0,2708.0,0.0
10145410000,0.010265421947697738,97414.40781440781,2280.0,2201.0,1263.0,1895.0,3480.0,15668.0,-3216.0,615.0,-2312.0,375.0,-470.0,-1412.0,-757.0,32768.0,5627904.0,2266.0,2707.0,0.0
10145666000,0.010265421947697738,97414.40781440781,2290.0,2195.0,1257.0,1904.0,3296.0,15816.0,-2888.0,488.0,-2522.0,605.0,-470.0,-1412.0,-757.0,32768.0,5627904.0,2270.0,2707.0,0.0
10145922000,0.010265421947697738,97414.40781440781,2264.0,2193.0,1255.0,1907.0,3256.0,15824.0,-2788.0,73.0,-2479.0,941.0,-469.0,-1415.0,-759.0,32768.0,5628160.0,2247.0,2700.0,0.0
10146178000,0.010265627820227424,97412.4542124542,2270.0,2193.0,1255.0,1912.0,3268.0,15784.0,-2692.0,-180.0,-2303.0,1031.0,-463.0,-1410.0,-757.0,32768.0,5628160.0,2261.0,2707.0,0.0
10146434000,0.010265421947697738,97414.40781440781,2258.0,2193.0,1258.0,1913.0,3288.0,15692.0,-2640.0,-157.0,-2115.0,949.0,-471.0,-1410.0,-764.0,32768.0,5628160.0,2251.0,2702.0,0.0
10146690000,0.010265421947697738,97414.40781440781,2253.0,2181.0,1259.0,1901.0,3140.0,15672.0,-2892.0,-297.0,-1998.0,850.0,-467.0,-1412.0,-752.0,32768.0,5628160.0,2256.0,2706.0,0.0
10146946000,0.010265421947697738,97414.40781440781,2228.0,2173.0,1255.0,1890.0,2888.0,15808.0,-3204.0,-320.0,-1941.0,774.0,-467.0,-1412.0,-752.0,32768.0,5627904.0,2241.0,2700.0,0.0
10147202000,0.010265421947697738,97414.40781440781,2238.0,2158.0,1250.0,1881.0,2688.0,15900.0,-3288.0,-309.0,-1969.0,735.0,-473.0,-1415.0,-760.0,32768.0,5627904.0,2253.0,2708.0,0.0
10147458000,0.010265421947697738,97414.40781440781,2254.0,2155.0,1253.0,1870.0,2576.0,15832.0,-3548.0,-290.0,-2177.0,791.0,-469.0,-1414.0,-758.0,32768.0,5627904.0,2259.0,2708.0,0.0
10147714000,0.010265421947697738,97414.40781440781,2264.0,2146.0,1257.0,1850.0,2368.0,15756.0,-3888.0,-290.0,-2177.0,791.0,-473.0,-1412.0,-750.0,32768.0,5627904.0,2261.0,2708.0,0.0
10147970000,0.010265421947697738,97414.40781440781,2239.0,2168.0,1245.0,1855.0,2624.0,15924.0,-4004.0,-432.0,-2361.0,736.0,-484.0,-1417.0,-757.0,32768.0,5628160.0,2243.0,2700.0,0.0
10148226000,0.010265421947697738,97414.40781440781,2244.0,2173.0,1242.0,1872.0,2840.0,16044.0,-3552.0,-364.0,-2546.0,778.0,-484.0,-1417.0,-757.0,32768.0,5628160.0,2254.0,2708.0,0.0
10148482000,0.010265421947697738,97414.40781440781,2261.0,2155.0,1256.0,1860.0,2576.0,15828.0,-3708.0,116.0,-2521.0,924.0,-481.0,-1414.0,-750.0,32768.0,5627392.0,2264.0,2707.0,0.0
10148738000,0.010265421947697738,97414.40781440781,2273.0,2141.0,1259.0,1853.0,2228.0,15700.0,-3956.0,71.0,-2564.0,898.0,-481.0,-1409.0,-750.0,32768.0,5627392.0,2263.0,2708.0,0.0
10148994000,0.010265421947697738,97414.40781440781,2260.0,2187.0,1244.0,1879.0,3004.0,15964.0,-3504.0,-171.0,-2841.0,864.0,-479.0,-1412.0,-760.0,32768.0,5627904.0,2251.0,2701.0,0.0
10149250000,0.010265421947697738,97414.40781440781,2273.0,2169.0,1247.0,1866.0,2824.0,15988.0,-3628.0,668.0,-3044.0,1081.0,-479.0,-1412.0,-760.0,32768.0,5627904.0,2263.0,2707.0,0.0
10149506000,0.010265421947697738,97414.40781440781,2282.0,2149.0,1254.0,1867.0,2408.0,15816.0,-3684.0,901.0,-3147.0,1211.0,-483.0,-1413.0,-758.0,32768.0,5627648.0,2263.0,2708.0,0.0
10149762000,0.010265421947697738,97414.40781440781,2285.0,2156.0,1255.0,1868.0,2496.0,15764.0,-3576.0,879.0,-3248.0,1266.0,-480.0,-1412.0,-756.0,32768.0,5627648.0,2263.0,2708.0,0.0
10150018000,0.010265421947697738,97414.40781440781,2247.0,2159.0,1248.0,1864.0,2592.0,15872.0,-3592.0,972.0,-3110.0,1182.0,-478.0,-1413.0,-759.0,32768.0,5628416.0,2244.0,2700.0,0.0
10150274000,0.010265421947697738,97414.40781440781,2255.0,2152.0,1253.0,1864.0,2508.0,15756.0,-3580.0,1099.0,-2714.0,1048.0,-470.0,-1417.0,-756.0,32768.0,5628416.0,2260.0,2707.0,0.0
10150530000,0.010265421947697738,97414.40781440781,2277.0,2151.0,1252.0,1868.0,2508.0,15812.0,-3584.0,985.0,-2397.0,901.0,-470.0,-1417.0,-756.0,32768.0,5627904.0,2267.0,2707.0,0.0
10150786000,0.010265421947697738,97414.40781440781,2285.0,2151.0,1248.0,1869.0,2484.0,15840.0,-3556.0,948.0,-2146.0,734.0,-477.0,-1408.0,-759.0,32768.0,5627904.0,2265.0,2708.0,0.0
10151042000,0.010265421947697738,97414.40781440781,2266.0,2140.0,1247.0,1864.0,2240.0,15976.0,-3604.0,1016.0,-2044.0,673.0,-467.0,-1412.0,-757.0,32768.0,5627904.0,2251.0,2701.0,0.0
10151298000,0.010265421947697738,97414.40781440781,2264.0,2133.0,1238.0,1873.0,2084.0,16140.0,-3412.0,1026.0,-1936.0,620.0,-467.0,-1412.0,-762.0,32768.0,5627904.0,2257.0,2708.0,0.0
10151554000,0.010265421947697738,97414.40781440781,2275.0,2130.0,1244.0,1864.0,2104.0,16056.0,-3664.0,1000.0,-1810.0,858.0,-476.0,-1410.0,-757.0,32768.0,5627648.0,2266.0,2707.0,0.0
10151810000,0.010265421947697738,97414.40781440781,2242.0,2134.0,1248.0,1852.0,2248.0,15948.0,-3816.0,881.0,-1818.0,956.0,-476.0,-1410.0,-757.0,32768.0,5627648.0,2468.0,2687.0,0.0
10152066000,0.010265421947697738,97414.40781440781,2205.0,2147.0,1244.0,1867.0,2496.0,16036.0,-3492.0,826.0,-1783.0,817.0,-488.0,-1417.0,-760.0,32768.0,5628160.0,2343.0,2701.0,0.0
10152322000,0.010265421947697738,97414.40781440781,2106.0,2136.0,1256.0,1864.0,2156.0,15760.0,-3596.0,1072.0,-1623.0,758.0,-466.0,-1414.0,-762.0,32768.0,5628160.0,2305.0,2707.0,0.0
10152578000,0.010265421947697738,97414.40781440781,2229.0,2136.0,1255.0,1862.0,2204.0,15772.0,-3748.0,984.0,-1525.0,700.0,-477.0,-1413.0,-762.0,32768.0,5627648.0,2287.0,2707.0,0.0
10152834000,0.010265421947697738,97414.40781440781,2281.0,2136.0,1252.0,1862.0,2164.0,15868.0,-3696.0,914.0,-1407.0,635.0,-477.0,-1413.0,-762.0,32768.0,5627648.0,2279.0,2707.0,0.0
10153090000,0.010265421947697738,97414.40781440781,2275.0,2139.0,1259.0,1867.0,2216.0,15748.0,-3652.0,947.0,-1349.0,600.0,-461.0,-1405.0,-760.0,32768.0,5628160.0,2260.0,2702.0,0.0
10153346000,0.010265421947697738,97414.40781440781,2288.0,2130.0,1258.0,1863.0,2064.0,15708.0,-3624.0,997.0,-1358.0,582.0,-471.0,-1413.0,-763.0,32768.0,5628160.0,2267.0,2707.0,0.0
10153602000,0.010265421947697738,97414.40781440781,2296.0,2128.0,1252.0,1866.0,2020.0,15740.0,-3680.0,1060.0,-1356.0,489.0,-479.0,-1417.0,-765.0,32768.0,5627392.0,2270.0,2707.0,0.0
10153858000,0.010265421947697738,97414.40781440781,2300.0,2112.0,1246.0,1876.0,1748.0,15944.0,-3460.0,1080.0,-1340.0,472.0,-471.0,-1412.0,-763.0,32768.0,5627392.0,2272.0,2707.0,0.0
10154114000,0.010265421947697738,97414.40781440781,2262.0,2110.0,1243.0,1878.0,1660.0,16004.0,-3340.0,1005.0,-1173.0,497.0,-471.0,-1412.0,-763.0,32768.0,5627392.0,2248.0,2700.0,0.0
10154370000,0.010265421947697738,97414.40781440781,2259.0,2119.0,1245.0,1867.0,1824.0,15980.0,-3584.0,1007.0,-1114.0,634.0,-476.0,-1415.0,-765.0,32768.0,5627392.0,2256.0,2708.0,0.0
10154626000,0.010265421947697738,97414.40781440781,2261.0,2116.0,1249.0,1855.0,1800.0,15832.0,-3860.0,1067.0,-1203.0,640.0,-480.0,-1414.0,-770.0,32768.0,5628160.0,2260.0,2708.0,0.0
10154882000,0.010265421947697738,97414.40781440781,2268.0,2116.0,1251.0,1856.0,1820.0,15876.0,-3888.0,1126.0,-1284.0,560.0,-471.0,-1407.0,-766.0,32768.0,5628160.0,2262.0,2708.0,0.0
10155138000,0.010265421947697738,97414.40781440781,2241.0,2120.0,1248.0,1862.0,1876.0,15884.0,-3708.0,1120.0,-1339.0,517.0,-478.0,-1413.0,-764.0,32768.0,5628416.0,2243.0,2700.0,0.0
10155394000,0.010265421947697738,97414.40781440781,2258.0,2122.0,1244.0,1860.0,1940.0,15960.0,-3644.0,1245.0,-1322.0,516.0,-478.0,-1413.0,-764.0,32768.0,5628416.0,2259.0,2707.0,0.0
10155650000,0.010265421947697738,97414.40781440781,2267.0,2119.0,1248.0,1866.0,1820.0,15824.0,-3592.0,1261.0,-1191.0,418.0,-477.0,-1409.0,-760.0,32768.0,5627904.0,2261.0,2708.0,0.0
10155906000,0.010265421947697738,97414.40781440781,2283.0,2116.0,1249.0,1870.0,1820.0,15848.0,-3520.0,1207.0,-1057.0,324.0,-470.0,-1403.0,-767.0,32768.0,5627904.0,2267.0,2707.0,0.0
10156162000,0.010265421947697738,97414.40781440781,2253.0,2115.0,1248.0,1872.0,1752.0,15856.0,-3488.0,1222.0,-973.0,248.0,-480.0,-1413.0,-764.0,32768.0,5627648.0,2246.0,2700.0,0.0
10156418000,0.010265421947697738,97414.40781440781,2257.0,2114.0,1250.0,1874.0,1768.0,15940.0,-3464.0,1163.0,-915.0,240.0,-480.0,-1413.0,-764.0,32768.0,5627648.0,2260.0,2707.0,0.0
10156674000,0.010265421947697738,97414.40781440781,2268.0,2111.0,1252.0,1873.0,1656.0,15848.0,-3416.0,1135.0,-874.0,219.0,-482.0,-1411.0,-767.0,32768.0,5627648.0,2262.0,2708.0,0.0
10156930000,0.010265421947697738,97414.40781440781,2235.0,2112.0,1253.0,1872.0,1708.0,15780.0,-3428.0,1019.0,-776.0,163.0,-481.0,-1417.0,-761.0,32768.0,5627648.0,2466.0,2687.0,0.0
10157186000,0.010265421947697738,97414.40781440781,2201.0,2115.0,1255.0,1877.0,1740.0,15772.0,-3412.0,928.0,-700.0,90.0,-479.0,-1408.0,-763.0,32768.0,5628160.0,2343.0,2701.0,0.0
10157442000,0.010265421947697738,97414.40781440781,2294.0,2117.0,1256.0,1877.0,1768.0,15804.0,-3348.0,826.0,-571.0,59.0,-475.0,-1412.0,-763.0,32768.0,5628160.0,2298.0,2706.0,0.0
10157698000,0.010265421947697738,97414.40781440781,2324.0,2116.0,1253.0,1879.0,1780.0,15776.0,-3328.0,715.0,-425.0,-14.0,-475.0,-1412.0,-763.0,32768.0,5628416.0,2285.0,2707.0,0.0
10157954000,0.010265421947697738,97414.40781440781,2290.0,2116.0,1252.0,1876.0,1804.0,15788.0,-3392.0,613.0,-318.0,-17.0,-478.0,-1410.0,-765.0,32768.0,5628416.0,2477.0,2687.0,0.0
10158210000,0.010265421947697738,97414.40781440781,2224.0,2115.0,1249.0,1877.0,1792.0,15968.0,-3400.0,517.0,-215.0,13.0,-472.0,-1405.0,-761.0,32768.0,5627392.0,2341.0,2700.0,0.0
10158466000,0.010265421947697738,97414.40781440781,2110.0,2114.0,1248.0,1872.0,1732.0,15972.0,-3452.0,485.0,-184.0,107.0,-470.0,-1410.0,-763.0,32768.0,5627392.0,2304.0,2707.0,0.0
10158722000,0.010265421947697738,97414.40781440781,2231.0,2116.0,1247.0,1865.0,1756.0,15944.0,-3684.0,536.0,-225.0,120.0,-475.0,-1408.0,-766.0,32768.0,5627648.0,2287.0,2707.0,0.0
10158978000,0.010265421947697738,97414.40781440781,2272.0,2114.0,1246.0,1863.0,1772.0,15944.0,-3704.0,550.0,-257.0,134.0,-475.0,-1408.0,-766.0,32768.0,5627648.0,2274.0,2708.0,0.0
10159234000,0.010265421947697738,97414.40781440781,2253.0,2113.0,1244.0,1861.0,1708.0,15904.0,-3740.0,563.0,-314.0,106.0,-470.0,-1408.0,-760.0,32768.0,5627648.0,2249.0,2700.0,0.0
10159490000,0.010265421947697738,97414.40781440781,2257.0,2113.0,1247.0,1857.0,1764.0,15960.0,-3724.0,671.0,-352.0,85.0,-472.0,-1407.0,-764.0,32768.0,5627648.0,2257.0,2708.0,0.0
10159746000,0.010265421947697738,97414.40781440781,2273.0,2111.0,1248.0,1858.0,1656.0,15956.0,-3760.0,754.0,-441.0,121.0,-475.0,-1412.0,-760.0,32768.0,5628416.0,2266.0,2707.0,0.0
10160002000,0.010265421947697738,97414.40781440781,2286.0,2109.0,1249.0,1861.0,1612.0,15908.0,-3764.0,822.0,-491.0,86.0,-475.0,-1412.0,-760.0,32768.0,5628416.0,2269.0,2707.0,0.0
10160258000,0.010265421947697738,97414.40781440781,2269.0,2109.0,1249.0,1860.0,1652.0,15872.0,-3772.0,845.0,-544.0,78.0,-468.0,-1413.0,-765.0,32768.0,5628160.0,2253.0,2701.0,0.0
10160514000,0.010265421947697738,97414.40781440781,2272.0,2108.0,1252.0,1863.0,1636.0,15872.0,-3760.0,918.0,-634.0,79.0,-465.0,-1408.0,-760.0,32768.0,5628160.0,2259.0,2708.0,0.0
10160770000,0.010265421947697738,97414.40781440781,2281.0,2107.0,1250.0,1861.0,1632.0,15892.0,-3784.0,1032.0,-748.0,133.0,-473.0,-1409.0,-765.0,32768.0,5628416.0,2266.0,2707.0,0.0
10161026000,0.010265421947697738,97414.40781440781,2291.0,2105.0,1250.0,1859.0,1608.0,15860.0,-3740.0,1084.0,-818.0,151.0,-476.0,-1410.0,-766.0,32768.0,5628416.0,2270.0,2707.0,0.0
10161282000,0.010265421947697738,97414.40781440781,2270.0,2105.0,1252.0,1869.0,1572.0,15844.0,-3652.0,1074.0,-847.0,171.0,-476.0,-1410.0,-766.0,32768.0,5627904.0,2253.0,2701.0,0.0
10161538000,0.010265421947697738,97414.40781440781,2274.0,2108.0,1251.0,1874.0,1608.0,15860.0,-3476.0,1032.0,-775.0,225.0,-475.0,-1407.0,-759.0,32768.0,5627904.0,2259.0,2708.0,0.0
10161794000,0.010265421947697738,97414.40781440781,2274.0,2111.0,1252.0,1874.0,1676.0,15824.0,-3500.0,1000.0,-689.0,233.0,-474.0,-1412.0,-765.0,32768.0,5627904.0,2261.0,2708.0,0.0
10162050000,0.010265421947697738,97414.40781440781,2276.0,2111.0,1252.0,1870.0,1704.0,15824.0,-3520.0,939.0,-592.0,174.0,-479.0,-1405.0,-766.0,32768.0,5627904.0,2262.0,2708.0,0.0
10162306000,0.010265421947697738,97414.40781440781,2246.0,2107.0,1248.0,1874.0,1564.0,15940.0,-3440.0,897.0,-468.0,97.0,-479.0,-1405.0,-766.0,32768.0,5627904.0,2243.0,2700.0,0.0
10162562000,0.010265421947697738,97414.40781440781,2248.0,2108.0,1244.0,1869.0,1568.0,15988.0,-3532.0,840.0,-383.0,107.0,-475.0,-1408.0,-761.0,32768.0,5627904.0,2254.0,2708.0,0.0
10162818000,0.010265421947697738,97414.40781440781,2261.0,2105.0,1248.0,1866.0,1612.0,15968.0,-3700.0,860.0,-389.0,93.0,-476.0,-1408.0,-764.0,32768.0,5628416.0,2259.0,2708.0,0.0
10163074000,0.010265421947697738,97414.40781440781,2275.0,2107.0,1246.0,1860.0,1580.0,15964.0,-3756.0,950.0,-500.0,120.0,-478.0,-1408.0,-761.0,32768.0,5628416.0,2266.0,2707.0,0.0
10163330000,0.010265421947697738,97414.40781440781,2261.0,2105.0,1248.0,1858.0,1568.0,15932.0,-3824.0,994.0,-612.0,179.0,-472.0,-1401.0,-767.0,32768.0,5627648.0,2251.0,2699.0,0.0
10163586000,0.010265421947697738,97414.40781440781,2254.0,2105.0,1248.0,1858.0,1528.0,15916.0,-3784.0,1039.0,-658.0,168.0,-472.0,-1401.0,-767.0,32768.0,5627648.0,2256.0,2706.0,0.0
10163842000,0.010265421947697738,97414.40781440781,2261.0,2105.0,1251.0,1863.0,1600.0,15888.0,-3752.0,1064.0,-742.0,187.0,-475.0,-1406.0,-767.0,32768.0,5627904.0,2260.0,2708.0,0.0
10164098000,0.010265421947697738,97414.40781440781,2268.0,2105.0,1251.0,1867.0,1552.0,15880.0,-3576.0,1100.0,-745.0,185.0,-475.0,-1406.0,-762.0,32768.0,5627904.0,2262.0,2708.0,0.0
10164354000,0.010265421947697738,97414.40781440781,2243.0,2101.0,1248.0,1872.0,1436.0,15904.0,-3444.0,1037.0,-685.0,207.0,-475.0,-1413.0,-765.0,32768.0,5627904.0,2243.0,2700.0,0.0
10164610000,0.010265421947697738,97414.40781440781,2256.0,2100.0,1248.0,1880.0,1460.0,15908.0,-3360.0,1037.0,-685.0,207.0,-483.0,-1406.0,-765.0,32768.0,5627904.0,2259.0,2707.0,0.0
10164866000,0.010265421947697738,97414.40781440781,2273.0,2101.0,1250.0,1878.0,1500.0,15864.0,-3424.0,963.0,-554.0,203.0,-483.0,-1406.0,-765.0,33592.0,5627904.0,2266.0,2707.0,0.0
10165122000,0.010265421947697738,97414.40781440781,2282.0,2101.0,1251.0,1873.0,1532.0,15844.0,-3456.0,915.0,-488.0,146.0,-477.0,-1412.0,-761.0,33592.0,5627904.0,2265.0,2708.0,0.0
10165378000,0.010265421947697738,97414.40781440781,2260.0,2100.0,1247.0,1871.0,1428.0,15892.0,-3508.0,872.0,-430.0,127.0,-471.0,-1413.0,-766.0,33592.0,5627904.0,2250.0,2699.0,0.0
10165634000,0.010265421947697738,97414.40781440781,2268.0,2100.0,1250.0,1867.0,1420.0,15896.0,-3544.0,851.0,-382.0,94.0,-477.0,-1402.0,-761.0,33592.0,5627904.0,2262.0,2707.0,0.0
10165890000,0.010265421947697738,97414.40781440781,2270.0,2099.0,1251.0,1864.0,1384.0,15912.0,-3676.0,870.0,-399.0,73.0,-477.0,-1402.0,-761.0,33592.0,5627392.0,2261.0,2707.0,0.0
10166146000,0.010265421947697738,97414.40781440781,2275.0,2099.0,1249.0,1863.0,1416.0,15924.0,-3664.0,900.0,-446.0,61.0,-467.0,-1406.0,-767.0,33592.0,5627392.0,2262.0,2708.0,0.0
10166402000,0.010265421947697738,97414.40781440781,2242.0,2102.0,1250.0,1866.0,1484.0,15920.0,-3676.0,929.0,-484.0,66.0,-465.0,-1406.0,-763.0,33592.0,5628160.0,2244.0,2700.0,0.0
10166658000,0.010265421947697738,97414.40781440781,2245.0,2100.0,1250.0,1869.0,1472.0,15916.0,-3608.0,958.0,-540.0,52.0,-474.0,-1417.0,-761.0,33592.0,5628160.0,2254.0,2708.0,0.0
10166914000,0.010265421947697738,97414.40781440781,2261.0,2101.0,1249.0,1867.0,1496.0,15932.0,-3568.0,939.0,-567.0,71.0,-463.0,-1406.0,-769.0,33592.0,5628160.0,2264.0,2707.0,0.0
10167170000,0.010265421947697738,97414.40781440781,2274.0,2101.0,1249.0,1867.0,1508.0,15908.0,-3600.0,993.0,-588.0,125.0,-463.0,-1406.0,-769.0,33592.0,5628160.0,2268.0,2707.0,0.0
10167426000,0.010265421947697738,97414.40781440781,2254.0,2097.0,1250.0,1870.0,1412.0,15968.0,-3568.0,1038.0,-607.0,176.0,-471.0,-1412.0,-762.0,33592.0,5627904.0,2247.0,2700.0,0.0
10167682000,0.010265421947697738,97414.40781440781,2265.0,2099.0,1249.0,1870.0,1436.0,15916.0,-3492.0,1017.0,-586.0,152.0,-471.0,-1408.0,-763.0,33592.0,5627904.0,2261.0,2707.0,0.0
10167938000,0.010265421947697738,97414.40781440781,2278.0,2098.0,1250.0,1869.0,1448.0,15860.0,-3548.0,987.0,-585.0,200.0,-468.0,-1404.0,-767.0,33592.0,5627904.0,2268.0,2709.0,0.0
10168194000,0.010265421947697738,97414.40781440781,2289.0,2098.0,1250.0,1870.0,1460.0,15856.0,-3564.0,994.0,-586.0,191.0,-465.0,-1403.0,-760.0,33592.0,5627904.0,2270.0,2707.0,0.0
10168450000,0.010265421947697738,97414.40781440781,2264.0,2101.0,1252.0,1868.0,1464.0,15832.0,-3592.0,1023.0,-597.0,194.0,-465.0,-1403.0,-760.0,33592.0,5627904.0,2252.0,2699.0,0.0
10168706000,0.010265421947697738,97414.40781440781,2265.0,2099.0,1250.0,1868.0,1464.0,15780.0,-3576.0,1009.0,-614.0,157.0,-465.0,-1403.0,-766.0,33592.0,5627904.0,2258.0,2708.0,0.0
10168962000,0.010265421947697738,97414.40781440781,2265.0,2096.0,1246.0,1873.0,1420.0,15880.0,-3532.0,1014.0,-624.0,99.0,-476.0,-1409.0,-767.0,33592.0,5628160.0,2260.0,2708.0,0.0
10169218000,0.010265421947697738,97414.40781440781,2282.0,2094.0,1246.0,1873.0,1388.0,15940.0,-3456.0,1051.0,-583.0,90.0,-469.0,-1409.0,-764.0,33592.0,5628160.0,2267.0,2707.0,0.0
10169474000,0.010265421947697738,97414.40781440781,2263.0,2092.0,1248.0,1874.0,1352.0,15904.0,-3504.0,970.0,-521.0,37.0,-469.0,-1409.0,-764.0,33592.0,5628672.0,2251.0,2699.0,0.0
10169730000,0.010265421947697738,97414.40781440781,2264.0,2093.0,1250.0,1873.0,1376.0,15872.0,-3472.0,945.0,-414.0,1.0,-474.0,-1410.0,-768.0,33592.0,5628672.0,2258.0,2708.0,0.0
10169986000,0.010265421947697738,97414.40781440781,2270.0,2095.0,1247.0,1869.0,1404.0,15972.0,-3620.0,962.0,-395.0,-4.0,-477.0,-1416.0,-766.0,33592.0,5628416.0,2261.0,2708.0,0.0
10170242000,0.010265421947697738,97414.40781440781,2274.0,2092.0,1247.0,1870.0,1324.0,15960.0,-3608.0,1003.0,-432.0,-17.0,-477.0,-1410.0,-769.0,33592.0,5628416.0,2262.0,2708.0,0.0
10170498000,0.010265421947697738,97414.40781440781,2240.0,2095.0,1247.0,1873.0,1336.0,15932.0,-3428.0,975.0,-415.0,-27.0,-482.0,-1409.0,-758.0,33592.0,5628416.0,2242.0,2698.0,0.0
10170754000,0.010265421947697738,97414.40781440781,2254.0,2098.0,1248.0,1871.0,1388.0,15916.0,-3484.0,954.0,-398.0,-6.0,-482.0,-1409.0,-758.0,33592.0,5628416.0,2259.0,2707.0,0.0
10171010000,0.010265421947697738,97414.40781440781,2273.0,2099.0,1248.0,1870.0,1488.0,15888.0,-3584.0,990.0,-466.0,16.0,-474.0,-1412.0,-767.0,33592.0,5628160.0,2266.0,2707.0,0.0
10171266000,0.010265421947697738,97414.40781440781,2276.0,2099.0,1249.0,1867.0,1480.0,15904.0,-3556.0,995.0,-460.0,23.0,-471.0,-1415.0,-768.0,33592.0,5628160.0,2264.0,2708.0,0.0
10171522000,0.010265421947697738,97414.40781440781,2248.0,2100.0,1250.0,1871.0,1480.0,15904.0,-3516.0,969.0,-473.0,13.0,-473.0,-1409.0,-769.0,33592.0,5628416.0,2245.0,2700.0,0.0
10171778000,0.010265421947697738,97414.40781440781,2259.0,2101.0,1251.0,1870.0,1488.0,15808.0,-3496.0,973.0,-450.0,42.0,-480.0,-1406.0,-771.0,33592.0,5628416.0,2259.0,2707.0,0.0
10172034000,0.010265421947697738,97414.40781440781,2280.0,2098.0,1250.0,1870.0,1476.0,15864.0,-3540.0,961.0,-456.0,0.0,-480.0,-1406.0,-771.0,33592.0,5628416.0,2267.0,2707.0,0.0
10172290000,0.010265421947697738,97414.40781440781,2293.0,2097.0,1246.0,1869.0,1420.0,15968.0,-3600.0,999.0,-475.0,-31.0,-473.0,-1411.0,-765.0,33592.0,5628416.0,2272.0,2709.0,0.0
10172546000,0.010265421947697738,97414.40781440781,2272.0,2095.0,1246.0,1871.0,1372.0,15956.0,-3536.0,1007.0,-489.0,-35.0,-478.0,-1412.0,-768.0,33592.0,5628416.0,2253.0,2699.0,0.0
10172802000,0.010265421947697738,97414.40781440781,2273.0,2092.0,1247.0,1870.0,1340.0,15928.0,-3500.0,1027.0,-540.0,-30.0,-472.0,-1409.0,-766.0,33592.0,5628416.0,2259.0,2708.0,0.0
10173058000,0.010265421947697738,97414.40781440781,2280.0,2092.0,1244.0,1872.0,1356.0,15968.0,-3504.0,1077.0,-567.0,-30.0,-472.0,-1409.0,-766.0,33592.0,5628160.0,2266.0,2707.0,0.0
10173314000,0.010265421947697738,97414.40781440781,2281.0,2091.0,1245.0,1875.0,1316.0,15988.0,-3512.0,1122.0,-632.0,4.0,-468.0,-1411.0,-770.0,33592.0,5628160.0,2264.0,2708.0,0.0
10173570000,0.010265421947697738,97414.40781440781,2259.0,2091.0,1246.0,1876.0,1292.0,16008.0,-3460.0,1117.0,-615.0,30.0,-468.0,-1410.0,-769.0,33592.0,5627904.0,2250.0,2699.0,0.0
10173826000,0.010265421947697738,97414.40781440781,2268.0,2097.0,1249.0,1876.0,1376.0,15880.0,-3380.0,1096.0,-605.0,24.0,-473.0,-1408.0,-773.0,33592.0,5627904.0,2262.0,2707.0,0.0
10174082000,0.010265421947697738,97414.40781440781,2279.0,2099.0,1250.0,1876.0,1468.0,15868.0,-3404.0,1096.0,-581.0,29.0,-472.0,-1409.0,-768.0,33592.0,5627904.0,2268.0,2707.0,0.0
10174338000,0.010265421947697738,97414.40781440781,2283.0,2098.0,1248.0,1873.0,1420.0,15896.0,-3444.0,1082.0,-522.0,-42.0,-472.0,-1409.0,-768.0,33592.0,5627904.0,2265.0,2708.0,0.0
10174594000,0.010265421947697738,97414.40781440781,2248.0,2096.0,1246.0,1875.0,1376.0,15912.0,-3468.0,1057.0,-475.0,-66.0,-482.0,-1402.0,-768.0,33592.0,5627648.0,2244.0,2698.0,0.0
10174850000,0.010265421947697738,97414.40781440781,2249.0,2094.0,1246.0,1877.0,1340.0,15912.0,-3416.0,1026.0,-425.0,-74.0,-473.0,-1399.0,-768.0,33592.0,5627648.0,2254.0,2708.0,0.0
10175106000,0.010265421947697738,97414.40781440781,2260.0,2093.0,1246.0,1875.0,1344.0,15956.0,-3388.0,1017.0,-405.0,-124.0,-477.0,-1402.0,-774.0,33592.0,5628416.0,2259.0,2708.0,0.0
10175362000,0.010265421947697738,97414.40781440781,2274.0,2093.0,1248.0,1879.0,1396.0,15972.0,-3412.0,971.0,-376.0,-135.0,-467.0,-1409.0,-773.0,33592.0,5628416.0,2266.0,2707.0,0.0
10175618000,0.010265421947697738,97414.40781440781,2242.0,2096.0,1247.0,1881.0,1420.0,15944.0,-3372.0,929.0,-335.0,-165.0,-467.0,-1409.0,-773.0,33592.0,5627904.0,2244.0,2698.0,0.0
10175874000,0.010265421947697738,97414.40781440781,2254.0,2096.0,1246.0,1883.0,1412.0,15936.0,-3352.0,935.0,-306.0,-171.0,-472.0,-1403.0,-769.0,33592.0,5627904.0,2260.0,2707.0,0.0
10176130000,0.010265421947697738,97414.40781440781,2272.0,2097.0,1246.0,1880.0,1412.0,15960.0,-3336.0,898.0,-236.0,-173.0,-471.0,-1406.0,-769.0,33592.0,5628160.0,2268.0,2709.0,0.0
10176386000,0.010265421947697738,97414.40781440781,2293.0,2098.0,1245.0,1879.0,1448.0,15932.0,-3340.0,869.0,-202.0,-150.0,-476.0,-1406.0,-764.0,33592.0,5628160.0,2271.0,2707.0,0.0
10176642000,0.010265421947697738,97414.40781440781,2250.0,2098.0,1246.0,1878.0,1456.0,15956.0,-3432.0,850.0,-190.0,-119.0,-475.0,-1407.0,-772.0,33592.0,5628416.0,2244.0,2697.0,0.0
10176898000,0.010265421947697738,97414.40781440781,2255.0,2097.0,1247.0,1874.0,1440.0,15976.0,-3472.0,817.0,-167.0,-145.0,-475.0,-1407.0,-772.0,33592.0,5628416.0,2255.0,2708.0,0.0
10177154000,0.010265421947697738,97414.40781440781,2267.0,2097.0,1248.0,1871.0,1456.0,15972.0,-3440.0,838.0,-192.0,-118.0,-480.0,-1416.0,-770.0,33592.0,5628160.0,2264.0,2707.0,0.0
10177410000,0.010265421947697738,97414.40781440781,2279.0,2097.0,1247.0,1872.0,1404.0,15936.0,-3464.0,858.0,-249.0,-99.0,-472.0,-1406.0,-765.0,33592.0,5628160.0,2268.0,2707.0,0.0
10177666000,0.010265421947697738,97414.40781440781,2263.0,2099.0,1248.0,1873.0,1472.0,15948.0,-3440.0,865.0,-308.0,-74.0,-481.0,-1410.0,-770.0,33592.0,5628416.0,2251.0,2699.0,0.0
10177922000,0.010265421947697738,97414.40781440781,2274.0,2097.0,1248.0,1872.0,1388.0,15972.0,-3480.0,898.0,-331.0,-44.0,-481.0,-1410.0,-770.0,33592.0,5628416.0,2263.0,2707.0,0.0
10178178000,0.010265421947697738,97414.40781440781,2262.0,2096.0,1248.0,1874.0,1412.0,15924.0,-3528.0,910.0,-391.0,-30.0,-481.0,-1409.0,-768.0,33592.0,5628416.0,2251.0,2701.0,0.0
10178434000,0.010265421947697738,97414.40781440781,2263.0,2097.0,1249.0,1876.0,1416.0,15908.0,-3464.0,926.0,-376.0,-42.0,-480.0,-1410.0,-763.0,33592.0,5628416.0,2258.0,2708.0,0.0
10178690000,0.010265421947697738,97414.40781440781,2228.0,2097.0,1249.0,1875.0,1412.0,15924.0,-3388.0,923.0,-381.0,-54.0,-477.0,-1407.0,-770.0,33592.0,5628416.0,2240.0,2698.0,0.0
10178946000,0.010265421947697738,97414.40781440781,2243.0,2097.0,1249.0,1876.0,1428.0,15900.0,-3408.0,921.0,-351.0,-53.0,-477.0,-1405.0,-769.0,33592.0,5628416.0,2258.0,2707.0,0.0
10179202000,0.010265421947697738,97414.40781440781,2265.0,2098.0,1247.0,1877.0,1448.0,15892.0,-3428.0,875.0,-331.0,-32.0,-477.0,-1405.0,-769.0,33592.0,5627904.0,2266.0,2707.0,0.0
10179458000,0.010265421947697738,97414.40781440781,2273.0,2097.0,1249.0,1874.0,1424.0,15920.0,-3408.0,888.0,-329.0,-17.0,-478.0,-1409.0,-774.0,33592.0,5627904.0,2264.0,2708.0,0.0
10179714000,0.010265421947697738,97414.40781440781,2246.0,2097.0,1247.0,1872.0,1400.0,15912.0,-3468.0,873.0,-367.0,-29.0,-476.0,-1408.0,-765.0,33592.0,5628416.0,2243.0,2698.0,0.0
10179970000,0.010265421947697738,97414.40781440781,2259.0,2096.0,1246.0,1875.0,1428.0,15932.0,-3460.0,927.0,-389.0,11.0,-467.0,-1408.0,-770.0,33592.0,5628416.0,2259.0,2707.0,0.0
10180226000,0.010265421947697738,97414.40781440781,2273.0,2098.0,1248.0,1875.0,1416.0,15940.0,-3484.0,924.0,-406.0,-5.0,-468.0,-1408.0,-765.0,33592.0,5628160.0,2266.0,2707.0,0.0
10180482000,0.010265421947697738,97414.40781440781,2276.0,2098.0,1250.0,1880.0,1496.0,15888.0,-3448.0,952.0,-405.0,-34.0,-468.0,-1408.0,-765.0,33592.0,5628160.0,2264.0,2708.0,0.0
10180738000,0.010265421947697738,97414.40781440781,2248.0,2098.0,1249.0,1878.0,1456.0,15900.0,-3344.0,927.0,-402.0,-29.0,-468.0,-1406.0,-765.0,33592.0,5628416.0,2243.0,2698.0,0.0
10180994000,0.010265421947697738,97414.40781440781,2248.0,2097.0,1246.0,1877.0,1412.0,15908.0,-3424.0,920.0,-356.0,-33.0,-470.0,-1410.0,-766.0,33592.0,5628416.0,2254.0,2708.0,0.0
10181250000,0.010265421947697738,97414.40781440781,2262.0,2097.0,1250.0,1876.0,1440.0,15880.0,-3428.0,920.0,-356.0,-33.0,-469.0,-1409.0,-767.0,33592.0,5627904.0,2264.0,2707.0,0.0
10181506000,0.010265421947697738,97414.40781440781,2280.0,2095.0,1248.0,1876.0,1428.0,15896.0,-3460.0,909.0,-355.0,-64.0,-469.0,-1409.0,-767.0,33592.0,5627904.0,2269.0,2707.0,0.0
10181762000,0.010265421947697738,97414.40781440781,2246.0,2094.0,1247.0,1879.0,1400.0,15924.0,-3448.0,926.0,-338.0,-98.0,-469.0,-1410.0,-773.0,33592.0,5628416.0,2244.0,2697.0,0.0
10182018000,0.010265421947697738,97414.40781440781,2255.0,2092.0,1247.0,1878.0,1404.0,15960.0,-3404.0,928.0,-323.0,-120.0,-467.0,-1406.0,-771.0,33592.0,5628416.0,2260.0,2707.0,0.0
10182274000,0.010265421947697738,97414.40781440781,2277.0,2095.0,1248.0,1877.0,1368.0,15936.0,-3408.0,946.0,-265.0,-123.0,-472.0,-1408.0,-771.0,33592.0,5628416.0,2267.0,2707.0,0.0
10182530000,0.010265421947697738,97414.40781440781,2289.0,2096.0,1247.0,1875.0,1396.0,15920.0,-3468.0,944.0,-279.0,-107.0,-468.0,-1412.0,-766.0,33592.0,5628416.0,2270.0,2707.0,0.0
10182786000,0.010265421947697738,97414.40781440781,2240.0,2096.0,1247.0,1876.0,1424.0,15944.0,-3524.0,976.0,-277.0,-102.0,-468.0,-1412.0,-766.0,33592.0,5627904.0,2237.0,2696.0,0.0
10183042000,0.010265421947697738,97414.40781440781,2239.0,2098.0,1247.0,1877.0,1440.0,15928.0,-3432.0,1006.0,-302.0,-91.0,-470.0,-1407.0,-772.0,33592.0,5627904.0,2252.0,2708.0,0.0
10183298000,0.010265421947697738,97414.40781440781,2262.0,2098.0,1246.0,1878.0,1500.0,15952.0,-3416.0,1003.0,-353.0,-97.0,-472.0,-1405.0,-771.0,33592.0,5628160.0,2263.0,2707.0,0.0
10183554000,0.010265421947697738,97414.40781440781,2276.0,2099.0,1248.0,1880.0,1452.0,15928.0,-3420.0,1021.0,-377.0,-64.0,-474.0,-1405.0,-768.0,33592.0,5628160.0,2268.0,2707.0,0.0
10183810000,0.010265421947697738,97414.40781440781,2226.0,2101.0,1248.0,1882.0,1548.0,15912.0,-3364.0,1008.0,-397.0,-70.0,-474.0,-1405.0,-768.0,33592.0,5627904.0,2236.0,2696.0,0.0
10184066000,0.010265421947697738,97414.40781440781,2239.0,2101.0,1248.0,1880.0,1512.0,15924.0,-3344.0,965.0,-369.0,-84.0,-474.0,-1411.0,-773.0,33592.0,5627904.0,2256.0,2707.0,0.0
10184322000,0.010265421947697738,97414.40781440781,2251.0,2101.0,1246.0,1880.0,1468.0,15928.0,-3300.0,930.0,-363.0,-74.0,-476.0,-1414.0,-775.0,33592.0,5627904.0,2260.0,2708.0,0.0
10184578000,0.010265421947697738,97414.40781440781,2275.0,2099.0,1248.0,1876.0,1444.0,15928.0,-3444.0,924.0,-349.0,-80.0,-466.0,-1405.0,-763.0,33592.0,5627904.0,2267.0,2707.0,0.0
10184834000,0.010265421947697738,97414.40781440781,2226.0,2099.0,1249.0,1874.0,1504.0,15912.0,-3480.0,942.0,-381.0,-43.0,-481.0,-1399.0,-768.0,33592.0,5628160.0,2236.0,2696.0,0.0
10185090000,0.010265421947697738,97414.40781440781,2234.0,2099.0,1245.0,1877.0,1448.0,15920.0,-3460.0,965.0,-387.0,-37.0,-481.0,-1399.0,-768.0,33592.0,5628160.0,2251.0,2708.0,0.0
10185346000,0.010265421947697738,97414.40781440781,2248.0,2100.0,1248.0,1878.0,1492.0,15944.0,-3400.0,973.0,-387.0,-13.0,-476.0,-1410.0,-770.0,33592.0,5628416.0,2257.0,2708.0,0.0
10185602000,0.010265421947697738,97414.40781440781,2255.0,2098.0,1249.0,1879.0,1444.0,15888.0,-3368.0,995.0,-455.0,11.0,-476.0,-1410.0,-772.0,33592.0,5628416.0,2260.0,2708.0,0.0
10185858000,0.010265421947697738,97414.40781440781,2224.0,2097.0,1246.0,1882.0,1448.0,15940.0,-3296.0,991.0,-449.0,-17.0,-474.0,-1411.0,-763.0,33592.0,5628672.0,2240.0,2697.0,0.0
10186114000,0.010265421947697738,97414.40781440781,2241.0,2099.0,1247.0,1881.0,1488.0,15900.0,-3316.0,986.0,-455.0,-3.0,-480.0,-1411.0,-765.0,33592.0,5628672.0,2258.0,2707.0,0.0
10186370000,0.010265421947697738,97414.40781440781,2264.0,2099.0,1247.0,1881.0,1508.0,15916.0,-3304.0,968.0,-426.0,-41.0,-480.0,-1411.0,-765.0,33592.0,5628416.0,2266.0,2707.0,0.0
10186626000,0.010265421947697738,97414.40781440781,2272.0,2097.0,1248.0,1884.0,1436.0,15912.0,-3276.0,957.0,-394.0,-28.0,-474.0,-1414.0,-773.0,33592.0,5628416.0,2264.0,2708.0,0.0
10186882000,0.010265421947697738,97414.40781440781,2229.0,2095.0,1244.0,1879.0,1452.0,15952.0,-3356.0,969.0,-388.0,-57.0,-478.0,-1406.0,-769.0,33592.0,5628160.0,2235.0,2696.0,0.0
10187138000,0.010265421947697738,97414.40781440781,2239.0,2095.0,1244.0,1877.0,1460.0,15940.0,-3380.0,956.0,-406.0,-54.0,-476.0,-1414.0,-767.0,33592.0,5628160.0,2256.0,2707.0,0.0
10187394000,0.010265421947697738,97414.40781440781,2261.0,2096.0,1245.0,1879.0,1460.0,15984.0,-3380.0,966.0,-448.0,-49.0,-476.0,-1414.0,-767.0,33592.0,5628416.0,2265.0,2707.0,0.0
10187650000,0.010265421947697738,97414.40781440781,2282.0,2096.0,1246.0,1878.0,1440.0,15936.0,-3288.0,983.0,-453.0,-42.0,-494.0,-1408.0,-766.0,33592.0,5628416.0,2269.0,2707.0,0.0
10187906000,0.010265421947697738,97414.40781440781,2236.0,2097.0,1246.0,1881.0,1440.0,16008.0,-3232.0,960.0,-463.0,-62.0,-473.0,-1406.0,-772.0,33592.0,5628160.0,2237.0,2696.0,0.0
10188162000,0.010265421947697738,97414.40781440781,2241.0,2095.0,1244.0,1881.0,1412.0,16016.0,-3284.0,973.0,-468.0,-17.0,-472.0,-1410.0,-769.0,33592.0,5628160.0,2251.0,2708.0,0.0
10188418000,0.010265421947697738,97414.40781440781,2257.0,2097.0,1244.0,1880.0,1448.0,15928.0,-3296.0,910.0,-393.0,-37.0,-471.0,-1407.0,-773.0,33592.0,5628416.0,2262.0,2707.0,0.0
10188674000,0.010265421947697738,97414.40781440781,2272.0,2102.0,1247.0,1881.0,1500.0,15960.0,-3300.0,890.0,-356.0,-44.0,-471.0,-1407.0,-773.0,33592.0,5628416.0,2268.0,2707.0,0.0
10188930000,0.010265421947697738,97414.40781440781,2232.0,2102.0,1247.0,1879.0,1508.0,15932.0,-3308.0,892.0,-342.0,-45.0,-465.0,-1404.0,-768.0,33592.0,5628672.0,2237.0,2696.0,0.0
10189186000,0.010265421947697738,97414.40781440781,2240.0,2098.0,1245.0,1879.0,1464.0,15976.0,-3344.0,900.0,-348.0,-70.0,-472.0,-1406.0,-770.0,33592.0,5628672.0,2256.0,2707.0,0.0
10189442000,0.010265421947697738,97414.40781440781,2251.0,2100.0,1245.0,1876.0,1472.0,15936.0,-3436.0,932.0,-406.0,-73.0,-468.0,-1408.0,-772.0,33592.0,5628160.0,2260.0,2708.0,0.0
10189698000,0.010265421947697738,97414.40781440781,2256.0,2098.0,1245.0,1878.0,1456.0,15944.0,-3440.0,941.0,-431.0,-73.0,-466.0,-1404.0,-766.0,33592.0,5628160.0,2260.0,2706.0,0.0
10189954000,0.010265421947697738,97414.40781440781,2223.0,2098.0,1246.0,1880.0,1468.0,15932.0,-3340.0,981.0,-479.0,-48.0,-466.0,-1404.0,-766.0,33592.0,5628160.0,2238.0,2695.0,0.0
10190210000,0.010265421947697738,97414.40781440781,2230.0,2099.0,1246.0,1880.0,1480.0,15944.0,-3276.0,956.0,-452.0,-48.0,-466.0,-1407.0,-770.0,33592.0,5628160.0,2252.0,2708.0,0.0
10190466000,0.010265421947697738,97414.40781440781,2244.0,2101.0,1248.0,1882.0,1524.0,15896.0,-3300.0,952.0,-441.0,-47.0,-475.0,-1410.0,-767.0,33592.0,5628672.0,2257.0,2708.0,0.0
10190722000,0.010265421947697738,97414.40781440781,2265.0,2100.0,1248.0,1881.0,1516.0,15876.0,-3340.0,962.0,-426.0,-62.0,-480.0,-1411.0,-769.0,33592.0,5628672.0,2265.0,2707.0,0.0
10190978000,0.010265421947697738,97414.40781440781,2228.0,2100.0,1247.0,1880.0,1476.0,15924.0,-3340.0,940.0,-406.0,-92.0,-478.0,-1411.0,-769.0,33592.0,5628160.0,2240.0,2695.0,0.0
10191234000,0.010265421947697738,97414.40781440781,2238.0,2096.0,1247.0,1883.0,1428.0,15924.0,-3256.0,950.0,-369.0,-88.0,-478.0,-1411.0,-769.0,33592.0,5628160.0,2253.0,2708.0,0.0
10191490000,0.010265421947697738,97414.40781440781,2257.0,2096.0,1244.0,1887.0,1388.0,16004.0,-3180.0,894.0,-334.0,-72.0,-480.0,-1412.0,-768.0,33592.0,5628416.0,2264.0,2707.0,0.0
10191746000,0.010265421947697738,97414.40781440781,2272.0,2097.0,1247.0,1882.0,1512.0,15924.0,-3328.0,885.0,-283.0,-50.0,-480.0,-1406.0,-763.0,33592.0,5628416.0,2263.0,2708.0,0.0
10192002000,0.010265421947697738,97414.40781440781,2237.0,2101.0,1248.0,1882.0,1532.0,15896.0,-3312.0,879.0,-270.0,-93.0,-481.0,-1411.0,-770.0,33592.0,5628416.0,2239.0,2695.0,0.0
10192258000,0.010265421947697738,97414.40781440781,2247.0,2098.0,1248.0,1882.0,1496.0,15928.0,-3348.0,892.0,-271.0,-99.0,-481.0,-1411.0,-770.0,33592.0,5628416.0,2257.0,2707.0,0.0
10192514000,0.010265421947697738,97414.40781440781,2261.0,2099.0,1245.0,1878.0,1472.0,15908.0,-3348.0,864.0,-299.0,-108.0,-481.0,-1408.0,-773.0,33592.0,5628160.0,2261.0,2708.0,0.0
10192770000,0.010265421947697738,97414.40781440781,2281.0,2097.0,1247.0,1877.0,1464.0,15912.0,-3364.0,868.0,-297.0,-76.0,-474.0,-1409.0,-772.0,33592.0,5628160.0,2267.0,2707.0,0.0
10193026000,0.010265421947697738,97414.40781440781,2243.0,2096.0,1248.0,1879.0,1428.0,15880.0,-3420.0,892.0,-338.0,-110.0,-482.0,-1406.0,-765.0,33592.0,5627904.0,2241.0,2695.0,0.0
10193282000,0.010265421947697738,97414.40781440781,2251.0,2098.0,1248.0,1882.0,1472.0,15916.0,-3372.0,894.0,-343.0,-117.0,-485.0,-1408.0,-769.0,33592.0,5627904.0,2258.0,2707.0,0.0
10193538000,0.010265421947697738,97414.40781440781,2270.0,2095.0,1247.0,1882.0,1476.0,15924.0,-3340.0,922.0,-333.0,-98.0,-485.0,-1408.0,-769.0,33592.0,5628928.0,2266.0,2707.0,0.0
10193794000,0.010265421947697738,97414.40781440781,2275.0,2096.0,1246.0,1883.0,1392.0,15952.0,-3276.0,885.0,-318.0,-104.0,-475.0,-1410.0,-774.0,33592.0,5628928.0,2264.0,2708.0,0.0
10194050000,0.010265421947697738,97414.40781440781,2235.0,2098.0,1247.0,1883.0,1452.0,15920.0,-3268.0,913.0,-261.0,-93.0,-475.0,-1407.0,-771.0,33592.0,5627904.0,2240.0,2695.0,0.0
10194306000,0.010265421947697738,97414.40781440781,2248.0,2098.0,1247.0,1883.0,1468.0,15920.0,-3332.0,889.0,-231.0,-92.0,-472.0,-1406.0,-766.0,33592.0,5627904.0,2258.0,2707.0,0.0
10194562000,0.010265421947697738,97414.40781440781,2267.0,2100.0,1247.0,1877.0,1504.0,15928.0,-3412.0,933.0,-245.0,-71.0,-492.0,-1407.0,-767.0,33592.0,5628672.0,2266.0,2707.0,0.0
10194818000,0.010265421947697738,97414.40781440781,2286.0,2099.0,1249.0,1878.0,1544.0,15936.0,-3460.0,969.0,-297.0,-45.0,-492.0,-1407.0,-767.0,33592.0,5628672.0,2270.0,2707.0,0.0
10195074000,0.010265421947697738,97414.40781440781,2237.0,2102.0,1247.0,1876.0,1560.0,15896.0,-3388.0,969.0,-373.0,-52.0,-469.0,-1408.0,-764.0,33592.0,5628416.0,2235.0,2694.0,0.0
10195330000,0.010265421947697738,97414.40781440781,2243.0,2101.0,1248.0,1878.0,1584.0,15952.0,-3380.0,992.0,-391.0,4.0,-470.0,-1404.0,-761.0,33592.0,5628416.0,2256.0,2707.0,0.0
10195586000,0.010265421947697738,97414.40781440781,2265.0,2103.0,1248.0,1880.0,1552.0,15932.0,-3320.0,1000.0,-450.0,20.0,-470.0,-1404.0,-766.0,33592.0,5627904.0,2265.0,2707.0,0.0
10195842000,0.010265421947697738,97414.40781440781,2282.0,2104.0,1251.0,1886.0,1540.0,15848.0,-3272.0,969.0,-452.0,20.0,-470.0,-1404.0,-766.0,33592.0,5627904.0,2269.0,2707.0,0.0
10196098000,0.010265421947697738,97414.40781440781,2236.0,2098.0,1251.0,1884.0,1540.0,15824.0,-3216.0,951.0,-454.0,-15.0,-472.0,-1408.0,-768.0,33592.0,5629184.0,2235.0,2694.0,0.0
10196354000,0.010265421947697738,97414.40781440781,2242.0,2097.0,1249.0,1884.0,1496.0,15840.0,-3224.0,902.0,-396.0,-16.0,-472.0,-1404.0,-768.0,33592.0,5629184.0,2256.0,2707.0,0.0
10196610000,0.010265421947697738,97414.40781440781,2257.0,2097.0,1248.0,1882.0,1468.0,15852.0,-3264.0,878.0,-376.0,-31.0,-464.0,-1407.0,-772.0,33592.0,5628160.0,2259.0,2708.0,0.0
10196866000,0.010265421947697738,97414.40781440781,2277.0,2098.0,1247.0,1884.0,1428.0,15936.0,-3224.0,825.0,-298.0,1.0,-470.0,-1405.0,-768.0,33592.0,5628160.0,2267.0,2707.0,0.0
10197122000,0.010265421947697738,97414.40781440781,2225.0,2100.0,1250.0,1882.0,1444.0,15936.0,-3368.0,814.0,-261.0,2.0,-470.0,-1405.0,-768.0,33592.0,5627904.0,2233.0,2693.0,0.0
10197378000,0.010265421947697738,97414.40781440781,2230.0,2101.0,1248.0,1878.0,1560.0,15912.0,-3392.0,820.0,-246.0,-23.0,-473.0,-1411.0,-766.0,33592.0,5627904.0,2249.0,2708.0,0.0
10197634000,0.010265421947697738,97414.40781440781,2239.0,2102.0,1246.0,1876.0,1556.0,15940.0,-3368.0,840.0,-252.0,2.0,-473.0,-1404.0,-765.0,33592.0,5628416.0,2256.0,2708.0,0.0
10197890000,0.010265421947697738,97414.40781440781,2263.0,2100.0,1247.0,1874.0,1520.0,15912.0,-3468.0,864.0,-310.0,10.0,-481.0,-1403.0,-764.0,33592.0,5628416.0,2265.0,2707.0,0.0
10198146000,0.010265421947697738,97414.40781440781,2211.0,2102.0,1248.0,1874.0,1476.0,15932.0,-3492.0,864.0,-310.0,10.0,-484.0,-1404.0,-766.0,33592.0,5628672.0,2232.0,2693.0,0.0
10198402000,0.010265421947697738,97414.40781440781,2229.0,2098.0,1248.0,1875.0,1516.0,15936.0,-3436.0,936.0,-391.0,1.0,-484.0,-1404.0,-766.0,33592.0,5628672.0,2254.0,2707.0,0.0
10198658000,0.010265421947697738,97414.40781440781,2259.0,2100.0,1248.0,1877.0,1456.0,15872.0,-3400.0,991.0,-389.0,8.0,-478.0,-1410.0,-767.0,33592.0,5628672.0,2266.0,2708.0,0.0
10198914000,0.010265421947697738,97414.40781440781,2280.0,2098.0,1249.0,1880.0,1484.0,15892.0,-3376.0,976.0,-409.0,7.0,-474.0,-1406.0,-770.0,33592.0,5628672.0,2269.0,2707.0,0.0
10199170000,0.010265421947697738,97414.40781440781,2227.0,2097.0,1250.0,1883.0,1428.0,15824.0,-3260.0,996.0,-424.0,0.0,-477.0,-1407.0,-768.0,33592.0,5628416.0,2234.0,2693.0,0.0
10199426000,0.010265421947697738,97414.40781440781,2241.0,2094.0,1249.0,1884.0,1444.0,15880.0,-3280.0,988.0,-394.0,-54.0,-477.0,-1407.0,-768.0,33592.0,5628416.0,2255.0,2707.0,0.0
10199682000,0.010265421947697738,97414.40781440781,2260.0,2094.0,1246.0,1885.0,1340.0,15944.0,-3212.0,971.0,-367.0,-64.0,-476.0,-1405.0,-769.0,33592.0,5628416.0,2264.0,2707.0,0.0
10199938000,0.010265421947697738,97414.40781440781,2281.0,2096.0,1248.0,1884.0,1412.0,15924.0,-3280.0,960.0,-334.0,-20.0,-476.0,-1412.0,-772.0,33592.0,5628416.0,2269.0,2707.0,0.0
10200194000,0.010265421947697738,97414.40781440781,2234.0,2097.0,1246.0,1886.0,1436.0,15936.0,-3236.0,931.0,-305.0,-37.0,-482.0,-1404.0,-762.0,33592.0,5628672.0,2235.0,2694.0,0.0
10200450000,0.010265421947697738,97414.40781440781,2232.0,2098.0,1246.0,1886.0,1492.0,15952.0,-3300.0,927.0,-254.0,-34.0,-482.0,-1411.0,-771.0,33592.0,5628672.0,2249.0,2706.0,0.0
10200706000,0.010265421947697738,97414.40781440781,2252.0,2099.0,1243.0,1882.0,1468.0,15984.0,-3292.0,948.0,-255.0,-24.0,-482.0,-1411.0,-771.0,33592.0,5628672.0,2261.0,2707.0,0.0
10200962000,0.010265421947697738,97414.40781440781,2272.0,2101.0,1242.0,1882.0,1492.0,16004.0,-3348.0,956.0,-272.0,-42.0,-474.0,-1406.0,-767.0,33592.0,5628672.0,2268.0,2707.0,0.0
10201218000,0.010265421947697738,97414.40781440781,2229.0,2102.0,1244.0,1881.0,1488.0,16044.0,-3388.0,970.0,-316.0,-23.0,-477.0,-1410.0,-764.0,33592.0,5627904.0,2235.0,2694.0,0.0
10201474000,0.010265421947697738,97414.40781440781,2244.0,2101.0,1243.0,1880.0,1512.0,15992.0,-3288.0,994.0,-365.0,10.0,-472.0,-1405.0,-775.0,33592.0,5627904.0,2255.0,2707.0,0.0
10201730000,0.010265421947697738,97414.40781440781,2264.0,2098.0,1243.0,1886.0,1468.0,15980.0,-3300.0,996.0,-373.0,17.0,-469.0,-1403.0,-770.0,33592.0,5628416.0,2265.0,2707.0,0.0
10201986000,0.010265421947697738,97414.40781440781,2283.0,2102.0,1245.0,1883.0,1552.0,15944.0,-3280.0,986.0,-387.0,43.0,-469.0,-1403.0,-770.0,33592.0,5628416.0,2269.0,2707.0,0.0
10202242000,0.010265421947697738,97414.40781440781,2232.0,2098.0,1247.0,1886.0,1492.0,15952.0,-3188.0,987.0,-396.0,40.0,-468.0,-1408.0,-771.0,33592.0,5628160.0,2236.0,2694.0,0.0
10202498000,0.010265421947697738,97414.40781440781,2245.0,2098.0,1244.0,1889.0,1412.0,15928.0,-3208.0,983.0,-398.0,42.0,-474.0,-1410.0,-774.0,33592.0,5628160.0,2255.0,2707.0,0.0
10202754000,0.010265421947697738,97414.40781440781,2253.0,2096.0,1246.0,1889.0,1460.0,15960.0,-3160.0,977.0,-398.0,48.0,-472.0,-1412.0,-769.0,33592.0,5627904.0,2258.0,2706.0,0.0
10203010000,0.010265421947697738,97414.40781440781,2270.0,2095.0,1243.0,1888.0,1440.0,15956.0,-3216.0,934.0,-397.0,14.0,-472.0,-1412.0,-769.0,33592.0,5627904.0,2266.0,2707.0,0.0
10203266000,0.010265421947697738,97414.40781440781,2224.0,2096.0,1243.0,1889.0,1440.0,15936.0,-3208.0,930.0,-387.0,16.0,-474.0,-1409.0,-769.0,33592.0,5628160.0,2234.0,2694.0,0.0
10203522000,0.010265421947697738,97414.40781440781,2241.0,2097.0,1244.0,1890.0,1468.0,16028.0,-3152.0,944.0,-414.0,-31.0,-472.0,-1410.0,-771.0,33592.0,5628160.0,2255.0,2707.0,0.0
10203778000,0.010265421947697738,97414.40781440781,2256.0,2099.0,1245.0,1888.0,1496.0,15948.0,-3168.0,928.0,-376.0,-18.0,-471.0,-1406.0,-768.0,33592.0,5627904.0,2259.0,2708.0,0.0
10204034000,0.010265421947697738,97414.40781440781,2276.0,2103.0,1244.0,1887.0,1520.0,15964.0,-3192.0,927.0,-380.0,-40.0,-472.0,-1402.0,-771.0,33592.0,5627904.0,2267.0,2707.0,0.0
10204290000,0.010265421947697738,97414.40781440781,2225.0,2099.0,1244.0,1887.0,1504.0,15992.0,-3252.0,939.0,-364.0,-73.0,-472.0,-1402.0,-771.0,33592.0,5628672.0,2233.0,2693.0,0.0
10204546000,0.010265421947697738,97414.40781440781,2237.0,2097.0,1240.0,1886.0,1464.0,16092.0,-3176.0,941.0,-354.0,-72.0,-472.0,-1409.0,-774.0,33592.0,5628672.0,2254.0,2707.0,0.0
10204802000,0.010265421947697738,97414.40781440781,2256.0,2099.0,1243.0,1884.0,1488.0,16044.0,-3200.0,914.0,-296.0,-31.0,-470.0,-1407.0,-773.0,33592.0,5628416.0,2264.0,2707.0,0.0
10205058000,0.010265421947697738,97414.40781440781,2279.0,2100.0,1245.0,1885.0,1540.0,15980.0,-3256.0,878.0,-350.0,-32.0,-479.0,-1408.0,-774.0,33592.0,5628416.0,2269.0,2707.0,0.0
10205314000,0.010265421947697738,97414.40781440781,2216.0,2099.0,1245.0,1885.0,1508.0,15964.0,-3244.0,881.0,-365.0,-20.0,-480.0,-1403.0,-771.0,33592.0,5628672.0,2227.0,2692.0,0.0
10205570000,0.010265421947697738,97414.40781440781,2226.0,2097.0,1245.0,1885.0,1480.0,15988.0,-3212.0,898.0,-397.0,31.0,-480.0,-1403.0,-771.0,33592.0,5628672.0,2252.0,2707.0,0.0
10205826000,0.010265421947697738,97414.40781440781,2255.0,2097.0,1246.0,1883.0,1468.0,15884.0,-3216.0,869.0,-410.0,45.0,-479.0,-1406.0,-771.0,33592.0,5628672.0,2263.0,2707.0,0.0
10206082000,0.010265421947697738,97414.40781440781,2270.0,2098.0,1246.0,1888.0,1484.0,15896.0,-3176.0,867.0,-400.0,26.0,-475.0,-1405.0,-774.0,33592.0,5628672.0,2263.0,2708.0,0.0
10206338000,0.010265421947697738,97414.40781440781,2206.0,2097.0,1246.0,1886.0,1460.0,15908.0,-3200.0,863.0,-418.0,31.0,-484.0,-1403.0,-774.0,33592.0,5628160.0,2225.0,2692.0,0.0
10206594000,0.010265421947697738,97414.40781440781,2223.0,2095.0,1245.0,1887.0,1428.0,15960.0,-3244.0,864.0,-397.0,-7.0,-484.0,-1403.0,-774.0,33592.0,5628160.0,2251.0,2707.0,0.0
10206850000,0.010265421947697738,97414.40781440781,2242.0,2095.0,1245.0,1886.0,1380.0,15960.0,-3232.0,899.0,-419.0,-3.0,-479.0,-1403.0,-771.0,33592.0,5628416.0,2257.0,2708.0,0.0
10207106000,0.010265421947697738,97414.40781440781,2252.0,2093.0,1246.0,1885.0,1408.0,16008.0,-3264.0,875.0,-402.0,15.0,-478.0,-1410.0,-767.0,33592.0,5628416.0,2260.0,2708.0,0.0
10207362000,0.010265421947697738,97414.40781440781,2216.0,2095.0,1243.0,1886.0,1404.0,15992.0,-3208.0,866.0,-390.0,-10.0,-477.0,-1412.0,-771.0,33592.0,5628160.0,2459.0,2686.0,0.0
10207618000,0.010265421947697738,97414.40781440781,2200.0,2096.0,1244.0,1886.0,1404.0,15928.0,-3296.0,868.0,-360.0,-18.0,-471.0,-1410.0,-770.0,33592.0,5628160.0,2350.0,2706.0,0.0
10207874000,0.010265421947697738,97414.40781440781,2106.0,2097.0,1246.0,1885.0,1444.0,15940.0,-3280.0,854.0,-346.0,-42.0,-471.0,-1410.0,-770.0,33592.0,5628672.0,2308.0,2707.0,0.0
10208130000,0.010265421947697738,97414.40781440781,2220.0,2096.0,1245.0,1886.0,1440.0,15932.0,-3264.0,839.0,-303.0,-29.0,-485.0,-1404.0,-778.0,33592.0,5628672.0,2284.0,2708.0,0.0
10208386000,0.010265421947697738,97414.40781440781,2195.0,2098.0,1246.0,1884.0,1444.0,15892.0,-3312.0,839.0,-312.0,-36.0,-475.0,-1408.0,-767.0,33592.0,5627904.0,2234.0,2692.0,0.0
10208642000,0.010265421947697738,97414.40781440781,2225.0,2098.0,1246.0,1883.0,1452.0,15912.0,-3280.0,857.0,-302.0,-69.0,-478.0,-1409.0,-770.0,33592.0,5627904.0,2255.0,2707.0,0.0
10208898000,0.010265421947697738,97414.40781440781,2248.0,2095.0,1246.0,1881.0,1460.0,15964.0,-3340.0,863.0,-318.0,-48.0,-468.0,-1403.0,-770.0,33592.0,5628416.0,2264.0,2707.0,0.0
10209154000,0.010265421947697738,97414.40781440781,2275.0,2096.0,1244.0,1884.0,1416.0,16004.0,-3332.0,867.0,-353.0,-33.0,-468.0,-1403.0,-770.0,33592.0,5628416.0,2269.0,2707.0,0.0
10209410000,0.010265421947697738,97414.40781440781,2216.0,2096.0,1244.0,1882.0,1404.0,15976.0,-3288.0,896.0,-350.0,-35.0,-467.0,-1411.0,-773.0,33592.0,5627904.0,2227.0,2692.0,0.0
10209666000,0.010265421947697738,97414.40781440781,2222.0,2097.0,1245.0,1886.0,1428.0,15976.0,-3228.0,865.0,-363.0,-38.0,-474.0,-1410.0,-765.0,33592.0,5627904.0,2247.0,2708.0,0.0
10209922000,0.010265421947697738,97414.40781440781,2241.0,2098.0,1247.0,1886.0,1440.0,15948.0,-3244.0,877.0,-356.0,-51.0,-471.0,-1408.0,-772.0,33592.0,5628416.0,2260.0,2707.0,0.0
10210178000,0.010265421947697738,97414.40781440781,2268.0,2101.0,1247.0,1884.0,1488.0,15924.0,-3252.0,855.0,-360.0,-65.0,-471.0,-1408.0,-772.0,33592.0,5628416.0,2267.0,2707.0,0.0
10210434000,0.010265421947697738,97414.40781440781,2223.0,2099.0,1248.0,1886.0,1460.0,15932.0,-3224.0,861.0,-345.0,-75.0,-470.0,-1403.0,-764.0,33592.0,5628160.0,2233.0,2693.0,0.0
10210690000,0.010265421947697738,97414.40781440781,2228.0,2097.0,1247.0,1886.0,1424.0,15916.0,-3264.0,878.0,-360.0,-85.0,-466.0,-1413.0,-764.0,33592.0,5628160.0,2250.0,2708.0,0.0
10210946000,0.010265421947697738,97414.40781440781,2250.0,2096.0,1246.0,1885.0,1432.0,15944.0,-3244.0,880.0,-363.0,-79.0,-475.0,-1410.0,-773.0,33592.0,5629184.0,2262.0,2707.0,0.0
10211202000,0.010265421947697738,97414.40781440781,2269.0,2099.0,1246.0,1884.0,1428.0,15936.0,-3256.0,859.0,-334.0,-99.0,-468.0,-1405.0,-769.0,33592.0,5629184.0,2268.0,2707.0,0.0
10211458000,0.010265421947697738,97414.40781440781,2212.0,2098.0,1247.0,1883.0,1448.0,15960.0,-3288.0,868.0,-339.0,-80.0,-468.0,-1405.0,-769.0,33592.0,5628928.0,2227.0,2692.0,0.0
10211714000,0.010265421947697738,97414.40781440781,2222.0,2099.0,1246.0,1883.0,1432.0,15956.0,-3292.0,883.0,-356.0,-74.0,-474.0,-1406.0,-772.0,33592.0,5628928.0,2247.0,2708.0,0.0
10211970000,0.010265421947697738,97414.40781440781,2246.0,2097.0,1246.0,1880.0,1436.0,15952.0,-3276.0,888.0,-327.0,-67.0,-477.0,-1408.0,-775.0,33592.0,5628416.0,2261.0,2707.0,0.0
10212226000,0.010265421947697738,97414.40781440781,2260.0,2098.0,1245.0,1884.0,1416.0,15964.0,-3224.0,879.0,-329.0,-60.0,-477.0,-1411.0,-772.0,33592.0,5628416.0,2262.0,2708.0,0.0
10212482000,0.010265421947697738,97414.40781440781,2207.0,2099.0,1245.0,1887.0,1488.0,15972.0,-3260.0,849.0,-310.0,-35.0,-470.0,-1403.0,-765.0,33592.0,5628416.0,2229.0,2691.0,0.0
10212738000,0.010265421947697738,97414.40781440781,2227.0,2100.0,1245.0,1884.0,1496.0,15980.0,-3280.0,859.0,-300.0,-23.0,-470.0,-1403.0,-765.0,33592.0,5628416.0,2253.0,2707.0,0.0
10212994000,0.010265421947697738,97414.40781440781,2252.0,2100.0,1246.0,1881.0,1476.0,15932.0,-3268.0,873.0,-330.0,-21.0,-475.0,-1406.0,-772.0,33592.0,5628160.0,2264.0,2707.0,0.0
10213250000,0.010265421947697738,97414.40781440781,2263.0,2099.0,1244.0,1885.0,1480.0,15988.0,-3264.0,883.0,-368.0,-49.0,-474.0,-1404.0,-769.0,33592.0,5628160.0,2264.0,2708.0,0.0
10213506000,0.010265421947697738,97414.40781440781,2197.0,2097.0,1246.0,1882.0,1440.0,15988.0,-3308.0,881.0,-361.0,-12.0,-481.0,-1407.0,-767.0,33592.0,5628416.0,2224.0,2692.0,0.0
10213762000,0.010265421947697738,97414.40781440781,2218.0,2099.0,1246.0,1883.0,1456.0,15956.0,-3308.0,893.0,-366.0,9.0,-481.0,-1407.0,-767.0,33592.0,5628416.0,2251.0,2707.0,0.0
10214018000,0.010265421947697738,97414.40781440781,2247.0,2100.0,1247.0,1884.0,1464.0,15892.0,-3320.0,920.0,-371.0,-25.0,-474.0,-1417.0,-775.0,33592.0,5628928.0,2262.0,2707.0,0.0
10214274000,0.010265421947697738,97414.40781440781,2268.0,2098.0,1248.0,1883.0,1444.0,15908.0,-3244.0,919.0,-398.0,-30.0,-470.0,-1404.0,-771.0,33592.0,5628928.0,2268.0,2707.0,0.0
10214530000,0.010265421947697738,97414.40781440781,2221.0,2097.0,1246.0,1885.0,1384.0,15992.0,-3188.0,884.0,-361.0,-50.0,-480.0,-1409.0,-770.0,33592.0,5628160.0,2234.0,2693.0,0.0
10214786000,0.010265421947697738,97414.40781440781,2238.0,2097.0,1248.0,1884.0,1384.0,15952.0,-3240.0,837.0,-324.0,-75.0,-472.0,-1400.0,-769.0,33592.0,5628160.0,2255.0,2707.0,0.0
10215042000,0.010265421947697738,97414.40781440781,2257.0,2099.0,1246.0,1885.0,1432.0,15892.0,-3280.0,837.0,-324.0,-75.0,-472.0,-1400.0,-769.0,33592.0,5628416.0,2264.0,2707.0,0.0
10215298000,0.010265421947697738,97414.40781440781,2268.0,2100.0,1247.0,1885.0,1420.0,15956.0,-3268.0,853.0,-310.0,-70.0,-482.0,-1404.0,-771.0,33592.0,5628416.0,2264.0,2708.0,0.0
10215554000,0.010265421947697738,97414.40781440781,2205.0,2101.0,1247.0,1884.0,1484.0,15944.0,-3288.0,860.0,-323.0,-39.0,-479.0,-1404.0,-776.0,33592.0,5628928.0,2225.0,2692.0,0.0
10215810000,0.010265421947697738,97414.40781440781,2223.0,2102.0,1247.0,1883.0,1492.0,15956.0,-3252.0,875.0,-329.0,-43.0,-478.0,-1410.0,-771.0,33592.0,5628928.0,2251.0,2707.0,0.0
10216066000,0.010265421947697738,97414.40781440781,2186.0,2101.0,1246.0,1884.0,1452.0,16004.0,-3328.0,877.0,-343.0,-28.0,-474.0,-1406.0,-766.0,33592.0,5628928.0,2227.0,2694.0,0.0
10216322000,0.010265421947697738,97414.40781440781,2210.0,2099.0,1247.0,1884.0,1448.0,16020.0,-3256.0,907.0,-380.0,-22.0,-474.0,-1406.0,-766.0,33592.0,5628928.0,2252.0,2707.0,0.0
10216578000,0.010265421947697738,97414.40781440781,2165.0,2097.0,1245.0,1884.0,1424.0,15956.0,-3224.0,921.0,-413.0,-14.0,-471.0,-1405.0,-767.0,33592.0,5628416.0,2219.0,2692.0,0.0
10216834000,0.010265421947697738,97414.40781440781,2190.0,2097.0,1244.0,1884.0,1400.0,15972.0,-3212.0,908.0,-371.0,-49.0,-472.0,-1402.0,-771.0,33592.0,5628416.0,2248.0,2707.0,0.0
10217090000,0.010265421947697738,97414.40781440781,2229.0,2098.0,1247.0,1883.0,1412.0,15944.0,-3268.0,898.0,-335.0,-43.0,-470.0,-1408.0,-774.0,33592.0,5628672.0,2261.0,2707.0,0.0
10217346000,0.010265421947697738,97414.40781440781,2198.0,2098.0,1247.0,1884.0,1400.0,15956.0,-3280.0,890.0,-335.0,-65.0,-470.0,-1408.0,-774.0,33592.0,5628672.0,2460.0,2686.0,0.0
10217602000,0.010265421947697738,97414.40781440781,2120.0,2096.0,1249.0,1884.0,1412.0,15980.0,-3324.0,883.0,-327.0,-1.0,-468.0,-1405.0,-765.0,33592.0,5628928.0,2313.0,2692.0,0.0
10217858000,0.010265421947697738,97414.40781440781,2232.0,2099.0,1248.0,1882.0,1416.0,15932.0,-3276.0,900.0,-385.0,-9.0,-471.0,-1407.0,-775.0,33592.0,5628928.0,2286.0,2708.0,0.0
10218114000,0.010265421947697738,97414.40781440781,2271.0,2098.0,1247.0,1884.0,1456.0,15972.0,-3180.0,917.0,-401.0,4.0,-469.0,-1410.0,-771.0,33592.0,5628416.0,2273.0,2706.0,0.0
10218370000,0.010265421947697738,97414.40781440781,2279.0,2100.0,1246.0,1887.0,1480.0,15980.0,-3220.0,932.0,-433.0,13.0,-470.0,-1405.0,-765.0,33592.0,5628416.0,2266.0,2706.0,0.0
10218626000,0.010265421947697738,97414.40781440781,2225.0,2104.0,1247.0,1892.0,1528.0,15976.0,-3172.0,898.0,-430.0,20.0,-470.0,-1405.0,-765.0,33592.0,5628416.0,2231.0,2691.0,0.0
10218882000,0.010265421947697738,97414.40781440781,2225.0,2100.0,1244.0,1889.0,1520.0,15964.0,-3152.0,856.0,-372.0,37.0,-472.0,-1412.0,-772.0,33592.0,5628416.0,2248.0,2708.0,0.0
10219138000,0.010265421947697738,97414.40781440781,2248.0,2096.0,1245.0,1884.0,1428.0,15972.0,-3220.0,843.0,-317.0,27.0,-472.0,-1401.0,-764.0,33592.0,5628672.0,2261.0,2707.0,0.0
10219394000,0.010265421947697738,97414.40781440781,2269.0,2095.0,1246.0,1884.0,1432.0,15968.0,-3348.0,844.0,-301.0,-12.0,-479.0,-1410.0,-772.0,33592.0,5628672.0,2268.0,2707.0,0.0
10219650000,0.010265421947697738,97414.40781440781,2218.0,2094.0,1243.0,1878.0,1388.0,16032.0,-3440.0,832.0,-308.0,3.0,-479.0,-1406.0,-765.0,33592.0,5628416.0,2231.0,2691.0,0.0
10219906000,0.010265421947697738,97414.40781440781,2233.0,2094.0,1245.0,1882.0,1320.0,16016.0,-3380.0,884.0,-338.0,-24.0,-479.0,-1406.0,-765.0,33592.0,5628416.0,2254.0,2707.0,0.0
10220162000,0.010265421947697738,97414.40781440781,2253.0,2095.0,1244.0,1884.0,1372.0,15960.0,-3300.0,878.0,-348.0,-2.0,-484.0,-1413.0,-776.0,33592.0,5627392.0,2259.0,2708.0,0.0
10220418000,0.010265421947697738,97414.40781440781,2263.0,2099.0,1248.0,1885.0,1412.0,15880.0,-3312.0,880.0,-369.0,15.0,-479.0,-1410.0,-771.0,33592.0,5627392.0,2261.0,2708.0,0.0
10220674000,0.010265421947697738,97414.40781440781,2204.0,2100.0,1247.0,1884.0,1484.0,15852.0,-3292.0,880.0,-363.0,-18.0,-474.0,-1408.0,-767.0,33592.0,5628416.0,2228.0,2691.0,0.0
10220930000,0.010265421947697738,97414.40781440781,2223.0,2101.0,1250.0,1887.0,1484.0,15920.0,-3288.0,900.0,-351.0,-20.0,-474.0,-1408.0,-767.0,33592.0,5628416.0,2253.0,2707.0,0.0
10221186000,0.010265421947697738,97414.40781440781,2250.0,2098.0,1248.0,1887.0,1440.0,15932.0,-3216.0,880.0,-340.0,-12.0,-476.0,-1409.0,-769.0,33592.0,5627648.0,2264.0,2707.0,0.0
10221442000,0.010265421947697738,97414.40781440781,2231.0,2097.0,1245.0,1884.0,1448.0,15976.0,-3248.0,872.0,-332.0,2.0,-474.0,-1405.0,-774.0,33592.0,5627648.0,2467.0,2687.0,0.0
10221698000,0.010265421947697738,97414.40781440781,2153.0,2096.0,1246.0,1886.0,1384.0,15972.0,-3232.0,890.0,-330.0,-12.0,-474.0,-1404.0,-770.0,33592.0,5628160.0,2322.0,2691.0,0.0
10221954000,0.010265421947697738,97414.40781440781,2255.0,2097.0,1245.0,1883.0,1348.0,15956.0,-3256.0,902.0,-346.0,-24.0,-479.0,-1408.0,-766.0,33592.0,5628160.0,2289.0,2706.0,0.0
10222210000,0.010265421947697738,97414.40781440781,2284.0,2096.0,1245.0,1882.0,1384.0,15956.0,-3272.0,877.0,-352.0,-3.0,-479.0,-1408.0,-766.0,33592.0,5628672.0,2274.0,2706.0,0.0
10222466000,0.010265421947697738,97414.40781440781,2289.0,2097.0,1246.0,1884.0,1424.0,15972.0,-3248.0,894.0,-348.0,-24.0,-475.0,-1411.0,-773.0,33592.0,5628672.0,2268.0,2708.0,0.0
10222722000,0.010265421947697738,97414.40781440781,2227.0,2095.0,1245.0,1885.0,1372.0,15968.0,-3232.0,872.0,-341.0,-43.0,-477.0,-1404.0,-769.0,33592.0,5628416.0,2232.0,2691.0,0.0
10222978000,0.010265421947697738,97414.40781440781,2237.0,2097.0,1244.0,1886.0,1356.0,15992.0,-3280.0,878.0,-363.0,-33.0,-471.0,-1410.0,-768.0,33592.0,5628416.0,2254.0,2707.0,0.0
10223234000,0.010265421947697738,97414.40781440781,2255.0,2097.0,1245.0,1886.0,1404.0,15960.0,-3240.0,881.0,-352.0,-31.0,-470.0,-1410.0,-764.0,33592.0,5628416.0,2264.0,2707.0,0.0
10223490000,0.010265421947697738,97414.40781440781,2274.0,2097.0,1244.0,1885.0,1412.0,15964.0,-3196.0,901.0,-337.0,-15.0,-470.0,-1410.0,-764.0,33592.0,5628416.0,2268.0,2707.0,0.0
10223746000,0.010265421947697738,97414.40781440781,2219.0,2097.0,1244.0,1886.0,1420.0,16024.0,-3220.0,887.0,-303.0,-57.0,-470.0,-1411.0,-771.0,33592.0,5628416.0,2232.0,2691.0,0.0
10224002000,0.010265421947697738,97414.40781440781,2225.0,2097.0,1242.0,1884.0,1388.0,16000.0,-3272.0,877.0,-306.0,-27.0,-467.0,-1413.0,-769.0,33592.0,5628416.0,2249.0,2708.0,0.0
10224258000,0.010265421947697738,97414.40781440781,2249.0,2098.0,1245.0,1884.0,1380.0,15992.0,-3276.0,902.0,-306.0,-30.0,-468.0,-1412.0,-766.0,33592.0,5628416.0,2262.0,2707.0,0.0
10224514000,0.010265421947697738,97414.40781440781,2260.0,2098.0,1244.0,1885.0,1396.0,16004.0,-3264.0,922.0,-332.0,-36.0,-468.0,-1412.0,-766.0,33592.0,5628416.0,2261.0,2706.0,0.0
10224770000,0.010265421947697738,97414.40781440781,2204.0,2098.0,1244.0,1886.0,1388.0,16036.0,-3204.0,946.0,-336.0,-6.0,-468.0,-1410.0,-774.0,33592.0,5628416.0,2228.0,2691.0,0.0
10225026000,0.010265421947697738,97414.40781440781,2212.0,2096.0,1244.0,1886.0,1420.0,16024.0,-3200.0,896.0,-349.0,-9.0,-476.0,-1405.0,-772.0,33592.0,5628416.0,2248.0,2708.0,0.0
10225282000,0.010265421947697738,97414.40781440781,2241.0,2097.0,1245.0,1889.0,1388.0,15964.0,-3196.0,901.0,-351.0,-21.0,-467.0,-1411.0,-765.0,33592.0,5627904.0,2261.0,2707.0,0.0
10225538000,0.010265421947697738,97414.40781440781,2255.0,2097.0,1245.0,1888.0,1440.0,15976.0,-3176.0,886.0,-345.0,-42.0,-472.0,-1408.0,-772.0,33592.0,5627904.0,2261.0,2706.0,0.0
10225794000,0.010265421947697738,97414.40781440781,2201.0,2097.0,1246.0,1888.0,1424.0,15972.0,-3196.0,881.0,-335.0,-58.0,-472.0,-1408.0,-772.0,33592.0,5628416.0,2228.0,2691.0,0.0
10226050000,0.010265421947697738,97414.40781440781,2211.0,2096.0,1246.0,1886.0,1360.0,15968.0,-3220.0,856.0,-332.0,-55.0,-476.0,-1405.0,-774.0,33592.0,5628416.0,2248.0,2708.0,0.0
10226306000,0.010265421947697738,97414.40781440781,2240.0,2096.0,1244.0,1882.0,1444.0,15944.0,-3220.0,859.0,-327.0,-35.0,-473.0,-1410.0,-773.0,33592.0,5627904.0,2261.0,2707.0,0.0
10226562000,0.010265421947697738,97414.40781440781,2269.0,2095.0,1244.0,1884.0,1392.0,15976.0,-3296.0,827.0,-315.0,-14.0,-472.0,-1401.0,-770.0,33592.0,5627904.0,2267.0,2707.0,0.0
10226818000,0.010265421947697738,97414.40781440781,2214.0,2099.0,1247.0,1882.0,1444.0,15956.0,-3340.0,847.0,-335.0,4.0,-472.0,-1401.0,-770.0,33592.0,5628672.0,2232.0,2691.0,0.0
10227074000,0.010265421947697738,97414.40781440781,2218.0,2096.0,1244.0,1881.0,1436.0,15956.0,-3328.0,835.0,-325.0,-23.0,-478.0,-1414.0,-775.0,33592.0,5628672.0,2248.0,2708.0,0.0
10227330000,0.010265421947697738,97414.40781440781,2238.0,2097.0,1244.0,1884.0,1400.0,15988.0,-3284.0,853.0,-319.0,3.0,-478.0,-1405.0,-768.0,33592.0,5628928.0,2257.0,2708.0,0.0
10227586000,0.010265421947697738,97414.40781440781,2262.0,2098.0,1246.0,1887.0,1412.0,15956.0,-3260.0,878.0,-300.0,-41.0,-474.0,-1409.0,-769.0,33592.0,5628928.0,2265.0,2707.0,0.0
10227842000,0.010265421947697738,97414.40781440781,2200.0,2097.0,1247.0,1884.0,1388.0,15960.0,-3264.0,888.0,-312.0,-54.0,-480.0,-1407.0,-764.0,33592.0,5628928.0,2223.0,2690.0,0.0
10228098000,0.010265421947697738,97414.40781440781,2219.0,2096.0,1245.0,1886.0,1384.0,15988.0,-3232.0,904.0,-315.0,-55.0,-480.0,-1407.0,-764.0,33592.0,5628928.0,2251.0,2707.0,0.0
10228354000,0.010265421947697738,97414.40781440781,2253.0,2096.0,1248.0,1886.0,1404.0,15964.0,-3208.0,874.0,-318.0,-78.0,-476.0,-1407.0,-770.0,33592.0,5628928.0,2263.0,2707.0,0.0
10228610000,0.010265421947697738,97414.40781440781,2264.0,2099.0,1247.0,1884.0,1444.0,15916.0,-3268.0,864.0,-315.0,-82.0,-478.0,-1414.0,-771.0,33592.0,5628928.0,2262.0,2708.0,0.0
10228866000,0.010265421947697738,97414.40781440781,2211.0,2098.0,1245.0,1885.0,1436.0,15932.0,-3272.0,888.0,-325.0,-73.0,-481.0,-1411.0,-764.0,33592.0,5628416.0,2229.0,2691.0,0.0
10229122000,0.010265421947697738,97414.40781440781,2226.0,2098.0,1247.0,1883.0,1448.0,15936.0,-3288.0,863.0,-339.0,-69.0,-471.0,-1411.0,-764.0,33592.0,5628416.0,2253.0,2707.0,0.0
10229378000,0.010265421947697738,97414.40781440781,2255.0,2097.0,1246.0,1886.0,1436.0,15968.0,-3208.0,866.0,-318.0,-54.0,-471.0,-1411.0,-764.0,33592.0,5628672.0,2263.0,2707.0,0.0
10229634000,0.010265421947697738,97414.40781440781,2272.0,2097.0,1245.0,1886.0,1412.0,15948.0,-3168.0,842.0,-284.0,-21.0,-479.0,-1410.0,-773.0,33592.0,5628672.0,2263.0,2708.0,0.0
10229890000,0.010265421947697738,97414.40781440781,2216.0,2099.0,1245.0,1885.0,1448.0,15948.0,-3284.0,825.0,-260.0,-27.0,-482.0,-1409.0,-772.0,33592.0,5628416.0,2230.0,2691.0,0.0
10230146000,0.010265421947697738,97414.40781440781,2230.0,2098.0,1246.0,1883.0,1432.0,15964.0,-3324.0,849.0,-282.0,-54.0,-473.0,-1411.0,-775.0,33592.0,5628416.0,2253.0,2707.0,0.0
10230402000,0.010265421947697738,97414.40781440781,2244.0,2097.0,1246.0,1879.0,1408.0,15944.0,-3304.0,870.0,-319.0,-31.0,-475.0,-1406.0,-766.0,33599.0,5628416.0,2258.0,2708.0,0.0
10230658000,0.010265421947697738,97414.40781440781,2267.0,2097.0,1247.0,1881.0,1420.0,15992.0,-3336.0,887.0,-353.0,-31.0,-475.0,-1406.0,-766.0,33599.0,5628416.0,2266.0,2707.0,0.0
10230914000,0.010265421947697738,97414.40781440781,2219.0,2099.0,1247.0,1882.0,1460.0,15936.0,-3312.0,884.0,-358.0,-39.0,-468.0,-1410.0,-763.0,33599.0,5628672.0,2231.0,2691.0,0.0
10231170000,0.010265421947697738,97414.40781440781,2220.0,2101.0,1248.0,1883.0,1488.0,15912.0,-3280.0,902.0,-362.0,-41.0,-470.0,-1405.0,-766.0,33599.0,5628672.0,2248.0,2708.0,0.0
10231426000,0.010265421947697738,97414.40781440781,2237.0,2101.0,1247.0,1885.0,1512.0,15952.0,-3280.0,883.0,-333.0,-50.0,-465.0,-1404.0,-774.0,33599.0,5628416.0,2255.0,2707.0,0.0
10231682000,0.010265421947697738,97414.40781440781,2255.0,2100.0,1245.0,1883.0,1428.0,15908.0,-3272.0,883.0,-333.0,-50.0,-465.0,-1404.0,-774.0,33599.0,5628416.0,2264.0,2707.0,0.0
10231938000,0.010265421947697738,97414.40781440781,2208.0,2099.0,1245.0,1882.0,1440.0,16000.0,-3312.0,885.0,-331.0,-69.0,-469.0,-1408.0,-776.0,33599.0,5628416.0,2230.0,2691.0,0.0
10232194000,0.010265421947697738,97414.40781440781,2226.0,2098.0,1246.0,1882.0,1428.0,15956.0,-3312.0,908.0,-340.0,-49.0,-469.0,-1414.0,-771.0,33599.0,5628416.0,2253.0,2707.0,0.0
10232450000,0.010265421947697738,97414.40781440781,2250.0,2098.0,1246.0,1884.0,1432.0,15936.0,-3312.0,921.0,-390.0,-47.0,-471.0,-1407.0,-773.0,33599.0,5627904.0,2264.0,2707.0,0.0
10232706000,0.010265421947697738,97414.40781440781,2274.0,2096.0,1248.0,1885.0,1384.0,15992.0,-3272.0,943.0,-384.0,-53.0,-467.0,-1412.0,-772.0,33599.0,5627904.0,2269.0,2707.0,0.0
10232962000,0.010265421947697738,97414.40781440781,2218.0,2095.0,1246.0,1884.0,1368.0,15956.0,-3244.0,924.0,-371.0,-33.0,-467.0,-1412.0,-772.0,33599.0,5627904.0,2232.0,2691.0,0.0
10233218000,0.010265421947697738,97414.40781440781,2226.0,2097.0,1246.0,1883.0,1388.0,15928.0,-3268.0,912.0,-338.0,-9.0,-468.0,-1410.0,-769.0,33599.0,5627904.0,2249.0,2708.0,0.0
10233474000,0.010265421947697738,97414.40781440781,2249.0,2098.0,1246.0,1882.0,1388.0,15948.0,-3340.0,910.0,-356.0,-18.0,-480.0,-1405.0,-773.0,33599.0,5628928.0,2262.0,2707.0,0.0
10233730000,0.010265421947697738,97414.40781440781,2262.0,2096.0,1248.0,1881.0,1432.0,15932.0,-3296.0,941.0,-357.0,-19.0,-481.0,-1408.0,-769.0,33599.0,5628928.0,2262.0,2708.0,0.0
10233986000,0.010265421947697738,97414.40781440781,2199.0,2099.0,1245.0,1886.0,1436.0,15940.0,-3180.0,937.0,-394.0,-23.0,-476.0,-1409.0,-773.0,33599.0,5628416.0,2223.0,2690.0,0.0
10234242000,0.010265421947697738,97414.40781440781,2216.0,2097.0,1245.0,1886.0,1440.0,15940.0,-3200.0,912.0,-352.0,-18.0,-476.0,-1409.0,-773.0,33599.0,5628416.0,2250.0,2707.0,0.0
10234498000,0.010265421947697738,97414.40781440781,2245.0,2098.0,1245.0,1887.0,1420.0,15956.0,-3200.0,910.0,-370.0,-22.0,-483.0,-1407.0,-771.0,33599.0,5627904.0,2262.0,2707.0,0.0
10234754000,0.010265421947697738,97414.40781440781,2267.0,2100.0,1247.0,1884.0,1488.0,16012.0,-3172.0,888.0,-355.0,-48.0,-476.0,-1408.0,-763.0,33599.0,5627904.0,2268.0,2707.0,0.0
10235010000,0.010265421947697738,97414.40781440781,2204.0,2101.0,1244.0,1888.0,1436.0,15928.0,-3208.0,889.0,-332.0,-55.0,-475.0,-1411.0,-766.0,33599.0,5628416.0,2225.0,2690.0,0.0
10235266000,0.010265421947697738,97414.40781440781,2222.0,2097.0,1244.0,1883.0,1408.0,16008.0,-3260.0,897.0,-322.0,-75.0,-475.0,-1411.0,-766.0,33599.0,5628416.0,2251.0,2707.0,0.0
10235522000,0.010265421947697738,97414.40781440781,2254.0,2095.0,1243.0,1883.0,1372.0,16016.0,-3304.0,921.0,-323.0,-73.0,-479.0,-1410.0,-772.0,33599.0,5628672.0,2263.0,2707.0,0.0
10235778000,0.010265421947697738,97414.40781440781,2270.0,2096.0,1243.0,1881.0,1452.0,15960.0,-3284.0,915.0,-340.0,-55.0,-481.0,-1407.0,-770.0,33599.0,5628672.0,2263.0,2708.0,0.0
10236034000,0.010265421947697738,97414.40781440781,2199.0,2099.0,1247.0,1882.0,1420.0,16004.0,-3292.0,916.0,-334.0,-54.0,-481.0,-1405.0,-768.0,33599.0,5627904.0,2222.0,2690.0,0.0
10236290000,0.010265421947697738,97414.40781440781,2214.0,2098.0,1248.0,1885.0,1420.0,15908.0,-3280.0,920.0,-360.0,-39.0,-476.0,-1411.0,-776.0,33599.0,5627904.0,2250.0,2707.0,0.0
10236546000,0.010265421947697738,97414.40781440781,2243.0,2097.0,1246.0,1887.0,1436.0,15960.0,-3272.0,950.0,-355.0,-46.0,-476.0,-1411.0,-776.0,33599.0,5628416.0,2262.0,2707.0,0.0
10236802000,0.010265421947697738,97414.40781440781,2209.0,2097.0,1246.0,1885.0,1440.0,15956.0,-3168.0,962.0,-376.0,-24.0,-479.0,-1410.0,-771.0,33599.0,5628416.0,2460.0,2686.0,0.0
10237058000,0.010265421947697738,97414.40781440781,2213.0,2097.0,1248.0,1890.0,1424.0,15956.0,-3172.0,943.0,-370.0,18.0,-469.0,-1408.0,-772.0,33599.0,5628160.0,2358.0,2707.0,0.0
10237314000,0.010265421947697738,97414.40781440781,2124.0,2097.0,1246.0,1893.0,1444.0,15968.0,-3136.0,923.0,-357.0,12.0,-481.0,-1405.0,-770.0,33599.0,5628160.0,2311.0,2707.0,0.0
10237570000,0.010265421947697738,97414.40781440781,2240.0,2099.0,1244.0,1891.0,1440.0,15972.0,-3120.0,889.0,-330.0,18.0,-480.0,-1405.0,-768.0,33599.0,5628416.0,2290.0,2707.0,0.0
10237826000,0.010265421947697738,97414.40781440781,2282.0,2099.0,1246.0,1888.0,1468.0,15988.0,-3172.0,818.0,-313.0,14.0,-480.0,-1405.0,-768.0,33599.0,5628416.0,2275.0,2708.0,0.0
10238082000,0.010265421947697738,97414.40781440781,2235.0,2099.0,1245.0,1888.0,1436.0,16004.0,-3204.0,817.0,-276.0,-17.0,-475.0,-1410.0,-767.0,33599.0,5628160.0,2235.0,2691.0,0.0
10238338000,0.010265421947697738,97414.40781440781,2234.0,2095.0,1245.0,1884.0,1400.0,16056.0,-3204.0,805.0,-273.0,-38.0,-469.0,-1403.0,-774.0,33599.0,5628160.0,2250.0,2708.0,0.0
10238594000,0.010265421947697738,97414.40781440781,2246.0,2098.0,1242.0,1882.0,1424.0,16020.0,-3280.0,812.0,-310.0,-26.0,-471.0,-1408.0,-773.0,33599.0,5628928.0,2257.0,2708.0,0.0
10238850000,0.010265421947697738,97414.40781440781,2265.0,2098.0,1244.0,1881.0,1448.0,15988.0,-3276.0,824.0,-309.0,-38.0,-471.0,-1408.0,-773.0,33599.0,5628928.0,2265.0,2707.0,0.0
10239106000,0.010265421947697738,97414.40781440781,2220.0,2096.0,1246.0,1882.0,1428.0,15976.0,-3348.0,881.0,-367.0,-50.0,-474.0,-1404.0,-775.0,33599.0,5628416.0,2231.0,2691.0,0.0
10239362000,0.010265421947697738,97414.40781440781,2233.0,2095.0,1245.0,1885.0,1372.0,15988.0,-3268.0,891.0,-339.0,-47.0,-474.0,-1407.0,-774.0,33599.0,5628416.0,2254.0,2707.0,0.0
10239618000,0.010265421947697738,97414.40781440781,2254.0,2097.0,1247.0,1884.0,1388.0,15940.0,-3260.0,870.0,-342.0,-31.0,-477.0,-1407.0,-775.0,33599.0,5628416.0,2264.0,2707.0,0.0
10239874000,0.010265421947697738,97414.40781440781,2264.0,2096.0,1247.0,1887.0,1408.0,15952.0,-3208.0,895.0,-351.0,-41.0,-467.0,-1411.0,-771.0,33599.0,5628416.0,2262.0,2706.0,0.0
10240130000,0.010265421947697738,97414.40781440781,2195.0,2098.0,1247.0,1889.0,1436.0,15908.0,-3220.0,903.0,-352.0,-70.0,-467.0,-1411.0,-771.0,33599.0,5628416.0,2222.0,2690.0,0.0
10240386000,0.010265421947697738,97414.40781440781,2202.0,2098.0,1247.0,1887.0,1408.0,15916.0,-3236.0,888.0,-331.0,-54.0,-475.0,-1405.0,-769.0,33599.0,5628416.0,2244.0,2708.0,0.0
10240642000,0.010265421947697738,97414.40781440781,2228.0,2099.0,1246.0,1884.0,1448.0,15928.0,-3252.0,888.0,-313.0,-44.0,-470.0,-1401.0,-764.0,33599.0,5628160.0,2255.0,2708.0,0.0
10240898000,0.010265421947697738,97414.40781440781,2249.0,2099.0,1246.0,1880.0,1428.0,15960.0,-3284.0,869.0,-297.0,-38.0,-475.0,-1407.0,-774.0,33599.0,5628160.0,2259.0,2708.0,0.0
10241154000,0.010265421947697738,97414.40781440781,2186.0,2099.0,1246.0,1882.0,1448.0,15984.0,-3368.0,867.0,-305.0,-44.0,-482.0,-1409.0,-766.0,33599.0,5628416.0,2221.0,2690.0,0.0
10241410000,0.010265421947697738,97414.40781440781,2195.0,2098.0,1247.0,1885.0,1440.0,15960.0,-3348.0,872.0,-327.0,-51.0,-482.0,-1409.0,-766.0,33599.0,5628416.0,2244.0,2708.0,0.0
10241666000,0.010265421947697738,97414.40781440781,2220.0,2097.0,1244.0,1880.0,1444.0,15992.0,-3304.0,911.0,-333.0,-43.0,-480.0,-1414.0,-774.0,33599.0,5628160.0,2254.0,2708.0,0.0
10241922000,0.010265421947697738,97414.40781440781,2245.0,2098.0,1247.0,1882.0,1444.0,15988.0,-3240.0,909.0,-339.0,-22.0,-475.0,-1402.0,-765.0,33599.0,5628160.0,2259.0,2708.0,0.0
10242178000,0.010265421947697738,97414.40781440781,2199.0,2098.0,1248.0,1884.0,1408.0,15912.0,-3240.0,930.0,-362.0,-41.0,-476.0,-1414.0,-771.0,33599.0,5628672.0,2227.0,2691.0,0.0
10242434000,0.010265421947697738,97414.40781440781,2214.0,2095.0,1245.0,1884.0,1392.0,15976.0,-3264.0,941.0,-356.0,-50.0,-476.0,-1414.0,-771.0,33599.0,5628672.0,2252.0,2707.0,0.0
10242690000,0.010265421947697738,97414.40781440781,2238.0,2096.0,1245.0,1883.0,1392.0,15960.0,-3256.0,915.0,-328.0,-62.0,-478.0,-1408.0,-771.0,33599.0,5628928.0,2258.0,2708.0,0.0
10242946000,0.010265421947697738,97414.40781440781,2263.0,2096.0,1246.0,1886.0,1340.0,15964.0,-3176.0,920.0,-310.0,-48.0,-478.0,-1406.0,-773.0,33599.0,5628928.0,2266.0,2707.0,0.0
10243202000,0.010265421947697738,97414.40781440781,2197.0,2098.0,1248.0,1887.0,1416.0,15968.0,-3172.0,922.0,-317.0,-60.0,-479.0,-1409.0,-771.0,33599.0,5628416.0,2224.0,2690.0,0.0
10243458000,0.010265421947697738,97414.40781440781,2213.0,2100.0,1248.0,1886.0,1456.0,15928.0,-3216.0,879.0,-287.0,-76.0,-476.0,-1410.0,-768.0,33599.0,5628416.0,2250.0,2707.0,0.0
10243714000,0.010265421947697738,97414.40781440781,2242.0,2102.0,1247.0,1889.0,1496.0,15948.0,-3256.0,860.0,-264.0,-83.0,-476.0,-1410.0,-768.0,33599.0,5628928.0,2262.0,2707.0,0.0
10243970000,0.010265421947697738,97414.40781440781,2267.0,2101.0,1248.0,1886.0,1500.0,15952.0,-3240.0,859.0,-237.0,-104.0,-473.0,-1404.0,-775.0,33599.0,5628928.0,2268.0,2707.0,0.0
10244226000,0.010265421947697738,97414.40781440781,2241.0,2100.0,1244.0,1885.0,1480.0,15988.0,-3248.0,844.0,-236.0,-95.0,-476.0,-1413.0,-775.0,33599.0,5628416.0,2469.0,2687.0,0.0
10244482000,0.010265421947697738,97414.40781440781,2224.0,2101.0,1244.0,1886.0,1496.0,15960.0,-3240.0,831.0,-243.0,-86.0,-478.0,-1410.0,-768.0,33599.0,5628416.0,2356.0,2708.0,0.0
10244738000,0.010265421947697738,97414.40781440781,2129.0,2100.0,1245.0,1882.0,1496.0,15996.0,-3276.0,869.0,-239.0,-89.0,-470.0,-1405.0,-772.0,33599.0,5628160.0,2311.0,2707.0,0.0
10244994000,0.010265421947697738,97414.40781440781,2238.0,2102.0,1245.0,1884.0,1512.0,15912.0,-3244.0,859.0,-223.0,-112.0,-470.0,-1405.0,-772.0,33599.0,5628160.0,2285.0,2708.0,0.0
10245250000,0.010265421947697738,97414.40781440781,2204.0,2101.0,1247.0,1883.0,1520.0,15980.0,-3224.0,891.0,-279.0,-106.0,-473.0,-1410.0,-770.0,33599.0,5628416.0,2233.0,2690.0,0.0
10245506000,0.010265421947697738,97414.40781440781,2217.0,2098.0,1245.0,1886.0,1444.0,15992.0,-3228.0,911.0,-276.0,-118.0,-474.0,-1405.0,-769.0,33599.0,5628416.0,2249.0,2708.0,0.0
10245762000,0.010265421947697738,97414.40781440781,2244.0,2098.0,1246.0,1892.0,1492.0,16024.0,-3140.0,931.0,-282.0,-135.0,-468.0,-1403.0,-771.0,33599.0,5628928.0,2262.0,2707.0,0.0
10246018000,0.010265421947697738,97414.40781440781,2265.0,2099.0,1243.0,1886.0,1440.0,16016.0,-3224.0,893.0,-266.0,-95.0,-468.0,-1403.0,-771.0,33599.0,5628928.0,2268.0,2707.0,0.0
10246274000,0.010265421947697738,97414.40781440781,2205.0,2100.0,1246.0,1887.0,1516.0,15940.0,-3256.0,858.0,-241.0,-101.0,-471.0,-1409.0,-779.0,33599.0,5628160.0,2225.0,2690.0,0.0
10246530000,0.010265421947697738,97414.40781440781,2211.0,2099.0,1246.0,1889.0,1476.0,15928.0,-3204.0,882.0,-242.0,-94.0,-464.0,-1404.0,-764.0,33599.0,5628160.0,2246.0,2708.0,0.0
10246786000,0.010265421947697738,97414.40781440781,2233.0,2100.0,1247.0,1886.0,1476.0,15944.0,-3228.0,878.0,-257.0,-103.0,-472.0,-1406.0,-773.0,33599.0,5628160.0,2255.0,2708.0,0.0
10247042000,0.010265421947697738,97414.40781440781,2253.0,2099.0,1246.0,1886.0,1480.0,15984.0,-3272.0,855.0,-247.0,-86.0,-470.0,-1407.0,-772.0,33599.0,5628160.0,2264.0,2707.0,0.0
10247298000,0.010265421947697738,97414.40781440781,2192.0,2100.0,1246.0,1885.0,1500.0,15956.0,-3192.0,854.0,-261.0,-103.0,-470.0,-1407.0,-772.0,33599.0,5628416.0,2224.0,2690.0,0.0
10247554000,0.010265421947697738,97414.40781440781,2204.0,2099.0,1245.0,1888.0,1456.0,16004.0,-3180.0,866.0,-275.0,-60.0,-470.0,-1412.0,-771.0,33599.0,5628416.0,2245.0,2708.0,0.0
10247810000,0.010265421947697738,97414.40781440781,2229.0,2102.0,1243.0,1886.0,1484.0,16004.0,-3200.0,865.0,-287.0,-47.0,-475.0,-1405.0,-777.0,33599.0,5628416.0,2255.0,2708.0,0.0
10248066000,0.010265421947697738,97414.40781440781,2257.0,2102.0,1245.0,1885.0,1508.0,16016.0,-3244.0,886.0,-297.0,-12.0,-477.0,-1407.0,-774.0,33599.0,5628416.0,2265.0,2707.0,0.0
10248322000,0.010265421947697738,97414.40781440781,2196.0,2104.0,1242.0,1884.0,1540.0,16040.0,-3280.0,886.0,-337.0,-2.0,-474.0,-1410.0,-775.0,33599.0,5628672.0,2223.0,2690.0,0.0
10248578000,0.010265421947697738,97414.40781440781,2215.0,2103.0,1244.0,1887.0,1552.0,16004.0,-3212.0,886.0,-337.0,-2.0,-474.0,-1410.0,-775.0,33599.0,5628672.0,2250.0,2707.0,0.0
10248834000,0.010265421947697738,97414.40781440781,2161.0,2102.0,1245.0,1888.0,1524.0,15980.0,-3172.0,873.0,-330.0,-3.0,-476.0,-1404.0,-771.0,33599.0,5628416.0,2217.0,2690.0,0.0
10249090000,0.010265421947697738,97414.40781440781,2180.0,2102.0,1246.0,1885.0,1528.0,15984.0,-3208.0,859.0,-331.0,-4.0,-480.0,-1405.0,-772.0,33599.0,5628416.0,2242.0,2708.0,0.0
10249346000,0.010265421947697738,97414.40781440781,2133.0,2102.0,1247.0,1884.0,1492.0,15968.0,-3280.0,869.0,-317.0,-6.0,-477.0,-1409.0,-761.0,33599.0,5628928.0,2213.0,2690.0,0.0
10249602000,0.010265421947697738,97414.40781440781,2171.0,2102.0,1247.0,1884.0,1508.0,15924.0,-3292.0,863.0,-350.0,-34.0,-477.0,-1409.0,-761.0,33599.0,5628928.0,2246.0,2707.0,0.0
10249858000,0.010265421947697738,97414.40781440781,2213.0,2099.0,1248.0,1888.0,1488.0,15952.0,-3248.0,892.0,-358.0,-50.0,-485.0,-1410.0,-774.0,33599.0,5628416.0,2255.0,2708.0,0.0
10250114000,0.010265421947697738,97414.40781440781,2243.0,2099.0,1249.0,1887.0,1448.0,15916.0,-3196.0,918.0,-385.0,-45.0,-478.0,-1409.0,-769.0,33599.0,5628416.0,2264.0,2707.0,0.0
10250370000,0.010265421947697738,97414.40781440781,2186.0,2100.0,1249.0,1888.0,1492.0,15916.0,-3216.0,878.0,-373.0,-35.0,-480.0,-1404.0,-773.0,33599.0,5628672.0,2224.0,2690.0,0.0
10250626000,0.010265421947697738,97414.40781440781,2207.0,2102.0,1250.0,1886.0,1540.0,15888.0,-3264.0,882.0,-335.0,-49.0,-476.0,-1404.0,-770.0,33599.0,5628672.0,2250.0,2707.0,0.0
10250882000,0.010265421947697738,97414.40781440781,2239.0,2104.0,1249.0,1885.0,1548.0,15896.0,-3304.0,872.0,-315.0,-50.0,-476.0,-1404.0,-770.0,33599.0,5628160.0,2262.0,2707.0,0.0
10251138000,0.010265421947697738,97414.40781440781,2265.0,2102.0,1248.0,1885.0,1564.0,15908.0,-3212.0,847.0,-309.0,-44.0,-476.0,-1411.0,-772.0,33599.0,5628160.0,2268.0,2707.0,0.0
10251394000,0.010265421947697738,97414.40781440781,2217.0,2101.0,1248.0,1883.0,1516.0,15928.0,-3200.0,868.0,-330.0,-49.0,-482.0,-1411.0,-773.0,33599.0,5628672.0,2231.0,2691.0,0.0
10251650000,0.010265421947697738,97414.40781440781,2224.0,2102.0,1245.0,1885.0,1556.0,15976.0,-3240.0,875.0,-365.0,-44.0,-473.0,-1406.0,-767.0,33599.0,5628672.0,2249.0,2708.0,0.0
10251906000,0.010265421947697738,97414.40781440781,2247.0,2101.0,1243.0,1884.0,1520.0,16000.0,-3264.0,886.0,-339.0,-36.0,-473.0,-1412.0,-772.0,33599.0,5628672.0,2262.0,2707.0,0.0
10252162000,0.010265421947697738,97414.40781440781,2269.0,2100.0,1241.0,1887.0,1492.0,16012.0,-3244.0,891.0,-345.0,-22.0,-473.0,-1412.0,-772.0,33599.0,5628672.0,2268.0,2707.0,0.0
10252418000,0.010265421947697738,97414.40781440781,2229.0,2099.0,1241.0,1887.0,1504.0,16040.0,-3116.0,903.0,-334.0,-33.0,-476.0,-1409.0,-771.0,33599.0,5629184.0,2462.0,2686.0,0.0
10252674000,0.010265421947697738,97414.40781440781,2215.0,2099.0,1242.0,1886.0,1492.0,15964.0,-3204.0,908.0,-309.0,-32.0,-469.0,-1402.0,-767.0,33599.0,5629184.0,2353.0,2708.0,0.0
10252930000,0.010265421947697738,97414.40781440781,2120.0,2098.0,1244.0,1886.0,1452.0,15972.0,-3248.0,896.0,-275.0,-15.0,-468.0,-1411.0,-768.0,33599.0,5628672.0,2310.0,2707.0,0.0
10253186000,0.010265421947697738,97414.40781440781,2225.0,2100.0,1245.0,1885.0,1480.0,15944.0,-3276.0,880.0,-273.0,-26.0,-468.0,-1411.0,-768.0,33599.0,5628672.0,2284.0,2708.0,0.0
10253442000,0.010265421947697738,97414.40781440781,2199.0,2100.0,1246.0,1885.0,1488.0,15932.0,-3196.0,877.0,-276.0,-10.0,-471.0,-1408.0,-768.0,33599.0,5627904.0,2233.0,2690.0,0.0
10253698000,0.010265421947697738,97414.40781440781,2222.0,2100.0,1245.0,1887.0,1512.0,15952.0,-3224.0,886.0,-316.0,-40.0,-471.0,-1404.0,-769.0,33599.0,5627904.0,2254.0,2707.0,0.0
10253954000,0.010265421947697738,97414.40781440781,2246.0,2102.0,1243.0,1889.0,1468.0,16016.0,-3144.0,887.0,-358.0,-12.0,-462.0,-1402.0,-773.0,33599.0,5628672.0,2259.0,2708.0,0.0
10254210000,0.010265421947697738,97414.40781440781,2266.0,2100.0,1245.0,1889.0,1488.0,15932.0,-3184.0,877.0,-311.0,24.0,-473.0,-1410.0,-774.0,33599.0,5628672.0,2266.0,2707.0,0.0
10254466000,0.010265421947697738,97414.40781440781,2198.0,2103.0,1246.0,1888.0,1532.0,15896.0,-3148.0,826.0,-346.0,-10.0,-473.0,-1410.0,-774.0,33599.0,5628160.0,2224.0,2690.0,0.0
10254722000,0.010265421947697738,97414.40781440781,2208.0,2100.0,1245.0,1889.0,1528.0,15968.0,-3148.0,800.0,-313.0,-16.0,-475.0,-1410.0,-779.0,33599.0,5628160.0,2245.0,2708.0,0.0
10254978000,0.010265421947697738,97414.40781440781,2231.0,2101.0,1245.0,1886.0,1516.0,15984.0,-3244.0,811.0,-312.0,-26.0,-473.0,-1401.0,-778.0,33599.0,5627904.0,2255.0,2708.0,0.0
10255234000,0.010265421947697738,97414.40781440781,2253.0,2101.0,1246.0,1884.0,1540.0,15940.0,-3292.0,790.0,-291.0,-40.0,-479.0,-1404.0,-770.0,33599.0,5627904.0,2264.0,2707.0,0.0
10255490000,0.010265421947697738,97414.40781440781,2204.0,2102.0,1244.0,1884.0,1556.0,15928.0,-3296.0,817.0,-299.0,-70.0,-478.0,-1406.0,-771.0,33599.0,5628672.0,2230.0,2691.0,0.0
10255746000,0.010265421947697738,97414.40781440781,2225.0,2102.0,1245.0,1881.0,1544.0,15960.0,-3304.0,862.0,-325.0,-44.0,-478.0,-1406.0,-771.0,33599.0,5628672.0,2253.0,2707.0,0.0
10256002000,0.010265421947697738,97414.40781440781,2250.0,2102.0,1246.0,1882.0,1508.0,15948.0,-3280.0,854.0,-341.0,-59.0,-476.0,-1406.0,-771.0,33599.0,5628416.0,2264.0,2707.0,0.0
10256258000,0.010265421947697738,97414.40781440781,2270.0,2099.0,1244.0,1883.0,1488.0,15908.0,-3260.0,884.0,-305.0,-61.0,-483.0,-1413.0,-769.0,33599.0,5628416.0,2268.0,2707.0,0.0
10256514000,0.010265421947697738,97414.40781440781,2200.0,2100.0,1245.0,1883.0,1480.0,15920.0,-3316.0,882.0,-305.0,-56.0,-488.0,-1409.0,-772.0,33599.0,5628928.0,2224.0,2689.0,0.0
10256770000,0.010265421947697738,97414.40781440781,2214.0,2101.0,1247.0,1881.0,1496.0,15904.0,-3316.0,894.0,-322.0,-57.0,-488.0,-1409.0,-772.0,33599.0,5628928.0,2250.0,2707.0,0.0
10257026000,0.010265421947697738,97414.40781440781,2238.0,2100.0,1245.0,1884.0,1496.0,15932.0,-3264.0,927.0,-351.0,-51.0,-480.0,-1407.0,-775.0,33599.0,5628928.0,2257.0,2708.0,0.0
10257282000,0.010265421947697738,97414.40781440781,2250.0,2102.0,1248.0,1885.0,1536.0,15920.0,-3208.0,901.0,-360.0,-25.0,-478.0,-1405.0,-773.0,33599.0,5628928.0,2260.0,2708.0,0.0
10257538000,0.010265421947697738,97414.40781440781,2188.0,2104.0,1249.0,1886.0,1592.0,15888.0,-3280.0,898.0,-385.0,-33.0,-478.0,-1406.0,-775.0,33599.0,5628672.0,2221.0,2690.0,0.0
10257794000,0.010265421947697738,97414.40781440781,2194.0,2102.0,1248.0,1887.0,1568.0,15876.0,-3256.0,895.0,-385.0,-16.0,-477.0,-1403.0,-771.0,33599.0,5628672.0,2242.0,2706.0,0.0
10258050000,0.010265421947697738,97414.40781440781,2230.0,2101.0,1245.0,1888.0,1512.0,15972.0,-3176.0,871.0,-386.0,-52.0,-477.0,-1403.0,-771.0,33599.0,5628672.0,2259.0,2707.0,0.0
10258306000,0.010265421947697738,97414.40781440781,2260.0,2099.0,1245.0,1887.0,1516.0,15952.0,-3196.0,870.0,-330.0,-63.0,-474.0,-1408.0,-769.0,33599.0,5628672.0,2266.0,2707.0,0.0
10258562000,0.010265421947697738,97414.40781440781,2196.0,2098.0,1243.0,1888.0,1456.0,16032.0,-3132.0,812.0,-289.0,-24.0,-479.0,-1404.0,-775.0,33599.0,5628160.0,2224.0,2690.0,0.0
10258818000,0.010265421947697738,97414.40781440781,2205.0,2099.0,1245.0,1884.0,1460.0,15960.0,-3240.0,783.0,-244.0,-3.0,-477.0,-1404.0,-771.0,33599.0,5628160.0,2245.0,2708.0,0.0
10259074000,0.010265421947697738,97414.40781440781,2222.0,2101.0,1246.0,1882.0,1564.0,15944.0,-3328.0,808.0,-242.0,-11.0,-473.0,-1403.0,-771.0,33599.0,5628928.0,2253.0,2706.0,0.0
10259330000,0.010265421947697738,97414.40781440781,2250.0,2103.0,1246.0,1881.0,1520.0,15972.0,-3288.0,831.0,-211.0,-12.0,-473.0,-1403.0,-771.0,33599.0,5628928.0,2264.0,2707.0,0.0
10259586000,0.010265421947697738,97414.40781440781,2194.0,2101.0,1247.0,1881.0,1548.0,15948.0,-3312.0,827.0,-180.0,13.0,-472.0,-1406.0,-769.0,33599.0,5628672.0,2223.0,2690.0,0.0
10259842000,0.010265421947697738,97414.40781440781,2212.0,2100.0,1246.0,1879.0,1512.0,15884.0,-3356.0,841.0,-210.0,9.0,-470.0,-1403.0,-774.0,33599.0,5628672.0,2250.0,2707.0,0.0
10260098000,0.010265421947697738,97414.40781440781,2235.0,2098.0,1249.0,1883.0,1492.0,15880.0,-3328.0,828.0,-218.0,9.0,-469.0,-1409.0,-769.0,33599.0,5628416.0,2257.0,2708.0,0.0
10260354000,0.010265421947697738,97414.40781440781,2259.0,2101.0,1246.0,1884.0,1472.0,15928.0,-3244.0,860.0,-241.0,-38.0,-469.0,-1409.0,-769.0,33599.0,5628416.0,2265.0,2707.0,0.0
10260610000,0.010265421947697738,97414.40781440781,2196.0,2101.0,1248.0,1885.0,1472.0,15932.0,-3252.0,857.0,-251.0,-49.0,-471.0,-1410.0,-776.0,33599.0,5628928.0,2224.0,2690.0,0.0
10260866000,0.010265421947697738,97414.40781440781,2219.0,2100.0,1247.0,1888.0,1492.0,15928.0,-3164.0,803.0,-212.0,-53.0,-473.0,-1411.0,-766.0,33599.0,5628928.0,2251.0,2707.0,0.0
10261122000,0.010265421947697738,97414.40781440781,2238.0,2099.0,1244.0,1888.0,1520.0,15952.0,-3080.0,765.0,-163.0,-57.0,-476.0,-1406.0,-771.0,33599.0,5628672.0,2257.0,2708.0,0.0
10261378000,0.010265421947697738,97414.40781440781,2261.0,2100.0,1246.0,1888.0,1476.0,15928.0,-3180.0,687.0,-93.0,-90.0,-476.0,-1415.0,-772.0,33599.0,5628672.0,2265.0,2707.0,0.0
10261634000,0.010265421947697738,97414.40781440781,2195.0,2100.0,1246.0,1885.0,1504.0,16000.0,-3200.0,671.0,-61.0,-88.0,-476.0,-1415.0,-772.0,33599.0,5628160.0,2224.0,2690.0,0.0
10261890000,0.010265421947697738,97414.40781440781,2207.0,2102.0,1248.0,1887.0,1488.0,16008.0,-3208.0,651.0,-32.0,-108.0,-471.0,-1410.0,-763.0,33599.0,5628160.0,2245.0,2708.0,0.0
10262146000,0.010265421947697738,97414.40781440781,2231.0,2101.0,1244.0,1882.0,1504.0,16000.0,-3296.0,657.0,-50.0,-119.0,-472.0,-1409.0,-769.0,33599.0,5628416.0,2255.0,2708.0,0.0
10262402000,0.010265421947697738,97414.40781440781,2212.0,2103.0,1245.0,1881.0,1540.0,15968.0,-3380.0,669.0,-48.0,-109.0,-477.0,-1408.0,-764.0,33599.0,5628416.0,2463.0,2687.0,0.0
10262658000,0.010265421947697738,97414.40781440781,2124.0,2103.0,1247.0,1880.0,1548.0,15960.0,-3396.0,729.0,-114.0,-80.0,-475.0,-1406.0,-770.0,33599.0,5628672.0,2311.0,2689.0,0.0
10262914000,0.010265421947697738,97414.40781440781,2246.0,2105.0,1245.0,1880.0,1532.0,15980.0,-3372.0,749.0,-181.0,-80.0,-475.0,-1406.0,-770.0,33599.0,5628672.0,2291.0,2707.0,0.0
10263170000,0.010265421947697738,97414.40781440781,2281.0,2105.0,1247.0,1880.0,1612.0,15968.0,-3368.0,793.0,-209.0,-82.0,-480.0,-1407.0,-763.0,33599.0,5627904.0,2276.0,2708.0,0.0
10263426000,0.010265421947697738,97414.40781440781,2298.0,2104.0,1246.0,1882.0,1664.0,15976.0,-3324.0,815.0,-229.0,-72.0,-475.0,-1410.0,-766.0,33599.0,5627904.0,2274.0,2707.0,0.0
10263682000,0.010265421947697738,97414.40781440781,2223.0,2093.0,1249.0,1882.0,1552.0,15976.0,-3284.0,803.0,-222.0,-73.0,-474.0,-1413.0,-770.0,33599.0,5628928.0,2226.0,2689.0,0.0
10263938000,0.010265421947697738,97414.40781440781,2219.0,2111.0,1245.0,1882.0,1772.0,15956.0,-3348.0,782.0,-175.0,-89.0,-474.0,-1413.0,-770.0,33599.0,5628928.0,2246.0,2708.0,0.0
10264194000,0.010265421947697738,97414.40781440781,2260.0,2105.0,1248.0,1884.0,1592.0,15912.0,-3244.0,799.0,-188.0,-68.0,-484.0,-1408.0,-767.0,33599.0,5628416.0,2267.0,2707.0,0.0
10264450000,0.010265421947697738,97414.40781440781,2281.0,2104.0,1248.0,1884.0,1552.0,15936.0,-3280.0,767.0,-160.0,-77.0,-473.0,-1401.0,-767.0,33599.0,5628416.0,2270.0,2707.0,0.0
10264706000,0.010265421947697738,97414.40781440781,2213.0,2104.0,1248.0,1883.0,1584.0,15912.0,-3308.0,756.0,-164.0,-114.0,-478.0,-1409.0,-772.0,33599.0,5628416.0,2226.0,2690.0,0.0
10264962000,0.010265421947697738,97414.40781440781,2214.0,2104.0,1246.0,1883.0,1536.0,15928.0,-3284.0,766.0,-138.0,-107.0,-470.0,-1410.0,-767.0,33599.0,5628416.0,2245.0,2706.0,0.0
10265218000,0.010265421947697738,97414.40781440781,2228.0,2105.0,1248.0,1884.0,1596.0,15872.0,-3264.0,766.0,-138.0,-107.0,-470.0,-1410.0,-767.0,33599.0,5628672.0,2253.0,2706.0,0.0
10265474000,0.010265421947697738,97414.40781440781,2253.0,2105.0,1246.0,1882.0,1604.0,15924.0,-3340.0,764.0,-158.0,-109.0,-467.0,-1404.0,-768.0,33599.0,5628672.0,2264.0,2707.0,0.0
10265730000,0.010265421947697738,97414.40781440781,2196.0,2103.0,1245.0,1879.0,1576.0,15984.0,-3344.0,766.0,-167.0,-120.0,-468.0,-1404.0,-771.0,33599.0,5628928.0,2223.0,2690.0,0.0
10265986000,0.010265421947697738,97414.40781440781,2213.0,2105.0,1245.0,1880.0,1580.0,15944.0,-3388.0,777.0,-196.0,-94.0,-469.0,-1411.0,-765.0,33599.0,5628928.0,2250.0,2707.0,0.0
10266242000,0.010265421947697738,97414.40781440781,2233.0,2108.0,1246.0,1881.0,1636.0,15936.0,-3336.0,757.0,-211.0,-107.0,-474.0,-1404.0,-767.0,33599.0,5628672.0,2255.0,2706.0,0.0
10266498000,0.010265421947697738,97414.40781440781,2248.0,2106.0,1247.0,1880.0,1664.0,15964.0,-3352.0,756.0,-203.0,-80.0,-474.0,-1404.0,-767.0,33599.0,5628672.0,2258.0,2706.0,0.0
10266754000,0.010265421947697738,97414.40781440781,2181.0,2106.0,1245.0,1879.0,1608.0,15956.0,-3308.0,750.0,-192.0,-93.0,-470.0,-1407.0,-767.0,33599.0,5628672.0,2220.0,2690.0,0.0
10267010000,0.010265421947697738,97414.40781440781,2205.0,2104.0,1244.0,1880.0,1600.0,16004.0,-3332.0,750.0,-175.0,-65.0,-470.0,-1405.0,-767.0,33599.0,5628672.0,2249.0,2707.0,0.0
10267266000,0.010265421947697738,97414.40781440781,2230.0,2105.0,1247.0,1881.0,1632.0,15924.0,-3376.0,694.0,-117.0,-77.0,-480.0,-1408.0,-766.0,33599.0,5628160.0,2255.0,2706.0,0.0
10267522000,0.010265421947697738,97414.40781440781,2243.0,2106.0,1248.0,1880.0,1604.0,15900.0,-3380.0,684.0,-111.0,-80.0,-480.0,-1408.0,-766.0,33599.0,5628160.0,2258.0,2706.0,0.0
10267778000,0.010265421947697738,97414.40781440781,2180.0,2104.0,1248.0,1878.0,1600.0,15884.0,-3364.0,718.0,-93.0,-105.0,-467.0,-1402.0,-771.0,33599.0,5628416.0,2220.0,2690.0,0.0
10268034000,0.010265421947697738,97414.40781440781,2191.0,2104.0,1248.0,1879.0,1588.0,15856.0,-3372.0,715.0,-84.0,-129.0,-471.0,-1407.0,-768.0,33599.0,5628416.0,2244.0,2708.0,0.0
10268290000,0.010265421947697738,97414.40781440781,2217.0,2104.0,1249.0,1877.0,1616.0,15876.0,-3372.0,680.0,-87.0,-115.0,-469.0,-1409.0,-768.0,33599.0,5628416.0,2254.0,2708.0,0.0
10268546000,0.010265421947697738,97414.40781440781,2245.0,2106.0,1250.0,1878.0,1592.0,15824.0,-3396.0,681.0,-62.0,-153.0,-472.0,-1413.0,-767.0,33599.0,5628416.0,2264.0,2707.0,0.0
10268802000,0.010265421947697738,97414.40781440781,2175.0,2105.0,1250.0,1878.0,1584.0,15868.0,-3404.0,706.0,-45.0,-171.0,-472.0,-1413.0,-767.0,33599.0,5628160.0,2215.0,2688.0,0.0
10269058000,0.010265421947697738,97414.40781440781,2201.0,2105.0,1249.0,1878.0,1612.0,15884.0,-3420.0,677.0,-48.0,-191.0,-485.0,-1407.0,-768.0,33599.0,5628160.0,2247.0,2707.0,0.0
10269314000,0.010265421947697738,97414.40781440781,2230.0,2108.0,1249.0,1876.0,1628.0,15888.0,-3420.0,679.0,-43.0,-153.0,-482.0,-1410.0,-767.0,33599.0,5627904.0,2260.0,2707.0,0.0
10269570000,0.010265421947697738,97414.40781440781,2264.0,2110.0,1247.0,1872.0,1680.0,15952.0,-3512.0,740.0,-130.0,-124.0,-479.0,-1411.0,-766.0,33599.0,5627904.0,2267.0,2707.0,0.0
10269826000,0.010265421947697738,97414.40781440781,2200.0,2109.0,1246.0,1872.0,1660.0,15960.0,-3436.0,801.0,-199.0,-112.0,-482.0,-1412.0,-764.0,33599.0,5628672.0,2223.0,2689.0,0.0
10270082000,0.010265421947697738,97414.40781440781,2216.0,2110.0,1245.0,1875.0,1684.0,15948.0,-3420.0,805.0,-239.0,-76.0,-482.0,-1412.0,-764.0,33599.0,5628672.0,2250.0,2707.0,0.0
10270338000,0.010265421947697738,97414.40781440781,2238.0,2111.0,1248.0,1876.0,1712.0,15908.0,-3440.0,813.0,-230.0,-49.0,-475.0,-1404.0,-768.0,33599.0,5628928.0,2257.0,2708.0,0.0
10270594000,0.010265421947697738,97414.40781440781,2250.0,2109.0,1248.0,1876.0,1720.0,15904.0,-3408.0,791.0,-236.0,-76.0,-479.0,-1415.0,-766.0,33599.0,5628928.0,2260.0,2708.0,0.0
10270850000,0.010265421947697738,97414.40781440781,2182.0,2109.0,1248.0,1876.0,1656.0,15912.0,-3408.0,818.0,-216.0,-68.0,-477.0,-1410.0,-767.0,33599.0,5628672.0,2220.0,2689.0,0.0
10271106000,0.010265421947697738,97414.40781440781,2198.0,2107.0,1248.0,1876.0,1696.0,15924.0,-3424.0,811.0,-231.0,-80.0,-477.0,-1410.0,-767.0,33599.0,5628672.0,2248.0,2707.0,0.0
10271362000,0.010265421947697738,97414.40781440781,2236.0,2108.0,1248.0,1880.0,1656.0,15944.0,-3400.0,783.0,-214.0,-58.0,-483.0,-1412.0,-771.0,33599.0,5628416.0,2262.0,2707.0,0.0
10271618000,0.010265421947697738,97414.40781440781,2262.0,2108.0,1246.0,1878.0,1676.0,15904.0,-3436.0,804.0,-190.0,-79.0,-476.0,-1412.0,-766.0,33599.0,5628416.0,2268.0,2707.0,0.0
10271874000,0.010265421947697738,97414.40781440781,2201.0,2107.0,1248.0,1876.0,1636.0,15880.0,-3396.0,783.0,-204.0,-81.0,-472.0,-1409.0,-767.0,33599.0,5628672.0,2223.0,2689.0,0.0
10272130000,0.010265421947697738,97414.40781440781,2215.0,2109.0,1250.0,1877.0,1684.0,15888.0,-3356.0,798.0,-166.0,-85.0,-490.0,-1408.0,-764.0,33599.0,5628672.0,2250.0,2707.0,0.0
10272386000,0.010265421947697738,97414.40781440781,2243.0,2109.0,1252.0,1871.0,1700.0,15888.0,-3460.0,773.0,-170.0,-98.0,-490.0,-1408.0,-764.0,33599.0,5628928.0,2262.0,2707.0,0.0
10272642000,0.010265421947697738,97414.40781440781,2268.0,2110.0,1249.0,1873.0,1684.0,15856.0,-3468.0,802.0,-162.0,-120.0,-478.0,-1406.0,-768.0,33599.0,5628928.0,2268.0,2707.0,0.0
10272898000,0.010265421947697738,97414.40781440781,2204.0,2111.0,1249.0,1875.0,1712.0,15868.0,-3428.0,809.0,-178.0,-118.0,-471.0,-1414.0,-768.0,33599.0,5628672.0,2225.0,2690.0,0.0
10273154000,0.010265421947697738,97414.40781440781,2205.0,2110.0,1248.0,1873.0,1688.0,15852.0,-3440.0,776.0,-174.0,-106.0,-469.0,-1410.0,-769.0,33599.0,5628672.0,2244.0,2706.0,0.0
10273410000,0.010265421947697738,97414.40781440781,2231.0,2110.0,1250.0,1875.0,1708.0,15888.0,-3460.0,787.0,-165.0,-113.0,-471.0,-1411.0,-761.0,33599.0,5628416.0,2260.0,2707.0,0.0
10273666000,0.010265421947697738,97414.40781440781,2265.0,2111.0,1249.0,1874.0,1700.0,15884.0,-3416.0,759.0,-118.0,-106.0,-471.0,-1411.0,-761.0,33599.0,5628416.0,2267.0,2707.0,0.0
10273922000,0.010265421947697738,97414.40781440781,2199.0,2108.0,1249.0,1877.0,1604.0,15916.0,-3376.0,741.0,-111.0,-70.0,-473.0,-1408.0,-768.0,33599.0,5629184.0,2224.0,2690.0,0.0
10274178000,0.010265421947697738,97414.40781440781,2220.0,2110.0,1247.0,1873.0,1576.0,15920.0,-3468.0,727.0,-105.0,-67.0,-471.0,-1407.0,-765.0,33599.0,5629184.0,2251.0,2707.0,0.0
10274434000,0.010265421947697738,97414.40781440781,2252.0,2113.0,1248.0,1877.0,1756.0,15876.0,-3380.0,748.0,-121.0,-52.0,-470.0,-1406.0,-765.0,33599.0,5628416.0,2263.0,2707.0,0.0
10274690000,0.010265421947697738,97414.40781440781,2255.0,2110.0,1248.0,1874.0,1728.0,15940.0,-3468.0,736.0,-114.0,-70.0,-470.0,-1406.0,-765.0,33599.0,5628416.0,2260.0,2705.0,0.0
10274946000,0.010265421947697738,97414.40781440781,2193.0,2111.0,1248.0,1872.0,1720.0,15912.0,-3488.0,750.0,-154.0,-90.0,-469.0,-1406.0,-761.0,33599.0,5629184.0,2222.0,2690.0,0.0
10275202000,0.010265421947697738,97414.40781440781,2198.0,2112.0,1249.0,1871.0,1716.0,15868.0,-3532.0,773.0,-157.0,-78.0,-469.0,-1409.0,-765.0,33599.0,5629184.0,2244.0,2708.0,0.0
10275458000,0.010265421947697738,97414.40781440781,2233.0,2112.0,1250.0,1870.0,1716.0,15884.0,-3532.0,807.0,-210.0,-93.0,-475.0,-1410.0,-766.0,33599.0,5628416.0,2259.0,2707.0,0.0
10275714000,0.010265421947697738,97414.40781440781,2265.0,2112.0,1250.0,1871.0,1724.0,15848.0,-3444.0,811.0,-223.0,-84.0,-472.0,-1408.0,-765.0,33599.0,5628416.0,2267.0,2707.0,0.0
10275970000,0.010265421947697738,97414.40781440781,2197.0,2110.0,1249.0,1873.0,1728.0,15884.0,-3500.0,821.0,-188.0,-75.0,-472.0,-1408.0,-765.0,33599.0,5628672.0,2224.0,2690.0,0.0
10276226000,0.010265421947697738,97414.40781440781,2221.0,2110.0,1250.0,1871.0,1712.0,15820.0,-3460.0,813.0,-165.0,-66.0,-475.0,-1404.0,-769.0,33599.0,5628672.0,2251.0,2707.0,0.0
10276482000,0.010265421947697738,97414.40781440781,2239.0,2110.0,1250.0,1874.0,1736.0,15844.0,-3472.0,859.0,-191.0,-115.0,-473.0,-1411.0,-759.0,33599.0,5629440.0,2257.0,2708.0,0.0
10276738000,0.010265421947697738,97414.40781440781,2262.0,2110.0,1248.0,1874.0,1652.0,15912.0,-3436.0,870.0,-196.0,-128.0,-476.0,-1409.0,-773.0,33599.0,5629440.0,2265.0,2707.0,0.0
10276994000,0.010265421947697738,97414.40781440781,2222.0,2109.0,1247.0,1876.0,1692.0,15900.0,-3452.0,884.0,-198.0,-111.0,-483.0,-1406.0,-763.0,33599.0,5629440.0,2461.0,2685.0,0.0
10277250000,0.010265421947697738,97414.40781440781,2220.0,2111.0,1248.0,1879.0,1680.0,15900.0,-3452.0,898.0,-171.0,-116.0,-483.0,-1406.0,-763.0,33599.0,5629440.0,2358.0,2707.0,0.0
10277506000,0.010265421947697738,97414.40781440781,2116.0,2113.0,1248.0,1873.0,1776.0,15912.0,-3364.0,901.0,-174.0,-169.0,-481.0,-1412.0,-764.0,33599.0,5628928.0,2306.0,2708.0,0.0
10277762000,0.010265421947697738,97414.40781440781,2231.0,2113.0,1245.0,1874.0,1696.0,16016.0,-3428.0,875.0,-143.0,-160.0,-481.0,-1408.0,-762.0,33599.0,5628928.0,2288.0,2707.0,0.0
10278018000,0.010265421947697738,97414.40781440781,2185.0,2112.0,1247.0,1873.0,1764.0,15888.0,-3484.0,853.0,-130.0,-200.0,-477.0,-1412.0,-764.0,33599.0,5628416.0,2226.0,2688.0,0.0
10278274000,0.010265421947697738,97414.40781440781,2199.0,2114.0,1249.0,1872.0,1760.0,15868.0,-3520.0,886.0,-140.0,-231.0,-477.0,-1412.0,-764.0,33599.0,5628416.0,2246.0,2708.0,0.0
10278530000,0.010265421947697738,97414.40781440781,2228.0,2113.0,1249.0,1871.0,1760.0,15900.0,-3496.0,887.0,-159.0,-215.0,-476.0,-1408.0,-763.0,33599.0,5628928.0,2255.0,2708.0,0.0
10278786000,0.010265421947697738,97414.40781440781,2211.0,2114.0,1251.0,1873.0,1752.0,15900.0,-3472.0,900.0,-165.0,-184.0,-475.0,-1414.0,-759.0,33599.0,5628928.0,2463.0,2687.0,0.0
10279042000,0.010265421947697738,97414.40781440781,2215.0,2115.0,1252.0,1874.0,1824.0,15840.0,-3396.0,893.0,-138.0,-186.0,-488.0,-1410.0,-766.0,33599.0,5629696.0,2358.0,2707.0,0.0
10279298000,0.010265421947697738,97414.40781440781,2110.0,2117.0,1252.0,1874.0,1836.0,15836.0,-3472.0,887.0,-112.0,-180.0,-496.0,-1412.0,-766.0,33599.0,5629696.0,2305.0,2706.0,0.0
10279554000,0.010265421947697738,97414.40781440781,2226.0,2117.0,1251.0,1874.0,1860.0,15844.0,-3484.0,856.0,-88.0,-181.0,-496.0,-1412.0,-766.0,33599.0,5628928.0,2288.0,2707.0,0.0
10279810000,0.010265421947697738,97414.40781440781,2282.0,2118.0,1250.0,1870.0,1860.0,15856.0,-3532.0,875.0,-74.0,-189.0,-473.0,-1411.0,-762.0,33599.0,5628928.0,2279.0,2707.0,0.0
10280066000,0.010265421947697738,97414.40781440781,2227.0,2119.0,1251.0,1871.0,1832.0,15836.0,-3524.0,895.0,-70.0,-225.0,-473.0,-1414.0,-759.0,33599.0,5628928.0,2231.0,2690.0,0.0
10280322000,0.010265421947697738,97414.40781440781,2236.0,2114.0,1248.0,1872.0,1760.0,15920.0,-3476.0,944.0,-148.0,-195.0,-464.0,-1411.0,-763.0,33599.0,5628928.0,2254.0,2707.0,0.0
10280578000,0.010265421947697738,97414.40781440781,2255.0,2114.0,1247.0,1873.0,1728.0,15940.0,-3528.0,937.0,-159.0,-210.0,-471.0,-1411.0,-763.0,33599.0,5628672.0,2264.0,2707.0,0.0
10280834000,0.010265421947697738,97414.40781440781,2278.0,2116.0,1249.0,1873.0,1804.0,15884.0,-3520.0,948.0,-189.0,-197.0,-471.0,-1411.0,-763.0,33599.0,5628672.0,2269.0,2707.0,0.0
10281090000,0.010265421947697738,97414.40781440781,2206.0,2115.0,1252.0,1873.0,1800.0,15876.0,-3500.0,969.0,-218.0,-224.0,-471.0,-1407.0,-761.0,33599.0,5629184.0,2224.0,2689.0,0.0
10281346000,0.010265421947697738,97414.40781440781,2219.0,2116.0,1252.0,1873.0,1800.0,15872.0,-3432.0,1017.0,-239.0,-236.0,-470.0,-1404.0,-760.0,33599.0,5629184.0,2250.0,2707.0,0.0
10281602000,0.010265421947697738,97414.40781440781,2251.0,2115.0,1249.0,1878.0,1728.0,15916.0,-3368.0,975.0,-224.0,-196.0,-469.0,-1414.0,-759.0,33599.0,5629184.0,2263.0,2707.0,0.0
10281858000,0.010265421947697738,97414.40781440781,2255.0,2115.0,1250.0,1877.0,1812.0,15900.0,-3428.0,917.0,-186.0,-155.0,-469.0,-1414.0,-759.0,33599.0,5629184.0,2260.0,2705.0,0.0
10282114000,0.010265421947697738,97414.40781440781,2193.0,2120.0,1252.0,1876.0,1864.0,15872.0,-3492.0,917.0,-186.0,-155.0,-476.0,-1408.0,-766.0,33599.0,5628672.0,2222.0,2690.0,0.0
10282370000,0.010265421947697738,97414.40781440781,2199.0,2121.0,1249.0,1876.0,1864.0,15900.0,-3444.0,906.0,-188.0,-153.0,-475.0,-1410.0,-764.0,33599.0,5628672.0,2244.0,2708.0,0.0
10282626000,0.010265421947697738,97414.40781440781,2221.0,2122.0,1250.0,1876.0,1904.0,15852.0,-3400.0,937.0,-200.0,-165.0,-471.0,-1411.0,-758.0,33599.0,5628672.0,2254.0,2708.0,0.0
10282882000,0.010265421947697738,97414.40781440781,2247.0,2119.0,1248.0,1876.0,1880.0,15848.0,-3492.0,958.0,-255.0,-152.0,-479.0,-1412.0,-758.0,33599.0,5628672.0,2264.0,2707.0,0.0
10283138000,0.010265421947697738,97414.40781440781,2191.0,2119.0,1247.0,1878.0,1824.0,15932.0,-3380.0,971.0,-285.0,-157.0,-479.0,-1412.0,-758.0,33599.0,5629184.0,2223.0,2690.0,0.0
10283394000,0.010265421947697738,97414.40781440781,2212.0,2121.0,1248.0,1875.0,1848.0,15944.0,-3372.0,946.0,-304.0,-145.0,-478.0,-1412.0,-764.0,33599.0,5629184.0,2250.0,2707.0,0.0
10283650000,0.010265421947697738,97414.40781440781,2196.0,2118.0,1246.0,1879.0,1832.0,15948.0,-3356.0,904.0,-312.0,-131.0,-474.0,-1411.0,-763.0,33599.0,5629184.0,2461.0,2687.0,0.0
10283906000,0.010265421947697738,97414.40781440781,2206.0,2119.0,1247.0,1879.0,1848.0,15964.0,-3348.0,885.0,-304.0,-118.0,-480.0,-1410.0,-765.0,33599.0,5629184.0,2358.0,2707.0,0.0
10284162000,0.010265421947697738,97414.40781440781,2243.0,2119.0,1247.0,1876.0,1848.0,15928.0,-3380.0,833.0,-273.0,-67.0,-478.0,-1411.0,-765.0,33599.0,5628928.0,2265.0,2689.0,0.0
10284418000,0.010265421947697738,97414.40781440781,2272.0,2120.0,1249.0,1876.0,1904.0,15924.0,-3400.0,791.0,-252.0,-82.0,-478.0,-1411.0,-765.0,33599.0,5628928.0,2269.0,2707.0,0.0
10284674000,0.010265421947697738,97414.40781440781,2293.0,2120.0,1249.0,1874.0,1864.0,15884.0,-3420.0,781.0,-255.0,-82.0,-486.0,-1411.0,-763.0,33599.0,5629440.0,2271.0,2707.0,0.0
10284930000,0.010265421947697738,97414.40781440781,2300.0,2120.0,1250.0,1874.0,1864.0,15888.0,-3436.0,805.0,-245.0,-79.0,-478.0,-1413.0,-767.0,33599.0,5629440.0,2272.0,2707.0,0.0
10285186000,0.010265421947697738,97414.40781440781,2223.0,2120.0,1250.0,1870.0,1848.0,15868.0,-3540.0,798.0,-283.0,-83.0,-475.0,-1412.0,-767.0,33599.0,5628416.0,2226.0,2689.0,0.0
10285442000,0.010265421947697738,97414.40781440781,2232.0,2120.0,1248.0,1872.0,1844.0,15888.0,-3524.0,845.0,-299.0,-72.0,-475.0,-1412.0,-767.0,33599.0,5628416.0,2251.0,2707.0,0.0
10285698000,0.010265421947697738,97414.40781440781,2209.0,2120.0,1250.0,1872.0,1872.0,15892.0,-3464.0,859.0,-309.0,-53.0,-479.0,-1406.0,-764.0,33599.0,5628160.0,2461.0,2687.0,0.0
10285954000,0.010265421947697738,97414.40781440781,2213.0,2119.0,1249.0,1875.0,1836.0,15908.0,-3424.0,874.0,-354.0,-73.0,-476.0,-1412.0,-759.0,33599.0,5628160.0,2358.0,2707.0,0.0
10286210000,0.010265421947697738,97414.40781440781,2249.0,2121.0,1251.0,1879.0,1852.0,15872.0,-3376.0,850.0,-353.0,-61.0,-473.0,-1412.0,-764.0,33599.0,5629184.0,2266.0,2690.0,0.0
10286466000,0.010265421947697738,97414.40781440781,2262.0,2120.0,1251.0,1876.0,1872.0,15896.0,-3404.0,841.0,-351.0,-68.0,-466.0,-1413.0,-761.0,33599.0,5629184.0,2264.0,2706.0,0.0
10286722000,0.010265421947697738,97414.40781440781,2280.0,2121.0,1251.0,1873.0,1924.0,15896.0,-3484.0,824.0,-338.0,-75.0,-466.0,-1413.0,-761.0,33599.0,5628928.0,2269.0,2707.0,0.0
10286978000,0.010265421947697738,97414.40781440781,2299.0,2121.0,1250.0,1873.0,1864.0,15860.0,-3464.0,820.0,-332.0,-74.0,-476.0,-1412.0,-757.0,33599.0,5628928.0,2271.0,2707.0,0.0
10287234000,0.010265421947697738,97414.40781440781,2223.0,2120.0,1248.0,1871.0,1872.0,15912.0,-3524.0,850.0,-333.0,-86.0,-463.0,-1410.0,-761.0,33599.0,5629184.0,2226.0,2690.0,0.0
10287490000,0.010265421947697738,97414.40781440781,2233.0,2119.0,1250.0,1870.0,1816.0,15920.0,-3528.0,857.0,-349.0,-78.0,-472.0,-1411.0,-762.0,33599.0,5629184.0,2251.0,2707.0,0.0
10287746000,0.010265421947697738,97414.40781440781,2258.0,2118.0,1249.0,1871.0,1836.0,15916.0,-3576.0,854.0,-357.0,-68.0,-475.0,-1405.0,-766.0,33599.0,5628928.0,2263.0,2707.0,0.0
10288002000,0.010265421947697738,97414.40781440781,2275.0,2121.0,1247.0,1874.0,1868.0,15908.0,-3492.0,863.0,-359.0,-27.0,-475.0,-1405.0,-766.0,33599.0,5628928.0,2268.0,2707.0,0.0
10288258000,0.010265421947697738,97414.40781440781,2210.0,2122.0,1249.0,1873.0,1876.0,15876.0,-3456.0,851.0,-344.0,-11.0,-466.0,-1406.0,-765.0,33599.0,5629184.0,2225.0,2690.0,0.0
10288514000,0.010265421947697738,97414.40781440781,2214.0,2123.0,1251.0,1876.0,1900.0,15848.0,-3432.0,859.0,-353.0,-28.0,-475.0,-1418.0,-770.0,33599.0,5629184.0,2246.0,2708.0,0.0
10288770000,0.010265421947697738,97414.40781440781,2237.0,2121.0,1250.0,1876.0,1896.0,15884.0,-3416.0,848.0,-360.0,-27.0,-485.0,-1410.0,-763.0,33599.0,5628928.0,2260.0,2707.0,0.0
10289026000,0.010265421947697738,97414.40781440781,2248.0,2123.0,1249.0,1879.0,1900.0,15896.0,-3424.0,830.0,-319.0,19.0,-485.0,-1410.0,-763.0,33599.0,5628928.0,2260.0,2706.0,0.0
10289282000,0.010265421947697738,97414.40781440781,2183.0,2122.0,1249.0,1876.0,1900.0,15824.0,-3396.0,811.0,-301.0,10.0,-473.0,-1411.0,-766.0,33599.0,5628416.0,2220.0,2689.0,0.0
10289538000,0.010265421947697738,97414.40781440781,2197.0,2122.0,1251.0,1875.0,1876.0,15888.0,-3460.0,777.0,-301.0,-31.0,-471.0,-1416.0,-762.0,33599.0,5628416.0,2243.0,2708.0,0.0
10289794000,0.010265421947697738,97414.40781440781,2220.0,2119.0,1250.0,1873.0,1848.0,15920.0,-3492.0,829.0,-304.0,-43.0,-479.0,-1411.0,-761.0,33599.0,5629184.0,2254.0,2708.0,0.0
10290050000,0.010265421947697738,97414.40781440781,2238.0,2120.0,1249.0,1872.0,1852.0,15936.0,-3500.0,815.0,-306.0,2.0,-475.0,-1411.0,-764.0,33599.0,5629184.0,2257.0,2706.0,0.0
10290306000,0.010265421947697738,97414.40781440781,2178.0,2122.0,1251.0,1868.0,1888.0,15860.0,-3600.0,811.0,-306.0,-27.0,-475.0,-1411.0,-764.0,33599.0,5628672.0,2219.0,2689.0,0.0
10290562000,0.010265421947697738,97414.40781440781,2199.0,2120.0,1250.0,1867.0,1912.0,15864.0,-3540.0,853.0,-337.0,-28.0,-478.0,-1414.0,-766.0,33599.0,5628672.0,2248.0,2707.0,0.0
10290818000,0.010265421947697738,97414.40781440781,2222.0,2122.0,1251.0,1870.0,1876.0,15868.0,-3464.0,885.0,-340.0,-28.0,-472.0,-1410.0,-766.0,33599.0,5628672.0,2256.0,2708.0,0.0
10291074000,0.010265421947697738,97414.40781440781,2246.0,2122.0,1251.0,1872.0,1900.0,15828.0,-3496.0,860.0,-340.0,-40.0,-479.0,-1414.0,-762.0,33599.0,5628672.0,2259.0,2706.0,0.0
10291330000,0.010265421947697738,97414.40781440781,2163.0,2121.0,1252.0,1872.0,1880.0,15756.0,-3544.0,881.0,-389.0,-42.0,-472.0,-1408.0,-767.0,33599.0,5628672.0,2212.0,2688.0,0.0
10291586000,0.010265421947697738,97414.40781440781,2188.0,2121.0,1252.0,1874.0,1896.0,15912.0,-3468.0,904.0,-384.0,-56.0,-472.0,-1408.0,-767.0,33599.0,5628672.0,2245.0,2707.0,0.0
10291842000,0.010265421947697738,97414.40781440781,2222.0,2119.0,1251.0,1876.0,1836.0,15900.0,-3380.0,902.0,-378.0,-29.0,-478.0,-1408.0,-771.0,33599.0,5628416.0,2255.0,2708.0,0.0
10292098000,0.010265421947697738,97414.40781440781,2240.0,2122.0,1251.0,1875.0,1904.0,15920.0,-3400.0,877.0,-382.0,-31.0,-474.0,-1411.0,-758.0,33599.0,5628416.0,2258.0,2706.0,0.0
10292354000,0.010265421947697738,97414.40781440781,2180.0,2120.0,1248.0,1874.0,1904.0,15940.0,-3392.0,872.0,-364.0,-65.0,-478.0,-1412.0,-764.0,33599.0,5628416.0,2219.0,2689.0,0.0
10292610000,0.010265421947697738,97414.40781440781,2197.0,2122.0,1248.0,1873.0,1884.0,15916.0,-3460.0,844.0,-328.0,-69.0,-478.0,-1412.0,-764.0,33599.0,5628416.0,2248.0,2707.0,0.0
10292866000,0.010265421947697738,97414.40781440781,2223.0,2123.0,1247.0,1870.0,1876.0,15912.0,-3444.0,820.0,-318.0,-36.0,-476.0,-1410.0,-760.0,33599.0,5628928.0,2256.0,2708.0,0.0
10293122000,0.010265421947697738,97414.40781440781,2254.0,2122.0,1248.0,1871.0,1920.0,15908.0,-3524.0,819.0,-312.0,-55.0,-479.0,-1413.0,-763.0,33599.0,5628928.0,2265.0,2707.0,0.0
10293378000,0.010265421947697738,97414.40781440781,2192.0,2120.0,1248.0,1871.0,1864.0,15904.0,-3540.0,874.0,-309.0,-63.0,-476.0,-1415.0,-767.0,33599.0,5629184.0,2224.0,2690.0,0.0
10293634000,0.010265421947697738,97414.40781440781,2216.0,2119.0,1248.0,1869.0,1864.0,15952.0,-3536.0,888.0,-353.0,-75.0,-473.0,-1414.0,-763.0,33599.0,5629184.0,2251.0,2707.0,0.0
10293890000,0.010265421947697738,97414.40781440781,2243.0,2119.0,1251.0,1871.0,1888.0,15896.0,-3532.0,882.0,-355.0,-65.0,-473.0,-1414.0,-763.0,33599.0,5629184.0,2262.0,2707.0,0.0
10294146000,0.010265421947697738,97414.40781440781,2268.0,2121.0,1251.0,1873.0,1880.0,15892.0,-3432.0,887.0,-363.0,-37.0,-475.0,-1406.0,-765.0,33599.0,5629184.0,2268.0,2707.0,0.0
10294402000,0.010265421947697738,97414.40781440781,2215.0,2120.0,1249.0,1876.0,1884.0,15860.0,-3428.0,886.0,-342.0,-25.0,-471.0,-1409.0,-773.0,33599.0,5628928.0,2232.0,2691.0,0.0
10294658000,0.010265421947697738,97414.40781440781,2230.0,2123.0,1252.0,1875.0,1892.0,15848.0,-3488.0,881.0,-355.0,-29.0,-471.0,-1410.0,-760.0,33599.0,5628928.0,2254.0,2707.0,0.0
10294914000,0.010265421947697738,97414.40781440781,2244.0,2122.0,1252.0,1876.0,1920.0,15868.0,-3420.0,850.0,-324.0,-47.0,-471.0,-1415.0,-764.0,33599.0,5628672.0,2258.0,2706.0,0.0
10295170000,0.010265421947697738,97414.40781440781,2267.0,2121.0,1250.0,1878.0,1884.0,15832.0,-3404.0,800.0,-310.0,-28.0,-471.0,-1415.0,-764.0,33599.0,5628672.0,2266.0,2707.0,0.0
10295426000,0.010265421947697738,97414.40781440781,2200.0,2122.0,1249.0,1873.0,1928.0,15884.0,-3480.0,866.0,-290.0,-32.0,-470.0,-1409.0,-764.0,33599.0,5628672.0,2224.0,2690.0,0.0
10295682000,0.010265421947697738,97414.40781440781,2220.0,2123.0,1249.0,1869.0,1872.0,15900.0,-3492.0,861.0,-308.0,-55.0,-471.0,-1411.0,-758.0,33599.0,5628672.0,2251.0,2707.0,0.0
10295938000,0.010265421947697738,97414.40781440781,2247.0,2120.0,1249.0,1870.0,1876.0,15884.0,-3532.0,922.0,-302.0,-81.0,-465.0,-1409.0,-766.0,33607.0,5628672.0,2262.0,2707.0,0.0
10296194000,0.010265421947697738,97414.40781440781,2258.0,2119.0,1248.0,1869.0,1852.0,15976.0,-3548.0,929.0,-305.0,-78.0,-465.0,-1409.0,-766.0,33607.0,5628672.0,2261.0,2706.0,0.0
10296450000,0.010265421947697738,97414.40781440781,2188.0,2118.0,1248.0,1871.0,1796.0,15940.0,-3476.0,923.0,-275.0,-47.0,-471.0,-1411.0,-760.0,33607.0,5628416.0,2220.0,2689.0,0.0
10296706000,0.010265421947697738,97414.40781440781,2208.0,2119.0,1251.0,1870.0,1868.0,15856.0,-3524.0,930.0,-297.0,-57.0,-468.0,-1406.0,-765.0,33607.0,5628416.0,2249.0,2707.0,0.0
10296962000,0.010265421947697738,97414.40781440781,2219.0,2123.0,1250.0,1871.0,1888.0,15856.0,-3540.0,935.0,-304.0,-73.0,-475.0,-1412.0,-759.0,33607.0,5629184.0,2250.0,2708.0,0.0
10297218000,0.010265421947697738,97414.40781440781,2237.0,2122.0,1250.0,1873.0,1860.0,15904.0,-3504.0,921.0,-302.0,-51.0,-480.0,-1414.0,-761.0,33607.0,5629184.0,2255.0,2706.0,0.0
10297474000,0.010265421947697738,97414.40781440781,2172.0,2122.0,1250.0,1874.0,1920.0,15860.0,-3428.0,892.0,-250.0,-42.0,-480.0,-1414.0,-761.0,33607.0,5628928.0,2217.0,2689.0,0.0
10297730000,0.010265421947697738,97414.40781440781,2188.0,2122.0,1251.0,1875.0,1916.0,15872.0,-3412.0,921.0,-228.0,-90.0,-481.0,-1410.0,-763.0,33607.0,5628928.0,2242.0,2708.0,0.0
10297986000,0.010265421947697738,97414.40781440781,2227.0,2123.0,1250.0,1875.0,1928.0,15892.0,-3468.0,900.0,-239.0,-89.0,-475.0,-1408.0,-767.0,33607.0,5628672.0,2259.0,2707.0,0.0
10298242000,0.010265421947697738,97414.40781440781,2249.0,2124.0,1251.0,1873.0,1940.0,15848.0,-3504.0,910.0,-248.0,-90.0,-473.0,-1412.0,-762.0,33607.0,5628672.0,2261.0,2708.0,0.0
10298498000,0.010265421947697738,97414.40781440781,2180.0,2122.0,1251.0,1873.0,1936.0,15852.0,-3496.0,968.0,-262.0,-125.0,-480.0,-1406.0,-760.0,33607.0,5628672.0,2220.0,2689.0,0.0
10298754000,0.010265421947697738,97414.40781440781,2204.0,2119.0,1248.0,1878.0,1868.0,15932.0,-3408.0,979.0,-234.0,-144.0,-480.0,-1406.0,-760.0,33607.0,5628672.0,2249.0,2707.0,0.0
10299010000,0.010265421947697738,97414.40781440781,2226.0,2124.0,1248.0,1880.0,1916.0,15908.0,-3412.0,979.0,-234.0,-144.0,-479.0,-1413.0,-770.0,33607.0,5628416.0,2256.0,2708.0,0.0
10299266000,0.010265421947697738,97414.40781440781,2255.0,2122.0,1245.0,1866.0,1868.0,15996.0,-3512.0,1010.0,-234.0,-156.0,-476.0,-1409.0,-763.0,33607.0,5628416.0,2265.0,2707.0,0.0
10299522000,0.010265421947697738,97414.40781440781,2191.0,2125.0,1248.0,1871.0,1956.0,15956.0,-3468.0,1036.0,-152.0,-182.0,-475.0,-1413.0,-763.0,33607.0,5628928.0,2222.0,2689.0,0.0
10299778000,0.010265421947697738,97414.40781440781,2208.0,2124.0,1252.0,1866.0,1944.0,15812.0,-3632.0,1114.0,-114.0,-199.0,-475.0,-1413.0,-763.0,33607.0,5628928.0,2249.0,2707.0,0.0
10300034000,0.010265421947697738,97414.40781440781,2242.0,2123.0,1249.0,1865.0,1932.0,15872.0,-3668.0,1200.0,-84.0,-300.0,-479.0,-1408.0,-766.0,33607.0,5628416.0,2262.0,2707.0,0.0
10300290000,0.010265421947697738,97414.40781440781,2265.0,2122.0,1248.0,1863.0,1900.0,15964.0,-3636.0,1358.0,-98.0,-385.0,-475.0,-1408.0,-766.0,33607.0,5628416.0,2268.0,2707.0,0.0
10300546000,0.010265421947697738,97414.40781440781,2198.0,2119.0,1245.0,1861.0,1828.0,15956.0,-3668.0,1454.0,-55.0,-419.0,-471.0,-1410.0,-762.0,33607.0,5628160.0,2224.0,2689.0,0.0
10300802000,0.010265421947697738,97414.40781440781,2214.0,2122.0,1241.0,1872.0,1836.0,16084.0,-3540.0,1598.0,-107.0,-556.0,-496.0,-1412.0,-764.0,33607.0,5628160.0,2250.0,2707.0,0.0
10301058000,0.010265421947697738,97414.40781440781,2242.0,2119.0,1244.0,1882.0,1852.0,16036.0,-3360.0,1662.0,-38.0,-601.0,-496.0,-1412.0,-764.0,33607.0,5628672.0,2262.0,2707.0,0.0
10301314000,0.010265421947697738,97414.40781440781,2267.0,2125.0,1248.0,1885.0,1924.0,15908.0,-3208.0,1691.0,2.0,-592.0,-472.0,-1410.0,-767.0,33607.0,5628672.0,2268.0,2707.0,0.0
10301570000,0.010265421947697738,97414.40781440781,2199.0,2130.0,1251.0,1892.0,2040.0,15832.0,-2992.0,1723.0,115.0,-653.0,-475.0,-1410.0,-764.0,33607.0,5628416.0,2224.0,2689.0,0.0
10301826000,0.010265421947697738,97414.40781440781,2207.0,2134.0,1255.0,1898.0,2028.0,15824.0,-2924.0,1682.0,290.0,-810.0,-469.0,-1406.0,-768.0,33607.0,5628416.0,2245.0,2708.0,0.0
10302082000,0.010265421947697738,97414.40781440781,2171.0,2140.0,1251.0,1896.0,2252.0,15796.0,-3032.0,1803.0,432.0,-932.0,-462.0,-1411.0,-768.0,33607.0,5628672.0,2452.0,2686.0,0.0
10302338000,0.010265421947697738,97414.40781440781,2185.0,2136.0,1246.0,1891.0,2164.0,15840.0,-3060.0,1899.0,551.0,-1137.0,-462.0,-1411.0,-768.0,33607.0,5628672.0,2354.0,2707.0,0.0
10302594000,0.010265421947697738,97414.40781440781,2229.0,2134.0,1237.0,1888.0,2136.0,16112.0,-3140.0,2038.0,736.0,-1399.0,-471.0,-1411.0,-768.0,33607.0,5628672.0,2264.0,2690.0,0.0
10302850000,0.010265421947697738,97414.40781440781,2263.0,2133.0,1235.0,1876.0,2116.0,16172.0,-3308.0,2112.0,934.0,-1511.0,-475.0,-1410.0,-770.0,33607.0,5628672.0,2269.0,2707.0,0.0
10303106000,0.010265421947697738,97414.40781440781,2276.0,2132.0,1236.0,1869.0,2120.0,16112.0,-3528.0,2171.0,1065.0,-1559.0,-479.0,-1411.0,-766.0,33607.0,5628928.0,2266.0,2708.0,0.0
10303362000,0.010265421947697738,97414.40781440781,2281.0,2135.0,1237.0,1873.0,2180.0,16192.0,-3476.0,2221.0,1072.0,-1610.0,-479.0,-1411.0,-766.0,33607.0,5628928.0,2263.0,2706.0,0.0
10303618000,0.010265421947697738,97414.40781440781,2207.0,2138.0,1240.0,1877.0,2228.0,16104.0,-3388.0,2352.0,1021.0,-1533.0,-485.0,-1411.0,-762.0,33607.0,5628928.0,2222.0,2690.0,0.0
10303874000,0.010265421947697738,97414.40781440781,2211.0,2144.0,1242.0,1883.0,2332.0,16012.0,-3284.0,2485.0,907.0,-1440.0,-479.0,-1412.0,-777.0,33607.0,5628928.0,2245.0,2708.0,0.0
10304130000,0.010265421947697738,97414.40781440781,2233.0,2145.0,1247.0,1894.0,2392.0,15908.0,-3112.0,2662.0,764.0,-1422.0,-488.0,-1412.0,-767.0,33607.0,5629184.0,2255.0,2708.0,0.0
10304386000,0.010265421947697738,97414.40781440781,2246.0,2148.0,1244.0,1896.0,2388.0,15952.0,-3004.0,2804.0,680.0,-1420.0,-482.0,-1411.0,-771.0,33607.0,5629184.0,2258.0,2706.0,0.0
10304642000,0.010265421947697738,97414.40781440781,2267.0,2148.0,1242.0,1907.0,2408.0,16036.0,-2864.0,2910.0,687.0,-1446.0,-482.0,-1411.0,-771.0,33607.0,5628416.0,2266.0,2707.0,0.0
10304898000,0.010265421947697738,97414.40781440781,2286.0,2150.0,1243.0,1906.0,2448.0,15980.0,-2880.0,2934.0,776.0,-1431.0,-486.0,-1412.0,-765.0,33607.0,5628416.0,2270.0,2707.0,0.0
10305154000,0.010265421947697738,97414.40781440781,2289.0,2151.0,1246.0,1906.0,2424.0,15916.0,-2856.0,2990.0,808.0,-1533.0,-488.0,-1406.0,-773.0,33607.0,5628672.0,2266.0,2708.0,0.0
10305410000,0.010265421947697738,97414.40781440781,2288.0,2159.0,1249.0,1919.0,2548.0,15964.0,-2664.0,3025.0,783.0,-1558.0,-484.0,-1407.0,-776.0,33607.0,5628672.0,2263.0,2706.0,0.0
10305666000,0.010265421947697738,97414.40781440781,2208.0,2164.0,1250.0,1921.0,2704.0,15884.0,-2552.0,3162.0,668.0,-1592.0,-497.0,-1407.0,-775.0,33607.0,5628416.0,2222.0,2690.0,0.0
10305922000,0.010265421947697738,97414.40781440781,2221.0,2161.0,1241.0,1925.0,2644.0,15972.0,-2524.0,3258.0,594.0,-1627.0,-497.0,-1407.0,-775.0,33607.0,5628416.0,2250.0,2707.0,0.0
10306178000,0.010265421947697738,97414.40781440781,2240.0,2159.0,1239.0,1931.0,2596.0,16116.0,-2296.0,3261.0,646.0,-1663.0,-489.0,-1412.0,-774.0,33607.0,5628160.0,2257.0,2708.0,0.0
10306434000,0.010265421947697738,97414.40781440781,2251.0,2165.0,1240.0,1935.0,2720.0,16108.0,-2272.0,3273.0,711.0,-1669.0,-484.0,-1400.0,-772.0,33607.0,5628160.0,2260.0,2708.0,0.0
10306690000,0.010265421947697738,97414.40781440781,2183.0,2174.0,1245.0,1947.0,2892.0,16096.0,-2004.0,3338.0,761.0,-1741.0,-507.0,-1404.0,-779.0,33607.0,5628672.0,2220.0,2689.0,0.0
10306946000,0.010265421947697738,97414.40781440781,2199.0,2178.0,1248.0,1947.0,2980.0,15972.0,-2032.0,3305.0,808.0,-1751.0,-507.0,-1404.0,-779.0,33607.0,5628672.0,2248.0,2707.0,0.0
10307202000,0.010265421947697738,97414.40781440781,2224.0,2180.0,1249.0,1947.0,3064.0,15900.0,-2052.0,3348.0,803.0,-1827.0,-480.0,-1413.0,-777.0,33607.0,5629440.0,2256.0,2708.0,0.0
10307458000,0.010265421947697738,97414.40781440781,2254.0,2180.0,1249.0,1950.0,3072.0,15896.0,-1972.0,3313.0,833.0,-1866.0,-478.0,-1406.0,-780.0,33607.0,5629440.0,2265.0,2707.0,0.0
10307714000,0.010265421947697738,97414.40781440781,2192.0,2185.0,1251.0,1956.0,3068.0,15856.0,-1900.0,3312.0,755.0,-1883.0,-482.0,-1397.0,-786.0,33607.0,5628928.0,2224.0,2690.0,0.0
10307970000,0.010265421947697738,97414.40781440781,2211.0,2186.0,1254.0,1962.0,3148.0,15820.0,-1792.0,3348.0,621.0,-1896.0,-483.0,-1404.0,-776.0,33607.0,5628928.0,2250.0,2707.0,0.0
10308226000,0.010265421947697738,97414.40781440781,2240.0,2185.0,1252.0,1970.0,3252.0,15932.0,-1540.0,3337.0,535.0,-1886.0,-483.0,-1404.0,-776.0,33607.0,5628928.0,2262.0,2707.0,0.0
10308482000,0.010265421947697738,97414.40781440781,2267.0,2199.0,1266.0,1976.0,3396.0,15576.0,-1456.0,3179.0,580.0,-1669.0,-483.0,-1403.0,-786.0,33607.0,5628928.0,2268.0,2707.0,0.0
10308738000,0.010265421947697738,97414.40781440781,2199.0,2203.0,1261.0,1981.0,3408.0,15612.0,-1424.0,3034.0,503.0,-1654.0,-479.0,-1405.0,-786.0,33607.0,5628928.0,2224.0,2689.0,0.0
10308994000,0.010265421947697738,97414.40781440781,2215.0,2214.0,1259.0,1995.0,3700.0,15732.0,-1112.0,3060.0,406.0,-1731.0,-477.0,-1404.0,-782.0,33607.0,5628928.0,2250.0,2707.0,0.0
10309250000,0.010265421947697738,97414.40781440781,2242.0,2214.0,1254.0,1996.0,3712.0,15780.0,-1060.0,3058.0,216.0,-1674.0,-495.0,-1401.0,-790.0,33607.0,5629440.0,2262.0,2707.0,0.0
10309506000,0.010265421947697738,97414.40781440781,2258.0,2217.0,1247.0,2000.0,3732.0,15920.0,-1076.0,3030.0,119.0,-1677.0,-495.0,-1401.0,-790.0,33607.0,5629440.0,2261.0,2706.0,0.0
10309762000,0.010265421947697738,97414.40781440781,2194.0,2219.0,1250.0,2005.0,3800.0,15844.0,-924.0,2899.0,5.0,-1666.0,-487.0,-1401.0,-784.0,33607.0,5628928.0,2222.0,2690.0,0.0
10310018000,0.010265421947697738,97414.40781440781,2212.0,2222.0,1251.0,2014.0,3852.0,15880.0,-788.0,2743.0,-61.0,-1600.0,-483.0,-1406.0,-789.0,33607.0,5628928.0,2250.0,2707.0,0.0
10310274000,0.010265421947697738,97414.40781440781,2242.0,2224.0,1254.0,2017.0,3916.0,15856.0,-584.0,2541.0,-36.0,-1383.0,-483.0,-1399.0,-787.0,33607.0,5628416.0,2262.0,2707.0,0.0
10310530000,0.010265421947697738,97414.40781440781,2264.0,2237.0,1256.0,2019.0,4064.0,15816.0,-640.0,2263.0,9.0,-1229.0,-483.0,-1399.0,-787.0,33607.0,5628416.0,2268.0,2707.0,0.0
10310786000,0.010265421947697738,97414.40781440781,2204.0,2242.0,1256.0,2022.0,4272.0,15828.0,-560.0,2110.0,25.0,-1093.0,-483.0,-1400.0,-787.0,33607.0,5628672.0,2225.0,2690.0,0.0
10311042000,0.010265421947697738,97414.40781440781,2224.0,2246.0,1258.0,2027.0,4280.0,15824.0,-424.0,1858.0,87.0,-816.0,-490.0,-1401.0,-784.0,33607.0,5628672.0,2251.0,2707.0,0.0
10311298000,0.010265421947697738,97414.40781440781,2253.0,2246.0,1259.0,2025.0,4328.0,15800.0,-520.0,1621.0,91.0,-602.0,-494.0,-1401.0,-790.0,33607.0,5628672.0,2263.0,2707.0,0.0
10311554000,0.010265421947697738,97414.40781440781,2263.0,2249.0,1257.0,2023.0,4464.0,15760.0,-640.0,1499.0,58.0,-363.0,-494.0,-1408.0,-791.0,33607.0,5628672.0,2261.0,2706.0,0.0
10311810000,0.010265421947697738,97414.40781440781,2194.0,2247.0,1263.0,2018.0,4420.0,15740.0,-676.0,1370.0,-162.0,-231.0,-494.0,-1408.0,-791.0,33607.0,5628928.0,2221.0,2689.0,0.0
10312066000,0.010265421947697738,97414.40781440781,2213.0,2226.0,1248.0,2044.0,3920.0,16032.0,-120.0,1152.0,-313.0,18.0,-492.0,-1399.0,-791.0,33607.0,5628928.0,2249.0,2707.0,0.0
10312322000,0.010265421947697738,97414.40781440781,2230.0,2247.0,1249.0,2031.0,4268.0,16044.0,-324.0,1037.0,-367.0,116.0,-495.0,-1396.0,-795.0,33607.0,5629184.0,2256.0,2708.0,0.0
10312578000,0.010265421947697738,97414.40781440781,2245.0,2244.0,1252.0,2042.0,4256.0,15792.0,-136.0,877.0,-479.0,191.0,-492.0,-1402.0,-792.0,33607.0,5629184.0,2258.0,2706.0,0.0
10312834000,0.010265421947697738,97414.40781440781,2162.0,2250.0,1255.0,2044.0,4412.0,15816.0,-84.0,582.0,-405.0,190.0,-488.0,-1403.0,-793.0,33607.0,5628928.0,2212.0,2688.0,0.0
10313090000,0.010265421947697738,97414.40781440781,2174.0,2249.0,1257.0,2041.0,4432.0,15760.0,-164.0,337.0,-357.0,202.0,-488.0,-1403.0,-793.0,33607.0,5628928.0,2238.0,2706.0,0.0
10313346000,0.010265421947697738,97414.40781440781,2203.0,2247.0,1258.0,2032.0,4336.0,15768.0,-444.0,157.0,-295.0,210.0,-494.0,-1405.0,-792.0,33607.0,5629440.0,2252.0,2708.0,0.0
10313602000,0.010265421947697738,97414.40781440781,2242.0,2242.0,1254.0,2023.0,4264.0,15820.0,-488.0,42.0,-292.0,294.0,-490.0,-1401.0,-788.0,33607.0,5629440.0,2263.0,2707.0,0.0
10313858000,0.010265421947697738,97414.40781440781,2189.0,2237.0,1245.0,2016.0,4100.0,15944.0,-744.0,-83.0,-288.0,439.0,-488.0,-1407.0,-784.0,33607.0,5629440.0,2223.0,2690.0,0.0
10314114000,0.010265421947697738,97414.40781440781,2208.0,2234.0,1244.0,2006.0,4112.0,15992.0,-884.0,-169.0,-321.0,550.0,-488.0,-1407.0,-784.0,33607.0,5629440.0,2250.0,2707.0,0.0
10314370000,0.010265421947697738,97414.40781440781,2242.0,2234.0,1244.0,2000.0,4056.0,15976.0,-1040.0,-169.0,-414.0,646.0,-489.0,-1401.0,-791.0,33607.0,5629184.0,2262.0,2707.0,0.0
10314626000,0.010265421947697738,97414.40781440781,2263.0,2230.0,1246.0,1995.0,4068.0,15960.0,-1064.0,-163.0,-528.0,747.0,-492.0,-1402.0,-790.0,33607.0,5629184.0,2263.0,2708.0,0.0
10314882000,0.010265421947697738,97414.40781440781,2196.0,2225.0,1246.0,1998.0,3928.0,15952.0,-1128.0,-93.0,-654.0,797.0,-484.0,-1402.0,-781.0,33607.0,5628416.0,2222.0,2690.0,0.0
10315138000,0.010265421947697738,97414.40781440781,2212.0,2223.0,1246.0,1993.0,3944.0,15960.0,-1136.0,-61.0,-725.0,862.0,-483.0,-1408.0,-786.0,33607.0,5628416.0,2249.0,2707.0,0.0
10315394000,0.010265421947697738,97414.40781440781,2241.0,2221.0,1247.0,1995.0,3812.0,15896.0,-1156.0,-47.0,-771.0,841.0,-483.0,-1408.0,-786.0,33607.0,5629440.0,2262.0,2707.0,0.0
10315650000,0.010265421947697738,97414.40781440781,2267.0,2220.0,1251.0,1995.0,3780.0,15824.0,-1136.0,-47.0,-771.0,841.0,-481.0,-1409.0,-791.0,33607.0,5629440.0,2268.0,2707.0,0.0
10315906000,0.010265421947697738,97414.40781440781,2199.0,2215.0,1254.0,1996.0,3748.0,15808.0,-1100.0,-42.0,-834.0,819.0,-478.0,-1397.0,-785.0,33607.0,5629440.0,2224.0,2689.0,0.0
10316162000,0.010265421947697738,97414.40781440781,2215.0,2212.0,1253.0,1999.0,3628.0,15816.0,-996.0,-39.0,-819.0,779.0,-485.0,-1407.0,-783.0,33607.0,5629440.0,2250.0,2707.0,0.0
10316418000,0.010265421947697738,97414.40781440781,2242.0,2210.0,1253.0,1998.0,3628.0,15764.0,-1040.0,-74.0,-766.0,754.0,-482.0,-1404.0,-785.0,33607.0,5629184.0,2262.0,2707.0,0.0
10316674000,0.010265421947697738,97414.40781440781,2266.0,2213.0,1253.0,1997.0,3676.0,15784.0,-1100.0,-160.0,-705.0,710.0,-482.0,-1404.0,-785.0,33607.0,5629184.0,2268.0,2707.0,0.0
10316930000,0.010265421947697738,97414.40781440781,2205.0,2211.0,1254.0,1991.0,3692.0,15788.0,-1084.0,-216.0,-621.0,664.0,-481.0,-1400.0,-785.0,33607.0,5629696.0,2225.0,2690.0,0.0
10317186000,0.010265421947697738,97414.40781440781,2224.0,2209.0,1250.0,1986.0,3636.0,15860.0,-1216.0,-229.0,-588.0,640.0,-483.0,-1405.0,-782.0,33607.0,5629696.0,2251.0,2707.0,0.0
10317442000,0.010265421947697738,97414.40781440781,2202.0,2207.0,1244.0,1984.0,3576.0,16008.0,-1308.0,-178.0,-589.0,583.0,-487.0,-1399.0,-785.0,33607.0,5628928.0,2461.0,2687.0,0.0
10317698000,0.010265421947697738,97414.40781440781,2198.0,2206.0,1242.0,1977.0,3580.0,16020.0,-1456.0,-188.0,-549.0,583.0,-487.0,-1399.0,-785.0,33607.0,5628928.0,2351.0,2706.0,0.0
10317954000,0.010265421947697738,97414.40781440781,2240.0,2206.0,1242.0,1973.0,3536.0,16040.0,-1552.0,-156.0,-510.0,575.0,-491.0,-1399.0,-783.0,33607.0,5629184.0,2263.0,2690.0,0.0
10318210000,0.010265421947697738,97414.40781440781,2263.0,2207.0,1242.0,1969.0,3544.0,16008.0,-1520.0,-120.0,-496.0,562.0,-495.0,-1409.0,-782.0,33607.0,5629184.0,2263.0,2708.0,0.0
10318466000,0.010265421947697738,97414.40781440781,2275.0,2207.0,1242.0,1966.0,3540.0,16032.0,-1644.0,-77.0,-472.0,562.0,-483.0,-1404.0,-780.0,33607.0,5629440.0,2263.0,2708.0,0.0
10318722000,0.010265421947697738,97414.40781440781,2282.0,2206.0,1244.0,1962.0,3548.0,16000.0,-1780.0,-25.0,-463.0,593.0,-488.0,-1403.0,-785.0,33607.0,5629440.0,2268.0,2707.0,0.0
10318978000,0.010265421947697738,97414.40781440781,2212.0,2204.0,1243.0,1959.0,3536.0,15980.0,-1904.0,45.0,-493.0,614.0,-488.0,-1403.0,-785.0,33607.0,5628928.0,2225.0,2690.0,0.0
10319234000,0.010265421947697738,97414.40781440781,2229.0,2200.0,1244.0,1956.0,3480.0,15960.0,-1892.0,121.0,-524.0,596.0,-484.0,-1406.0,-781.0,33607.0,5628928.0,2251.0,2707.0,0.0
10319490000,0.010265421947697738,97414.40781440781,2245.0,2194.0,1242.0,1957.0,3332.0,16016.0,-1856.0,261.0,-571.0,570.0,-494.0,-1407.0,-781.0,33607.0,5629184.0,2258.0,2708.0,0.0
10319746000,0.010265421947697738,97414.40781440781,2258.0,2193.0,1244.0,1959.0,3312.0,16044.0,-1756.0,349.0,-582.0,584.0,-483.0,-1409.0,-776.0,33607.0,5629184.0,2259.0,2706.0,0.0
10320002000,0.010265421947697738,97414.40781440781,2175.0,2197.0,1245.0,1959.0,3432.0,15960.0,-1832.0,394.0,-564.0,574.0,-486.0,-1410.0,-782.0,33607.0,5628928.0,2213.0,2688.0,0.0
10320258000,0.010265421947697738,97414.40781440781,2195.0,2195.0,1246.0,1962.0,3384.0,15932.0,-1792.0,460.0,-541.0,552.0,-486.0,-1410.0,-782.0,33607.0,5628928.0,2246.0,2707.0,0.0
10320514000,0.010265421947697738,97414.40781440781,2226.0,2195.0,1244.0,1961.0,3364.0,15980.0,-1716.0,538.0,-479.0,523.0,-489.0,-1405.0,-783.0,33607.0,5628416.0,2255.0,2708.0,0.0
10320770000,0.010265421947697738,97414.40781440781,2248.0,2199.0,1246.0,1962.0,3380.0,15972.0,-1724.0,611.0,-482.0,514.0,-487.0,-1403.0,-783.0,33607.0,5628416.0,2259.0,2708.0,0.0
10321026000,0.010265421947697738,97414.40781440781,2186.0,2195.0,1243.0,1950.0,3320.0,15988.0,-2012.0,675.0,-509.0,518.0,-484.0,-1407.0,-778.0,33607.0,5628672.0,2221.0,2690.0,0.0
10321282000,0.010265421947697738,97414.40781440781,2206.0,2191.0,1242.0,1957.0,3288.0,16004.0,-1852.0,897.0,-519.0,502.0,-484.0,-1407.0,-778.0,33607.0,5628672.0,2249.0,2707.0,0.0
10321538000,0.010265421947697738,97414.40781440781,2233.0,2190.0,1246.0,1962.0,3280.0,15908.0,-1776.0,888.0,-536.0,486.0,-479.0,-1404.0,-782.0,33607.0,5629184.0,2257.0,2708.0,0.0
10321794000,0.010265421947697738,97414.40781440781,2259.0,2189.0,1248.0,1961.0,3252.0,15856.0,-1700.0,941.0,-518.0,442.0,-482.0,-1405.0,-785.0,33607.0,5629184.0,2265.0,2707.0,0.0
10322050000,0.010265421947697738,97414.40781440781,2195.0,2182.0,1251.0,1965.0,3124.0,15840.0,-1704.0,961.0,-494.0,358.0,-479.0,-1406.0,-777.0,33607.0,5628928.0,2224.0,2690.0,0.0
10322306000,0.010265421947697738,97414.40781440781,2213.0,2179.0,1248.0,1967.0,3052.0,15868.0,-1668.0,1030.0,-426.0,287.0,-482.0,-1398.0,-775.0,33607.0,5628928.0,2250.0,2707.0,0.0
10322562000,0.010265421947697738,97414.40781440781,2241.0,2175.0,1249.0,1966.0,2936.0,15868.0,-1656.0,1041.0,-330.0,244.0,-482.0,-1398.0,-775.0,33607.0,5628672.0,2262.0,2707.0,0.0
10322818000,0.010265421947697738,97414.40781440781,2264.0,2183.0,1253.0,1962.0,3012.0,15836.0,-1652.0,927.0,-141.0,209.0,-475.0,-1401.0,-778.0,33607.0,5628672.0,2263.0,2708.0,0.0
10323074000,0.010265421947697738,97414.40781440781,2196.0,2194.0,1256.0,1962.0,3320.0,15760.0,-1784.0,871.0,-94.0,214.0,-478.0,-1404.0,-777.0,33607.0,5629184.0,2222.0,2690.0,0.0
10323330000,0.010265421947697738,97414.40781440781,2213.0,2207.0,1255.0,1969.0,3640.0,15812.0,-1596.0,980.0,-225.0,277.0,-475.0,-1410.0,-784.0,33607.0,5629184.0,2250.0,2707.0,0.0
10323586000,0.010265421947697738,97414.40781440781,2242.0,2214.0,1247.0,1978.0,3740.0,15856.0,-1488.0,1024.0,-404.0,316.0,-481.0,-1404.0,-783.0,33607.0,5628928.0,2262.0,2707.0,0.0
10323842000,0.010265421947697738,97414.40781440781,2258.0,2209.0,1238.0,1983.0,3592.0,16140.0,-1324.0,952.0,-488.0,376.0,-481.0,-1404.0,-783.0,33607.0,5628928.0,2261.0,2706.0,0.0
10324098000,0.010265421947697738,97414.40781440781,2194.0,2201.0,1226.0,1985.0,3492.0,16300.0,-1200.0,906.0,-485.0,325.0,-482.0,-1403.0,-777.0,33607.0,5629184.0,2222.0,2690.0,0.0
10324354000,0.010265421947697738,97414.40781440781,2199.0,2191.0,1223.0,1983.0,3260.0,16436.0,-1316.0,751.0,-447.0,340.0,-481.0,-1409.0,-785.0,33607.0,5629184.0,2244.0,2708.0,0.0
10324610000,0.010265421947697738,97414.40781440781,2228.0,2182.0,1227.0,1972.0,3128.0,16392.0,-1512.0,670.0,-467.0,301.0,-486.0,-1402.0,-775.0,33607.0,5628928.0,2260.0,2707.0,0.0
10324866000,0.010265421947697738,97414.40781440781,2243.0,2176.0,1233.0,1964.0,2976.0,16192.0,-1748.0,635.0,-542.0,290.0,-486.0,-1402.0,-775.0,33607.0,5628928.0,2260.0,2706.0,0.0
10325122000,0.010265421947697738,97414.40781440781,2186.0,2174.0,1240.0,1963.0,2956.0,16096.0,-1744.0,639.0,-652.0,309.0,-492.0,-1408.0,-776.0,33607.0,5628928.0,2221.0,2690.0,0.0
10325378000,0.010265421947697738,97414.40781440781,2195.0,2173.0,1248.0,1970.0,2920.0,15892.0,-1620.0,622.0,-719.0,311.0,-489.0,-1406.0,-779.0,33607.0,5628928.0,2244.0,2708.0,0.0
10325634000,0.010265421947697738,97414.40781440781,2219.0,2179.0,1256.0,1976.0,3052.0,15692.0,-1400.0,566.0,-683.0,351.0,-485.0,-1406.0,-780.0,33607.0,5628672.0,2254.0,2708.0,0.0
10325890000,0.010265627820227424,97412.4542124542,2239.0,2186.0,1260.0,1979.0,3140.0,15636.0,-1372.0,508.0,-620.0,312.0,-480.0,-1406.0,-774.0,33607.0,5628672.0,2258.0,2706.0,0.0
10326146000,0.010265421947697738,97414.40781440781,2179.0,2195.0,1261.0,1977.0,3360.0,15628.0,-1400.0,408.0,-487.0,253.0,-480.0,-1406.0,-774.0,33607.0,5628928.0,2219.0,2689.0,0.0
10326402000,0.010265421947697738,97414.40781440781,2196.0,2200.0,1263.0,1973.0,3504.0,15700.0,-1408.0,170.0,-314.0,338.0,-487.0,-1405.0,-780.0,33607.0,5628928.0,2243.0,2708.0,0.0
10326658000,0.010265421947697738,97414.40781440781,2220.0,2207.0,1265.0,1968.0,3552.0,15612.0,-1560.0,-61.0,-203.0,466.0,-484.0,-1414.0,-784.0,33607.0,5628928.0,2254.0,2708.0,0.0
10326914000,0.010265421947697738,97414.40781440781,2247.0,2220.0,1265.0,1954.0,3804.0,15516.0,-1840.0,-205.0,-298.0,625.0,-489.0,-1404.0,-783.0,33607.0,5628928.0,2264.0,2707.0,0.0
10327170000,0.010265421947697738,97414.40781440781,2185.0,2208.0,1251.0,1950.0,3624.0,15816.0,-2088.0,-44.0,-673.0,779.0,-494.0,-1405.0,-782.0,33607.0,5628672.0,2222.0,2689.0,0.0
10327426000,0.010265421947697738,97414.40781440781,2207.0,2188.0,1235.0,1952.0,3176.0,16328.0,-2068.0,35.0,-969.0,969.0,-494.0,-1405.0,-782.0,33607.0,5628672.0,2249.0,2707.0,0.0
10327682000,0.010265421947697738,97414.40781440781,2233.0,2174.0,1222.0,1957.0,2964.0,16484.0,-1924.0,144.0,-1216.0,1145.0,-482.0,-1404.0,-777.0,33607.0,5628928.0,2257.0,2708.0,0.0
10327938000,0.010265421947697738,97414.40781440781,2259.0,2159.0,1216.0,1967.0,2620.0,16564.0,-1636.0,143.0,-1329.0,1249.0,-480.0,-1406.0,-780.0,33607.0,5628928.0,2265.0,2707.0,0.0
10328194000,0.010265421947697738,97414.40781440781,2195.0,2156.0,1218.0,1969.0,2588.0,16556.0,-1648.0,139.0,-1342.0,1222.0,-482.0,-1407.0,-778.0,33607.0,5629184.0,2224.0,2690.0,0.0
10328450000,0.010265421947697738,97414.40781440781,2217.0,2157.0,1223.0,1970.0,2572.0,16356.0,-1572.0,98.0,-1310.0,1104.0,-482.0,-1407.0,-778.0,33607.0,5629184.0,2251.0,2707.0,0.0
10328706000,0.010265421947697738,97414.40781440781,2238.0,2158.0,1233.0,1967.0,2592.0,16228.0,-1616.0,44.0,-1178.0,994.0,-497.0,-1410.0,-778.0,33607.0,5628928.0,2257.0,2708.0,0.0
10328962000,0.010265421947697738,97414.40781440781,2263.0,2158.0,1245.0,1963.0,2644.0,15920.0,-1688.0,-45.0,-996.0,802.0,-479.0,-1408.0,-778.0,33607.0,5628928.0,2265.0,2707.0,0.0
10329218000,0.010265421947697738,97414.40781440781,2195.0,2161.0,1251.0,1958.0,2688.0,15844.0,-1780.0,-166.0,-792.0,613.0,-480.0,-1405.0,-781.0,33607.0,5629440.0,2222.0,2689.0,0.0
10329474000,0.010265421947697738,97414.40781440781,2204.0,2161.0,1256.0,1958.0,2708.0,15760.0,-1832.0,-178.0,-584.0,502.0,-478.0,-1404.0,-780.0,33607.0,5629440.0,2243.0,2706.0,0.0
10329730000,0.010265421947697738,97414.40781440781,2243.0,2160.0,1256.0,1953.0,2640.0,15684.0,-1972.0,-199.0,-422.0,388.0,-478.0,-1404.0,-780.0,33607.0,5628928.0,2266.0,2707.0,0.0
10329986000,0.010265421947697738,97414.40781440781,2274.0,2159.0,1256.0,1947.0,2684.0,15704.0,-2028.0,-171.0,-289.0,326.0,-474.0,-1407.0,-775.0,33607.0,5628928.0,2270.0,2707.0,0.0
10330242000,0.010265421947697738,97414.40781440781,2294.0,2156.0,1253.0,1935.0,2584.0,15840.0,-2256.0,-139.0,-284.0,268.0,-469.0,-1405.0,-774.0,33607.0,5629184.0,2271.0,2707.0,0.0
10330498000,0.010265421947697738,97414.40781440781,2298.0,2156.0,1248.0,1922.0,2536.0,15844.0,-2560.0,49.0,-237.0,177.0,-486.0,-1405.0,-772.0,33607.0,5629184.0,2267.0,2708.0,0.0
10330754000,0.010265421947697738,97414.40781440781,2301.0,2151.0,1238.0,1920.0,2476.0,16124.0,-2564.0,130.0,-249.0,183.0,-475.0,-1399.0,-781.0,33607.0,5629184.0,2270.0,2707.0,0.0
10331010000,0.010265421947697738,97414.40781440781,2297.0,2151.0,1231.0,1916.0,2480.0,16256.0,-2660.0,232.0,-210.0,130.0,-475.0,-1399.0,-781.0,33607.0,5629184.0,2265.0,2706.0,0.0
10331266000,0.010265421947697738,97414.40781440781,2216.0,2150.0,1230.0,1912.0,2504.0,16256.0,-2772.0,397.0,-244.0,87.0,-473.0,-1410.0,-773.0,33607.0,5628928.0,2224.0,2690.0,0.0
10331522000,0.010265421947697738,97414.40781440781,2225.0,2154.0,1230.0,1910.0,2516.0,16264.0,-2796.0,578.0,-332.0,41.0,-479.0,-1403.0,-774.0,33607.0,5628928.0,2250.0,2707.0,0.0
10331778000,0.010265421947697738,97414.40781440781,2249.0,2151.0,1229.0,1912.0,2480.0,16272.0,-2780.0,768.0,-407.0,-2.0,-476.0,-1408.0,-774.0,33607.0,5628416.0,2262.0,2707.0,0.0
10332034000,0.010265421947697738,97414.40781440781,2267.0,2151.0,1231.0,1921.0,2504.0,16236.0,-2564.0,883.0,-450.0,9.0,-476.0,-1408.0,-774.0,33607.0,5628416.0,2268.0,2707.0,0.0
10332290000,0.010265421947697738,97414.40781440781,2206.0,2153.0,1238.0,1925.0,2520.0,16144.0,-2504.0,988.0,-432.0,-4.0,-476.0,-1408.0,-774.0,33607.0,5628416.0,2225.0,2690.0,0.0
10332546000,0.010265421947697738,97414.40781440781,2212.0,2158.0,1243.0,1929.0,2616.0,15952.0,-2392.0,988.0,-432.0,-4.0,-484.0,-1414.0,-777.0,33607.0,5628416.0,2246.0,2708.0,0.0
10332802000,0.010265421947697738,97414.40781440781,2234.0,2160.0,1251.0,1929.0,2628.0,15904.0,-2408.0,1074.0,-417.0,-30.0,-481.0,-1410.0,-777.0,33607.0,5628928.0,2255.0,2708.0,0.0
10333058000,0.010265421947697738,97414.40781440781,2254.0,2162.0,1250.0,1927.0,2704.0,15836.0,-2440.0,1098.0,-397.0,-42.0,-489.0,-1408.0,-768.0,33607.0,5628928.0,2264.0,2707.0,0.0
10333314000,0.010265421947697738,97414.40781440781,2195.0,2161.0,1247.0,1930.0,2700.0,15948.0,-2376.0,1175.0,-421.0,-90.0,-489.0,-1408.0,-768.0,33607.0,5628928.0,2223.0,2690.0,0.0
10333570000,0.010265421947697738,97414.40781440781,2207.0,2162.0,1247.0,1935.0,2668.0,15956.0,-2252.0,1225.0,-439.0,-108.0,-481.0,-1409.0,-778.0,33607.0,5628928.0,2245.0,2708.0,0.0
10333826000,0.010265421947697738,97414.40781440781,2231.0,2165.0,1247.0,1939.0,2748.0,15980.0,-2208.0,1216.0,-488.0,-144.0,-480.0,-1405.0,-780.0,33607.0,5628672.0,2255.0,2708.0,0.0
10334082000,0.010265421947697738,97414.40781440781,2251.0,2167.0,1246.0,1940.0,2756.0,15912.0,-2236.0,1209.0,-508.0,-160.0,-484.0,-1410.0,-773.0,33607.0,5628672.0,2259.0,2708.0,0.0
10334338000,0.010265421947697738,97414.40781440781,2165.0,2167.0,1246.0,1940.0,2796.0,15936.0,-2124.0,1203.0,-501.0,-194.0,-481.0,-1410.0,-776.0,33607.0,5629184.0,2212.0,2688.0,0.0
10334594000,0.010265421947697738,97414.40781440781,2189.0,2164.0,1246.0,1942.0,2776.0,15928.0,-2116.0,1179.0,-507.0,-201.0,-481.0,-1410.0,-776.0,33607.0,5629184.0,2245.0,2707.0,0.0
10334850000,0.010265421947697738,97414.40781440781,2223.0,2160.0,1246.0,1939.0,2672.0,15952.0,-2120.0,1089.0,-494.0,-179.0,-491.0,-1410.0,-772.0,33607.0,5629696.0,2255.0,2708.0,0.0
10335106000,0.010265421947697738,97414.40781440781,2253.0,2154.0,1252.0,1935.0,2584.0,15896.0,-2168.0,1029.0,-410.0,-105.0,-480.0,-1407.0,-769.0,33607.0,5629696.0,2265.0,2707.0,0.0
10335362000,0.010265421947697738,97414.40781440781,2196.0,2146.0,1254.0,1930.0,2436.0,15808.0,-2340.0,917.0,-357.0,-42.0,-495.0,-1405.0,-773.0,33607.0,5628928.0,2223.0,2690.0,0.0
10335618000,0.010265421947697738,97414.40781440781,2211.0,2144.0,1251.0,1927.0,2304.0,15916.0,-2348.0,933.0,-373.0,0.0,-495.0,-1405.0,-773.0,33607.0,5628928.0,2250.0,2707.0,0.0
10335874000,0.010265421947697738,97414.40781440781,2236.0,2147.0,1246.0,1929.0,2356.0,16020.0,-2340.0,965.0,-417.0,23.0,-480.0,-1410.0,-771.0,33607.0,5628672.0,2257.0,2708.0,0.0
10336130000,0.010265421947697738,97414.40781440781,2262.0,2160.0,1250.0,1943.0,2712.0,15864.0,-2120.0,967.0,-376.0,60.0,-483.0,-1411.0,-774.0,33607.0,5628672.0,2266.0,2707.0,0.0
10336386000,0.010265421947697738,97414.40781440781,2195.0,2170.0,1250.0,1945.0,2844.0,15840.0,-2180.0,911.0,-513.0,134.0,-470.0,-1409.0,-776.0,33607.0,5628928.0,2222.0,2689.0,0.0
10336642000,0.010265421947697738,97414.40781440781,2212.0,2176.0,1256.0,1954.0,2956.0,15664.0,-1868.0,892.0,-685.0,213.0,-498.0,-1411.0,-776.0,33607.0,5628928.0,2250.0,2707.0,0.0
10336898000,0.010265421947697738,97414.40781440781,2241.0,2171.0,1256.0,1961.0,2996.0,15736.0,-1732.0,731.0,-679.0,242.0,-498.0,-1411.0,-776.0,33607.0,5629184.0,2262.0,2707.0,0.0
10337154000,0.010265421947697738,97414.40781440781,2267.0,2168.0,1240.0,1956.0,2792.0,16060.0,-1872.0,524.0,-672.0,200.0,-477.0,-1409.0,-773.0,33607.0,5629184.0,2268.0,2707.0,0.0
10337410000,0.010265421947697738,97414.40781440781,2203.0,2167.0,1232.0,1949.0,2764.0,16228.0,-2020.0,487.0,-602.0,155.0,-478.0,-1403.0,-775.0,33607.0,5628672.0,2223.0,2689.0,0.0
10337666000,0.010265421947697738,97414.40781440781,2217.0,2160.0,1226.0,1937.0,2616.0,16300.0,-2152.0,403.0,-496.0,120.0,-479.0,-1406.0,-768.0,33607.0,5628672.0,2250.0,2707.0,0.0
10337922000,0.010265421947697738,97414.40781440781,2248.0,2160.0,1235.0,1924.0,2664.0,16168.0,-2500.0,394.0,-369.0,34.0,-474.0,-1409.0,-781.0,33607.0,5628928.0,2263.0,2707.0,0.0
10338178000,0.010265421947697738,97414.40781440781,2261.0,2160.0,1235.0,1916.0,2636.0,16120.0,-2628.0,379.0,-315.0,-11.0,-474.0,-1409.0,-781.0,33607.0,5628928.0,2261.0,2706.0,0.0
10338434000,0.010265421947697738,97414.40781440781,2195.0,2154.0,1234.0,1911.0,2500.0,16200.0,-2796.0,415.0,-291.0,0.0,-474.0,-1409.0,-771.0,33607.0,5628928.0,2221.0,2689.0,0.0
10338690000,0.010265421947697738,97414.40781440781,2212.0,2163.0,1242.0,1912.0,2572.0,16148.0,-2664.0,486.0,-336.0,37.0,-472.0,-1408.0,-775.0,33607.0,5628928.0,2249.0,2707.0,0.0
10338946000,0.010265421947697738,97414.40781440781,2241.0,2174.0,1253.0,1914.0,2944.0,15792.0,-2768.0,569.0,-451.0,101.0,-477.0,-1412.0,-765.0,33607.0,5629184.0,2262.0,2707.0,0.0
10339202000,0.010265421947697738,97414.40781440781,2268.0,2181.0,1261.0,1917.0,3312.0,15700.0,-2576.0,742.0,-665.0,175.0,-477.0,-1412.0,-765.0,33607.0,5629184.0,2267.0,2707.0,0.0
10339458000,0.010265421947697738,97414.40781440781,2207.0,2189.0,1263.0,1923.0,3232.0,15636.0,-2484.0,699.0,-760.0,293.0,-480.0,-1401.0,-773.0,33607.0,5628928.0,2225.0,2690.0,0.0
10339714000,0.010265421947697738,97414.40781440781,2212.0,2196.0,1267.0,1928.0,3412.0,15472.0,-2384.0,554.0,-764.0,409.0,-485.0,-1404.0,-774.0,33607.0,5628928.0,2245.0,2708.0,0.0
10339970000,0.010265421947697738,97414.40781440781,2234.0,2196.0,1273.0,1931.0,3428.0,15440.0,-2368.0,405.0,-764.0,450.0,-484.0,-1408.0,-768.0,33607.0,5629184.0,2255.0,2708.0,0.0
10340226000,0.010265421947697738,97414.40781440781,2246.0,2187.0,1263.0,1933.0,3184.0,15568.0,-2228.0,307.0,-765.0,514.0,-488.0,-1413.0,-779.0,33607.0,5629184.0,2258.0,2706.0,0.0
10340482000,0.010265421947697738,97414.40781440781,2183.0,2172.0,1255.0,1933.0,3016.0,15728.0,-2280.0,231.0,-773.0,566.0,-488.0,-1413.0,-779.0,33607.0,5629184.0,2219.0,2689.0,0.0
10340738000,0.010265421947697738,97414.40781440781,2199.0,2156.0,1243.0,1932.0,2596.0,16000.0,-2364.0,176.0,-790.0,627.0,-475.0,-1409.0,-774.0,33607.0,5629184.0,2243.0,2708.0,0.0
10340994000,0.010265421947697738,97414.40781440781,2222.0,2139.0,1230.0,1929.0,2384.0,16196.0,-2376.0,192.0,-862.0,661.0,-478.0,-1407.0,-777.0,33607.0,5629440.0,2254.0,2708.0,0.0
10341250000,0.010265421947697738,97414.40781440781,2248.0,2119.0,1222.0,1930.0,1932.0,16416.0,-2336.0,225.0,-893.0,675.0,-486.0,-1403.0,-771.0,33607.0,5629440.0,2264.0,2707.0,0.0
10341506000,0.010265421947697738,97414.40781440781,2175.0,2113.0,1220.0,1935.0,1732.0,16472.0,-2288.0,230.0,-931.0,660.0,-481.0,-1410.0,-771.0,33607.0,5628928.0,2215.0,2688.0,0.0
10341762000,0.010265421947697738,97414.40781440781,2196.0,2111.0,1221.0,1933.0,1696.0,16404.0,-2340.0,267.0,-948.0,619.0,-481.0,-1410.0,-771.0,33607.0,5628928.0,2246.0,2707.0,0.0
10342018000,0.010265421947697738,97414.40781440781,2226.0,2113.0,1223.0,1934.0,1764.0,16364.0,-2300.0,369.0,-925.0,523.0,-481.0,-1407.0,-767.0,33607.0,5629184.0,2255.0,2708.0,0.0
10342274000,0.010265421947697738,97414.40781440781,2242.0,2118.0,1223.0,1933.0,1824.0,16404.0,-2300.0,426.0,-823.0,406.0,-477.0,-1410.0,-770.0,33607.0,5629184.0,2258.0,2706.0,0.0
10342530000,0.010265421947697738,97414.40781440781,2182.0,2126.0,1226.0,1930.0,1992.0,16260.0,-2220.0,420.0,-626.0,255.0,-478.0,-1409.0,-771.0,33607.0,5628928.0,2219.0,2689.0,0.0
10342786000,0.010265421947697738,97414.40781440781,2198.0,2134.0,1235.0,1929.0,2120.0,16188.0,-2296.0,441.0,-413.0,92.0,-478.0,-1409.0,-771.0,33607.0,5628928.0,2248.0,2707.0,0.0
10343042000,0.010265421947697738,97414.40781440781,2184.0,2141.0,1241.0,1921.0,2300.0,16000.0,-2496.0,526.0,-248.0,-83.0,-474.0,-1402.0,-770.0,33607.0,5628928.0,2460.0,2687.0,0.0
10343298000,0.010265421947697738,97414.40781440781,2200.0,2145.0,1244.0,1912.0,2416.0,15976.0,-2724.0,631.0,-164.0,-248.0,-477.0,-1409.0,-772.0,33607.0,5628928.0,2358.0,2707.0,0.0
10343554000,0.010265421947697738,97414.40781440781,2242.0,2149.0,1247.0,1906.0,2444.0,15956.0,-2820.0,736.0,-130.0,-296.0,-476.0,-1408.0,-772.0,33607.0,5629184.0,2266.0,2690.0,0.0
10343810000,0.010265216083425248,97416.36141636141,2263.0,2150.0,1249.0,1901.0,2444.0,15948.0,-2960.0,847.0,-137.0,-306.0,-469.0,-1412.0,-778.0,33607.0,5629184.0,2263.0,2706.0,0.0
10344066000,0.010265421947697738,97414.40781440781,2275.0,2147.0,1243.0,1898.0,2408.0,15924.0,-3048.0,962.0,-186.0,-294.0,-469.0,-1412.0,-778.0,33607.0,5629184.0,2268.0,2707.0,0.0
10344322000,0.010265421947697738,97414.40781440781,2279.0,2146.0,1240.0,1902.0,2384.0,16092.0,-2992.0,1077.0,-302.0,-242.0,-468.0,-1403.0,-775.0,33607.0,5629184.0,2264.0,2706.0,0.0
10344578000,0.010265421947697738,97414.40781440781,2210.0,2144.0,1235.0,1900.0,2368.0,16164.0,-2936.0,1162.0,-392.0,-164.0,-473.0,-1408.0,-771.0,33607.0,5628672.0,2223.0,2690.0,0.0
10344834000,0.010265421947697738,97414.40781440781,2221.0,2142.0,1232.0,1904.0,2332.0,16224.0,-2880.0,1192.0,-475.0,-137.0,-475.0,-1406.0,-772.0,33607.0,5628672.0,2250.0,2707.0,0.0
10345090000,0.010265421947697738,97414.40781440781,2246.0,2142.0,1230.0,1914.0,2320.0,16304.0,-2824.0,1198.0,-503.0,-57.0,-471.0,-1410.0,-773.0,33607.0,5628928.0,2262.0,2707.0,0.0
10345346000,0.010265421947697738,97414.40781440781,2260.0,2144.0,1235.0,1918.0,2336.0,16228.0,-2580.0,1146.0,-499.0,-17.0,-471.0,-1410.0,-773.0,33607.0,5628928.0,2261.0,2706.0,0.0
10345602000,0.010265421947697738,97414.40781440781,2179.0,2148.0,1241.0,1919.0,2480.0,16044.0,-2572.0,1104.0,-486.0,-23.0,-479.0,-1405.0,-770.0,33607.0,5628416.0,2214.0,2688.0,0.0
10345858000,0.010265421947697738,97414.40781440781,2197.0,2151.0,1248.0,1918.0,2468.0,15888.0,-2512.0,1042.0,-492.0,-81.0,-473.0,-1405.0,-776.0,33607.0,5628416.0,2246.0,2707.0,0.0
10346114000,0.010265421947697738,97414.40781440781,2226.0,2157.0,1250.0,1922.0,2572.0,15868.0,-2496.0,965.0,-437.0,-100.0,-477.0,-1411.0,-769.0,33607.0,5628672.0,2255.0,2708.0,0.0
10346370000,0.010265421947697738,97414.40781440781,2241.0,2154.0,1257.0,1929.0,2556.0,15720.0,-2376.0,956.0,-397.0,-103.0,-477.0,-1411.0,-769.0,33607.0,5628672.0,2258.0,2706.0,0.0
10346626000,0.010265421947697738,97414.40781440781,2183.0,2158.0,1264.0,1927.0,2612.0,15544.0,-2424.0,933.0,-374.0,-139.0,-487.0,-1409.0,-775.0,33607.0,5629440.0,2219.0,2689.0,0.0
10346882000,0.010265421947697738,97414.40781440781,2197.0,2161.0,1272.0,1923.0,2688.0,15476.0,-2448.0,850.0,-312.0,-186.0,-486.0,-1412.0,-772.0,33607.0,5629440.0,2243.0,2708.0,0.0
10347138000,0.010265421947697738,97414.40781440781,2221.0,2153.0,1260.0,1925.0,2564.0,15656.0,-2476.0,850.0,-277.0,-204.0,-486.0,-1413.0,-767.0,33607.0,5628416.0,2254.0,2708.0,0.0
10347394000,0.010265421947697738,97414.40781440781,2247.0,2149.0,1256.0,1928.0,2420.0,15772.0,-2392.0,846.0,-277.0,-211.0,-479.0,-1410.0,-771.0,33607.0,5628416.0,2264.0,2707.0,0.0
10347650000,0.010265421947697738,97414.40781440781,2191.0,2145.0,1252.0,1922.0,2432.0,15820.0,-2472.0,868.0,-299.0,-196.0,-479.0,-1410.0,-771.0,33607.0,5629440.0,2223.0,2690.0,0.0
10347906000,0.010265421947697738,97414.40781440781,2204.0,2147.0,1247.0,1921.0,2424.0,15940.0,-2604.0,827.0,-301.0,-216.0,-486.0,-1410.0,-774.0,33607.0,5629440.0,2245.0,2708.0,0.0
10348162000,0.010265421947697738,97414.40781440781,2230.0,2145.0,1242.0,1920.0,2388.0,16000.0,-2576.0,805.0,-273.0,-192.0,-476.0,-1403.0,-772.0,33607.0,5629440.0,2255.0,2708.0,0.0
10348418000,0.010265421947697738,97414.40781440781,2245.0,2150.0,1245.0,1916.0,2428.0,15984.0,-2616.0,761.0,-257.0,-132.0,-481.0,-1408.0,-768.0,33607.0,5629440.0,2258.0,2706.0,0.0
10348674000,0.010265421947697738,97414.40781440781,2182.0,2151.0,1243.0,1910.0,2456.0,15980.0,-2720.0,798.0,-253.0,-137.0,-479.0,-1409.0,-773.0,33607.0,5628928.0,2219.0,2689.0,0.0
10348930000,0.010265421947697738,97414.40781440781,2200.0,2154.0,1243.0,1909.0,2556.0,16044.0,-2848.0,831.0,-274.0,-135.0,-479.0,-1409.0,-773.0,33607.0,5628928.0,2248.0,2707.0,0.0
10349186000,0.010265421947697738,97414.40781440781,2236.0,2154.0,1243.0,1910.0,2608.0,16004.0,-2876.0,863.0,-304.0,-120.0,-479.0,-1406.0,-774.0,33607.0,5629440.0,2261.0,2707.0,0.0
10349442000,0.010265421947697738,97414.40781440781,2254.0,2156.0,1246.0,1907.0,2560.0,16016.0,-2828.0,863.0,-304.0,-120.0,-479.0,-1410.0,-772.0,33607.0,5629440.0,2261.0,2706.0,0.0
10349698000,0.010265421947697738,97414.40781440781,2184.0,2157.0,1248.0,1907.0,2596.0,15936.0,-2804.0,911.0,-398.0,-66.0,-485.0,-1406.0,-777.0,33607.0,5629184.0,2220.0,2689.0,0.0
10349954000,0.010265421947697738,97414.40781440781,2191.0,2155.0,1251.0,1909.0,2584.0,15852.0,-2760.0,924.0,-474.0,-56.0,-485.0,-1406.0,-777.0,33607.0,5629184.0,2242.0,2706.0,0.0
10350210000,0.010265421947697738,97414.40781440781,2218.0,2158.0,1255.0,1910.0,2600.0,15732.0,-2804.0,981.0,-517.0,-54.0,-478.0,-1410.0,-775.0,33607.0,5628928.0,2253.0,2708.0,0.0
10350466000,0.010265421947697738,97414.40781440781,2246.0,2156.0,1254.0,1910.0,2596.0,15700.0,-2744.0,1000.0,-544.0,-32.0,-480.0,-1406.0,-774.0,33607.0,5628928.0,2264.0,2707.0,0.0
10350722000,0.010265421947697738,97414.40781440781,2187.0,2149.0,1253.0,1917.0,2384.0,15848.0,-2628.0,1054.0,-610.0,-10.0,-477.0,-1406.0,-766.0,33607.0,5629184.0,2222.0,2689.0,0.0
10350978000,0.010265421947697738,97414.40781440781,2208.0,2148.0,1250.0,1920.0,2412.0,15852.0,-2576.0,1112.0,-624.0,0.0,-475.0,-1409.0,-776.0,33607.0,5629184.0,2250.0,2707.0,0.0
10351234000,0.010265421947697738,97414.40781440781,2239.0,2145.0,1244.0,1919.0,2340.0,15936.0,-2584.0,1092.0,-642.0,34.0,-475.0,-1409.0,-776.0,33607.0,5628928.0,2262.0,2707.0,0.0
10351490000,0.010265421947697738,97414.40781440781,2265.0,2146.0,1244.0,1915.0,2388.0,15952.0,-2636.0,1033.0,-579.0,42.0,-475.0,-1404.0,-778.0,33607.0,5628928.0,2268.0,2707.0,0.0
10351746000,0.010265421947697738,97414.40781440781,2204.0,2150.0,1253.0,1914.0,2448.0,15928.0,-2644.0,989.0,-494.0,47.0,-469.0,-1405.0,-776.0,33607.0,5629440.0,2225.0,2690.0,0.0
10352002000,0.010265421947697738,97414.40781440781,2223.0,2150.0,1245.0,1910.0,2424.0,16012.0,-2772.0,979.0,-457.0,51.0,-473.0,-1409.0,-773.0,33607.0,5629440.0,2251.0,2707.0,0.0
10352258000,0.010265421947697738,97414.40781440781,2252.0,2144.0,1240.0,1913.0,2328.0,16040.0,-2796.0,1049.0,-499.0,65.0,-473.0,-1408.0,-776.0,33607.0,5629184.0,2263.0,2707.0,0.0
10352514000,0.010265421947697738,97414.40781440781,2264.0,2143.0,1237.0,1914.0,2308.0,16128.0,-2736.0,1068.0,-506.0,80.0,-473.0,-1408.0,-776.0,33607.0,5629184.0,2262.0,2706.0,0.0
10352770000,0.010265421947697738,97414.40781440781,2181.0,2143.0,1239.0,1913.0,2276.0,16124.0,-2732.0,1076.0,-498.0,79.0,-474.0,-1406.0,-775.0,33607.0,5628928.0,2214.0,2688.0,0.0
10353026000,0.010265421947697738,97414.40781440781,2198.0,2142.0,1240.0,1916.0,2272.0,16056.0,-2600.0,1110.0,-518.0,72.0,-475.0,-1405.0,-773.0,33607.0,5628928.0,2246.0,2707.0,0.0
10353282000,0.010265421947697738,97414.40781440781,2226.0,2144.0,1236.0,1922.0,2272.0,16148.0,-2456.0,1118.0,-539.0,7.0,-482.0,-1413.0,-772.0,33607.0,5628928.0,2255.0,2708.0,0.0
10353538000,0.010265421947697738,97414.40781440781,2254.0,2146.0,1244.0,1928.0,2356.0,16008.0,-2432.0,1157.0,-475.0,2.0,-482.0,-1413.0,-772.0,33607.0,5628928.0,2265.0,2707.0,0.0
10353794000,0.010265421947697738,97414.40781440781,2192.0,2148.0,1250.0,1926.0,2452.0,15904.0,-2504.0,1202.0,-472.0,-43.0,-484.0,-1403.0,-774.0,33607.0,5629440.0,2222.0,2689.0,0.0
10354050000,0.010265421947697738,97414.40781440781,2198.0,2147.0,1248.0,1925.0,2388.0,15992.0,-2448.0,1220.0,-460.0,-88.0,-478.0,-1407.0,-767.0,33607.0,5629440.0,2244.0,2708.0,0.0
10354306000,0.010265421947697738,97414.40781440781,2221.0,2151.0,1245.0,1926.0,2424.0,16028.0,-2448.0,1178.0,-391.0,-119.0,-478.0,-1411.0,-779.0,33607.0,5629440.0,2254.0,2708.0,0.0
10354562000,0.010265421947697738,97414.40781440781,2239.0,2153.0,1244.0,1919.0,2488.0,15992.0,-2580.0,1166.0,-319.0,-57.0,-484.0,-1414.0,-784.0,33607.0,5629440.0,2257.0,2706.0,0.0
10354818000,0.010265421947697738,97414.40781440781,2175.0,2152.0,1241.0,1920.0,2484.0,16080.0,-2636.0,1182.0,-317.0,-30.0,-484.0,-1414.0,-784.0,33607.0,5628672.0,2220.0,2690.0,0.0
10355074000,0.010265421947697738,97414.40781440781,2203.0,2150.0,1240.0,1919.0,2472.0,16108.0,-2584.0,1192.0,-371.0,52.0,-482.0,-1410.0,-772.0,33607.0,5628672.0,2249.0,2707.0,0.0
10355330000,0.010265421947697738,97414.40781440781,2229.0,2147.0,1236.0,1924.0,2392.0,16192.0,-2500.0,1232.0,-456.0,67.0,-480.0,-1412.0,-774.0,33607.0,5629440.0,2257.0,2708.0,0.0
10355586000,0.010265421947697738,97414.40781440781,2257.0,2149.0,1236.0,1928.0,2332.0,16168.0,-2368.0,1254.0,-495.0,102.0,-484.0,-1410.0,-774.0,33607.0,5629440.0,2265.0,2707.0,0.0
10355842000,0.010265421947697738,97414.40781440781,2197.0,2149.0,1238.0,1933.0,2400.0,16132.0,-2384.0,1241.0,-515.0,107.0,-489.0,-1407.0,-772.0,33607.0,5629440.0,2223.0,2690.0,0.0
10356098000,0.010265421947697738,97414.40781440781,2214.0,2150.0,1241.0,1933.0,2420.0,16088.0,-2292.0,1220.0,-545.0,99.0,-489.0,-1407.0,-772.0,33607.0,5629440.0,2250.0,2707.0,0.0
10356354000,0.010265421947697738,97414.40781440781,2237.0,2149.0,1240.0,1935.0,2404.0,16064.0,-2200.0,1192.0,-534.0,69.0,-481.0,-1408.0,-779.0,33607.0,5629440.0,2257.0,2708.0,0.0
10356610000,0.010265421947697738,97414.40781440781,2261.0,2149.0,1244.0,1934.0,2420.0,15988.0,-2232.0,1141.0,-538.0,69.0,-480.0,-1406.0,-777.0,33607.0,5629440.0,2265.0,2707.0,0.0
10356866000,0.010265421947697738,97414.40781440781,2200.0,2149.0,1247.0,1931.0,2460.0,15952.0,-2344.0,1106.0,-517.0,48.0,-479.0,-1404.0,-772.0,33607.0,5629184.0,2223.0,2689.0,0.0
10357122000,0.010265421947697738,97414.40781440781,2214.0,2148.0,1247.0,1933.0,2412.0,15944.0,-2348.0,1126.0,-531.0,60.0,-479.0,-1404.0,-772.0,33607.0,5629184.0,2250.0,2707.0,0.0
10357378000,0.010265421947697738,97414.40781440781,2237.0,2144.0,1244.0,1933.0,2288.0,16056.0,-2276.0,1103.0,-531.0,85.0,-480.0,-1403.0,-775.0,33607.0,5629952.0,2257.0,2708.0,0.0
10357634000,0.010265421947697738,97414.40781440781,2262.0,2141.0,1242.0,1936.0,2260.0,16088.0,-2216.0,1044.0,-458.0,128.0,-480.0,-1405.0,-779.0,33607.0,5629952.0,2266.0,2707.0,0.0
10357890000,0.010265421947697738,97414.40781440781,2195.0,2144.0,1243.0,1935.0,2328.0,16060.0,-2256.0,980.0,-443.0,110.0,-472.0,-1406.0,-773.0,33607.0,5629184.0,2222.0,2689.0,0.0
10358146000,0.010265421947697738,97414.40781440781,2213.0,2145.0,1244.0,1932.0,2340.0,15992.0,-2356.0,981.0,-422.0,95.0,-475.0,-1407.0,-775.0,33607.0,5629184.0,2250.0,2707.0,0.0
10358402000,0.010265421947697738,97414.40781440781,2241.0,2143.0,1240.0,1934.0,2292.0,16040.0,-2364.0,1023.0,-439.0,72.0,-475.0,-1407.0,-775.0,33607.0,5629184.0,2262.0,2707.0,0.0
10358658000,0.010265421947697738,97414.40781440781,2266.0,2144.0,1240.0,1933.0,2276.0,16080.0,-2292.0,1013.0,-433.0,51.0,-473.0,-1409.0,-774.0,33607.0,5629184.0,2268.0,2707.0,0.0
10358914000,0.010265421947697738,97414.40781440781,2214.0,2146.0,1239.0,1929.0,2380.0,16092.0,-2328.0,984.0,-408.0,37.0,-476.0,-1404.0,-774.0,33607.0,5629184.0,2232.0,2691.0,0.0
10359170000,0.010265421947697738,97414.40781440781,2230.0,2146.0,1239.0,1928.0,2372.0,16116.0,-2352.0,999.0,-436.0,19.0,-470.0,-1408.0,-777.0,33607.0,5629184.0,2254.0,2707.0,0.0
10359426000,0.010265421947697738,97414.40781440781,2251.0,2147.0,1240.0,1931.0,2396.0,16104.0,-2408.0,1003.0,-513.0,17.0,-474.0,-1409.0,-776.0,33607.0,5629440.0,2264.0,2707.0,0.0
10359682000,0.010265421947697738,97414.40781440781,2276.0,2147.0,1239.0,1934.0,2352.0,16080.0,-2328.0,998.0,-545.0,24.0,-474.0,-1409.0,-776.0,33607.0,5629440.0,2269.0,2707.0,0.0
10359938000,0.010265421947697738,97414.40781440781,2221.0,2144.0,1239.0,1932.0,2320.0,16112.0,-2280.0,976.0,-574.0,34.0,-475.0,-1408.0,-774.0,33607.0,5629696.0,2232.0,2691.0,0.0
10360194000,0.010265421947697738,97414.40781440781,2226.0,2144.0,1243.0,1933.0,2336.0,16044.0,-2216.0,962.0,-625.0,29.0,-475.0,-1408.0,-773.0,33607.0,5629696.0,2249.0,2708.0,0.0
10360450000,0.010265421947697738,97414.40781440781,2237.0,2144.0,1244.0,1937.0,2340.0,15952.0,-2272.0,976.0,-630.0,38.0,-480.0,-1409.0,-781.0,33607.0,5629696.0,2256.0,2708.0,0.0
10360706000,0.010265421947697738,97414.40781440781,2260.0,2143.0,1248.0,1937.0,2328.0,15988.0,-2272.0,947.0,-624.0,25.0,-480.0,-1409.0,-781.0,33607.0,5629696.0,2265.0,2707.0,0.0
10360962000,0.010265421947697738,97414.40781440781,2201.0,2144.0,1246.0,1937.0,2312.0,15984.0,-2196.0,937.0,-590.0,1.0,-475.0,-1410.0,-775.0,33607.0,5630208.0,2223.0,2690.0,0.0
10361218000,0.010265421947697738,97414.40781440781,2208.0,2143.0,1244.0,1936.0,2320.0,16004.0,-2232.0,886.0,-534.0,-44.0,-483.0,-1410.0,-775.0,33607.0,5630208.0,2245.0,2708.0,0.0
10361474000,0.010265421947697738,97414.40781440781,2227.0,2146.0,1245.0,1936.0,2364.0,15992.0,-2232.0,885.0,-482.0,-46.0,-482.0,-1405.0,-777.0,33611.0,5630208.0,2254.0,2708.0,0.0
10361730000,0.010265421947697738,97414.40781440781,2250.0,2146.0,1248.0,1928.0,2232.0,16052.0,-2080.0,761.0,-509.0,-71.0,-483.0,-1401.0,-774.0,33611.0,5630208.0,2264.0,2707.0,0.0
10361986000,0.010265421947697738,97414.40781440781,2177.0,2149.0,1243.0,1930.0,2464.0,16056.0,-2352.0,845.0,-389.0,-54.0,-483.0,-1401.0,-774.0,33611.0,5629184.0,2215.0,2688.0,0.0
10362242000,0.010265421947697738,97414.40781440781,2190.0,2145.0,1240.0,1928.0,2368.0,16028.0,-2356.0,824.0,-380.0,-54.0,-478.0,-1409.0,-778.0,33611.0,5629184.0,2241.0,2708.0,0.0
10362498000,0.010265421947697738,97414.40781440781,2207.0,2145.0,1239.0,1932.0,2336.0,16144.0,-2300.0,805.0,-315.0,-12.0,-484.0,-1409.0,-783.0,33611.0,5628928.0,2247.0,2708.0,0.0
10362754000,0.010265421947697738,97414.40781440781,2239.0,2146.0,1238.0,1926.0,2348.0,16088.0,-2424.0,806.0,-346.0,1.0,-480.0,-1413.0,-775.0,33611.0,5628928.0,2261.0,2707.0,0.0
10363010000,0.010265421947697738,97414.40781440781,2175.0,2145.0,1238.0,1928.0,2396.0,16100.0,-2424.0,821.0,-373.0,-4.0,-494.0,-1403.0,-777.0,33611.0,5629440.0,2220.0,2689.0,0.0
10363266000,0.010265421947697738,97414.40781440781,2202.0,2144.0,1240.0,1927.0,2304.0,16080.0,-2432.0,830.0,-414.0,31.0,-494.0,-1403.0,-777.0,33611.0,5629440.0,2249.0,2707.0,0.0
10363522000,0.010265421947697738,97414.40781440781,2225.0,2142.0,1239.0,1927.0,2260.0,16072.0,-2372.0,876.0,-446.0,25.0,-483.0,-1410.0,-780.0,33611.0,5629696.0,2256.0,2708.0,0.0
10363778000,0.010265421947697738,97414.40781440781,2243.0,2143.0,1241.0,1931.0,2304.0,16068.0,-2344.0,873.0,-474.0,37.0,-483.0,-1406.0,-773.0,33611.0,5629696.0,2260.0,2708.0,0.0
10364034000,0.010265421947697738,97414.40781440781,2183.0,2141.0,1239.0,1933.0,2244.0,16072.0,-2344.0,896.0,-470.0,18.0,-477.0,-1408.0,-779.0,33611.0,5629184.0,2221.0,2690.0,0.0
10364290000,0.010265421947697738,97414.40781440781,2205.0,2138.0,1237.0,1936.0,2236.0,16060.0,-2264.0,892.0,-440.0,18.0,-477.0,-1408.0,-779.0,33611.0,5629184.0,2249.0,2707.0,0.0
10364546000,0.010265421947697738,97414.40781440781,2231.0,2140.0,1241.0,1934.0,2224.0,16072.0,-2272.0,840.0,-449.0,15.0,-476.0,-1403.0,-768.0,33611.0,5629440.0,2257.0,2708.0,0.0
10364802000,0.010265421947697738,97414.40781440781,2213.0,2143.0,1240.0,1929.0,2356.0,16076.0,-2388.0,883.0,-444.0,17.0,-475.0,-1404.0,-775.0,33611.0,5629440.0,2463.0,2687.0,0.0
10365058000,0.010265421947697738,97414.40781440781,2121.0,2143.0,1241.0,1930.0,2328.0,16064.0,-2372.0,923.0,-439.0,-8.0,-475.0,-1402.0,-777.0,33611.0,5629440.0,2312.0,2689.0,0.0
10365314000,0.010265421947697738,97414.40781440781,2232.0,2144.0,1239.0,1927.0,2304.0,16084.0,-2360.0,881.0,-416.0,-4.0,-474.0,-1406.0,-776.0,33611.0,5629440.0,2286.0,2708.0,0.0
10365570000,0.010265421947697738,97414.40781440781,2270.0,2143.0,1242.0,1930.0,2300.0,16052.0,-2396.0,876.0,-401.0,0.0,-474.0,-1406.0,-776.0,33611.0,5628672.0,2273.0,2708.0,0.0
10365826000,0.010265421947697738,97414.40781440781,2299.0,2143.0,1240.0,1933.0,2272.0,16072.0,-2304.0,886.0,-402.0,0.0,-477.0,-1408.0,-775.0,33611.0,5628672.0,2275.0,2709.0,0.0
10366082000,0.010265421947697738,97414.40781440781,2229.0,2141.0,1242.0,1931.0,2252.0,16040.0,-2308.0,886.0,-402.0,0.0,-481.0,-1407.0,-772.0,33611.0,5629184.0,2227.0,2689.0,0.0
10366338000,0.010265421947697738,97414.40781440781,2224.0,2142.0,1243.0,1928.0,2308.0,16000.0,-2352.0,864.0,-363.0,-14.0,-470.0,-1401.0,-773.0,33611.0,5629184.0,2246.0,2708.0,0.0
10366594000,0.010265421947697738,97414.40781440781,2241.0,2142.0,1242.0,1929.0,2292.0,15996.0,-2384.0,862.0,-350.0,-17.0,-466.0,-1404.0,-776.0,33611.0,5628928.0,2260.0,2707.0,0.0
10366850000,0.010265421947697738,97414.40781440781,2270.0,2139.0,1245.0,1928.0,2276.0,16024.0,-2356.0,877.0,-344.0,-42.0,-466.0,-1404.0,-776.0,33611.0,5628928.0,2267.0,2707.0,0.0
10367106000,0.010265421947697738,97414.40781440781,2202.0,2141.0,1245.0,1924.0,2244.0,16000.0,-2388.0,899.0,-315.0,-62.0,-475.0,-1405.0,-778.0,33611.0,5628672.0,2224.0,2690.0,0.0
10367362000,0.010265421947697738,97414.40781440781,2209.0,2144.0,1246.0,1920.0,2340.0,15968.0,-2520.0,879.0,-351.0,-65.0,-483.0,-1405.0,-777.0,33611.0,5628672.0,2246.0,2708.0,0.0
10367618000,0.010265421947697738,97414.40781440781,2233.0,2143.0,1244.0,1924.0,2316.0,16016.0,-2500.0,889.0,-361.0,-34.0,-482.0,-1406.0,-778.0,33611.0,5629184.0,2255.0,2708.0,0.0
10367874000,0.010265421947697738,97414.40781440781,2244.0,2142.0,1241.0,1928.0,2276.0,16056.0,-2416.0,972.0,-363.0,-19.0,-482.0,-1406.0,-778.0,33611.0,5629184.0,2258.0,2706.0,0.0
10368130000,0.010265421947697738,97414.40781440781,2181.0,2143.0,1243.0,1928.0,2300.0,15988.0,-2432.0,968.0,-366.0,30.0,-480.0,-1400.0,-779.0,33611.0,5629440.0,2220.0,2690.0,0.0
10368386000,0.010265421947697738,97414.40781440781,2196.0,2147.0,1243.0,1924.0,2380.0,16012.0,-2496.0,961.0,-351.0,50.0,-484.0,-1406.0,-778.0,33611.0,5629440.0,2243.0,2708.0,0.0
10368642000,0.010265421947697738,97414.40781440781,2220.0,2147.0,1243.0,1926.0,2376.0,16016.0,-2492.0,994.0,-408.0,64.0,-488.0,-1408.0,-777.0,33611.0,5628928.0,2254.0,2708.0,0.0
10368898000,0.010265421947697738,97414.40781440781,2238.0,2146.0,1242.0,1929.0,2364.0,16072.0,-2476.0,1066.0,-435.0,63.0,-484.0,-1402.0,-772.0,33611.0,5628928.0,2257.0,2706.0,0.0
10369154000,0.010265421947697738,97414.40781440781,2178.0,2143.0,1242.0,1927.0,2288.0,16064.0,-2412.0,1089.0,-478.0,72.0,-484.0,-1402.0,-772.0,33611.0,5629184.0,2219.0,2689.0,0.0
10369410000,0.010265421947697738,97414.40781440781,2196.0,2142.0,1240.0,1931.0,2244.0,16064.0,-2368.0,1081.0,-523.0,73.0,-481.0,-1401.0,-774.0,33611.0,5629184.0,2243.0,2708.0,0.0
10369666000,0.010265421947697738,97414.40781440781,2220.0,2142.0,1241.0,1932.0,2260.0,16064.0,-2272.0,1054.0,-568.0,82.0,-480.0,-1404.0,-779.0,33611.0,5629952.0,2254.0,2708.0,0.0
10369922000,0.010265421947697738,97414.40781440781,2247.0,2141.0,1242.0,1936.0,2300.0,16040.0,-2272.0,1062.0,-553.0,75.0,-481.0,-1408.0,-773.0,33611.0,5629952.0,2264.0,2707.0,0.0
10370178000,0.010265421947697738,97414.40781440781,2175.0,2144.0,1244.0,1934.0,2332.0,15992.0,-2228.0,1036.0,-533.0,81.0,-477.0,-1406.0,-774.0,33611.0,5629952.0,2215.0,2688.0,0.0
10370434000,0.010265421947697738,97414.40781440781,2195.0,2143.0,1245.0,1938.0,2276.0,15996.0,-2188.0,1014.0,-518.0,69.0,-477.0,-1406.0,-774.0,33611.0,5629952.0,2246.0,2707.0,0.0
10370690000,0.010265421947697738,97414.40781440781,2234.0,2143.0,1246.0,1936.0,2292.0,15960.0,-2232.0,990.0,-464.0,62.0,-481.0,-1409.0,-779.0,33611.0,5629696.0,2262.0,2709.0,0.0
10370946000,0.010265421947697738,97414.40781440781,2261.0,2143.0,1245.0,1935.0,2284.0,15960.0,-2228.0,951.0,-432.0,41.0,-481.0,-1398.0,-783.0,33611.0,5629696.0,2268.0,2707.0,0.0
10371202000,0.010265421947697738,97414.40781440781,2201.0,2144.0,1245.0,1935.0,2332.0,15968.0,-2284.0,916.0,-376.0,32.0,-478.0,-1408.0,-769.0,33611.0,5629440.0,2225.0,2690.0,0.0
10371458000,0.010265421947697738,97414.40781440781,2220.0,2144.0,1245.0,1934.0,2272.0,16012.0,-2320.0,921.0,-363.0,57.0,-478.0,-1408.0,-769.0,33611.0,5629440.0,2251.0,2707.0,0.0
10371714000,0.010265421947697738,97414.40781440781,2240.0,2143.0,1243.0,1932.0,2280.0,16032.0,-2300.0,908.0,-361.0,60.0,-474.0,-1407.0,-783.0,33611.0,5629952.0,2257.0,2708.0,0.0
10371970000,0.010265421947697738,97414.40781440781,2257.0,2141.0,1242.0,1931.0,2252.0,16024.0,-2328.0,922.0,-370.0,48.0,-472.0,-1407.0,-779.0,33611.0,5629952.0,2261.0,2708.0,0.0
10372226000,0.010265421947697738,97414.40781440781,2191.0,2139.0,1242.0,1931.0,2232.0,16048.0,-2340.0,911.0,-358.0,35.0,-475.0,-1408.0,-770.0,33611.0,5629440.0,2221.0,2690.0,0.0
10372482000,0.010265421947697738,97414.40781440781,2210.0,2142.0,1241.0,1932.0,2232.0,15988.0,-2312.0,951.0,-374.0,29.0,-480.0,-1412.0,-777.0,33611.0,5629440.0,2250.0,2707.0,0.0
10372738000,0.010265421947697738,97414.40781440781,2233.0,2139.0,1240.0,1930.0,2240.0,16052.0,-2332.0,973.0,-387.0,24.0,-480.0,-1412.0,-777.0,33611.0,5629696.0,2257.0,2708.0,0.0
10372994000,0.010265421947697738,97414.40781440781,2210.0,2138.0,1240.0,1934.0,2196.0,16092.0,-2328.0,990.0,-415.0,34.0,-472.0,-1400.0,-782.0,33611.0,5629696.0,2464.0,2687.0,0.0
10373250000,0.010265421947697738,97414.40781440781,2120.0,2139.0,1240.0,1933.0,2224.0,16136.0,-2336.0,986.0,-385.0,31.0,-473.0,-1401.0,-776.0,33611.0,5629440.0,2312.0,2689.0,0.0
10373506000,0.010265421947697738,97414.40781440781,2232.0,2139.0,1239.0,1931.0,2208.0,16120.0,-2352.0,995.0,-395.0,41.0,-477.0,-1406.0,-780.0,33611.0,5629440.0,2286.0,2708.0,0.0
10373762000,0.010265421947697738,97414.40781440781,2282.0,2138.0,1239.0,1934.0,2212.0,16132.0,-2308.0,1016.0,-380.0,37.0,-479.0,-1399.0,-779.0,33611.0,5629440.0,2279.0,2707.0,0.0
10374018000,0.010265421947697738,97414.40781440781,2301.0,2136.0,1237.0,1936.0,2164.0,16164.0,-2268.0,1037.0,-416.0,43.0,-479.0,-1399.0,-779.0,33611.0,5629440.0,2276.0,2707.0,0.0
10374274000,0.010265421947697738,97414.40781440781,2227.0,2137.0,1236.0,1936.0,2160.0,16184.0,-2204.0,1038.0,-400.0,29.0,-480.0,-1405.0,-774.0,33611.0,5629696.0,2228.0,2690.0,0.0
10374530000,0.010265421947697738,97414.40781440781,2228.0,2138.0,1239.0,1938.0,2204.0,16152.0,-2228.0,1010.0,-387.0,32.0,-474.0,-1407.0,-780.0,33611.0,5629696.0,2247.0,2708.0,0.0
10374786000,0.010265421947697738,97414.40781440781,2238.0,2136.0,1238.0,1940.0,2136.0,16128.0,-2204.0,993.0,-374.0,23.0,-482.0,-1402.0,-772.0,33611.0,5629440.0,2256.0,2708.0,0.0
10375042000,0.010265421947697738,97414.40781440781,2247.0,2138.0,1237.0,1941.0,2204.0,16120.0,-2148.0,1030.0,-389.0,1.0,-482.0,-1402.0,-772.0,33611.0,5629440.0,2258.0,2706.0,0.0
10375298000,0.010265421947697738,97414.40781440781,2186.0,2137.0,1238.0,1943.0,2204.0,16136.0,-2144.0,992.0,-362.0,-3.0,-481.0,-1404.0,-782.0,33611.0,5629696.0,2219.0,2689.0,0.0
10375554000,0.010265421947697738,97414.40781440781,2207.0,2136.0,1242.0,1942.0,2196.0,16056.0,-2180.0,965.0,-324.0,-41.0,-478.0,-1408.0,-778.0,33611.0,5629696.0,2249.0,2707.0,0.0
10375810000,0.010265421947697738,97414.40781440781,2188.0,2141.0,1242.0,1938.0,2280.0,15996.0,-2156.0,946.0,-313.0,-27.0,-481.0,-1405.0,-775.0,33611.0,5629696.0,2460.0,2687.0,0.0
10376066000,0.010265421947697738,97414.40781440781,2200.0,2139.0,1238.0,1938.0,2180.0,16112.0,-2200.0,962.0,-285.0,-47.0,-484.0,-1401.0,-778.0,33611.0,5629696.0,2357.0,2707.0,0.0
10376322000,0.010265421947697738,97414.40781440781,2241.0,2139.0,1239.0,1941.0,2196.0,16096.0,-2224.0,927.0,-306.0,-36.0,-484.0,-1401.0,-778.0,33611.0,5629952.0,2266.0,2690.0,0.0
10376578000,0.010265421947697738,97414.40781440781,2265.0,2140.0,1241.0,1938.0,2276.0,16060.0,-2264.0,931.0,-301.0,-33.0,-479.0,-1404.0,-781.0,33611.0,5629952.0,2265.0,2708.0,0.0
10376834000,0.010265421947697738,97414.40781440781,2284.0,2140.0,1240.0,1935.0,2256.0,16056.0,-2252.0,931.0,-324.0,-34.0,-480.0,-1402.0,-779.0,33611.0,5629440.0,2270.0,2709.0,0.0
10377090000,0.010265421947697738,97414.40781440781,2294.0,2139.0,1242.0,1937.0,2220.0,16148.0,-2236.0,931.0,-336.0,-33.0,-485.0,-1403.0,-778.0,33611.0,5629440.0,2272.0,2707.0,0.0
10377346000,0.010265421947697738,97414.40781440781,2203.0,2137.0,1238.0,1938.0,2152.0,16140.0,-2176.0,976.0,-381.0,-41.0,-476.0,-1406.0,-777.0,33611.0,5629440.0,2218.0,2688.0,0.0
10377602000,0.010265421947697738,97414.40781440781,2212.0,2134.0,1236.0,1941.0,2196.0,16180.0,-2192.0,957.0,-371.0,-52.0,-476.0,-1406.0,-777.0,33611.0,5629440.0,2248.0,2707.0,0.0
10377858000,0.010265421947697738,97414.40781440781,2230.0,2139.0,1239.0,1942.0,2248.0,16104.0,-2168.0,919.0,-368.0,-39.0,-484.0,-1406.0,-781.0,33611.0,5628416.0,2256.0,2708.0,0.0
10378114000,0.010265421947697738,97414.40781440781,2258.0,2141.0,1241.0,1941.0,2224.0,16092.0,-2124.0,882.0,-345.0,-36.0,-480.0,-1410.0,-779.0,33611.0,5628416.0,2265.0,2707.0,0.0
10378370000,0.010265421947697738,97414.40781440781,2193.0,2143.0,1241.0,1944.0,2328.0,16016.0,-2108.0,875.0,-344.0,-39.0,-477.0,-1399.0,-779.0,33611.0,5629184.0,2222.0,2689.0,0.0
10378626000,0.010265421947697738,97414.40781440781,2210.0,2143.0,1242.0,1941.0,2300.0,16048.0,-2172.0,889.0,-312.0,-58.0,-477.0,-1399.0,-779.0,33611.0,5629184.0,2250.0,2707.0,0.0
10378882000,0.010265421947697738,97414.40781440781,2235.0,2140.0,1241.0,1940.0,2292.0,16040.0,-2196.0,882.0,-332.0,-67.0,-480.0,-1407.0,-777.0,33611.0,5628928.0,2257.0,2708.0,0.0
10379138000,0.010265421947697738,97414.40781440781,2260.0,2141.0,1244.0,1938.0,2288.0,16020.0,-2228.0,881.0,-358.0,-49.0,-478.0,-1405.0,-777.0,33611.0,5628928.0,2265.0,2707.0,0.0
10379394000,0.010265421947697738,97414.40781440781,2196.0,2140.0,1243.0,1935.0,2276.0,16012.0,-2288.0,852.0,-356.0,-56.0,-469.0,-1404.0,-780.0,33611.0,5629696.0,2224.0,2690.0,0.0
10379650000,0.010265421947697738,97414.40781440781,2213.0,2141.0,1244.0,1934.0,2272.0,16024.0,-2260.0,869.0,-384.0,-31.0,-472.0,-1400.0,-774.0,33611.0,5629696.0,2250.0,2707.0,0.0
10379906000,0.010265421947697738,97414.40781440781,2242.0,2140.0,1240.0,1934.0,2212.0,16048.0,-2292.0,894.0,-429.0,-25.0,-472.0,-1400.0,-774.0,33611.0,5629696.0,2262.0,2707.0,0.0
10380162000,0.010265421947697738,97414.40781440781,2265.0,2138.0,1241.0,1935.0,2204.0,16060.0,-2304.0,870.0,-458.0,-9.0,-474.0,-1401.0,-778.0,33611.0,5629696.0,2263.0,2708.0,0.0
10380418000,0.010265421947697738,97414.40781440781,2196.0,2136.0,1240.0,1939.0,2224.0,16068.0,-2248.0,881.0,-453.0,2.0,-477.0,-1407.0,-780.0,33611.0,5629440.0,2222.0,2690.0,0.0
10380674000,0.010265421947697738,97414.40781440781,2206.0,2137.0,1239.0,1941.0,2200.0,16140.0,-2124.0,827.0,-414.0,1.0,-474.0,-1403.0,-782.0,33611.0,5629440.0,2245.0,2708.0,0.0
10380930000,0.010265421947697738,97414.40781440781,2224.0,2137.0,1241.0,1937.0,2192.0,16112.0,-2180.0,799.0,-383.0,-21.0,-478.0,-1408.0,-778.0,33611.0,5629696.0,2254.0,2708.0,0.0
10381186000,0.010265421947697738,97414.40781440781,2249.0,2140.0,1241.0,1940.0,2232.0,16096.0,-2236.0,794.0,-334.0,-37.0,-478.0,-1408.0,-778.0,33611.0,5629696.0,2264.0,2707.0,0.0
10381442000,0.010265421947697738,97414.40781440781,2195.0,2138.0,1242.0,1936.0,2188.0,16084.0,-2264.0,791.0,-315.0,-54.0,-475.0,-1401.0,-774.0,33611.0,5629696.0,2223.0,2690.0,0.0
10381698000,0.010265421947697738,97414.40781440781,2213.0,2136.0,1242.0,1933.0,2168.0,16024.0,-2224.0,826.0,-328.0,-59.0,-479.0,-1407.0,-773.0,33611.0,5629696.0,2250.0,2707.0,0.0
10381954000,0.010265421947697738,97414.40781440781,2235.0,2133.0,1240.0,1933.0,2168.0,16068.0,-2292.0,799.0,-310.0,-57.0,-476.0,-1406.0,-782.0,33611.0,5629952.0,2257.0,2708.0,0.0
10382210000,0.010265421947697738,97414.40781440781,2259.0,2135.0,1240.0,1933.0,2152.0,16056.0,-2404.0,865.0,-344.0,-36.0,-476.0,-1406.0,-782.0,33611.0,5629952.0,2265.0,2707.0,0.0
10382466000,0.010265421947697738,97414.40781440781,2195.0,2134.0,1240.0,1931.0,2176.0,16100.0,-2360.0,885.0,-386.0,-30.0,-482.0,-1408.0,-778.0,33611.0,5629440.0,2222.0,2689.0,0.0
10382722000,0.010265421947697738,97414.40781440781,2199.0,2138.0,1240.0,1931.0,2180.0,16052.0,-2332.0,896.0,-390.0,-15.0,-480.0,-1400.0,-783.0,33611.0,5629440.0,2244.0,2708.0,0.0
10382978000,0.010265421947697738,97414.40781440781,2227.0,2140.0,1244.0,1935.0,2256.0,16040.0,-2280.0,896.0,-390.0,-15.0,-479.0,-1405.0,-776.0,33611.0,5629440.0,2255.0,2708.0,0.0
10383234000,0.010265421947697738,97414.40781440781,2243.0,2142.0,1243.0,1935.0,2276.0,16048.0,-2272.0,875.0,-382.0,-41.0,-478.0,-1400.0,-782.0,33611.0,5629440.0,2258.0,2706.0,0.0
10383490000,0.010265421947697738,97414.40781440781,2161.0,2141.0,1240.0,1935.0,2256.0,16064.0,-2260.0,872.0,-380.0,-29.0,-478.0,-1400.0,-782.0,33611.0,5629440.0,2212.0,2688.0,0.0
10383746000,0.010265421947697738,97414.40781440781,2175.0,2140.0,1240.0,1939.0,2280.0,16116.0,-2228.0,879.0,-390.0,-39.0,-487.0,-1407.0,-782.0,33611.0,5629440.0,2240.0,2708.0,0.0
10384002000,0.010265421947697738,97414.40781440781,2203.0,2142.0,1240.0,1937.0,2228.0,16116.0,-2172.0,855.0,-378.0,-69.0,-485.0,-1402.0,-783.0,33611.0,5629696.0,2252.0,2708.0,0.0
10384258000,0.010265421947697738,97414.40781440781,2242.0,2140.0,1240.0,1937.0,2244.0,16068.0,-2196.0,864.0,-372.0,-76.0,-479.0,-1406.0,-781.0,33611.0,5629696.0,2263.0,2707.0,0.0
10384514000,0.010265421947697738,97414.40781440781,2183.0,2141.0,1241.0,1936.0,2284.0,16044.0,-2236.0,879.0,-391.0,-44.0,-481.0,-1407.0,-777.0,33611.0,5629952.0,2222.0,2689.0,0.0
10384770000,0.010265421947697738,97414.40781440781,2207.0,2142.0,1241.0,1936.0,2300.0,16052.0,-2240.0,868.0,-417.0,-45.0,-481.0,-1407.0,-777.0,33611.0,5629952.0,2250.0,2707.0,0.0
10385026000,0.010265421947697738,97414.40781440781,2245.0,2144.0,1242.0,1938.0,2320.0,15992.0,-2276.0,883.0,-403.0,-22.0,-487.0,-1406.0,-777.0,33611.0,5629696.0,2263.0,2709.0,0.0
10385282000,0.010265421947697738,97414.40781440781,2223.0,2142.0,1244.0,1938.0,2300.0,16020.0,-2184.0,851.0,-426.0,-17.0,-484.0,-1406.0,-780.0,33611.0,5629696.0,2466.0,2687.0,0.0
10385538000,0.010265421947697738,97414.40781440781,2131.0,2141.0,1242.0,1937.0,2256.0,16032.0,-2176.0,835.0,-379.0,-20.0,-483.0,-1404.0,-778.0,33611.0,5629952.0,2313.0,2689.0,0.0
10385794000,0.010265421947697738,97414.40781440781,2244.0,2140.0,1239.0,1937.0,2240.0,16020.0,-2228.0,807.0,-355.0,0.0,-483.0,-1404.0,-778.0,33611.0,5629952.0,2292.0,2707.0,0.0
10386050000,0.010265421947697738,97414.40781440781,2281.0,2138.0,1239.0,1936.0,2224.0,16068.0,-2284.0,788.0,-352.0,-18.0,-478.0,-1402.0,-778.0,33611.0,5629440.0,2276.0,2708.0,0.0
10386306000,0.010265421947697738,97414.40781440781,2303.0,2137.0,1241.0,1935.0,2196.0,16068.0,-2276.0,774.0,-310.0,9.0,-476.0,-1404.0,-783.0,33611.0,5629440.0,2275.0,2707.0,0.0
10386562000,0.010265421947697738,97414.40781440781,2227.0,2138.0,1239.0,1936.0,2212.0,16100.0,-2284.0,793.0,-311.0,-13.0,-474.0,-1404.0,-776.0,33611.0,5629696.0,2228.0,2690.0,0.0
10386818000,0.010265421947697738,97414.40781440781,2231.0,2138.0,1240.0,1932.0,2228.0,16080.0,-2332.0,811.0,-339.0,-9.0,-472.0,-1400.0,-778.0,33611.0,5629696.0,2252.0,2707.0,0.0
10387074000,0.010265216083425248,97416.36141636141,2244.0,2138.0,1242.0,1932.0,2180.0,16032.0,-2328.0,853.0,-352.0,-17.0,-472.0,-1400.0,-778.0,33611.0,5629440.0,2258.0,2708.0,0.0
10387330000,0.010265421947697738,97414.40781440781,2268.0,2138.0,1243.0,1934.0,2216.0,16064.0,-2320.0,869.0,-387.0,-38.0,-473.0,-1406.0,-786.0,33611.0,5629440.0,2266.0,2707.0,0.0
10387586000,0.010265421947697738,97414.40781440781,2214.0,2138.0,1241.0,1934.0,2180.0,16044.0,-2280.0,892.0,-396.0,-16.0,-478.0,-1405.0,-779.0,33611.0,5628928.0,2230.0,2691.0,0.0
10387842000,0.010265421947697738,97414.40781440781,2217.0,2138.0,1241.0,1933.0,2236.0,16064.0,-2252.0,872.0,-408.0,-30.0,-472.0,-1402.0,-781.0,33611.0,5628928.0,2248.0,2708.0,0.0
10388098000,0.010265421947697738,97414.40781440781,2243.0,2140.0,1241.0,1936.0,2248.0,16060.0,-2252.0,884.0,-393.0,-28.0,-479.0,-1405.0,-778.0,33611.0,5629184.0,2262.0,2707.0,0.0
10388354000,0.010265421947697738,97414.40781440781,2259.0,2140.0,1241.0,1936.0,2236.0,16060.0,-2288.0,855.0,-372.0,2.0,-479.0,-1405.0,-778.0,33611.0,5629184.0,2262.0,2708.0,0.0
10388610000,0.010265421947697738,97414.40781440781,2195.0,2140.0,1240.0,1935.0,2252.0,16072.0,-2256.0,803.0,-356.0,-15.0,-476.0,-1404.0,-779.0,33611.0,5628928.0,2222.0,2690.0,0.0
10388866000,0.010265421947697738,97414.40781440781,2200.0,2139.0,1240.0,1934.0,2224.0,16088.0,-2280.0,850.0,-380.0,4.0,-476.0,-1405.0,-779.0,33611.0,5628928.0,2244.0,2708.0,0.0
10389122000,0.010265421947697738,97414.40781440781,2227.0,2137.0,1238.0,1933.0,2212.0,16120.0,-2300.0,840.0,-362.0,42.0,-481.0,-1403.0,-783.0,33611.0,5629184.0,2255.0,2708.0,0.0
10389378000,0.010265421947697738,97414.40781440781,2242.0,2139.0,1241.0,1933.0,2248.0,16080.0,-2344.0,865.0,-345.0,20.0,-481.0,-1403.0,-783.0,33611.0,5629184.0,2258.0,2706.0,0.0
10389634000,0.010265421947697738,97414.40781440781,2183.0,2137.0,1241.0,1931.0,2212.0,16052.0,-2340.0,866.0,-383.0,37.0,-485.0,-1401.0,-783.0,33611.0,5629440.0,2219.0,2689.0,0.0
10389890000,0.010265421947697738,97414.40781440781,2200.0,2135.0,1240.0,1935.0,2176.0,16124.0,-2248.0,890.0,-363.0,35.0,-483.0,-1406.0,-783.0,33611.0,5629440.0,2248.0,2707.0,0.0
10390146000,0.010265421947697738,97414.40781440781,2223.0,2136.0,1241.0,1934.0,2204.0,16092.0,-2264.0,882.0,-358.0,22.0,-484.0,-1404.0,-782.0,33611.0,5629440.0,2256.0,2708.0,0.0
10390402000,0.010265421947697738,97414.40781440781,2246.0,2136.0,1241.0,1933.0,2160.0,16080.0,-2308.0,890.0,-364.0,29.0,-479.0,-1399.0,-779.0,33611.0,5629440.0,2259.0,2706.0,0.0
10390658000,0.010265421947697738,97414.40781440781,2168.0,2134.0,1237.0,1937.0,2188.0,16168.0,-2308.0,888.0,-347.0,9.0,-479.0,-1399.0,-779.0,33611.0,5629696.0,2213.0,2688.0,0.0
10390914000,0.010265421947697738,97414.40781440781,2192.0,2136.0,1238.0,1935.0,2148.0,15892.0,-2300.0,856.0,-342.0,71.0,-480.0,-1410.0,-782.0,33611.0,5629696.0,2245.0,2707.0,0.0
10391170000,0.010265421947697738,97414.40781440781,2223.0,2140.0,1240.0,1935.0,2188.0,16060.0,-2256.0,881.0,-334.0,63.0,-479.0,-1400.0,-782.0,33611.0,5629184.0,2255.0,2708.0,0.0
10391426000,0.010265421947697738,97414.40781440781,2240.0,2140.0,1241.0,1939.0,2236.0,16044.0,-2196.0,888.0,-331.0,19.0,-482.0,-1409.0,-778.0,33611.0,5629184.0,2258.0,2706.0,0.0
10391682000,0.010265421947697738,97414.40781440781,2160.0,2138.0,1240.0,1938.0,2252.0,16076.0,-2260.0,869.0,-309.0,13.0,-480.0,-1408.0,-782.0,33611.0,5629696.0,2212.0,2688.0,0.0
10391938000,0.010265421947697738,97414.40781440781,2174.0,2139.0,1242.0,1933.0,2256.0,16012.0,-2312.0,882.0,-301.0,-12.0,-480.0,-1408.0,-782.0,33611.0,5629696.0,2240.0,2708.0,0.0
10392194000,0.010265421947697738,97414.40781440781,2208.0,2141.0,1242.0,1936.0,2220.0,16044.0,-2292.0,902.0,-317.0,-36.0,-483.0,-1408.0,-778.0,33611.0,5629184.0,2253.0,2708.0,0.0
10392450000,0.010265421947697738,97414.40781440781,2233.0,2139.0,1241.0,1933.0,2240.0,16044.0,-2272.0,895.0,-304.0,-60.0,-486.0,-1407.0,-779.0,33611.0,5629184.0,2258.0,2708.0,0.0
10392706000,0.010265421947697738,97414.40781440781,2173.0,2137.0,1241.0,1933.0,2220.0,16048.0,-2292.0,899.0,-302.0,-70.0,-485.0,-1403.0,-777.0,33611.0,5629696.0,2220.0,2690.0,0.0
10392962000,0.010265421947697738,97414.40781440781,2199.0,2138.0,1240.0,1934.0,2220.0,16076.0,-2320.0,894.0,-306.0,-38.0,-485.0,-1403.0,-777.0,33611.0,5629696.0,2249.0,2707.0,0.0
10393218000,0.010265421947697738,97414.40781440781,2229.0,2139.0,1240.0,1932.0,2264.0,16084.0,-2324.0,905.0,-326.0,-40.0,-482.0,-1401.0,-781.0,33611.0,5629696.0,2257.0,2708.0,0.0
10393474000,0.010265421947697738,97414.40781440781,2257.0,2140.0,1241.0,1933.0,2244.0,16076.0,-2272.0,920.0,-314.0,-22.0,-480.0,-1404.0,-783.0,33611.0,5629696.0,2265.0,2707.0,0.0
10393730000,0.010265421947697738,97414.40781440781,2193.0,2139.0,1241.0,1935.0,2276.0,16020.0,-2256.0,916.0,-297.0,-27.0,-481.0,-1405.0,-779.0,33611.0,5629440.0,2222.0,2689.0,0.0
10393986000,0.010265421947697738,97414.40781440781,2211.0,2139.0,1240.0,1937.0,2248.0,16048.0,-2316.0,909.0,-302.0,-38.0,-498.0,-1402.0,-782.0,33611.0,5629440.0,2250.0,2707.0,0.0
10394242000,0.010265421947697738,97414.40781440781,2233.0,2135.0,1236.0,1938.0,2168.0,16164.0,-2264.0,939.0,-298.0,-63.0,-498.0,-1402.0,-782.0,33611.0,5629184.0,2257.0,2708.0,0.0
10394498000,0.010265421947697738,97414.40781440781,2262.0,2136.0,1240.0,1939.0,2120.0,16120.0,-2156.0,923.0,-286.0,-73.0,-474.0,-1404.0,-780.0,33611.0,5629184.0,2266.0,2707.0,0.0
10394754000,0.010265421947697738,97414.40781440781,2195.0,2137.0,1242.0,1936.0,2236.0,16036.0,-2256.0,879.0,-275.0,-70.0,-474.0,-1400.0,-779.0,33611.0,5630208.0,2222.0,2689.0,0.0
10395010000,0.010265421947697738,97414.40781440781,2199.0,2141.0,1244.0,1936.0,2292.0,16016.0,-2240.0,877.0,-305.0,-67.0,-488.0,-1409.0,-783.0,33611.0,5630208.0,2244.0,2708.0,0.0
10395266000,0.010265421947697738,97414.40781440781,2241.0,2139.0,1244.0,1940.0,2224.0,16024.0,-2260.0,925.0,-330.0,-73.0,-477.0,-1403.0,-779.0,33611.0,5629696.0,2266.0,2707.0,0.0
10395522000,0.010265421947697738,97414.40781440781,2271.0,2141.0,1245.0,1937.0,2296.0,15964.0,-2272.0,899.0,-356.0,-38.0,-477.0,-1403.0,-779.0,33611.0,5629696.0,2270.0,2707.0,0.0
10395778000,0.010265421947697738,97414.40781440781,2209.0,2142.0,1241.0,1931.0,2360.0,16052.0,-2312.0,883.0,-360.0,-50.0,-473.0,-1407.0,-785.0,33611.0,5629952.0,2226.0,2690.0,0.0
10396034000,0.010265421947697738,97414.40781440781,2213.0,2138.0,1237.0,1936.0,2208.0,16096.0,-2248.0,898.0,-341.0,-64.0,-480.0,-1405.0,-777.0,33611.0,5629952.0,2246.0,2708.0,0.0
10396290000,0.010265421947697738,97414.40781440781,2235.0,2137.0,1241.0,1934.0,2204.0,16072.0,-2288.0,929.0,-374.0,-52.0,-474.0,-1399.0,-780.0,33611.0,5629696.0,2255.0,2708.0,0.0
10396546000,0.010265421947697738,97414.40781440781,2254.0,2137.0,1243.0,1934.0,2200.0,15976.0,-2328.0,915.0,-397.0,-39.0,-474.0,-1399.0,-780.0,33611.0,5629696.0,2264.0,2707.0,0.0
10396802000,0.010265421947697738,97414.40781440781,2181.0,2139.0,1243.0,1935.0,2244.0,16020.0,-2296.0,904.0,-378.0,-53.0,-479.0,-1401.0,-776.0,33611.0,5628928.0,2215.0,2688.0,0.0
10397058000,0.010265421947697738,97414.40781440781,2191.0,2138.0,1242.0,1936.0,2204.0,16036.0,-2232.0,913.0,-373.0,-30.0,-477.0,-1407.0,-782.0,33611.0,5628928.0,2241.0,2708.0,0.0
10397314000,0.010265421947697738,97414.40781440781,2216.0,2138.0,1240.0,1937.0,2200.0,16032.0,-2216.0,883.0,-381.0,-48.0,-481.0,-1408.0,-782.0,33611.0,5629440.0,2253.0,2708.0,0.0
10397570000,0.010265421947697738,97414.40781440781,2236.0,2138.0,1241.0,1937.0,2272.0,16088.0,-2276.0,892.0,-340.0,-43.0,-481.0,-1408.0,-774.0,33611.0,5629440.0,2257.0,2706.0,0.0
10397826000,0.010265421947697738,97414.40781440781,2174.0,2139.0,1239.0,1936.0,2252.0,16092.0,-2248.0,862.0,-316.0,-15.0,-481.0,-1408.0,-774.0,33611.0,5629440.0,2220.0,2690.0,0.0
10398082000,0.010265421947697738,97414.40781440781,2194.0,2138.0,1237.0,1939.0,2244.0,16096.0,-2212.0,860.0,-324.0,-24.0,-482.0,-1405.0,-780.0,33611.0,5629440.0,2243.0,2708.0,0.0
10398338000,0.010265421947697738,97414.40781440781,2219.0,2139.0,1238.0,1936.0,2224.0,16100.0,-2224.0,907.0,-330.0,-9.0,-485.0,-1400.0,-779.0,33611.0,5629440.0,2254.0,2708.0,0.0
10398594000,0.010265421947697738,97414.40781440781,2246.0,2141.0,1241.0,1938.0,2332.0,16024.0,-2264.0,873.0,-339.0,-10.0,-482.0,-1405.0,-782.0,33611.0,5629440.0,2264.0,2707.0,0.0
10398850000,0.010265421947697738,97414.40781440781,2175.0,2138.0,1239.0,1935.0,2228.0,16036.0,-2236.0,862.0,-307.0,-24.0,-489.0,-1397.0,-776.0,33611.0,5629440.0,2215.0,2688.0,0.0
10399106000,0.010265421947697738,97414.40781440781,2195.0,2140.0,1242.0,1935.0,2272.0,16012.0,-2236.0,858.0,-334.0,-23.0,-489.0,-1397.0,-776.0,33611.0,5629440.0,2246.0,2707.0,0.0
10399362000,0.010265421947697738,97414.40781440781,2225.0,2138.0,1241.0,1935.0,2196.0,16020.0,-2232.0,868.0,-298.0,-55.0,-478.0,-1403.0,-779.0,33611.0,5629696.0,2255.0,2708.0,0.0
10399618000,0.010265421947697738,97414.40781440781,2250.0,2139.0,1241.0,1935.0,2176.0,16072.0,-2264.0,862.0,-289.0,-21.0,-475.0,-1402.0,-782.0,33611.0,5629696.0,2264.0,2707.0,0.0
10399874000,0.010265421947697738,97414.40781440781,2194.0,2138.0,1240.0,1933.0,2196.0,16044.0,-2320.0,862.0,-289.0,-21.0,-480.0,-1404.0,-775.0,33611.0,5629696.0,2223.0,2690.0,0.0
10400130000,0.010265421947697738,97414.40781440781,2211.0,2137.0,1242.0,1934.0,2200.0,16028.0,-2332.0,844.0,-291.0,-34.0,-480.0,-1404.0,-775.0,33611.0,5629696.0,2250.0,2707.0,0.0
10400386000,0.010265421947697738,97414.40781440781,2235.0,2137.0,1243.0,1934.0,2280.0,16052.0,-2260.0,863.0,-319.0,-3.0,-484.0,-1407.0,-779.0,33611.0,5629696.0,2257.0,2708.0,0.0
10400642000,0.010265421947697738,97414.40781440781,2249.0,2138.0,1241.0,1934.0,2220.0,16052.0,-2316.0,853.0,-326.0,-1.0,-479.0,-1403.0,-779.0,33611.0,5629696.0,2260.0,2708.0,0.0
10400898000,0.010265421947697738,97414.40781440781,2187.0,2138.0,1242.0,1936.0,2236.0,16048.0,-2264.0,849.0,-348.0,8.0,-474.0,-1405.0,-774.0,33611.0,5629440.0,2221.0,2690.0,0.0
10401154000,0.010265421947697738,97414.40781440781,2207.0,2138.0,1239.0,1937.0,2220.0,15992.0,-2268.0,893.0,-355.0,-12.0,-475.0,-1404.0,-779.0,33611.0,5629440.0,2249.0,2707.0,0.0
10401410000,0.010265421947697738,97414.40781440781,2238.0,2136.0,1240.0,1935.0,2172.0,16024.0,-2272.0,852.0,-353.0,-20.0,-475.0,-1404.0,-779.0,33611.0,5629440.0,2262.0,2707.0,0.0
10401666000,0.010265421947697738,97414.40781440781,2265.0,2139.0,1243.0,1937.0,2196.0,15976.0,-2236.0,866.0,-339.0,-34.0,-479.0,-1400.0,-778.0,33611.0,5629440.0,2268.0,2707.0,0.0
10401922000,0.010265421947697738,97414.40781440781,2218.0,2136.0,1242.0,1933.0,2208.0,16028.0,-2256.0,848.0,-308.0,-49.0,-487.0,-1409.0,-778.0,33611.0,5629952.0,2231.0,2691.0,0.0
10402178000,0.010265421947697738,97414.40781440781,2232.0,2138.0,1240.0,1934.0,2228.0,16028.0,-2268.0,859.0,-310.0,-47.0,-474.0,-1402.0,-772.0,33611.0,5629952.0,2254.0,2707.0,0.0
10402434000,0.010265421947697738,97414.40781440781,2257.0,2137.0,1241.0,1932.0,2232.0,16052.0,-2296.0,827.0,-317.0,-34.0,-474.0,-1402.0,-781.0,33611.0,5629440.0,2263.0,2707.0,0.0
10402690000,0.010265421947697738,97414.40781440781,2279.0,2138.0,1241.0,1935.0,2208.0,16064.0,-2248.0,856.0,-331.0,-51.0,-474.0,-1402.0,-781.0,33611.0,5629440.0,2269.0,2707.0,0.0
10402946000,0.010265421947697738,97414.40781440781,2207.0,2138.0,1240.0,1936.0,2208.0,16076.0,-2240.0,856.0,-351.0,-53.0,-471.0,-1408.0,-781.0,33611.0,5629696.0,2224.0,2689.0,0.0
10403202000,0.010265421947697738,97414.40781440781,2211.0,2139.0,1241.0,1935.0,2256.0,16044.0,-2288.0,816.0,-319.0,-20.0,-479.0,-1406.0,-775.0,33611.0,5629696.0,2245.0,2708.0,0.0
10403458000,0.010265421947697738,97414.40781440781,2233.0,2141.0,1244.0,1933.0,2304.0,16024.0,-2304.0,829.0,-278.0,-22.0,-476.0,-1409.0,-773.0,33611.0,5629184.0,2255.0,2708.0,0.0
10403714000,0.010265421947697738,97414.40781440781,2246.0,2142.0,1243.0,1932.0,2324.0,16004.0,-2344.0,840.0,-298.0,-23.0,-476.0,-1409.0,-773.0,33611.0,5629184.0,2258.0,2706.0,0.0
10403970000,0.010265421947697738,97414.40781440781,2185.0,2138.0,1243.0,1932.0,2292.0,15984.0,-2340.0,870.0,-311.0,-15.0,-468.0,-1402.0,-774.0,33611.0,5629440.0,2219.0,2689.0,0.0
10404226000,0.010265421947697738,97414.40781440781,2198.0,2138.0,1243.0,1933.0,2244.0,16004.0,-2308.0,873.0,-333.0,-12.0,-474.0,-1408.0,-781.0,33611.0,5629440.0,2243.0,2708.0,0.0
10404482000,0.010265421947697738,97414.40781440781,2221.0,2136.0,1241.0,1934.0,2184.0,16036.0,-2360.0,874.0,-356.0,13.0,-481.0,-1403.0,-783.0,33611.0,5629440.0,2254.0,2708.0,0.0
10404738000,0.010265421947697738,97414.40781440781,2239.0,2137.0,1242.0,1935.0,2204.0,16048.0,-2292.0,876.0,-368.0,20.0,-475.0,-1398.0,-778.0,33611.0,5629440.0,2257.0,2706.0,0.0
10404994000,0.010265421947697738,97414.40781440781,2179.0,2138.0,1241.0,1933.0,2240.0,16044.0,-2292.0,905.0,-392.0,30.0,-475.0,-1398.0,-778.0,33611.0,5629184.0,2219.0,2689.0,0.0
10405250000,0.010265421947697738,97414.40781440781,2196.0,2138.0,1242.0,1934.0,2228.0,16008.0,-2236.0,896.0,-402.0,14.0,-484.0,-1410.0,-783.0,33611.0,5629184.0,2243.0,2708.0,0.0
10405506000,0.010265421947697738,97414.40781440781,2220.0,2138.0,1241.0,1936.0,2228.0,16064.0,-2200.0,896.0,-391.0,-5.0,-483.0,-1402.0,-782.0,33611.0,5629952.0,2254.0,2708.0,0.0
10405762000,0.010265421947697738,97414.40781440781,2239.0,2137.0,1236.0,1939.0,2184.0,16092.0,-2180.0,853.0,-383.0,-6.0,-478.0,-1403.0,-774.0,33611.0,5629952.0,2257.0,2706.0,0.0
10406018000,0.010265421947697738,97414.40781440781,2179.0,2135.0,1238.0,1939.0,2200.0,16112.0,-2192.0,831.0,-339.0,-3.0,-482.0,-1406.0,-783.0,33611.0,5629696.0,2219.0,2689.0,0.0
10406274000,0.010265421947697738,97414.40781440781,2198.0,2138.0,1238.0,1938.0,2168.0,16100.0,-2232.0,767.0,-302.0,2.0,-482.0,-1406.0,-783.0,33611.0,5629696.0,2248.0,2707.0,0.0
10406530000,0.010265421947697738,97414.40781440781,2223.0,2139.0,1241.0,1934.0,2236.0,16060.0,-2276.0,771.0,-325.0,14.0,-482.0,-1405.0,-779.0,33611.0,5628928.0,2256.0,2708.0,0.0
10406786000,0.010265421947697738,97414.40781440781,2253.0,2139.0,1242.0,1933.0,2300.0,16048.0,-2364.0,763.0,-324.0,29.0,-481.0,-1395.0,-782.0,33611.0,5628928.0,2265.0,2707.0,0.0
10407042000,0.010265421947697738,97414.40781440781,2196.0,2140.0,1241.0,1932.0,2252.0,16004.0,-2288.0,787.0,-329.0,37.0,-480.0,-1409.0,-777.0,33611.0,5629696.0,2223.0,2689.0,0.0
10407298000,0.010265421947697738,97414.40781440781,2212.0,2139.0,1244.0,1931.0,2256.0,16000.0,-2348.0,804.0,-380.0,25.0,-480.0,-1409.0,-777.0,33611.0,5629696.0,2250.0,2707.0,0.0
10407554000,0.010265421947697738,97414.40781440781,2236.0,2140.0,1246.0,1931.0,2276.0,15956.0,-2372.0,805.0,-367.0,23.0,-482.0,-1407.0,-775.0,33611.0,5629440.0,2257.0,2708.0,0.0
10407810000,0.010265421947697738,97414.40781440781,2249.0,2139.0,1242.0,1932.0,2240.0,16036.0,-2292.0,808.0,-357.0,7.0,-477.0,-1403.0,-777.0,33611.0,5629440.0,2260.0,2708.0,0.0
10408066000,0.010265421947697738,97414.40781440781,2188.0,2135.0,1241.0,1937.0,2176.0,16044.0,-2284.0,857.0,-359.0,-23.0,-480.0,-1411.0,-779.0,33611.0,5629952.0,2222.0,2690.0,0.0
10408322000,0.010265421947697738,97414.40781440781,2208.0,2134.0,1240.0,1936.0,2120.0,16040.0,-2276.0,833.0,-363.0,-32.0,-475.0,-1409.0,-772.0,33611.0,5629952.0,2249.0,2707.0,0.0
10408578000,0.010265421947697738,97414.40781440781,2239.0,2134.0,1239.0,1934.0,2132.0,16072.0,-2292.0,832.0,-350.0,-77.0,-475.0,-1409.0,-772.0,33611.0,5629952.0,2262.0,2707.0,0.0
10408834000,0.010265421947697738,97414.40781440781,2263.0,2134.0,1238.0,1935.0,2152.0,16092.0,-2288.0,868.0,-323.0,-46.0,-498.0,-1403.0,-778.0,33611.0,5629952.0,2263.0,2708.0,0.0
10409090000,0.010265421947697738,97414.40781440781,2195.0,2133.0,1238.0,1932.0,2168.0,16072.0,-2320.0,855.0,-299.0,-74.0,-475.0,-1402.0,-777.0,33611.0,5629696.0,2221.0,2689.0,0.0
10409346000,0.010265421947697738,97414.40781440781,2199.0,2135.0,1239.0,1932.0,2204.0,16100.0,-2288.0,862.0,-315.0,-68.0,-477.0,-1404.0,-782.0,33611.0,5629696.0,2244.0,2708.0,0.0
10409602000,0.010265421947697738,97414.40781440781,2228.0,2135.0,1238.0,1932.0,2176.0,16116.0,-2308.0,850.0,-281.0,-52.0,-474.0,-1401.0,-778.0,33611.0,5629440.0,2260.0,2707.0,0.0
10409858000,0.010265421947697738,97414.40781440781,2258.0,2136.0,1240.0,1933.0,2176.0,16092.0,-2340.0,835.0,-262.0,-48.0,-474.0,-1401.0,-778.0,33611.0,5629440.0,2266.0,2707.0,0.0
10410114000,0.010265421947697738,97414.40781440781,2195.0,2135.0,1237.0,1934.0,2204.0,16060.0,-2312.0,840.0,-289.0,-14.0,-473.0,-1407.0,-779.0,33611.0,5629440.0,2224.0,2690.0,0.0
10410370000,0.010265421947697738,97414.40781440781,2218.0,2137.0,1240.0,1933.0,2188.0,16092.0,-2276.0,860.0,-312.0,-6.0,-473.0,-1403.0,-773.0,33611.0,5629440.0,2251.0,2707.0,0.0
10410626000,0.010265421947697738,97414.40781440781,2251.0,2137.0,1240.0,1934.0,2240.0,16048.0,-2320.0,853.0,-317.0,-12.0,-473.0,-1399.0,-780.0,33611.0,5629696.0,2263.0,2707.0,0.0
10410882000,0.010265421947697738,97414.40781440781,2261.0,2137.0,1241.0,1934.0,2200.0,16016.0,-2292.0,848.0,-323.0,-12.0,-473.0,-1399.0,-780.0,33611.0,5629696.0,2262.0,2706.0,0.0
10411138000,0.010265421947697738,97414.40781440781,2190.0,2136.0,1241.0,1936.0,2180.0,16032.0,-2300.0,869.0,-329.0,-10.0,-479.0,-1406.0,-775.0,33611.0,5629952.0,2220.0,2689.0,0.0
10411394000,0.010265421947697738,97414.40781440781,2209.0,2136.0,1241.0,1936.0,2196.0,16044.0,-2284.0,849.0,-338.0,-23.0,-481.0,-1405.0,-775.0,33611.0,5629952.0,2249.0,2707.0,0.0
10411650000,0.010265421947697738,97414.40781440781,2179.0,2137.0,1242.0,1935.0,2216.0,16060.0,-2288.0,838.0,-303.0,-36.0,-482.0,-1406.0,-778.0,33611.0,5629440.0,2454.0,2686.0,0.0
10411906000,0.010265421947697738,97414.40781440781,2189.0,2138.0,1243.0,1933.0,2224.0,16012.0,-2312.0,862.0,-307.0,-55.0,-479.0,-1406.0,-775.0,33611.0,5629440.0,2354.0,2707.0,0.0
10412162000,0.010265421947697738,97414.40781440781,2230.0,2136.0,1241.0,1935.0,2224.0,16024.0,-2312.0,873.0,-304.0,-56.0,-479.0,-1406.0,-775.0,33611.0,5629440.0,2264.0,2689.0,0.0
10412418000,0.010265421947697738,97414.40781440781,2253.0,2135.0,1240.0,1934.0,2196.0,16064.0,-2316.0,836.0,-289.0,-37.0,-483.0,-1404.0,-779.0,33611.0,5629440.0,2264.0,2708.0,0.0
10412674000,0.010265421947697738,97414.40781440781,2233.0,2139.0,1241.0,1932.0,2236.0,15996.0,-2348.0,829.0,-297.0,-48.0,-484.0,-1408.0,-782.0,33611.0,5629440.0,2467.0,2687.0,0.0
10412930000,0.010265421947697738,97414.40781440781,2218.0,2139.0,1240.0,1936.0,2252.0,16016.0,-2292.0,845.0,-319.0,-22.0,-483.0,-1399.0,-778.0,33611.0,5629440.0,2354.0,2706.0,0.0
10413186000,0.010265421947697738,97414.40781440781,2121.0,2135.0,1239.0,1937.0,2188.0,16052.0,-2252.0,855.0,-286.0,-56.0,-479.0,-1400.0,-775.0,33611.0,5629952.0,2310.0,2707.0,0.0
10413442000,0.010265421947697738,97414.40781440781,2239.0,2136.0,1241.0,1935.0,2192.0,16080.0,-2284.0,855.0,-252.0,-43.0,-479.0,-1400.0,-775.0,33611.0,5629952.0,2289.0,2707.0,0.0
10413698000,0.010265421947697738,97414.40781440781,2282.0,2136.0,1241.0,1932.0,2240.0,16036.0,-2364.0,856.0,-274.0,-65.0,-476.0,-1405.0,-782.0,33611.0,5629184.0,2275.0,2708.0,0.0
10413954000,0.010265421947697738,97414.40781440781,2299.0,2139.0,1242.0,1932.0,2232.0,16040.0,-2364.0,843.0,-284.0,-46.0,-480.0,-1405.0,-779.0,33611.0,5629184.0,2274.0,2707.0,0.0
10414210000,0.010265421947697738,97414.40781440781,2229.0,2140.0,1242.0,1931.0,2224.0,16028.0,-2356.0,878.0,-304.0,-72.0,-479.0,-1404.0,-778.0,33611.0,5628672.0,2227.0,2690.0,0.0
10414466000,0.010265421947697738,97414.40781440781,2228.0,2138.0,1242.0,1932.0,2196.0,16060.0,-2380.0,858.0,-324.0,-54.0,-479.0,-1404.0,-778.0,33611.0,5628672.0,2247.0,2708.0,0.0
10414722000,0.010265421947697738,97414.40781440781,2240.0,2137.0,1241.0,1931.0,2204.0,16032.0,-2352.0,853.0,-330.0,-54.0,-480.0,-1406.0,-782.0,33611.0,5629696.0,2256.0,2708.0,0.0
10414978000,0.010265421947697738,97414.40781440781,2255.0,2137.0,1241.0,1930.0,2200.0,16044.0,-2332.0,878.0,-340.0,-55.0,-475.0,-1409.0,-772.0,33611.0,5629696.0,2259.0,2708.0,0.0
10415234000,0.010265421947697738,97414.40781440781,2190.0,2136.0,1244.0,1932.0,2204.0,16012.0,-2260.0,872.0,-332.0,-72.0,-480.0,-1401.0,-777.0,33611.0,5630208.0,2221.0,2690.0,0.0
10415490000,0.010265421947697738,97414.40781440781,2209.0,2136.0,1242.0,1931.0,2188.0,16044.0,-2268.0,873.0,-323.0,-43.0,-476.0,-1409.0,-778.0,33611.0,5630208.0,2249.0,2707.0,0.0
10415746000,0.010265421947697738,97414.40781440781,2240.0,2138.0,1243.0,1933.0,2200.0,16028.0,-2340.0,835.0,-315.0,-26.0,-476.0,-1409.0,-778.0,33611.0,5629184.0,2262.0,2707.0,0.0
10416002000,0.010265421947697738,97414.40781440781,2265.0,2138.0,1241.0,1932.0,2260.0,15992.0,-2360.0,845.0,-334.0,-49.0,-490.0,-1401.0,-775.0,33611.0,5629184.0,2268.0,2707.0,0.0
10416258000,0.010265421947697738,97414.40781440781,2277.0,2137.0,1240.0,1933.0,2192.0,16040.0,-2320.0,840.0,-312.0,-33.0,-474.0,-1398.0,-781.0,33611.0,5629696.0,2265.0,2708.0,0.0
10416514000,0.010265216083425248,97416.36141636141,2290.0,2138.0,1241.0,1930.0,2232.0,16052.0,-2348.0,840.0,-312.0,-33.0,-476.0,-1398.0,-773.0,33611.0,5629696.0,2269.0,2707.0,0.0
10416770000,0.010265421947697738,97414.40781440781,2301.0,2138.0,1242.0,1932.0,2232.0,16052.0,-2384.0,846.0,-317.0,2.0,-477.0,-1406.0,-770.0,33611.0,5629184.0,2271.0,2707.0,0.0
10417026000,0.010265421947697738,97414.40781440781,2304.0,2138.0,1240.0,1930.0,2248.0,16048.0,-2400.0,882.0,-340.0,-44.0,-477.0,-1406.0,-770.0,33611.0,5629184.0,2272.0,2707.0,0.0
10417282000,0.010265421947697738,97414.40781440781,2232.0,2139.0,1239.0,1931.0,2236.0,16076.0,-2384.0,883.0,-360.0,-19.0,-475.0,-1402.0,-777.0,33611.0,5629952.0,2227.0,2690.0,0.0
10417538000,0.010265421947697738,97414.40781440781,2226.0,2138.0,1239.0,1931.0,2220.0,16036.0,-2268.0,883.0,-377.0,-10.0,-475.0,-1405.0,-779.0,33611.0,5629952.0,2246.0,2708.0,0.0
10417794000,0.010265421947697738,97414.40781440781,2249.0,2136.0,1243.0,1930.0,2228.0,16048.0,-2328.0,871.0,-354.0,1.0,-474.0,-1399.0,-778.0,33611.0,5629184.0,2261.0,2707.0,0.0
10418050000,0.010265421947697738,97414.40781440781,2213.0,2138.0,1241.0,1930.0,2216.0,16052.0,-2340.0,901.0,-362.0,-17.0,-474.0,-1399.0,-778.0,33611.0,5629184.0,2459.0,2686.0,0.0
10418306000,0.010265421947697738,97414.40781440781,2123.0,2138.0,1243.0,1932.0,2244.0,16044.0,-2320.0,898.0,-358.0,-27.0,-470.0,-1408.0,-775.0,33611.0,5629696.0,2312.0,2690.0,0.0
10418562000,0.010265421947697738,97414.40781440781,2233.0,2137.0,1244.0,1932.0,2188.0,15996.0,-2328.0,887.0,-360.0,-18.0,-477.0,-1400.0,-775.0,33611.0,5629696.0,2285.0,2708.0,0.0
10418818000,0.010265421947697738,97414.40781440781,2273.0,2137.0,1242.0,1932.0,2212.0,16024.0,-2320.0,911.0,-369.0,-11.0,-487.0,-1406.0,-780.0,33611.0,5629440.0,2274.0,2708.0,0.0
10419074000,0.010265421947697738,97414.40781440781,2293.0,2137.0,1241.0,1931.0,2148.0,16056.0,-2304.0,890.0,-356.0,4.0,-475.0,-1401.0,-782.0,33611.0,5629440.0,2273.0,2707.0,0.0
10419330000,0.010265421947697738,97414.40781440781,2224.0,2136.0,1240.0,1930.0,2200.0,16044.0,-2344.0,900.0,-344.0,-12.0,-475.0,-1401.0,-782.0,33611.0,5629696.0,2227.0,2690.0,0.0
10419586000,0.010265421947697738,97414.40781440781,2228.0,2136.0,1240.0,1927.0,2200.0,16080.0,-2384.0,911.0,-334.0,-28.0,-487.0,-1408.0,-776.0,33611.0,5629696.0,2247.0,2708.0,0.0
10419842000,0.010265421947697738,97414.40781440781,2238.0,2137.0,1239.0,1929.0,2212.0,16076.0,-2356.0,914.0,-311.0,-20.0,-478.0,-1406.0,-778.0,33611.0,5629440.0,2256.0,2708.0,0.0
10420098000,0.010265421947697738,97414.40781440781,2262.0,2137.0,1237.0,1930.0,2208.0,16144.0,-2376.0,941.0,-348.0,-28.0,-482.0,-1407.0,-772.0,33611.0,5629440.0,2265.0,2707.0,0.0
10420354000,0.010265421947697738,97414.40781440781,2194.0,2136.0,1236.0,1929.0,2232.0,16216.0,-2412.0,952.0,-355.0,-30.0,-485.0,-1404.0,-774.0,33611.0,5629440.0,2222.0,2689.0,0.0
10420610000,0.010265421947697738,97414.40781440781,2213.0,2140.0,1238.0,1927.0,2340.0,16124.0,-2480.0,967.0,-362.0,10.0,-485.0,-1404.0,-774.0,33611.0,5629440.0,2250.0,2707.0,0.0
10420866000,0.010265421947697738,97414.40781440781,2243.0,2136.0,1237.0,1931.0,2240.0,16076.0,-2416.0,1026.0,-357.0,8.0,-480.0,-1408.0,-777.0,33611.0,5629440.0,2262.0,2707.0,0.0
10421122000,0.010265421947697738,97414.40781440781,2253.0,2134.0,1240.0,1932.0,2196.0,16104.0,-2308.0,1025.0,-362.0,-15.0,-478.0,-1400.0,-777.0,33611.0,5629440.0,2260.0,2705.0,0.0
10421378000,0.010265421947697738,97414.40781440781,2189.0,2134.0,1239.0,1934.0,2172.0,16084.0,-2216.0,1032.0,-371.0,3.0,-479.0,-1410.0,-779.0,33611.0,5629952.0,2221.0,2690.0,0.0
10421634000,0.010265421947697738,97414.40781440781,2207.0,2139.0,1244.0,1938.0,2284.0,15984.0,-2292.0,924.0,-312.0,-12.0,-479.0,-1410.0,-779.0,33611.0,5629952.0,2249.0,2707.0,0.0
10421890000,0.010265421947697738,97414.40781440781,2228.0,2137.0,1245.0,1939.0,2220.0,15956.0,-2208.0,982.0,-371.0,7.0,-482.0,-1407.0,-784.0,33611.0,5629696.0,2256.0,2708.0,0.0
10422146000,0.010265421947697738,97414.40781440781,2257.0,2136.0,1243.0,1940.0,2208.0,15980.0,-2160.0,961.0,-359.0,-15.0,-479.0,-1399.0,-782.0,33611.0,5629696.0,2266.0,2707.0,0.0
10422402000,0.010265421947697738,97414.40781440781,2194.0,2138.0,1246.0,1939.0,2164.0,15960.0,-2188.0,922.0,-345.0,-18.0,-482.0,-1405.0,-774.0,33611.0,5629952.0,2224.0,2690.0,0.0
10422658000,0.010265421947697738,97414.40781440781,2198.0,2139.0,1244.0,1934.0,2264.0,16008.0,-2248.0,921.0,-330.0,5.0,-479.0,-1407.0,-775.0,33611.0,5629952.0,2244.0,2706.0,0.0
10422914000,0.010265421947697738,97414.40781440781,2233.0,2139.0,1239.0,1934.0,2260.0,16036.0,-2312.0,894.0,-336.0,-4.0,-479.0,-1407.0,-775.0,33611.0,5629952.0,2259.0,2707.0,0.0
10423170000,0.010265421947697738,97414.40781440781,2266.0,2139.0,1240.0,1933.0,2232.0,16044.0,-2304.0,875.0,-319.0,-10.0,-474.0,-1404.0,-776.0,33611.0,5629952.0,2267.0,2707.0,0.0
10423426000,0.010265421947697738,97414.40781440781,2205.0,2136.0,1242.0,1933.0,2188.0,16064.0,-2288.0,885.0,-308.0,-31.0,-472.0,-1405.0,-781.0,33611.0,5629952.0,2226.0,2692.0,0.0
10423682000,0.010265421947697738,97414.40781440781,2219.0,2136.0,1240.0,1932.0,2176.0,16080.0,-2296.0,887.0,-296.0,-21.0,-480.0,-1405.0,-778.0,33611.0,5629952.0,2252.0,2707.0,0.0
10423938000,0.010265421947697738,97414.40781440781,2189.0,2136.0,1237.0,1930.0,2140.0,16068.0,-2384.0,903.0,-299.0,-10.0,-473.0,-1394.0,-773.0,33611.0,5629696.0,2455.0,2686.0,0.0
10424194000,0.010265421947697738,97414.40781440781,2200.0,2136.0,1241.0,1932.0,2156.0,16100.0,-2368.0,906.0,-307.0,-38.0,-473.0,-1394.0,-773.0,33611.0,5629696.0,2355.0,2707.0,0.0
10424450000,0.010265421947697738,97414.40781440781,2243.0,2134.0,1240.0,1934.0,2140.0,16036.0,-2284.0,926.0,-334.0,-41.0,-479.0,-1403.0,-787.0,33611.0,5629440.0,2265.0,2690.0,0.0
10424706000,0.010265421947697738,97414.40781440781,2271.0,2135.0,1243.0,1935.0,2136.0,16072.0,-2216.0,926.0,-361.0,-29.0,-477.0,-1400.0,-774.0,33611.0,5629440.0,2270.0,2707.0,0.0
10424962000,0.010265421947697738,97414.40781440781,2292.0,2135.0,1242.0,1937.0,2216.0,16016.0,-2248.0,904.0,-359.0,-41.0,-473.0,-1405.0,-780.0,33611.0,5630208.0,2271.0,2707.0,0.0
10425218000,0.010265421947697738,97414.40781440781,2298.0,2138.0,1242.0,1937.0,2176.0,16012.0,-2292.0,924.0,-350.0,-67.0,-473.0,-1405.0,-780.0,33611.0,5630208.0,2272.0,2707.0,0.0
10425474000,0.010265421947697738,97414.40781440781,2231.0,2137.0,1243.0,1938.0,2180.0,16024.0,-2272.0,918.0,-335.0,-53.0,-482.0,-1402.0,-782.0,33611.0,5630208.0,2229.0,2692.0,0.0
10425730000,0.010265421947697738,97414.40781440781,2230.0,2138.0,1242.0,1936.0,2164.0,16056.0,-2248.0,886.0,-328.0,-68.0,-471.0,-1405.0,-785.0,33611.0,5630208.0,2247.0,2708.0,0.0
10425986000,0.010265421947697738,97414.40781440781,2205.0,2136.0,1241.0,1932.0,2176.0,16080.0,-2272.0,861.0,-279.0,-54.0,-470.0,-1409.0,-770.0,33611.0,5630208.0,2459.0,2687.0,0.0
10426242000,0.010265421947697738,97414.40781440781,2193.0,2137.0,1241.0,1934.0,2188.0,16112.0,-2288.0,836.0,-278.0,-47.0,-484.0,-1403.0,-776.0,33611.0,5630208.0,2349.0,2705.0,0.0
10426498000,0.010265421947697738,97414.40781440781,2244.0,2139.0,1239.0,1932.0,2212.0,16096.0,-2376.0,867.0,-293.0,-60.0,-484.0,-1403.0,-776.0,33611.0,5629696.0,2269.0,2691.0,0.0
10426754000,0.010265421947697738,97414.40781440781,2267.0,2137.0,1239.0,1935.0,2176.0,16144.0,-2284.0,875.0,-345.0,-50.0,-483.0,-1405.0,-779.0,33611.0,5629696.0,2266.0,2708.0,0.0
10427010000,0.010265421947697738,97414.40781440781,2273.0,2137.0,1238.0,1936.0,2188.0,16120.0,-2236.0,909.0,-362.0,-17.0,-481.0,-1407.0,-782.0,33617.0,5629696.0,2264.0,2708.0,0.0
10427266000,0.010265421947697738,97414.40781440781,2287.0,2136.0,1239.0,1937.0,2168.0,16136.0,-2196.0,899.0,-364.0,-28.0,-484.0,-1406.0,-775.0,33617.0,5629696.0,2269.0,2707.0,0.0
10427522000,0.010265421947697738,97414.40781440781,2224.0,2137.0,1240.0,1937.0,2204.0,16068.0,-2216.0,868.0,-347.0,-22.0,-480.0,-1407.0,-778.0,33617.0,5629440.0,2232.0,2691.0,0.0
10427778000,0.010265421947697738,97414.40781440781,2236.0,2139.0,1241.0,1935.0,2184.0,16052.0,-2260.0,856.0,-323.0,-26.0,-480.0,-1407.0,-778.0,33617.0,5629440.0,2254.0,2707.0,0.0
10428034000,0.010265421947697738,97414.40781440781,2249.0,2136.0,1241.0,1933.0,2156.0,16060.0,-2212.0,866.0,-333.0,-62.0,-481.0,-1401.0,-780.0,33617.0,5629440.0,2258.0,2707.0,0.0
10428290000,0.010265421947697738,97414.40781440781,2269.0,2135.0,1241.0,1933.0,2120.0,16104.0,-2288.0,835.0,-285.0,-14.0,-479.0,-1404.0,-784.0,33617.0,5629440.0,2266.0,2707.0,0.0
10428546000,0.010265421947697738,97414.40781440781,2199.0,2135.0,1239.0,1929.0,2128.0,16084.0,-2344.0,798.0,-290.0,-24.0,-478.0,-1401.0,-776.0,33617.0,5629696.0,2222.0,2689.0,0.0
10428802000,0.010265421947697738,97414.40781440781,2204.0,2135.0,1240.0,1930.0,2128.0,16044.0,-2380.0,852.0,-353.0,9.0,-478.0,-1401.0,-776.0,33617.0,5629696.0,2243.0,2706.0,0.0
10429058000,0.010265421947697738,97414.40781440781,2185.0,2135.0,1242.0,1930.0,2192.0,16060.0,-2372.0,869.0,-389.0,2.0,-478.0,-1402.0,-782.0,33617.0,5629696.0,2457.0,2687.0,0.0
10429314000,0.010265421947697738,97414.40781440781,2190.0,2137.0,1243.0,1931.0,2144.0,16040.0,-2308.0,893.0,-363.0,-13.0,-495.0,-1397.0,-781.0,33617.0,5629696.0,2351.0,2708.0,0.0
10429570000,0.010265421947697738,97414.40781440781,2230.0,2139.0,1243.0,1933.0,2228.0,16004.0,-2280.0,902.0,-385.0,-23.0,-497.0,-1399.0,-779.0,33617.0,5629696.0,2262.0,2689.0,0.0
10429826000,0.010265421947697738,97414.40781440781,2259.0,2141.0,1244.0,1933.0,2276.0,15948.0,-2300.0,909.0,-381.0,-35.0,-493.0,-1401.0,-773.0,33617.0,5629696.0,2268.0,2707.0,0.0
10430082000,0.010265421947697738,97414.40781440781,2279.0,2140.0,1242.0,1938.0,2236.0,16028.0,-2252.0,911.0,-378.0,-45.0,-493.0,-1401.0,-773.0,33617.0,5629440.0,2270.0,2707.0,0.0
10430338000,0.010265421947697738,97414.40781440781,2286.0,2138.0,1241.0,1938.0,2224.0,16016.0,-2156.0,873.0,-340.0,-32.0,-476.0,-1399.0,-778.0,33617.0,5629440.0,2265.0,2706.0,0.0
10430594000,0.010265421947697738,97414.40781440781,2225.0,2137.0,1240.0,1935.0,2204.0,16044.0,-2228.0,834.0,-302.0,-43.0,-476.0,-1405.0,-783.0,33617.0,5629696.0,2232.0,2693.0,0.0
10430850000,0.010265421947697738,97414.40781440781,2236.0,2138.0,1241.0,1933.0,2200.0,16104.0,-2260.0,849.0,-286.0,-51.0,-477.0,-1400.0,-772.0,33617.0,5629696.0,2254.0,2707.0,0.0
10431106000,0.010265421947697738,97414.40781440781,2246.0,2137.0,1238.0,1932.0,2192.0,16096.0,-2268.0,864.0,-289.0,-47.0,-475.0,-1406.0,-781.0,33617.0,5629952.0,2257.0,2706.0,0.0
10431362000,0.010265421947697738,97414.40781440781,2267.0,2136.0,1239.0,1934.0,2156.0,16076.0,-2300.0,852.0,-255.0,-32.0,-475.0,-1406.0,-781.0,33617.0,5629952.0,2265.0,2707.0,0.0
10431618000,0.010265421947697738,97414.40781440781,2222.0,2136.0,1241.0,1931.0,2136.0,16116.0,-2304.0,846.0,-284.0,-37.0,-476.0,-1401.0,-776.0,33617.0,5629952.0,2234.0,2694.0,0.0
10431874000,0.010265421947697738,97414.40781440781,2228.0,2134.0,1240.0,1930.0,2100.0,16104.0,-2308.0,870.0,-276.0,-35.0,-477.0,-1406.0,-779.0,33617.0,5629952.0,2250.0,2708.0,0.0
10432130000,0.010265421947697738,97414.40781440781,2250.0,2135.0,1240.0,1933.0,2128.0,16088.0,-2372.0,870.0,-294.0,-5.0,-476.0,-1402.0,-777.0,33617.0,5629696.0,2262.0,2707.0,0.0
10432386000,0.010265421947697738,97414.40781440781,2260.0,2136.0,1240.0,1932.0,2124.0,16060.0,-2312.0,891.0,-323.0,-27.0,-476.0,-1402.0,-777.0,33617.0,5629696.0,2261.0,2706.0,0.0
10432642000,0.010265421947697738,97414.40781440781,2196.0,2134.0,1240.0,1932.0,2152.0,16104.0,-2244.0,879.0,-308.0,-6.0,-474.0,-1409.0,-780.0,33617.0,5630208.0,2222.0,2690.0,0.0
10432898000,0.010265421947697738,97414.40781440781,2200.0,2136.0,1241.0,1936.0,2176.0,16036.0,-2272.0,861.0,-324.0,-15.0,-475.0,-1404.0,-776.0,33617.0,5630208.0,2244.0,2708.0,0.0
10433154000,0.010265421947697738,97414.40781440781,2222.0,2138.0,1242.0,1938.0,2160.0,16076.0,-2240.0,865.0,-322.0,-16.0,-488.0,-1405.0,-776.0,33617.0,5630464.0,2254.0,2708.0,0.0
10433410000,0.010265421947697738,97414.40781440781,2247.0,2138.0,1240.0,1937.0,2200.0,16076.0,-2296.0,865.0,-322.0,-16.0,-474.0,-1409.0,-779.0,33617.0,5630464.0,2264.0,2707.0,0.0
10433666000,0.010265421947697738,97414.40781440781,2186.0,2139.0,1242.0,1937.0,2192.0,16072.0,-2292.0,858.0,-329.0,-28.0,-474.0,-1409.0,-779.0,33617.0,5629952.0,2222.0,2689.0,0.0
10433922000,0.010265421947697738,97414.40781440781,2196.0,2138.0,1241.0,1934.0,2208.0,16056.0,-2220.0,865.0,-298.0,-53.0,-479.0,-1403.0,-782.0,33617.0,5629952.0,2244.0,2708.0,0.0
10434178000,0.010265421947697738,97414.40781440781,2225.0,2138.0,1241.0,1935.0,2196.0,16088.0,-2240.0,880.0,-315.0,-36.0,-477.0,-1404.0,-776.0,33617.0,5629696.0,2255.0,2708.0,0.0
10434434000,0.010265421947697738,97414.40781440781,2248.0,2136.0,1239.0,1934.0,2204.0,16104.0,-2268.0,868.0,-289.0,-56.0,-482.0,-1405.0,-778.0,33617.0,5629696.0,2259.0,2708.0,0.0
10434690000,0.010265421947697738,97414.40781440781,2207.0,2136.0,1240.0,1932.0,2188.0,16068.0,-2312.0,849.0,-302.0,-35.0,-477.0,-1403.0,-780.0,33617.0,5629952.0,2231.0,2694.0,0.0
10434946000,0.010265421947697738,97414.40781440781,2226.0,2138.0,1241.0,1931.0,2224.0,16056.0,-2396.0,845.0,-282.0,-31.0,-477.0,-1403.0,-780.0,33617.0,5629952.0,2253.0,2707.0,0.0
10435202000,0.010265421947697738,97414.40781440781,2244.0,2137.0,1243.0,1930.0,2196.0,16036.0,-2332.0,870.0,-295.0,-39.0,-480.0,-1405.0,-787.0,33617.0,5629440.0,2258.0,2708.0,0.0
10435458000,0.010265421947697738,97414.40781440781,2266.0,2136.0,1240.0,1933.0,2164.0,16044.0,-2276.0,865.0,-329.0,-40.0,-480.0,-1398.0,-776.0,33617.0,5629440.0,2266.0,2707.0,0.0
10435714000,0.010265421947697738,97414.40781440781,2230.0,2137.0,1242.0,1935.0,2180.0,16064.0,-2292.0,876.0,-340.0,-44.0,-480.0,-1407.0,-777.0,33617.0,5629952.0,2240.0,2695.0,0.0
10435970000,0.010265421947697738,97414.40781440781,2231.0,2136.0,1241.0,1935.0,2188.0,16044.0,-2292.0,868.0,-328.0,-44.0,-480.0,-1407.0,-777.0,33617.0,5629952.0,2252.0,2708.0,0.0
10436226000,0.010265421947697738,97414.40781440781,2247.0,2136.0,1241.0,1938.0,2144.0,16036.0,-2232.0,856.0,-331.0,-53.0,-478.0,-1405.0,-782.0,33617.0,5629440.0,2258.0,2708.0,0.0
10436482000,0.010265421947697738,97414.40781440781,2260.0,2137.0,1241.0,1933.0,2172.0,16016.0,-2292.0,833.0,-308.0,-61.0,-480.0,-1406.0,-779.0,33617.0,5629440.0,2261.0,2708.0,0.0
10436738000,0.010265421947697738,97414.40781440781,2194.0,2136.0,1240.0,1935.0,2216.0,16064.0,-2064.0,875.0,-325.0,-68.0,-480.0,-1408.0,-778.0,33617.0,5630208.0,2222.0,2690.0,0.0
10436994000,0.010265421947697738,97414.40781440781,2211.0,2137.0,1242.0,1932.0,2188.0,16044.0,-2332.0,866.0,-325.0,-40.0,-487.0,-1407.0,-780.0,33617.0,5630208.0,2249.0,2707.0,0.0
10437250000,0.010265421947697738,97414.40781440781,2240.0,2138.0,1242.0,1933.0,2200.0,16024.0,-2348.0,843.0,-297.0,-77.0,-487.0,-1407.0,-780.0,33617.0,5629440.0,2262.0,2707.0,0.0
10437506000,0.010265421947697738,97414.40781440781,2266.0,2136.0,1242.0,1930.0,2168.0,16056.0,-2336.0,872.0,-307.0,-74.0,-477.0,-1407.0,-783.0,33617.0,5629440.0,2268.0,2707.0,0.0
10437762000,0.010265421947697738,97414.40781440781,2204.0,2135.0,1239.0,1930.0,2152.0,16128.0,-2336.0,888.0,-337.0,-69.0,-480.0,-1400.0,-779.0,33617.0,5629440.0,2225.0,2690.0,0.0
10438018000,0.010265421947697738,97414.40781440781,2211.0,2134.0,1240.0,1933.0,2180.0,16116.0,-2296.0,881.0,-309.0,-51.0,-474.0,-1402.0,-769.0,33617.0,5629440.0,2246.0,2708.0,0.0
10438274000,0.010265421947697738,97414.40781440781,2234.0,2137.0,1241.0,1932.0,2184.0,16080.0,-2348.0,858.0,-313.0,-32.0,-477.0,-1402.0,-781.0,33617.0,5629440.0,2260.0,2707.0,0.0
10438530000,0.010265421947697738,97414.40781440781,2267.0,2138.0,1242.0,1934.0,2212.0,16068.0,-2312.0,889.0,-325.0,-31.0,-477.0,-1402.0,-781.0,33617.0,5629440.0,2267.0,2707.0,0.0
10438786000,0.010265421947697738,97414.40781440781,2224.0,2139.0,1240.0,1933.0,2176.0,15996.0,-2252.0,899.0,-315.0,-27.0,-476.0,-1401.0,-783.0,33617.0,5630208.0,2236.0,2696.0,0.0
10439042000,0.010265421947697738,97414.40781440781,2233.0,2138.0,1244.0,1932.0,2196.0,16068.0,-2284.0,913.0,-297.0,-40.0,-466.0,-1403.0,-779.0,33617.0,5630208.0,2251.0,2708.0,0.0
10439298000,0.010265421947697738,97414.40781440781,2258.0,2137.0,1242.0,1931.0,2192.0,16076.0,-2304.0,891.0,-301.0,-39.0,-472.0,-1400.0,-782.0,33617.0,5629952.0,2263.0,2707.0,0.0
10439554000,0.010265421947697738,97414.40781440781,2273.0,2138.0,1240.0,1931.0,2200.0,16048.0,-2344.0,870.0,-272.0,-49.0,-472.0,-1400.0,-782.0,33617.0,5629952.0,2268.0,2707.0,0.0
10439810000,0.010265421947697738,97414.40781440781,2204.0,2139.0,1242.0,1934.0,2176.0,16072.0,-2288.0,891.0,-309.0,-60.0,-494.0,-1401.0,-781.0,33617.0,5629952.0,2224.0,2690.0,0.0
10440066000,0.010265421947697738,97414.40781440781,2211.0,2138.0,1241.0,1934.0,2176.0,16044.0,-2308.0,941.0,-358.0,-37.0,-475.0,-1407.0,-780.0,33617.0,5629952.0,2246.0,2708.0,0.0
10440322000,0.010265421947697738,97414.40781440781,2235.0,2137.0,1240.0,1939.0,2188.0,16084.0,-2240.0,904.0,-349.0,-30.0,-477.0,-1406.0,-781.0,33617.0,5629440.0,2260.0,2707.0,0.0
10440578000,0.010265421947697738,97414.40781440781,2266.0,2137.0,1242.0,1936.0,2204.0,16048.0,-2268.0,883.0,-350.0,-4.0,-477.0,-1403.0,-783.0,33617.0,5629440.0,2267.0,2707.0,0.0
10440834000,0.010265421947697738,97414.40781440781,2197.0,2139.0,1242.0,1937.0,2248.0,16056.0,-2236.0,889.0,-339.0,-34.0,-477.0,-1403.0,-783.0,33617.0,5629952.0,2222.0,2689.0,0.0
10441090000,0.010265421947697738,97414.40781440781,2215.0,2140.0,1243.0,1935.0,2224.0,16024.0,-2280.0,864.0,-322.0,-28.0,-475.0,-1404.0,-778.0,33617.0,5629952.0,2250.0,2707.0,0.0
10441346000,0.010265421947697738,97414.40781440781,2244.0,2139.0,1241.0,1935.0,2272.0,16048.0,-2332.0,856.0,-291.0,-18.0,-478.0,-1407.0,-781.0,33617.0,5629952.0,2262.0,2707.0,0.0
10441602000,0.010265421947697738,97414.40781440781,2264.0,2139.0,1241.0,1931.0,2216.0,16080.0,-2348.0,858.0,-310.0,-29.0,-481.0,-1399.0,-782.0,33617.0,5629952.0,2263.0,2708.0,0.0
10441858000,0.010265421947697738,97414.40781440781,2194.0,2138.0,1242.0,1932.0,2224.0,16092.0,-2368.0,870.0,-316.0,-30.0,-481.0,-1400.0,-775.0,33617.0,5629952.0,2221.0,2689.0,0.0
10442114000,0.010265421947697738,97414.40781440781,2200.0,2138.0,1240.0,1931.0,2244.0,16080.0,-2356.0,888.0,-362.0,-31.0,-481.0,-1400.0,-775.0,33617.0,5629952.0,2244.0,2708.0,0.0
10442370000,0.010265421947697738,97414.40781440781,2223.0,2136.0,1242.0,1933.0,2176.0,16080.0,-2296.0,890.0,-383.0,-41.0,-479.0,-1404.0,-778.0,33617.0,5629440.0,2254.0,2708.0,0.0
10442626000,0.010265421947697738,97414.40781440781,2203.0,2138.0,1240.0,1935.0,2204.0,16056.0,-2296.0,905.0,-387.0,-41.0,-481.0,-1404.0,-778.0,33617.0,5629440.0,2462.0,2687.0,0.0
10442882000,0.010265421947697738,97414.40781440781,2159.0,2137.0,1242.0,1934.0,2164.0,16036.0,-2280.0,879.0,-370.0,-50.0,-484.0,-1405.0,-784.0,33617.0,5629952.0,2331.0,2697.0,0.0
10443138000,0.010265421947697738,97414.40781440781,2272.0,2136.0,1241.0,1933.0,2188.0,16040.0,-2316.0,883.0,-341.0,-56.0,-484.0,-1405.0,-784.0,33617.0,5629952.0,2300.0,2707.0,0.0
10443394000,0.010265421947697738,97414.40781440781,2303.0,2138.0,1240.0,1933.0,2196.0,16088.0,-2296.0,879.0,-349.0,-56.0,-477.0,-1406.0,-781.0,33617.0,5629440.0,2280.0,2708.0,0.0
10443650000,0.010265421947697738,97414.40781440781,2311.0,2136.0,1240.0,1935.0,2156.0,16072.0,-2336.0,878.0,-329.0,-61.0,-476.0,-1401.0,-778.0,33617.0,5629440.0,2276.0,2707.0,0.0
10443906000,0.010265421947697738,97414.40781440781,2273.0,2136.0,1239.0,1932.0,2192.0,16096.0,-2328.0,879.0,-323.0,-31.0,-479.0,-1408.0,-777.0,33617.0,5629952.0,2247.0,2697.0,0.0
10444162000,0.010265421947697738,97414.40781440781,2274.0,2138.0,1241.0,1932.0,2196.0,16044.0,-2352.0,890.0,-316.0,-14.0,-481.0,-1404.0,-779.0,33617.0,5629952.0,2261.0,2707.0,0.0
10444418000,0.010265421947697738,97414.40781440781,2287.0,2138.0,1243.0,1934.0,2212.0,16096.0,-2296.0,894.0,-317.0,-19.0,-481.0,-1404.0,-779.0,33617.0,5630464.0,2267.0,2707.0,0.0
10444674000,0.010265421947697738,97414.40781440781,2298.0,2138.0,1242.0,1933.0,2196.0,16036.0,-2328.0,883.0,-358.0,5.0,-479.0,-1401.0,-782.0,33617.0,5630464.0,2270.0,2707.0,0.0
10444930000,0.010265421947697738,97414.40781440781,2269.0,2138.0,1241.0,1934.0,2160.0,16040.0,-2280.0,910.0,-351.0,-3.0,-477.0,-1408.0,-772.0,33617.0,5629952.0,2252.0,2699.0,0.0
10445186000,0.010265421947697738,97414.40781440781,2278.0,2137.0,1240.0,1931.0,2172.0,16064.0,-2260.0,891.0,-357.0,-5.0,-473.0,-1409.0,-775.0,33617.0,5629952.0,2263.0,2707.0,0.0
10445442000,0.010265421947697738,97414.40781440781,2284.0,2137.0,1242.0,1934.0,2180.0,16032.0,-2300.0,874.0,-341.0,-8.0,-475.0,-1403.0,-778.0,33617.0,5629696.0,2268.0,2707.0,0.0
10445698000,0.010265421947697738,97414.40781440781,2295.0,2135.0,1238.0,1933.0,2168.0,16080.0,-2292.0,889.0,-334.0,-3.0,-475.0,-1403.0,-778.0,33617.0,5629696.0,2270.0,2707.0,0.0
10445954000,0.010265421947697738,97414.40781440781,2260.0,2136.0,1238.0,1931.0,2168.0,16108.0,-2304.0,893.0,-344.0,-27.0,-475.0,-1399.0,-781.0,33617.0,5629952.0,2246.0,2698.0,0.0
10446210000,0.010265421947697738,97414.40781440781,2260.0,2136.0,1240.0,1931.0,2156.0,16076.0,-2304.0,920.0,-354.0,-3.0,-481.0,-1399.0,-779.0,33617.0,5629952.0,2255.0,2708.0,0.0
10446466000,0.010265421947697738,97414.40781440781,2266.0,2135.0,1240.0,1932.0,2144.0,16084.0,-2332.0,928.0,-350.0,-20.0,-478.0,-1400.0,-782.0,33617.0,5629696.0,2259.0,2708.0,0.0
10446722000,0.010265421947697738,97414.40781440781,2282.0,2136.0,1241.0,1934.0,2188.0,16100.0,-2352.0,932.0,-347.0,-12.0,-478.0,-1400.0,-782.0,33617.0,5629696.0,2267.0,2707.0,0.0
10446978000,0.010265421947697738,97414.40781440781,2282.0,2137.0,1242.0,1935.0,2156.0,16084.0,-2336.0,906.0,-363.0,0.0,-493.0,-1401.0,-778.0,33617.0,5629952.0,2264.0,2708.0,0.0
10447234000,0.010265421947697738,97414.40781440781,2281.0,2140.0,1241.0,1934.0,2192.0,16032.0,-2284.0,910.0,-347.0,8.0,-480.0,-1397.0,-776.0,33617.0,5629952.0,2264.0,2708.0,0.0
10447490000,0.010265421947697738,97414.40781440781,2285.0,2140.0,1244.0,1936.0,2220.0,16028.0,-2312.0,920.0,-347.0,-18.0,-470.0,-1402.0,-785.0,33617.0,5629696.0,2263.0,2708.0,0.0
10447746000,0.010265421947697738,97414.40781440781,2280.0,2139.0,1244.0,1935.0,2228.0,16032.0,-2276.0,904.0,-363.0,-32.0,-467.0,-1399.0,-778.0,33617.0,5629696.0,2261.0,2706.0,0.0
10448002000,0.010265421947697738,97414.40781440781,2243.0,2138.0,1241.0,1936.0,2188.0,16072.0,-2216.0,886.0,-338.0,-17.0,-467.0,-1399.0,-778.0,33617.0,5629696.0,2242.0,2698.0,0.0
10448258000,0.010265421947697738,97414.40781440781,2247.0,2139.0,1240.0,1935.0,2184.0,16052.0,-2268.0,875.0,-332.0,-13.0,-475.0,-1405.0,-776.0,33617.0,5629696.0,2254.0,2708.0,0.0
10448514000,0.010265421947697738,97414.40781440781,2254.0,2140.0,1241.0,1938.0,2216.0,16060.0,-2280.0,860.0,-358.0,-7.0,-486.0,-1402.0,-777.0,33617.0,5629952.0,2258.0,2708.0,0.0
10448770000,0.010265421947697738,97414.40781440781,2272.0,2137.0,1239.0,1934.0,2200.0,16072.0,-2264.0,871.0,-344.0,-24.0,-478.0,-1406.0,-778.0,33617.0,5629952.0,2266.0,2707.0,0.0
10449026000,0.010265421947697738,97414.40781440781,2204.0,2137.0,1240.0,1936.0,2172.0,16060.0,-2280.0,889.0,-337.0,-52.0,-490.0,-1399.0,-776.0,33617.0,5629696.0,2223.0,2689.0,0.0
10449282000,0.010265421947697738,97414.40781440781,2211.0,2135.0,1240.0,1933.0,2168.0,16068.0,-2296.0,867.0,-315.0,-48.0,-490.0,-1399.0,-776.0,33617.0,5629696.0,2245.0,2708.0,0.0
10449538000,0.010265421947697738,97414.40781440781,2234.0,2137.0,1241.0,1932.0,2184.0,16064.0,-2368.0,888.0,-319.0,-53.0,-481.0,-1402.0,-777.0,33617.0,5630208.0,2255.0,2708.0,0.0
10449794000,0.010265421947697738,97414.40781440781,2254.0,2139.0,1241.0,1931.0,2188.0,16072.0,-2348.0,941.0,-337.0,-60.0,-481.0,-1409.0,-783.0,33617.0,5630208.0,2264.0,2707.0,0.0
10450050000,0.010265421947697738,97414.40781440781,2191.0,2138.0,1240.0,1933.0,2188.0,16080.0,-2328.0,941.0,-337.0,-60.0,-481.0,-1409.0,-781.0,33617.0,5629440.0,2222.0,2689.0,0.0
10450306000,0.010265421947697738,97414.40781440781,2209.0,2138.0,1240.0,1937.0,2144.0,16072.0,-2252.0,954.0,-380.0,-61.0,-481.0,-1409.0,-781.0,33617.0,5629440.0,2250.0,2707.0,0.0
10450562000,0.010265421947697738,97414.40781440781,2235.0,2138.0,1240.0,1937.0,2224.0,16056.0,-2208.0,941.0,-390.0,-50.0,-481.0,-1400.0,-780.0,33617.0,5629696.0,2257.0,2708.0,0.0
10450818000,0.010265421947697738,97414.40781440781,2261.0,2140.0,1242.0,1941.0,2236.0,16056.0,-2180.0,941.0,-423.0,-36.0,-477.0,-1404.0,-779.0,33617.0,5629696.0,2266.0,2707.0,0.0
10451074000,0.010265421947697738,97414.40781440781,2240.0,2139.0,1242.0,1938.0,2204.0,16064.0,-2100.0,928.0,-413.0,-32.0,-475.0,-1403.0,-773.0,33617.0,5629696.0,2245.0,2700.0,0.0
10451330000,0.010265421947697738,97414.40781440781,2251.0,2139.0,1241.0,1939.0,2236.0,16032.0,-2168.0,847.0,-374.0,-7.0,-482.0,-1402.0,-783.0,33617.0,5629696.0,2260.0,2707.0,0.0
10451586000,0.010265421947697738,97414.40781440781,2224.0,2139.0,1240.0,1934.0,2236.0,16052.0,-2268.0,805.0,-333.0,-24.0,-482.0,-1402.0,-783.0,33617.0,5629696.0,2465.0,2687.0,0.0
10451842000,0.010265421947697738,97414.40781440781,2224.0,2134.0,1237.0,1933.0,2140.0,16124.0,-2340.0,851.0,-331.0,-31.0,-481.0,-1406.0,-777.0,33617.0,5629696.0,2360.0,2707.0,0.0
10452098000,0.010265421947697738,97414.40781440781,2306.0,2133.0,1235.0,1928.0,2100.0,16168.0,-2352.0,824.0,-321.0,-24.0,-480.0,-1403.0,-784.0,33617.0,5630208.0,2295.0,2701.0,0.0
10452354000,0.010265421947697738,97414.40781440781,2331.0,2136.0,1237.0,1928.0,2100.0,16120.0,-2388.0,828.0,-320.0,-24.0,-496.0,-1401.0,-785.0,33617.0,5630208.0,2283.0,2707.0,0.0
10452610000,0.010265421947697738,97414.40781440781,2330.0,2134.0,1239.0,1929.0,2168.0,16120.0,-2428.0,878.0,-346.0,15.0,-494.0,-1403.0,-782.0,33617.0,5630208.0,2277.0,2707.0,0.0
10452866000,0.010265421947697738,97414.40781440781,2326.0,2137.0,1242.0,1934.0,2192.0,16032.0,-2336.0,870.0,-395.0,20.0,-494.0,-1403.0,-782.0,33617.0,5630208.0,2274.0,2707.0,0.0
10453122000,0.010265421947697738,97414.40781440781,2312.0,2139.0,1243.0,1936.0,2208.0,15988.0,-2272.0,902.0,-391.0,-8.0,-474.0,-1403.0,-781.0,33617.0,5629696.0,2268.0,2708.0,0.0
10453378000,0.010265421947697738,97414.40781440781,2303.0,2139.0,1243.0,1936.0,2212.0,16008.0,-2204.0,895.0,-402.0,3.0,-478.0,-1403.0,-777.0,33617.0,5629696.0,2265.0,2708.0,0.0
10453634000,0.010265421947697738,97414.40781440781,2255.0,2138.0,1245.0,1936.0,2188.0,15956.0,-2244.0,871.0,-378.0,-26.0,-477.0,-1406.0,-777.0,33617.0,5630464.0,2468.0,2687.0,0.0
10453890000,0.010265421947697738,97414.40781440781,2229.0,2139.0,1242.0,1938.0,2236.0,16028.0,-2236.0,855.0,-345.0,-43.0,-477.0,-1406.0,-777.0,33617.0,5630464.0,2354.0,2706.0,0.0
10454146000,0.010265421947697738,97414.40781440781,2115.0,2137.0,1241.0,1936.0,2196.0,16084.0,-2260.0,845.0,-312.0,-61.0,-475.0,-1407.0,-773.0,33617.0,5630464.0,2304.0,2708.0,0.0
10454402000,0.010265421947697738,97414.40781440781,2223.0,2134.0,1238.0,1937.0,2168.0,16044.0,-2208.0,869.0,-332.0,-61.0,-474.0,-1403.0,-778.0,33617.0,5630464.0,2282.0,2708.0,0.0
10454658000,0.010265421947697738,97414.40781440781,2261.0,2136.0,1240.0,1933.0,2156.0,16084.0,-2244.0,828.0,-284.0,-59.0,-475.0,-1406.0,-776.0,33617.0,5629952.0,2272.0,2708.0,0.0
10454914000,0.010265421947697738,97414.40781440781,2281.0,2137.0,1242.0,1932.0,2160.0,16088.0,-2316.0,829.0,-279.0,-79.0,-475.0,-1400.0,-770.0,33617.0,5629952.0,2272.0,2707.0,0.0
10455170000,0.010265421947697738,97414.40781440781,2213.0,2137.0,1237.0,1931.0,2164.0,16104.0,-2380.0,857.0,-318.0,-67.0,-475.0,-1400.0,-770.0,33617.0,5630464.0,2226.0,2689.0,0.0
10455426000,0.010265421947697738,97414.40781440781,2217.0,2137.0,1240.0,1933.0,2164.0,16088.0,-2348.0,862.0,-326.0,-66.0,-480.0,-1400.0,-777.0,33617.0,5630464.0,2246.0,2708.0,0.0
10455682000,0.010265421947697738,97414.40781440781,2231.0,2137.0,1240.0,1932.0,2148.0,16108.0,-2324.0,885.0,-329.0,-51.0,-479.0,-1403.0,-777.0,33617.0,5630208.0,2256.0,2708.0,0.0
10455938000,0.010265421947697738,97414.40781440781,2258.0,2137.0,1242.0,1933.0,2204.0,16072.0,-2252.0,894.0,-359.0,-48.0,-483.0,-1404.0,-771.0,33617.0,5630208.0,2265.0,2707.0,0.0
10456194000,0.010265421947697738,97414.40781440781,2237.0,2137.0,1240.0,1935.0,2204.0,16108.0,-2296.0,916.0,-377.0,-62.0,-485.0,-1404.0,-778.0,33617.0,5629952.0,2245.0,2700.0,0.0
10456450000,0.010265421947697738,97414.40781440781,2249.0,2139.0,1239.0,1938.0,2204.0,16084.0,-2240.0,917.0,-381.0,-50.0,-485.0,-1404.0,-778.0,33617.0,5629952.0,2255.0,2708.0,0.0
10456706000,0.010265421947697738,97414.40781440781,2261.0,2139.0,1241.0,1939.0,2208.0,16080.0,-2264.0,872.0,-351.0,-44.0,-484.0,-1409.0,-777.0,33617.0,5629952.0,2259.0,2708.0,0.0
10456962000,0.010265421947697738,97414.40781440781,2280.0,2137.0,1241.0,1935.0,2180.0,16052.0,-2216.0,849.0,-329.0,-38.0,-474.0,-1404.0,-773.0,33617.0,5629952.0,2267.0,2707.0,0.0
10457218000,0.010265421947697738,97414.40781440781,2279.0,2137.0,1240.0,1934.0,2164.0,16080.0,-2268.0,837.0,-334.0,-55.0,-479.0,-1404.0,-782.0,33617.0,5629952.0,2262.0,2705.0,0.0
10457474000,0.010265421947697738,97414.40781440781,2284.0,2137.0,1237.0,1935.0,2180.0,16064.0,-2260.0,855.0,-326.0,-40.0,-479.0,-1404.0,-782.0,33617.0,5629952.0,2268.0,2707.0,0.0
10457730000,0.010265421947697738,97414.40781440781,2289.0,2135.0,1238.0,1934.0,2152.0,16124.0,-2336.0,843.0,-343.0,-63.0,-478.0,-1401.0,-779.0,33617.0,5629952.0,2265.0,2708.0,0.0
10457986000,0.010265421947697738,97414.40781440781,2296.0,2136.0,1239.0,1931.0,2128.0,16100.0,-2292.0,812.0,-326.0,-43.0,-482.0,-1407.0,-777.0,33617.0,5629952.0,2269.0,2707.0,0.0
10458242000,0.010265421947697738,97414.40781440781,2222.0,2138.0,1241.0,1931.0,2172.0,16040.0,-2328.0,823.0,-312.0,-29.0,-495.0,-1403.0,-780.0,33617.0,5630208.0,2226.0,2690.0,0.0
10458498000,0.010265421947697738,97414.40781440781,2232.0,2138.0,1243.0,1930.0,2176.0,16052.0,-2376.0,867.0,-351.0,-31.0,-487.0,-1398.0,-778.0,33617.0,5630208.0,2251.0,2707.0,0.0
10458754000,0.010265421947697738,97414.40781440781,2245.0,2137.0,1243.0,1929.0,2164.0,16044.0,-2340.0,879.0,-360.0,-53.0,-487.0,-1398.0,-778.0,33617.0,5629696.0,2257.0,2708.0,0.0
10459010000,0.010265421947697738,97414.40781440781,2268.0,2137.0,1239.0,1932.0,2216.0,16068.0,-2388.0,902.0,-364.0,-39.0,-484.0,-1403.0,-779.0,33617.0,5629696.0,2266.0,2707.0,0.0
10459266000,0.010265421947697738,97414.40781440781,2200.0,2138.0,1244.0,1928.0,2208.0,16068.0,-2308.0,895.0,-355.0,-61.0,-484.0,-1404.0,-780.0,33617.0,5630976.0,2224.0,2690.0,0.0
10459522000,0.010265421947697738,97414.40781440781,2207.0,2138.0,1241.0,1934.0,2160.0,16080.0,-2272.0,915.0,-368.0,-70.0,-479.0,-1405.0,-779.0,33617.0,5630976.0,2245.0,2708.0,0.0
10459778000,0.010265421947697738,97414.40781440781,2230.0,2138.0,1242.0,1935.0,2192.0,16060.0,-2332.0,958.0,-389.0,-68.0,-475.0,-1400.0,-778.0,33617.0,5629952.0,2255.0,2708.0,0.0
10460034000,0.010265421947697738,97414.40781440781,2253.0,2139.0,1243.0,1935.0,2260.0,16044.0,-2288.0,917.0,-359.0,-67.0,-475.0,-1400.0,-778.0,33617.0,5629952.0,2264.0,2707.0,0.0
10460290000,0.010265421947697738,97414.40781440781,2250.0,2139.0,1245.0,1938.0,2260.0,16044.0,-2220.0,873.0,-321.0,-47.0,-480.0,-1403.0,-779.0,33617.0,5629696.0,2253.0,2702.0,0.0
10460546000,0.010265421947697738,97414.40781440781,2264.0,2141.0,1245.0,1936.0,2292.0,15976.0,-2240.0,851.0,-301.0,-76.0,-474.0,-1402.0,-772.0,33617.0,5629696.0,2264.0,2707.0,0.0
10460802000,0.010265421947697738,97414.40781440781,2295.0,2139.0,1242.0,1935.0,2240.0,16036.0,-2264.0,881.0,-312.0,-63.0,-468.0,-1403.0,-778.0,33617.0,5629952.0,2275.0,2707.0,0.0
10461058000,0.010265421947697738,97414.40781440781,2304.0,2139.0,1240.0,1933.0,2256.0,16096.0,-2340.0,871.0,-273.0,-61.0,-468.0,-1403.0,-778.0,33617.0,5629952.0,2273.0,2707.0,0.0
10461314000,0.010265421947697738,97414.40781440781,2233.0,2137.0,1240.0,1932.0,2220.0,16076.0,-2344.0,849.0,-273.0,-47.0,-474.0,-1402.0,-776.0,33617.0,5629952.0,2227.0,2690.0,0.0
10461570000,0.010265421947697738,97414.40781440781,2234.0,2137.0,1241.0,1931.0,2220.0,16072.0,-2304.0,868.0,-308.0,-23.0,-478.0,-1404.0,-775.0,33617.0,5629952.0,2252.0,2707.0,0.0
10461826000,0.010265421947697738,97414.40781440781,2259.0,2138.0,1242.0,1934.0,2200.0,16084.0,-2312.0,912.0,-344.0,-23.0,-473.0,-1408.0,-775.0,33617.0,5629440.0,2263.0,2707.0,0.0
10462082000,0.010265421947697738,97414.40781440781,2274.0,2140.0,1241.0,1935.0,2248.0,16024.0,-2352.0,909.0,-351.0,-23.0,-480.0,-1408.0,-776.0,33617.0,5629440.0,2268.0,2707.0,0.0
10462338000,0.010265421947697738,97414.40781440781,2203.0,2140.0,1245.0,1934.0,2284.0,16016.0,-2280.0,898.0,-374.0,-2.0,-480.0,-1408.0,-776.0,33617.0,5630464.0,2224.0,2689.0,0.0
10462594000,0.010265421947697738,97414.40781440781,2211.0,2139.0,1242.0,1934.0,2264.0,16012.0,-2224.0,899.0,-365.0,-34.0,-474.0,-1405.0,-777.0,33617.0,5630464.0,2245.0,2708.0,0.0
10462850000,0.010265421947697738,97414.40781440781,2233.0,2139.0,1242.0,1932.0,2236.0,16004.0,-2264.0,874.0,-360.0,-41.0,-470.0,-1401.0,-782.0,33617.0,5629952.0,2255.0,2708.0,0.0
10463106000,0.010265421947697738,97414.40781440781,2259.0,2138.0,1240.0,1934.0,2200.0,16056.0,-2252.0,883.0,-366.0,-19.0,-483.0,-1403.0,-775.0,33617.0,5629952.0,2265.0,2707.0,0.0
10463362000,0.010265421947697738,97414.40781440781,2192.0,2138.0,1242.0,1934.0,2256.0,16060.0,-2336.0,870.0,-325.0,-9.0,-478.0,-1406.0,-774.0,33617.0,5629696.0,2222.0,2689.0,0.0
10463618000,0.010265421947697738,97414.40781440781,2212.0,2139.0,1242.0,1933.0,2236.0,16052.0,-2356.0,877.0,-332.0,-27.0,-478.0,-1406.0,-774.0,33617.0,5629696.0,2249.0,2707.0,0.0
10463874000,0.010265421947697738,97414.40781440781,2235.0,2137.0,1241.0,1933.0,2224.0,16068.0,-2296.0,882.0,-353.0,-9.0,-480.0,-1402.0,-778.0,33617.0,5630464.0,2257.0,2708.0,0.0
10464130000,0.010265421947697738,97414.40781440781,2253.0,2138.0,1242.0,1932.0,2184.0,16048.0,-2272.0,888.0,-352.0,-13.0,-479.0,-1405.0,-776.0,33617.0,5630464.0,2259.0,2706.0,0.0
10464386000,0.010265421947697738,97414.40781440781,2244.0,2138.0,1240.0,1933.0,2188.0,16104.0,-2328.0,863.0,-318.0,-16.0,-485.0,-1402.0,-783.0,33617.0,5630464.0,2250.0,2702.0,0.0
10464642000,0.010265421947697738,97414.40781440781,2258.0,2137.0,1241.0,1932.0,2208.0,16060.0,-2324.0,884.0,-347.0,-22.0,-485.0,-1402.0,-783.0,33617.0,5630464.0,2262.0,2707.0,0.0
10464898000,0.010265421947697738,97414.40781440781,2274.0,2137.0,1241.0,1932.0,2160.0,16084.0,-2300.0,902.0,-330.0,-23.0,-480.0,-1404.0,-783.0,33617.0,5630720.0,2263.0,2708.0,0.0
10465154000,0.010265421947697738,97414.40781440781,2283.0,2137.0,1240.0,1933.0,2228.0,16068.0,-2308.0,884.0,-315.0,-38.0,-484.0,-1407.0,-775.0,33617.0,5630720.0,2268.0,2707.0,0.0
10465410000,0.010265421947697738,97414.40781440781,2213.0,2138.0,1243.0,1930.0,2204.0,16048.0,-2328.0,885.0,-298.0,-15.0,-480.0,-1401.0,-777.0,33617.0,5630464.0,2225.0,2690.0,0.0
10465666000,0.010265421947697738,97414.40781440781,2227.0,2138.0,1241.0,1931.0,2224.0,16060.0,-2384.0,909.0,-323.0,-18.0,-484.0,-1401.0,-775.0,33617.0,5630464.0,2251.0,2707.0,0.0
10465922000,0.010265421947697738,97414.40781440781,2189.0,2136.0,1241.0,1932.0,2184.0,16060.0,-2312.0,926.0,-324.0,-7.0,-484.0,-1401.0,-775.0,33617.0,5630464.0,2454.0,2686.0,0.0
10466178000,0.010265421947697738,97414.40781440781,2201.0,2135.0,1240.0,1933.0,2188.0,16048.0,-2256.0,917.0,-329.0,-36.0,-486.0,-1399.0,-777.0,33617.0,5630464.0,2355.0,2707.0,0.0
10466434000,0.010265421947697738,97414.40781440781,2242.0,2137.0,1239.0,1934.0,2228.0,16016.0,-2280.0,903.0,-342.0,-29.0,-482.0,-1404.0,-776.0,33617.0,5629952.0,2265.0,2690.0,0.0
10466690000,0.010265421947697738,97414.40781440781,2271.0,2137.0,1241.0,1935.0,2240.0,16056.0,-2208.0,907.0,-325.0,-14.0,-483.0,-1406.0,-780.0,33617.0,5629952.0,2270.0,2707.0,0.0
10466946000,0.010265421947697738,97414.40781440781,2291.0,2137.0,1241.0,1934.0,2252.0,16052.0,-2272.0,907.0,-325.0,-14.0,-477.0,-1402.0,-781.0,33617.0,5630464.0,2271.0,2707.0,0.0
10467202000,0.010265421947697738,97414.40781440781,2242.0,2138.0,1239.0,1937.0,2240.0,16020.0,-2296.0,913.0,-337.0,-38.0,-477.0,-1402.0,-781.0,33617.0,5630464.0,2464.0,2686.0,0.0
10467458000,0.010265421947697738,97414.40781440781,2202.0,2136.0,1241.0,1938.0,2208.0,16072.0,-2240.0,888.0,-313.0,-55.0,-500.0,-1401.0,-774.0,33617.0,5629952.0,2344.0,2704.0,0.0
10467714000,0.010265421947697738,97414.40781440781,2301.0,2138.0,1240.0,1934.0,2236.0,16064.0,-2248.0,901.0,-317.0,-17.0,-477.0,-1408.0,-779.0,33617.0,5629952.0,2301.0,2708.0,0.0
10467970000,0.010265421947697738,97414.40781440781,2317.0,2139.0,1241.0,1935.0,2260.0,16032.0,-2284.0,857.0,-313.0,-10.0,-476.0,-1404.0,-777.0,33617.0,5629952.0,2280.0,2708.0,0.0
10468226000,0.010265421947697738,97414.40781440781,2310.0,2139.0,1241.0,1935.0,2264.0,16084.0,-2348.0,864.0,-305.0,-2.0,-476.0,-1404.0,-777.0,33617.0,5629952.0,2270.0,2706.0,0.0
10468482000,0.010265421947697738,97414.40781440781,2290.0,2138.0,1239.0,1935.0,2236.0,16076.0,-2276.0,888.0,-346.0,-24.0,-477.0,-1404.0,-771.0,33617.0,5629696.0,2257.0,2704.0,0.0
10468738000,0.010265421947697738,97414.40781440781,2278.0,2136.0,1241.0,1934.0,2252.0,16048.0,-2312.0,877.0,-344.0,-12.0,-464.0,-1405.0,-781.0,33617.0,5629696.0,2260.0,2708.0,0.0
10468994000,0.010265421947697738,97414.40781440781,2290.0,2137.0,1242.0,1933.0,2220.0,16048.0,-2256.0,887.0,-369.0,0.0,-477.0,-1406.0,-780.0,33617.0,5630208.0,2267.0,2707.0,0.0
10469250000,0.010265421947697738,97414.40781440781,2297.0,2137.0,1243.0,1936.0,2248.0,16056.0,-2284.0,903.0,-359.0,-19.0,-475.0,-1405.0,-780.0,33617.0,5630208.0,2270.0,2707.0,0.0
10469506000,0.010265216083425248,97416.36141636141,2280.0,2137.0,1241.0,1936.0,2220.0,16052.0,-2304.0,900.0,-365.0,-31.0,-475.0,-1405.0,-780.0,33617.0,5630208.0,2257.0,2704.0,0.0
10469762000,0.010265421947697738,97414.40781440781,2275.0,2136.0,1239.0,1937.0,2192.0,16028.0,-2228.0,906.0,-360.0,-10.0,-474.0,-1396.0,-774.0,33617.0,5630208.0,2260.0,2708.0,0.0
10470018000,0.010265421947697738,97414.40781440781,2275.0,2136.0,1241.0,1936.0,2188.0,16044.0,-2204.0,902.0,-369.0,-29.0,-471.0,-1401.0,-779.0,33617.0,5629952.0,2261.0,2708.0,0.0
10470274000,0.010265421947697738,97414.40781440781,2276.0,2138.0,1241.0,1935.0,2256.0,16020.0,-2252.0,869.0,-325.0,-35.0,-478.0,-1407.0,-773.0,33617.0,5629952.0,2262.0,2708.0,0.0
10470530000,0.010265421947697738,97414.40781440781,2201.0,2138.0,1239.0,1935.0,2248.0,16052.0,-2268.0,856.0,-308.0,-40.0,-484.0,-1409.0,-776.0,33617.0,5630720.0,2221.0,2689.0,0.0
10470786000,0.010265421947697738,97414.40781440781,2216.0,2139.0,1239.0,1933.0,2228.0,16060.0,-2328.0,868.0,-307.0,-36.0,-484.0,-1409.0,-776.0,33617.0,5630720.0,2249.0,2707.0,0.0
10471042000,0.010265421947697738,97414.40781440781,2250.0,2136.0,1237.0,1932.0,2220.0,16124.0,-2312.0,864.0,-293.0,-36.0,-483.0,-1409.0,-777.0,33617.0,5630208.0,2263.0,2709.0,0.0
10471298000,0.010265421947697738,97414.40781440781,2268.0,2137.0,1240.0,1932.0,2196.0,16084.0,-2324.0,885.0,-325.0,-41.0,-485.0,-1405.0,-783.0,33617.0,5630208.0,2263.0,2708.0,0.0
10471554000,0.010265421947697738,97414.40781440781,2204.0,2137.0,1241.0,1932.0,2236.0,16092.0,-2384.0,886.0,-338.0,-27.0,-480.0,-1405.0,-774.0,33617.0,5630464.0,2223.0,2690.0,0.0
10471810000,0.010265421947697738,97414.40781440781,2216.0,2137.0,1240.0,1932.0,2192.0,16024.0,-2344.0,906.0,-337.0,-35.0,-480.0,-1405.0,-774.0,33617.0,5630464.0,2250.0,2707.0,0.0
10472066000,0.010265421947697738,97414.40781440781,2238.0,2138.0,1240.0,1936.0,2184.0,16028.0,-2260.0,921.0,-374.0,-25.0,-479.0,-1405.0,-777.0,33617.0,5630464.0,2257.0,2708.0,0.0
10472322000,0.010265421947697738,97414.40781440781,2262.0,2140.0,1241.0,1937.0,2220.0,16048.0,-2192.0,911.0,-391.0,-30.0,-479.0,-1402.0,-778.0,33617.0,5630464.0,2265.0,2707.0,0.0
10472578000,0.010265421947697738,97414.40781440781,2261.0,2137.0,1242.0,1936.0,2284.0,16028.0,-2212.0,899.0,-368.0,-37.0,-479.0,-1402.0,-776.0,33617.0,5630464.0,2255.0,2704.0,0.0
10472834000,0.010265421947697738,97414.40781440781,2261.0,2138.0,1243.0,1934.0,2216.0,16004.0,-2280.0,863.0,-342.0,-37.0,-481.0,-1409.0,-776.0,33617.0,5630464.0,2258.0,2706.0,0.0
10473090000,0.010265421947697738,97414.40781440781,2215.0,2136.0,1241.0,1936.0,2224.0,16036.0,-2344.0,863.0,-325.0,-25.0,-481.0,-1409.0,-776.0,33617.0,5630464.0,2458.0,2686.0,0.0
10473346000,0.010265421947697738,97414.40781440781,2211.0,2135.0,1238.0,1935.0,2216.0,16044.0,-2292.0,868.0,-346.0,-34.0,-489.0,-1408.0,-776.0,33617.0,5630464.0,2356.0,2707.0,0.0
10473602000,0.010265421947697738,97414.40781440781,2124.0,2135.0,1239.0,1935.0,2168.0,16120.0,-2252.0,886.0,-323.0,-63.0,-484.0,-1403.0,-771.0,33617.0,5630208.0,2311.0,2707.0,0.0
10473858000,0.010265421947697738,97414.40781440781,2241.0,2136.0,1238.0,1933.0,2192.0,16032.0,-2324.0,879.0,-341.0,-48.0,-475.0,-1407.0,-777.0,33617.0,5630208.0,2290.0,2707.0,0.0
10474114000,0.010265216083425248,97416.36141636141,2288.0,2139.0,1241.0,1936.0,2248.0,16080.0,-2304.0,878.0,-350.0,-32.0,-477.0,-1398.0,-776.0,33617.0,5630208.0,2281.0,2707.0,0.0
10474370000,0.010265421947697738,97414.40781440781,2302.0,2140.0,1240.0,1933.0,2216.0,16072.0,-2288.0,882.0,-338.0,-37.0,-477.0,-1398.0,-776.0,33617.0,5630208.0,2271.0,2708.0,0.0
10474626000,0.010265421947697738,97414.40781440781,2226.0,2142.0,1240.0,1934.0,2284.0,16024.0,-2260.0,863.0,-304.0,-47.0,-472.0,-1403.0,-780.0,33617.0,5629952.0,2226.0,2690.0,0.0
10474882000,0.010265421947697738,97414.40781440781,2230.0,2141.0,1241.0,1933.0,2304.0,16060.0,-2268.0,857.0,-314.0,-50.0,-476.0,-1402.0,-778.0,33617.0,5629952.0,2252.0,2707.0,0.0
10475138000,0.010265421947697738,97414.40781440781,2245.0,2140.0,1241.0,1932.0,2252.0,16048.0,-2340.0,875.0,-305.0,-34.0,-470.0,-1404.0,-780.0,33617.0,5629696.0,2258.0,2708.0,0.0
10475394000,0.010265421947697738,97414.40781440781,2265.0,2138.0,1245.0,1930.0,2244.0,16040.0,-2360.0,896.0,-323.0,-42.0,-470.0,-1404.0,-780.0,33617.0,5629696.0,2266.0,2707.0,0.0
10475650000,0.010265421947697738,97414.40781440781,2200.0,2138.0,1242.0,1931.0,2216.0,16048.0,-2328.0,889.0,-330.0,-15.0,-498.0,-1402.0,-778.0,33617.0,5630208.0,2224.0,2690.0,0.0
10475906000,0.010265421947697738,97414.40781440781,2207.0,2137.0,1243.0,1935.0,2208.0,16028.0,-2296.0,897.0,-382.0,-25.0,-474.0,-1403.0,-778.0,33617.0,5630208.0,2245.0,2708.0,0.0
10476162000,0.010265421947697738,97414.40781440781,2233.0,2138.0,1241.0,1936.0,2204.0,16072.0,-2300.0,896.0,-395.0,-5.0,-470.0,-1409.0,-781.0,33617.0,5630208.0,2260.0,2707.0,0.0
10476418000,0.010265421947697738,97414.40781440781,2247.0,2139.0,1241.0,1939.0,2200.0,16024.0,-2228.0,877.0,-370.0,-4.0,-487.0,-1403.0,-779.0,33617.0,5630208.0,2260.0,2706.0,0.0
10476674000,0.010265421947697738,97414.40781440781,2246.0,2138.0,1240.0,1940.0,2236.0,16064.0,-2204.0,844.0,-357.0,4.0,-487.0,-1403.0,-779.0,33617.0,5630208.0,2253.0,2704.0,0.0
10476930000,0.010265421947697738,97414.40781440781,2255.0,2136.0,1242.0,1937.0,2208.0,16032.0,-2164.0,812.0,-324.0,-35.0,-477.0,-1406.0,-780.0,33617.0,5630208.0,2258.0,2708.0,0.0
10477186000,0.010265421947697738,97414.40781440781,2265.0,2136.0,1238.0,1938.0,2196.0,16136.0,-2208.0,817.0,-296.0,-35.0,-474.0,-1405.0,-776.0,33617.0,5630208.0,2261.0,2708.0,0.0
10477442000,0.010265421947697738,97414.40781440781,2282.0,2134.0,1238.0,1933.0,2132.0,16180.0,-2276.0,826.0,-271.0,-31.0,-479.0,-1403.0,-782.0,33617.0,5630208.0,2267.0,2707.0,0.0
10477698000,0.010265216083425248,97416.36141636141,2211.0,2138.0,1240.0,1931.0,2272.0,16028.0,-2416.0,770.0,-278.0,-22.0,-479.0,-1401.0,-779.0,33617.0,5631232.0,2223.0,2689.0,0.0
10477954000,0.010265421947697738,97414.40781440781,2222.0,2140.0,1242.0,1925.0,2272.0,16032.0,-2444.0,824.0,-301.0,-35.0,-479.0,-1401.0,-779.0,33617.0,5631232.0,2250.0,2707.0,0.0
10478210000,0.010265421947697738,97414.40781440781,2241.0,2140.0,1242.0,1929.0,2256.0,16032.0,-2380.0,858.0,-342.0,-14.0,-477.0,-1405.0,-777.0,33617.0,5630208.0,2257.0,2708.0,0.0
10478466000,0.010265421947697738,97414.40781440781,2264.0,2139.0,1241.0,1930.0,2220.0,16016.0,-2380.0,909.0,-365.0,-11.0,-484.0,-1407.0,-777.0,33617.0,5630208.0,2265.0,2707.0,0.0
10478722000,0.010265421947697738,97414.40781440781,2269.0,2139.0,1245.0,1929.0,2240.0,15964.0,-2364.0,900.0,-389.0,-29.0,-477.0,-1407.0,-781.0,33617.0,5629440.0,2261.0,2705.0,0.0
10478978000,0.010265421947697738,97414.40781440781,2284.0,2138.0,1245.0,1933.0,2204.0,15960.0,-2316.0,881.0,-386.0,-47.0,-477.0,-1407.0,-781.0,33617.0,5629440.0,2267.0,2707.0,0.0
10479234000,0.010265421947697738,97414.40781440781,2289.0,2137.0,1244.0,1934.0,2240.0,15964.0,-2296.0,906.0,-386.0,-33.0,-484.0,-1406.0,-781.0,33617.0,5629440.0,2265.0,2708.0,0.0
10479490000,0.010265421947697738,97414.40781440781,2296.0,2137.0,1244.0,1934.0,2180.0,16004.0,-2268.0,895.0,-351.0,-43.0,-476.0,-1404.0,-782.0,33617.0,5629440.0,2269.0,2707.0,0.0
10479746000,0.010265421947697738,97414.40781440781,2293.0,2136.0,1243.0,1934.0,2236.0,15992.0,-2308.0,886.0,-345.0,-66.0,-480.0,-1406.0,-778.0,33617.0,5630464.0,2263.0,2705.0,0.0
10480002000,0.010265421947697738,97414.40781440781,2285.0,2138.0,1240.0,1934.0,2216.0,16052.0,-2308.0,913.0,-349.0,-83.0,-483.0,-1400.0,-777.0,33617.0,5630464.0,2262.0,2706.0,0.0
10480258000,0.010265421947697738,97414.40781440781,2287.0,2137.0,1239.0,1936.0,2248.0,16064.0,-2284.0,910.0,-355.0,-76.0,-483.0,-1400.0,-777.0,33617.0,5630208.0,2263.0,2708.0,0.0
10480514000,0.010265421947697738,97414.40781440781,2291.0,2137.0,1238.0,1935.0,2216.0,16068.0,-2256.0,901.0,-352.0,-94.0,-486.0,-1405.0,-779.0,33617.0,5630208.0,2268.0,2707.0,0.0
10480770000,0.010265421947697738,97414.40781440781,2218.0,2138.0,1239.0,1934.0,2216.0,16068.0,-2260.0,881.0,-337.0,-52.0,-481.0,-1408.0,-776.0,33617.0,5630208.0,2225.0,2690.0,0.0
10481026000,0.010265421947697738,97414.40781440781,2231.0,2139.0,1241.0,1935.0,2240.0,16060.0,-2284.0,865.0,-322.0,-54.0,-482.0,-1403.0,-775.0,33617.0,5630208.0,2251.0,2707.0,0.0
10481282000,0.010265421947697738,97414.40781440781,2256.0,2141.0,1241.0,1932.0,2268.0,16024.0,-2312.0,872.0,-323.0,-43.0,-501.0,-1407.0,-776.0,33617.0,5629952.0,2263.0,2707.0,0.0
10481538000,0.010265421947697738,97414.40781440781,2274.0,2139.0,1242.0,1935.0,2260.0,16012.0,-2316.0,872.0,-313.0,-22.0,-501.0,-1407.0,-776.0,33617.0,5629952.0,2268.0,2707.0,0.0
10481794000,0.010265421947697738,97414.40781440781,2210.0,2139.0,1239.0,1934.0,2248.0,16076.0,-2292.0,858.0,-330.0,-8.0,-484.0,-1399.0,-773.0,33617.0,5630464.0,2225.0,2690.0,0.0
10482050000,0.010265421947697738,97414.40781440781,2213.0,2137.0,1240.0,1934.0,2240.0,16084.0,-2300.0,855.0,-330.0,-15.0,-470.0,-1407.0,-781.0,33617.0,5630464.0,2245.0,2708.0,0.0
10482306000,0.010265421947697738,97414.40781440781,2236.0,2137.0,1240.0,1935.0,2268.0,16072.0,-2256.0,877.0,-378.0,-8.0,-484.0,-1405.0,-782.0,33617.0,5629952.0,2260.0,2707.0,0.0
10482562000,0.010265421947697738,97414.40781440781,2266.0,2137.0,1238.0,1933.0,2172.0,16036.0,-2292.0,867.0,-368.0,1.0,-484.0,-1405.0,-782.0,33617.0,5629952.0,2267.0,2707.0,0.0
10482818000,0.010265421947697738,97414.40781440781,2200.0,2137.0,1241.0,1934.0,2176.0,16052.0,-2280.0,886.0,-357.0,-15.0,-481.0,-1404.0,-779.0,33617.0,5630208.0,2224.0,2690.0,0.0
10483074000,0.010265421947697738,97414.40781440781,2208.0,2135.0,1238.0,1933.0,2180.0,16084.0,-2284.0,912.0,-383.0,-41.0,-479.0,-1406.0,-779.0,33617.0,5630208.0,2245.0,2708.0,0.0
10483330000,0.010265421947697738,97414.40781440781,2231.0,2134.0,1240.0,1935.0,2160.0,16044.0,-2280.0,882.0,-384.0,-55.0,-474.0,-1400.0,-781.0,33617.0,5629696.0,2255.0,2708.0,0.0
10483586000,0.010265216083425248,97416.36141636141,2245.0,2136.0,1241.0,1934.0,2164.0,16036.0,-2252.0,909.0,-353.0,-50.0,-477.0,-1409.0,-780.0,33617.0,5629696.0,2258.0,2706.0,0.0
10483842000,0.010265421947697738,97414.40781440781,2179.0,2137.0,1240.0,1933.0,2208.0,16052.0,-2260.0,909.0,-353.0,-50.0,-477.0,-1409.0,-780.0,33617.0,5629952.0,2220.0,2690.0,0.0
10484098000,0.010265421947697738,97414.40781440781,2205.0,2139.0,1240.0,1935.0,2224.0,16060.0,-2268.0,896.0,-353.0,-62.0,-471.0,-1407.0,-780.0,33617.0,5629952.0,2249.0,2707.0,0.0
10484354000,0.010265421947697738,97414.40781440781,2231.0,2139.0,1241.0,1933.0,2224.0,16032.0,-2324.0,871.0,-303.0,-75.0,-483.0,-1405.0,-783.0,33617.0,5630208.0,2257.0,2708.0,0.0
10484610000,0.010265421947697738,97414.40781440781,2258.0,2139.0,1242.0,1933.0,2260.0,16072.0,-2336.0,891.0,-313.0,-56.0,-469.0,-1402.0,-780.0,33617.0,5630208.0,2265.0,2707.0,0.0
10484866000,0.010265421947697738,97414.40781440781,2192.0,2140.0,1242.0,1931.0,2268.0,16048.0,-2356.0,895.0,-314.0,-45.0,-478.0,-1403.0,-779.0,33617.0,5630208.0,2222.0,2689.0,0.0
10485122000,0.010265421947697738,97414.40781440781,2212.0,2141.0,1244.0,1931.0,2260.0,16040.0,-2340.0,875.0,-304.0,-43.0,-478.0,-1403.0,-779.0,33617.0,5630208.0,2250.0,2707.0,0.0
10485378000,0.010265421947697738,97414.40781440781,2243.0,2140.0,1242.0,1932.0,2244.0,16032.0,-2364.0,890.0,-326.0,-38.0,-483.0,-1407.0,-779.0,33617.0,5629952.0,2264.0,2709.0,0.0
10485634000,0.010265421947697738,97414.40781440781,2266.0,2140.0,1242.0,1933.0,2256.0,16068.0,-2320.0,915.0,-334.0,-20.0,-476.0,-1408.0,-777.0,33617.0,5629952.0,2268.0,2707.0,0.0
10485890000,0.010265421947697738,97414.40781440781,2241.0,2140.0,1243.0,1933.0,2264.0,16024.0,-2296.0,876.0,-324.0,-18.0,-481.0,-1403.0,-780.0,33617.0,5630208.0,2469.0,2687.0,0.0
10486146000,0.010265421947697738,97414.40781440781,2227.0,2139.0,1243.0,1932.0,2280.0,15972.0,-2344.0,896.0,-338.0,-9.0,-481.0,-1403.0,-780.0,33617.0,5630208.0,2355.0,2706.0,0.0
10486402000,0.010265421947697738,97414.40781440781,2119.0,2138.0,1243.0,1933.0,2256.0,16016.0,-2276.0,902.0,-346.0,-31.0,-482.0,-1401.0,-782.0,33617.0,5630208.0,2305.0,2708.0,0.0
10486658000,0.010265421947697738,97414.40781440781,2230.0,2137.0,1241.0,1933.0,2192.0,16060.0,-2232.0,882.0,-355.0,-34.0,-481.0,-1401.0,-772.0,33617.0,5630208.0,2283.0,2708.0,0.0
10486914000,0.010265421947697738,97414.40781440781,2194.0,2138.0,1241.0,1936.0,2224.0,16040.0,-2292.0,878.0,-338.0,-36.0,-487.0,-1401.0,-780.0,33617.0,5630208.0,2232.0,2690.0,0.0
10487170000,0.010265421947697738,97414.40781440781,2219.0,2139.0,1242.0,1934.0,2236.0,16044.0,-2220.0,868.0,-346.0,0.0,-485.0,-1401.0,-782.0,33617.0,5630208.0,2254.0,2707.0,0.0
10487426000,0.010265421947697738,97414.40781440781,2244.0,2139.0,1242.0,1936.0,2228.0,16008.0,-2296.0,848.0,-344.0,-10.0,-485.0,-1401.0,-782.0,33617.0,5630464.0,2259.0,2708.0,0.0
10487682000,0.010265421947697738,97414.40781440781,2267.0,2139.0,1241.0,1933.0,2236.0,16028.0,-2316.0,865.0,-314.0,-16.0,-484.0,-1403.0,-780.0,33617.0,5630464.0,2266.0,2707.0,0.0
10487938000,0.010265421947697738,97414.40781440781,2285.0,2138.0,1241.0,1931.0,2256.0,16048.0,-2256.0,869.0,-313.0,-29.0,-482.0,-1398.0,-776.0,33617.0,5630208.0,2269.0,2707.0,0.0
10488194000,0.010265421947697738,97414.40781440781,2300.0,2138.0,1238.0,1929.0,2212.0,16076.0,-2296.0,879.0,-304.0,-28.0,-482.0,-1407.0,-780.0,33617.0,5630208.0,2271.0,2707.0,0.0
10488450000,0.010265421947697738,97414.40781440781,2302.0,2138.0,1238.0,1933.0,2248.0,16116.0,-2304.0,888.0,-317.0,-50.0,-475.0,-1409.0,-778.0,33617.0,5629952.0,2272.0,2707.0,0.0
10488706000,0.010265421947697738,97414.40781440781,2268.0,2137.0,1240.0,1931.0,2224.0,16072.0,-2332.0,898.0,-311.0,-27.0,-475.0,-1409.0,-778.0,33617.0,5629952.0,2471.0,2687.0,0.0
10488962000,0.010265216083425248,97416.36141636141,2240.0,2139.0,1241.0,1934.0,2260.0,16056.0,-2340.0,896.0,-343.0,-22.0,-498.0,-1404.0,-782.0,33617.0,5629952.0,2356.0,2706.0,0.0
10489218000,0.010265421947697738,97414.40781440781,2124.0,2140.0,1243.0,1935.0,2236.0,16044.0,-2288.0,910.0,-358.0,-42.0,-492.0,-1401.0,-777.0,33617.0,5629952.0,2305.0,2708.0,0.0
10489474000,0.010265421947697738,97414.40781440781,2228.0,2140.0,1244.0,1935.0,2252.0,15952.0,-2300.0,903.0,-382.0,-41.0,-496.0,-1405.0,-781.0,33617.0,5630208.0,2282.0,2708.0,0.0
10489730000,0.010265421947697738,97414.40781440781,2274.0,2140.0,1245.0,1934.0,2244.0,15996.0,-2268.0,907.0,-355.0,-23.0,-496.0,-1405.0,-781.0,33617.0,5630208.0,2277.0,2707.0,0.0
10489986000,0.010265421947697738,97414.40781440781,2218.0,2141.0,1244.0,1935.0,2236.0,15972.0,-2260.0,904.0,-347.0,-23.0,-479.0,-1403.0,-774.0,33617.0,5630208.0,2229.0,2690.0,0.0
10490242000,0.010265421947697738,97414.40781440781,2219.0,2139.0,1243.0,1936.0,2224.0,15972.0,-2232.0,892.0,-339.0,-24.0,-478.0,-1405.0,-777.0,33617.0,5630208.0,2248.0,2708.0,0.0
10490498000,0.010265421947697738,97414.40781440781,2233.0,2138.0,1243.0,1936.0,2232.0,16032.0,-2220.0,878.0,-332.0,-37.0,-473.0,-1408.0,-778.0,33617.0,5630208.0,2256.0,2708.0,0.0
10490754000,0.010265421947697738,97414.40781440781,2259.0,2138.0,1243.0,1933.0,2256.0,16056.0,-2296.0,873.0,-304.0,-19.0,-473.0,-1405.0,-771.0,33617.0,5630208.0,2265.0,2707.0,0.0
10491010000,0.010265421947697738,97414.40781440781,2194.0,2138.0,1241.0,1933.0,2248.0,16072.0,-2316.0,875.0,-307.0,-20.0,-473.0,-1405.0,-771.0,33617.0,5630464.0,2224.0,2690.0,0.0
10491266000,0.010265421947697738,97414.40781440781,2206.0,2138.0,1237.0,1933.0,2216.0,16132.0,-2296.0,858.0,-321.0,-22.0,-471.0,-1407.0,-786.0,33617.0,5630464.0,2245.0,2708.0,0.0
10491522000,0.010265216083425248,97416.36141636141,2239.0,2138.0,1238.0,1932.0,2216.0,16104.0,-2308.0,850.0,-301.0,3.0,-484.0,-1398.0,-775.0,33617.0,5630464.0,2262.0,2709.0,0.0
10491778000,0.010265216083425248,97416.36141636141,2263.0,2139.0,1238.0,1936.0,2220.0,16092.0,-2304.0,856.0,-306.0,-3.0,-483.0,-1405.0,-775.0,33617.0,5630464.0,2268.0,2707.0,0.0
10492034000,0.010265216083425248,97416.36141636141,2274.0,2138.0,1238.0,1932.0,2272.0,16104.0,-2332.0,893.0,-339.0,-9.0,-480.0,-1409.0,-776.0,33617.0,5630208.0,2263.0,2706.0,0.0
10492290000,0.010265421947697738,97414.40781440781,2277.0,2137.0,1238.0,1934.0,2200.0,16092.0,-2304.0,884.0,-332.0,-9.0,-480.0,-1409.0,-776.0,33617.0,5630208.0,2264.0,2708.0,0.0
10492546000,0.010265421947697738,97414.40781440781,2283.0,2137.0,1241.0,1935.0,2236.0,16036.0,-2328.0,884.0,-329.0,-4.0,-484.0,-1406.0,-780.0,33623.0,5630208.0,2263.0,2708.0,0.0
10492802000,0.010265421947697738,97414.40781440781,2280.0,2136.0,1240.0,1935.0,2224.0,16032.0,-2256.0,894.0,-340.0,2.0,-486.0,-1411.0,-769.0,33623.0,5630208.0,2262.0,2706.0,0.0
10493058000,0.010265216083425248,97416.36141636141,2278.0,2138.0,1241.0,1937.0,2220.0,16036.0,-2252.0,889.0,-349.0,17.0,-481.0,-1407.0,-778.0,33623.0,5630720.0,2261.0,2706.0,0.0
10493314000,0.010265421947697738,97414.40781440781,2289.0,2137.0,1242.0,1936.0,2236.0,16016.0,-2264.0,869.0,-353.0,-14.0,-481.0,-1407.0,-778.0,33623.0,5630720.0,2267.0,2707.0,0.0
10493570000,0.010265421947697738,97414.40781440781,2278.0,2138.0,1241.0,1935.0,2224.0,16028.0,-2260.0,882.0,-343.0,-18.0,-480.0,-1408.0,-782.0,33623.0,5630208.0,2258.0,2708.0,0.0
10493826000,0.010265421947697738,97414.40781440781,2285.0,2138.0,1240.0,1935.0,2212.0,16000.0,-2264.0,847.0,-307.0,-6.0,-486.0,-1404.0,-775.0,33623.0,5630208.0,2266.0,2707.0,0.0
10494082000,0.010265421947697738,97414.40781440781,2223.0,2138.0,1243.0,1934.0,2204.0,16028.0,-2272.0,851.0,-325.0,-27.0,-485.0,-1402.0,-783.0,33623.0,5630208.0,2230.0,2691.0,0.0
10494338000,0.010265421947697738,97414.40781440781,2233.0,2138.0,1241.0,1933.0,2216.0,16012.0,-2288.0,867.0,-301.0,-23.0,-479.0,-1401.0,-778.0,33623.0,5630208.0,2253.0,2707.0,0.0
10494594000,0.010265421947697738,97414.40781440781,2208.0,2139.0,1240.0,1932.0,2184.0,16040.0,-2324.0,835.0,-315.0,-31.0,-479.0,-1401.0,-778.0,33623.0,5630208.0,2462.0,2687.0,0.0
10494850000,0.010265421947697738,97414.40781440781,2214.0,2138.0,1239.0,1932.0,2240.0,16124.0,-2380.0,865.0,-317.0,-25.0,-475.0,-1409.0,-775.0,33623.0,5630208.0,2358.0,2707.0,0.0
10495106000,0.010265421947697738,97414.40781440781,2262.0,2136.0,1237.0,1932.0,2220.0,16100.0,-2312.0,901.0,-330.0,-38.0,-481.0,-1402.0,-778.0,33623.0,5630464.0,2273.0,2691.0,0.0
10495362000,0.010265421947697738,97414.40781440781,2287.0,2136.0,1236.0,1932.0,2216.0,16132.0,-2244.0,912.0,-358.0,-31.0,-482.0,-1401.0,-776.0,33623.0,5630464.0,2273.0,2707.0,0.0
10495618000,0.010265421947697738,97414.40781440781,2294.0,2138.0,1241.0,1934.0,2160.0,16088.0,-2332.0,895.0,-352.0,-21.0,-483.0,-1409.0,-784.0,33623.0,5630208.0,2267.0,2708.0,0.0
10495874000,0.010265421947697738,97414.40781440781,2300.0,2136.0,1240.0,1935.0,2192.0,16076.0,-2328.0,906.0,-336.0,-19.0,-483.0,-1409.0,-784.0,33623.0,5630208.0,2270.0,2707.0,0.0
10496130000,0.010265421947697738,97414.40781440781,2304.0,2137.0,1242.0,1934.0,2180.0,16076.0,-2256.0,924.0,-331.0,-22.0,-475.0,-1406.0,-782.0,33623.0,5629952.0,2272.0,2707.0,0.0
10496386000,0.010265421947697738,97414.40781440781,2305.0,2138.0,1242.0,1934.0,2192.0,16064.0,-2252.0,916.0,-351.0,-41.0,-472.0,-1399.0,-775.0,33623.0,5629952.0,2272.0,2707.0,0.0
10496642000,0.010265421947697738,97414.40781440781,2306.0,2138.0,1244.0,1934.0,2200.0,16012.0,-2268.0,896.0,-359.0,-17.0,-478.0,-1408.0,-775.0,33623.0,5629952.0,2272.0,2707.0,0.0
10496898000,0.010265421947697738,97414.40781440781,2305.0,2139.0,1243.0,1933.0,2232.0,16048.0,-2300.0,905.0,-367.0,-12.0,-478.0,-1408.0,-775.0,33623.0,5629952.0,2272.0,2707.0,0.0
10497154000,0.010265421947697738,97414.40781440781,2308.0,2138.0,1243.0,1937.0,2208.0,16052.0,-2324.0,883.0,-356.0,-8.0,-476.0,-1407.0,-780.0,33623.0,5630464.0,2272.0,2707.0,0.0
10497410000,0.010265421947697738,97414.40781440781,2306.0,2138.0,1243.0,1933.0,2192.0,16016.0,-2264.0,877.0,-367.0,-6.0,-470.0,-1406.0,-778.0,33623.0,5630464.0,2267.0,2708.0,0.0
10497666000,0.010265421947697738,97414.40781440781,2300.0,2139.0,1243.0,1936.0,2224.0,16048.0,-2248.0,859.0,-339.0,-17.0,-475.0,-1398.0,-773.0,33623.0,5629696.0,2265.0,2708.0,0.0
10497922000,0.010265421947697738,97414.40781440781,2289.0,2138.0,1244.0,1934.0,2252.0,16064.0,-2276.0,853.0,-317.0,-14.0,-476.0,-1412.0,-779.0,33623.0,5629696.0,2262.0,2706.0,0.0
10498178000,0.010265421947697738,97414.40781440781,2291.0,2137.0,1241.0,1933.0,2184.0,16056.0,-2324.0,845.0,-302.0,-40.0,-476.0,-1412.0,-779.0,33623.0,5629696.0,2268.0,2707.0,0.0
10498434000,0.010265421947697738,97414.40781440781,2292.0,2138.0,1239.0,1933.0,2208.0,16104.0,-2348.0,886.0,-330.0,-40.0,-470.0,-1408.0,-779.0,33623.0,5629696.0,2265.0,2708.0,0.0
10498690000,0.010265421947697738,97414.40781440781,2287.0,2137.0,1238.0,1934.0,2160.0,16092.0,-2260.0,864.0,-314.0,-31.0,-477.0,-1405.0,-778.0,33623.0,5630208.0,2264.0,2708.0,0.0
10498946000,0.010265421947697738,97414.40781440781,2295.0,2138.0,1239.0,1933.0,2188.0,16128.0,-2268.0,868.0,-329.0,-39.0,-478.0,-1404.0,-779.0,33623.0,5630208.0,2269.0,2707.0,0.0
10499202000,0.010265421947697738,97414.40781440781,2219.0,2137.0,1239.0,1935.0,2212.0,16088.0,-2308.0,876.0,-352.0,-25.0,-474.0,-1400.0,-781.0,33623.0,5629952.0,2225.0,2690.0,0.0
10499458000,0.010265421947697738,97414.40781440781,2232.0,2138.0,1238.0,1933.0,2216.0,16060.0,-2340.0,881.0,-360.0,-34.0,-474.0,-1400.0,-781.0,33623.0,5629952.0,2251.0,2707.0,0.0
10499714000,0.010265421947697738,97414.40781440781,2255.0,2138.0,1240.0,1932.0,2220.0,16068.0,-2320.0,895.0,-372.0,-37.0,-481.0,-1409.0,-783.0,33623.0,5629952.0,2264.0,2709.0,0.0
10499970000,0.010265421947697738,97414.40781440781,2277.0,2138.0,1241.0,1934.0,2208.0,16080.0,-2228.0,894.0,-355.0,-38.0,-480.0,-1404.0,-776.0,33623.0,5629952.0,2269.0,2707.0,0.0
10500226000,0.010265421947697738,97414.40781440781,2296.0,2137.0,1241.0,1936.0,2224.0,16020.0,-2188.0,858.0,-342.0,-15.0,-483.0,-1405.0,-782.0,33623.0,5630208.0,2271.0,2707.0,0.0
10500482000,0.010265421947697738,97414.40781440781,2300.0,2139.0,1243.0,1936.0,2220.0,16048.0,-2304.0,858.0,-342.0,-15.0,-483.0,-1405.0,-782.0,33623.0,5630208.0,2272.0,2707.0,0.0
10500738000,0.010265421947697738,97414.40781440781,2303.0,2140.0,1241.0,1934.0,2260.0,16004.0,-2308.0,830.0,-318.0,-21.0,-480.0,-1409.0,-777.0,33623.0,5629696.0,2267.0,2708.0,0.0
10500994000,0.010265421947697738,97414.40781440781,2305.0,2139.0,1242.0,1934.0,2244.0,16060.0,-2276.0,831.0,-294.0,-21.0,-484.0,-1407.0,-782.0,33623.0,5629696.0,2270.0,2707.0,0.0
10501250000,0.010265421947697738,97414.40781440781,2306.0,2139.0,1242.0,1931.0,2188.0,16076.0,-2332.0,846.0,-286.0,-48.0,-486.0,-1405.0,-783.0,33623.0,5629952.0,2272.0,2707.0,0.0
10501506000,0.010265421947697738,97414.40781440781,2306.0,2138.0,1242.0,1930.0,2172.0,16048.0,-2408.0,855.0,-311.0,-49.0,-486.0,-1402.0,-779.0,33623.0,5629952.0,2272.0,2707.0,0.0
10501762000,0.010265421947697738,97414.40781440781,2226.0,2138.0,1241.0,1932.0,2164.0,16104.0,-2420.0,880.0,-337.0,-51.0,-486.0,-1402.0,-779.0,33623.0,5629952.0,2225.0,2689.0,0.0
10502018000,0.010265421947697738,97414.40781440781,2236.0,2137.0,1240.0,1933.0,2180.0,16084.0,-2336.0,896.0,-370.0,-33.0,-491.0,-1405.0,-778.0,33623.0,5629952.0,2251.0,2707.0,0.0
10502274000,0.010265421947697738,97414.40781440781,2183.0,2136.0,1240.0,1938.0,2168.0,16124.0,-2240.0,916.0,-409.0,-42.0,-485.0,-1408.0,-779.0,33623.0,5630464.0,2224.0,2691.0,0.0
10502530000,0.010265421947697738,97414.40781440781,2193.0,2138.0,1240.0,1936.0,2192.0,16052.0,-2232.0,880.0,-383.0,-26.0,-481.0,-1398.0,-782.0,33623.0,5630464.0,2244.0,2706.0,0.0
10502786000,0.010265421947697738,97414.40781440781,2229.0,2138.0,1242.0,1938.0,2192.0,16044.0,-2300.0,876.0,-391.0,-43.0,-476.0,-1401.0,-779.0,33623.0,5629696.0,2259.0,2707.0,0.0
10503042000,0.010265421947697738,97414.40781440781,2259.0,2137.0,1242.0,1937.0,2220.0,16076.0,-2260.0,889.0,-367.0,-37.0,-476.0,-1401.0,-779.0,33623.0,5629696.0,2266.0,2707.0,0.0
10503298000,0.010265421947697738,97414.40781440781,2215.0,2138.0,1241.0,1935.0,2188.0,16068.0,-2236.0,820.0,-323.0,-36.0,-480.0,-1403.0,-782.0,33623.0,5630464.0,2231.0,2691.0,0.0
10503554000,0.010265421947697738,97414.40781440781,2230.0,2139.0,1241.0,1933.0,2204.0,16048.0,-2312.0,820.0,-278.0,-15.0,-474.0,-1403.0,-776.0,33623.0,5630464.0,2254.0,2707.0,0.0
10503810000,0.010265421947697738,97414.40781440781,2250.0,2138.0,1241.0,1931.0,2200.0,16028.0,-2416.0,842.0,-294.0,-34.0,-475.0,-1401.0,-780.0,33623.0,5630464.0,2259.0,2708.0,0.0
10504066000,0.010265421947697738,97414.40781440781,2255.0,2135.0,1240.0,1929.0,2156.0,16068.0,-2424.0,851.0,-321.0,-37.0,-475.0,-1401.0,-780.0,33623.0,5630464.0,2260.0,2706.0,0.0
10504322000,0.010265421947697738,97414.40781440781,2202.0,2137.0,1239.0,1931.0,2160.0,16128.0,-2344.0,897.0,-342.0,-4.0,-492.0,-1401.0,-780.0,33623.0,5630464.0,2228.0,2691.0,0.0
10504578000,0.010265421947697738,97414.40781440781,2218.0,2139.0,1241.0,1934.0,2200.0,16060.0,-2344.0,896.0,-388.0,-3.0,-476.0,-1402.0,-771.0,33623.0,5630464.0,2252.0,2707.0,0.0
10504834000,0.010265421947697738,97414.40781440781,2238.0,2136.0,1243.0,1935.0,2208.0,16092.0,-2208.0,915.0,-426.0,-14.0,-475.0,-1405.0,-779.0,33623.0,5630464.0,2258.0,2708.0,0.0
10505090000,0.010265421947697738,97414.40781440781,2254.0,2138.0,1241.0,1939.0,2196.0,16088.0,-2204.0,888.0,-389.0,8.0,-480.0,-1403.0,-780.0,33623.0,5630464.0,2259.0,2706.0,0.0
10505346000,0.010265421947697738,97414.40781440781,2200.0,2140.0,1242.0,1936.0,2196.0,15996.0,-2256.0,844.0,-375.0,5.0,-480.0,-1403.0,-780.0,33623.0,5630208.0,2228.0,2691.0,0.0
10505602000,0.010265421947697738,97414.40781440781,2215.0,2140.0,1242.0,1935.0,2220.0,16036.0,-2204.0,807.0,-296.0,14.0,-476.0,-1400.0,-783.0,33623.0,5630208.0,2247.0,2708.0,0.0
10505858000,0.010265421947697738,97414.40781440781,2231.0,2138.0,1240.0,1932.0,2184.0,16052.0,-2276.0,834.0,-312.0,-1.0,-475.0,-1402.0,-778.0,33623.0,5630208.0,2256.0,2708.0,0.0
10506114000,0.010265421947697738,97414.40781440781,2258.0,2136.0,1240.0,1931.0,2188.0,16056.0,-2372.0,823.0,-321.0,-38.0,-478.0,-1402.0,-777.0,33623.0,5630208.0,2265.0,2707.0,0.0
10506370000,0.010265421947697738,97414.40781440781,2197.0,2136.0,1239.0,1929.0,2172.0,16080.0,-2392.0,851.0,-346.0,13.0,-471.0,-1402.0,-782.0,33623.0,5630464.0,2223.0,2690.0,0.0
10506626000,0.010265421947697738,97414.40781440781,2207.0,2137.0,1242.0,1932.0,2176.0,16088.0,-2388.0,859.0,-382.0,-1.0,-471.0,-1402.0,-782.0,33623.0,5630464.0,2245.0,2708.0,0.0
10506882000,0.010265421947697738,97414.40781440781,2232.0,2138.0,1242.0,1933.0,2188.0,16028.0,-2344.0,859.0,-406.0,-12.0,-489.0,-1406.0,-782.0,33623.0,5630464.0,2255.0,2708.0,0.0
10507138000,0.010265421947697738,97414.40781440781,2251.0,2140.0,1244.0,1931.0,2220.0,16012.0,-2304.0,882.0,-411.0,-20.0,-487.0,-1413.0,-777.0,33623.0,5630464.0,2259.0,2708.0,0.0
10507394000,0.010265421947697738,97414.40781440781,2188.0,2138.0,1244.0,1930.0,2224.0,15992.0,-2340.0,908.0,-417.0,-24.0,-479.0,-1402.0,-781.0,33623.0,5630464.0,2221.0,2690.0,0.0
10507650000,0.010265421947697738,97414.40781440781,2207.0,2137.0,1243.0,1934.0,2180.0,16028.0,-2316.0,895.0,-388.0,-39.0,-479.0,-1402.0,-781.0,33623.0,5630464.0,2249.0,2707.0,0.0
10507906000,0.010265421947697738,97414.40781440781,2246.0,2137.0,1242.0,1934.0,2168.0,16020.0,-2284.0,875.0,-348.0,-50.0,-482.0,-1402.0,-779.0,33623.0,5630464.0,2263.0,2709.0,0.0
10508162000,0.010265421947697738,97414.40781440781,2268.0,2136.0,1242.0,1932.0,2164.0,16092.0,-2272.0,886.0,-346.0,-42.0,-483.0,-1412.0,-778.0,33623.0,5630464.0,2268.0,2707.0,0.0
10508418000,0.010265421947697738,97414.40781440781,2215.0,2135.0,1239.0,1932.0,2152.0,16064.0,-2288.0,867.0,-306.0,-33.0,-484.0,-1403.0,-778.0,33623.0,5630464.0,2232.0,2691.0,0.0
10508674000,0.010265421947697738,97414.40781440781,2230.0,2136.0,1242.0,1932.0,2180.0,16028.0,-2304.0,863.0,-310.0,-42.0,-479.0,-1401.0,-783.0,33623.0,5630464.0,2254.0,2707.0,0.0
10508930000,0.010265421947697738,97414.40781440781,2250.0,2138.0,1240.0,1932.0,2176.0,16100.0,-2340.0,871.0,-324.0,-31.0,-479.0,-1401.0,-783.0,33623.0,5629696.0,2259.0,2708.0,0.0
10509186000,0.010265421947697738,97414.40781440781,2263.0,2135.0,1239.0,1931.0,2156.0,16084.0,-2316.0,879.0,-339.0,-36.0,-482.0,-1405.0,-781.0,33623.0,5629696.0,2261.0,2708.0,0.0
10509442000,0.010265421947697738,97414.40781440781,2205.0,2136.0,1239.0,1933.0,2124.0,16104.0,-2312.0,865.0,-346.0,-16.0,-482.0,-1402.0,-786.0,33623.0,5630464.0,2228.0,2691.0,0.0
10509698000,0.010265421947697738,97414.40781440781,2219.0,2136.0,1242.0,1933.0,2160.0,16076.0,-2344.0,878.0,-347.0,-15.0,-491.0,-1405.0,-783.0,33623.0,5630464.0,2252.0,2707.0,0.0
10509954000,0.010265421947697738,97414.40781440781,2238.0,2134.0,1241.0,1932.0,2136.0,16096.0,-2316.0,883.0,-383.0,-8.0,-503.0,-1405.0,-782.0,33623.0,5630208.0,2258.0,2708.0,0.0
10510210000,0.010265421947697738,97414.40781440781,2263.0,2134.0,1240.0,1936.0,2112.0,16080.0,-2248.0,897.0,-359.0,6.0,-503.0,-1405.0,-782.0,33623.0,5630208.0,2266.0,2707.0,0.0
10510466000,0.010265421947697738,97414.40781440781,2218.0,2136.0,1241.0,1934.0,2136.0,16112.0,-2248.0,868.0,-340.0,-25.0,-477.0,-1407.0,-784.0,33623.0,5630208.0,2231.0,2691.0,0.0
10510722000,0.010265421947697738,97414.40781440781,2232.0,2137.0,1241.0,1932.0,2196.0,16056.0,-2320.0,876.0,-334.0,-12.0,-478.0,-1403.0,-779.0,33623.0,5630208.0,2254.0,2707.0,0.0
10510978000,0.010265421947697738,97414.40781440781,2251.0,2137.0,1241.0,1932.0,2196.0,16024.0,-2376.0,898.0,-345.0,-35.0,-473.0,-1403.0,-776.0,33623.0,5630720.0,2259.0,2708.0,0.0
10511234000,0.010265421947697738,97414.40781440781,2269.0,2136.0,1241.0,1933.0,2176.0,16080.0,-2364.0,891.0,-355.0,-47.0,-473.0,-1403.0,-776.0,33623.0,5630720.0,2266.0,2707.0,0.0
10511490000,0.010265421947697738,97414.40781440781,2221.0,2136.0,1239.0,1931.0,2176.0,16084.0,-2308.0,882.0,-382.0,-20.0,-473.0,-1404.0,-781.0,33623.0,5630464.0,2231.0,2691.0,0.0
10511746000,0.010265421947697738,97414.40781440781,2221.0,2137.0,1240.0,1932.0,2196.0,16096.0,-2316.0,879.0,-361.0,-25.0,-473.0,-1400.0,-786.0,33623.0,5630464.0,2248.0,2708.0,0.0
10512002000,0.010265421947697738,97414.40781440781,2252.0,2136.0,1239.0,1934.0,2184.0,16088.0,-2320.0,832.0,-378.0,-9.0,-473.0,-1402.0,-785.0,33623.0,5629696.0,2263.0,2709.0,0.0
10512258000,0.010265421947697738,97414.40781440781,2262.0,2138.0,1243.0,1934.0,2220.0,16076.0,-2352.0,848.0,-342.0,-3.0,-485.0,-1405.0,-779.0,33623.0,5629696.0,2261.0,2706.0,0.0
10512514000,0.010265421947697738,97414.40781440781,2269.0,2138.0,1241.0,1934.0,2208.0,16036.0,-2296.0,855.0,-335.0,-9.0,-485.0,-1405.0,-779.0,33623.0,5630208.0,2262.0,2708.0,0.0
10512770000,0.010265421947697738,97414.40781440781,2279.0,2139.0,1242.0,1932.0,2224.0,16036.0,-2336.0,855.0,-327.0,-24.0,-476.0,-1402.0,-782.0,33623.0,5630208.0,2263.0,2708.0,0.0
10513026000,0.010265421947697738,97414.40781440781,2284.0,2137.0,1240.0,1932.0,2152.0,16096.0,-2348.0,852.0,-320.0,-35.0,-476.0,-1400.0,-781.0,33623.0,5630464.0,2263.0,2708.0,0.0
10513282000,0.010265421947697738,97414.40781440781,2286.0,2136.0,1239.0,1931.0,2164.0,16044.0,-2320.0,853.0,-319.0,-22.0,-485.0,-1403.0,-778.0,33623.0,5630464.0,2263.0,2708.0,0.0
10513538000,0.010265421947697738,97414.40781440781,2288.0,2137.0,1241.0,1928.0,2156.0,16056.0,-2368.0,906.0,-348.0,-34.0,-483.0,-1405.0,-782.0,33623.0,5630464.0,2268.0,2707.0,0.0
10513794000,0.010265421947697738,97414.40781440781,2303.0,2137.0,1241.0,1930.0,2180.0,16064.0,-2340.0,889.0,-362.0,-34.0,-483.0,-1405.0,-782.0,33623.0,5630464.0,2271.0,2707.0,0.0
10514050000,0.010265421947697738,97414.40781440781,2310.0,2136.0,1240.0,1931.0,2176.0,16104.0,-2324.0,890.0,-396.0,-35.0,-478.0,-1399.0,-783.0,33623.0,5630464.0,2273.0,2709.0,0.0
10514306000,0.010265421947697738,97414.40781440781,2314.0,2136.0,1243.0,1932.0,2164.0,16028.0,-2280.0,895.0,-389.0,-26.0,-475.0,-1403.0,-779.0,33623.0,5630464.0,2273.0,2707.0,0.0
10514562000,0.010265421947697738,97414.40781440781,2247.0,2136.0,1245.0,1933.0,2188.0,16024.0,-2324.0,872.0,-406.0,-40.0,-479.0,-1412.0,-778.0,33623.0,5630464.0,2234.0,2691.0,0.0
10514818000,0.010265421947697738,97414.40781440781,2252.0,2136.0,1243.0,1937.0,2156.0,16024.0,-2288.0,867.0,-381.0,-35.0,-479.0,-1412.0,-778.0,33623.0,5630464.0,2255.0,2707.0,0.0
10515074000,0.010265421947697738,97414.40781440781,2272.0,2137.0,1242.0,1935.0,2148.0,16052.0,-2268.0,836.0,-380.0,-29.0,-484.0,-1401.0,-784.0,33623.0,5630976.0,2266.0,2709.0,0.0
10515330000,0.010265421947697738,97414.40781440781,2288.0,2138.0,1243.0,1932.0,2164.0,16016.0,-2316.0,826.0,-339.0,-45.0,-484.0,-1405.0,-776.0,33623.0,5630976.0,2270.0,2707.0,0.0
10515586000,0.010265421947697738,97414.40781440781,2222.0,2137.0,1242.0,1933.0,2168.0,16032.0,-2312.0,845.0,-366.0,-34.0,-481.0,-1404.0,-778.0,33623.0,5630464.0,2227.0,2692.0,0.0
10515842000,0.010265421947697738,97414.40781440781,2227.0,2136.0,1238.0,1933.0,2172.0,16124.0,-2324.0,812.0,-305.0,-25.0,-488.0,-1403.0,-773.0,33623.0,5630464.0,2252.0,2707.0,0.0
10516098000,0.010265421947697738,97414.40781440781,2243.0,2139.0,1238.0,1930.0,2172.0,16120.0,-2324.0,830.0,-319.0,-1.0,-488.0,-1403.0,-773.0,33623.0,5630208.0,2258.0,2708.0,0.0
10516354000,0.010265421947697738,97414.40781440781,2267.0,2139.0,1237.0,1929.0,2172.0,16072.0,-2384.0,864.0,-314.0,-11.0,-483.0,-1407.0,-780.0,33623.0,5630208.0,2266.0,2707.0,0.0
10516610000,0.010265421947697738,97414.40781440781,2272.0,2136.0,1238.0,1928.0,2176.0,16096.0,-2348.0,863.0,-365.0,22.0,-481.0,-1407.0,-782.0,33623.0,5630464.0,2264.0,2708.0,0.0
10516866000,0.010265421947697738,97414.40781440781,2287.0,2138.0,1239.0,1930.0,2172.0,16100.0,-2356.0,853.0,-359.0,-5.0,-484.0,-1409.0,-779.0,33623.0,5630464.0,2269.0,2707.0,0.0
10517122000,0.010265421947697738,97414.40781440781,2288.0,2138.0,1240.0,1931.0,2168.0,16056.0,-2356.0,869.0,-352.0,-5.0,-481.0,-1404.0,-775.0,33623.0,5630464.0,2266.0,2708.0,0.0
10517378000,0.010265421947697738,97414.40781440781,2285.0,2137.0,1243.0,1934.0,2152.0,15996.0,-2336.0,869.0,-352.0,-5.0,-481.0,-1404.0,-775.0,33623.0,5630464.0,2264.0,2708.0,0.0
10517634000,0.010265421947697738,97414.40781440781,2288.0,2137.0,1244.0,1932.0,2172.0,15988.0,-2296.0,887.0,-378.0,-15.0,-478.0,-1403.0,-772.0,33623.0,5630976.0,2263.0,2708.0,0.0
10517890000,0.010265421947697738,97414.40781440781,2289.0,2138.0,1243.0,1934.0,2196.0,16012.0,-2304.0,899.0,-358.0,-22.0,-479.0,-1401.0,-773.0,33623.0,5630976.0,2263.0,2708.0,0.0
10518146000,0.010265421947697738,97414.40781440781,2288.0,2136.0,1243.0,1934.0,2132.0,15996.0,-2276.0,864.0,-392.0,-38.0,-492.0,-1406.0,-774.0,33623.0,5630720.0,2263.0,2708.0,0.0
10518402000,0.010265421947697738,97414.40781440781,2290.0,2136.0,1245.0,1933.0,2128.0,16036.0,-2300.0,863.0,-367.0,-50.0,-492.0,-1406.0,-774.0,33623.0,5630720.0,2268.0,2707.0,0.0
10518658000,0.010265421947697738,97414.40781440781,2292.0,2136.0,1244.0,1932.0,2168.0,16036.0,-2328.0,864.0,-338.0,-45.0,-471.0,-1402.0,-778.0,33623.0,5630720.0,2265.0,2708.0,0.0
10518914000,0.010265421947697738,97414.40781440781,2286.0,2137.0,1242.0,1931.0,2148.0,16076.0,-2364.0,865.0,-320.0,-41.0,-474.0,-1401.0,-780.0,33623.0,5630720.0,2264.0,2708.0,0.0
10519170000,0.010265421947697738,97414.40781440781,2296.0,2136.0,1239.0,1932.0,2132.0,16096.0,-2352.0,867.0,-345.0,-31.0,-475.0,-1414.0,-778.0,33623.0,5630464.0,2270.0,2709.0,0.0
10519426000,0.010265216083425248,97416.36141636141,2300.0,2136.0,1240.0,1931.0,2196.0,16140.0,-2304.0,862.0,-321.0,-29.0,-474.0,-1404.0,-779.0,33623.0,5630464.0,2272.0,2707.0,0.0
10519682000,0.010265421947697738,97414.40781440781,2303.0,2137.0,1239.0,1929.0,2156.0,16092.0,-2352.0,850.0,-324.0,-17.0,-474.0,-1404.0,-779.0,33623.0,5630208.0,2272.0,2707.0,0.0
10519938000,0.010265421947697738,97414.40781440781,2305.0,2137.0,1243.0,1930.0,2176.0,16080.0,-2364.0,869.0,-330.0,-11.0,-478.0,-1404.0,-779.0,33623.0,5630208.0,2267.0,2708.0,0.0
10520194000,0.010265421947697738,97414.40781440781,2306.0,2137.0,1240.0,1930.0,2176.0,16060.0,-2356.0,875.0,-336.0,-29.0,-472.0,-1404.0,-778.0,33623.0,5630976.0,2272.0,2709.0,0.0
10520450000,0.010265421947697738,97414.40781440781,2307.0,2137.0,1239.0,1931.0,2116.0,16124.0,-2376.0,866.0,-337.0,-16.0,-474.0,-1405.0,-778.0,33623.0,5630976.0,2272.0,2707.0,0.0
10520706000,0.010265421947697738,97414.40781440781,2227.0,2135.0,1240.0,1933.0,2140.0,16032.0,-2324.0,849.0,-332.0,-10.0,-476.0,-1403.0,-781.0,33623.0,5630464.0,2228.0,2692.0,0.0
10520962000,0.010265421947697738,97414.40781440781,2230.0,2136.0,1242.0,1934.0,2176.0,16064.0,-2324.0,876.0,-345.0,8.0,-476.0,-1403.0,-781.0,33623.0,5630464.0,2247.0,2708.0,0.0
10521218000,0.010265421947697738,97414.40781440781,2257.0,2138.0,1240.0,1932.0,2148.0,16128.0,-2296.0,885.0,-359.0,4.0,-485.0,-1406.0,-782.0,33623.0,5630720.0,2263.0,2709.0,0.0
10521474000,0.010265421947697738,97414.40781440781,2272.0,2135.0,1239.0,1933.0,2136.0,16080.0,-2292.0,886.0,-351.0,-31.0,-484.0,-1405.0,-777.0,33623.0,5630720.0,2263.0,2708.0,0.0
10521730000,0.010265421947697738,97414.40781440781,2282.0,2136.0,1242.0,1933.0,2168.0,16060.0,-2296.0,874.0,-363.0,-28.0,-480.0,-1402.0,-777.0,33623.0,5630464.0,2268.0,2707.0,0.0
10521986000,0.010265216083425248,97416.36141636141,2279.0,2135.0,1241.0,1933.0,2180.0,16084.0,-2268.0,869.0,-369.0,-36.0,-480.0,-1402.0,-777.0,33623.0,5630464.0,2264.0,2706.0,0.0
10522242000,0.010265421947697738,97414.40781440781,2294.0,2136.0,1240.0,1932.0,2140.0,16048.0,-2328.0,874.0,-344.0,-52.0,-484.0,-1412.0,-778.0,33623.0,5630208.0,2270.0,2709.0,0.0
10522498000,0.010265421947697738,97414.40781440781,2304.0,2136.0,1242.0,1931.0,2184.0,16064.0,-2360.0,889.0,-382.0,-41.0,-487.0,-1406.0,-784.0,33623.0,5630208.0,2271.0,2707.0,0.0
10522754000,0.010265421947697738,97414.40781440781,2243.0,2136.0,1241.0,1932.0,2180.0,16040.0,-2380.0,856.0,-361.0,-45.0,-479.0,-1404.0,-777.0,33623.0,5630720.0,2236.0,2694.0,0.0
10523010000,0.010265216083425248,97416.36141636141,2245.0,2137.0,1242.0,1930.0,2188.0,16032.0,-2336.0,875.0,-381.0,-60.0,-485.0,-1406.0,-780.0,33623.0,5630720.0,2256.0,2707.0,0.0
10523266000,0.010265421947697738,97414.40781440781,2254.0,2137.0,1242.0,1931.0,2184.0,16032.0,-2296.0,880.0,-360.0,-42.0,-485.0,-1406.0,-780.0,33623.0,5630720.0,2260.0,2708.0,0.0
10523522000,0.010265421947697738,97414.40781440781,2266.0,2135.0,1243.0,1934.0,2092.0,16108.0,-2296.0,883.0,-349.0,-75.0,-480.0,-1406.0,-781.0,33623.0,5630720.0,2262.0,2708.0,0.0
10523778000,0.010265421947697738,97414.40781440781,2215.0,2136.0,1242.0,1930.0,2152.0,16116.0,-2328.0,852.0,-329.0,-47.0,-483.0,-1401.0,-776.0,33623.0,5629952.0,2232.0,2694.0,0.0
10524034000,0.010265421947697738,97414.40781440781,2230.0,2136.0,1242.0,1928.0,2172.0,16068.0,-2364.0,861.0,-310.0,-39.0,-482.0,-1408.0,-776.0,33623.0,5629952.0,2254.0,2707.0,0.0
10524290000,0.010265421947697738,97414.40781440781,2249.0,2137.0,1240.0,1929.0,2212.0,16076.0,-2352.0,878.0,-367.0,-48.0,-478.0,-1405.0,-784.0,33623.0,5630720.0,2259.0,2708.0,0.0
10524546000,0.010265421947697738,97414.40781440781,2220.0,2136.0,1241.0,1934.0,2148.0,16100.0,-2340.0,906.0,-365.0,-33.0,-478.0,-1405.0,-784.0,33623.0,5630720.0,2464.0,2687.0,0.0
10524802000,0.010265421947697738,97414.40781440781,2212.0,2138.0,1239.0,1933.0,2172.0,16036.0,-2312.0,866.0,-351.0,-7.0,-494.0,-1403.0,-780.0,33623.0,5630976.0,2354.0,2708.0,0.0
10525058000,0.010265421947697738,97414.40781440781,2109.0,2137.0,1241.0,1932.0,2164.0,16052.0,-2336.0,872.0,-351.0,-28.0,-479.0,-1398.0,-773.0,33623.0,5630976.0,2305.0,2708.0,0.0
10525314000,0.010265421947697738,97414.40781440781,2220.0,2137.0,1241.0,1933.0,2188.0,16048.0,-2280.0,850.0,-323.0,-25.0,-470.0,-1402.0,-781.0,33623.0,5630464.0,2282.0,2708.0,0.0
10525570000,0.010265421947697738,97414.40781440781,2270.0,2137.0,1242.0,1932.0,2180.0,16072.0,-2336.0,866.0,-311.0,-16.0,-470.0,-1402.0,-781.0,33623.0,5630464.0,2277.0,2707.0,0.0
10525826000,0.010265421947697738,97414.40781440781,2288.0,2135.0,1243.0,1932.0,2192.0,16064.0,-2352.0,860.0,-318.0,-24.0,-472.0,-1398.0,-782.0,33623.0,5629696.0,2270.0,2708.0,0.0
10526082000,0.010265216083425248,97416.36141636141,2290.0,2138.0,1241.0,1932.0,2192.0,16052.0,-2348.0,862.0,-302.0,3.0,-476.0,-1407.0,-777.0,33623.0,5629696.0,2266.0,2708.0,0.0
10526338000,0.010265421947697738,97414.40781440781,2303.0,2136.0,1242.0,1933.0,2152.0,16052.0,-2376.0,857.0,-303.0,3.0,-480.0,-1408.0,-775.0,33623.0,5629696.0,2271.0,2708.0,0.0
10526594000,0.010265421947697738,97414.40781440781,2296.0,2136.0,1240.0,1931.0,2168.0,16040.0,-2384.0,859.0,-302.0,5.0,-474.0,-1410.0,-779.0,33623.0,5629696.0,2265.0,2706.0,0.0
10526850000,0.010265421947697738,97414.40781440781,2237.0,2137.0,1240.0,1930.0,2184.0,16040.0,-2384.0,862.0,-331.0,-9.0,-474.0,-1410.0,-779.0,33623.0,5630976.0,2234.0,2694.0,0.0
10527106000,0.010265421947697738,97414.40781440781,2238.0,2138.0,1241.0,1930.0,2164.0,16044.0,-2360.0,863.0,-337.0,-14.0,-471.0,-1402.0,-778.0,33623.0,5630976.0,2250.0,2708.0,0.0
10527362000,0.010265421947697738,97414.40781440781,2248.0,2136.0,1240.0,1931.0,2180.0,16044.0,-2324.0,873.0,-346.0,-10.0,-471.0,-1408.0,-776.0,33623.0,5630976.0,2257.0,2708.0,0.0
10527618000,0.010265421947697738,97414.40781440781,2255.0,2135.0,1240.0,1930.0,2172.0,16072.0,-2292.0,889.0,-344.0,10.0,-473.0,-1401.0,-775.0,33623.0,5630976.0,2260.0,2708.0,0.0
10527874000,0.010265421947697738,97414.40781440781,2190.0,2134.0,1239.0,1931.0,2148.0,16104.0,-2392.0,895.0,-334.0,-15.0,-472.0,-1407.0,-774.0,33623.0,5629952.0,2221.0,2690.0,0.0
10528130000,0.010265421947697738,97414.40781440781,2210.0,2135.0,1239.0,1931.0,2128.0,16100.0,-2364.0,879.0,-358.0,-28.0,-472.0,-1407.0,-774.0,33623.0,5629952.0,2249.0,2707.0,0.0
10528386000,0.010265421947697738,97414.40781440781,2242.0,2136.0,1240.0,1931.0,2188.0,16072.0,-2380.0,903.0,-353.0,-28.0,-488.0,-1404.0,-775.0,33623.0,5630208.0,2264.0,2709.0,0.0
10528642000,0.010265421947697738,97414.40781440781,2265.0,2136.0,1241.0,1932.0,2148.0,16068.0,-2328.0,894.0,-359.0,-19.0,-482.0,-1404.0,-774.0,33623.0,5630208.0,2268.0,2707.0,0.0
10528898000,0.010265216083425248,97416.36141636141,2284.0,2137.0,1242.0,1932.0,2208.0,16020.0,-2328.0,860.0,-356.0,-4.0,-484.0,-1405.0,-778.0,33623.0,5629440.0,2270.0,2707.0,0.0
10529154000,0.010265421947697738,97414.40781440781,2293.0,2138.0,1241.0,1933.0,2196.0,16024.0,-2340.0,863.0,-346.0,-27.0,-484.0,-1405.0,-778.0,33623.0,5629440.0,2272.0,2707.0,0.0
10529410000,0.010265421947697738,97414.40781440781,2300.0,2137.0,1242.0,1935.0,2200.0,16068.0,-2348.0,862.0,-307.0,-11.0,-482.0,-1408.0,-781.0,33623.0,5630208.0,2267.0,2708.0,0.0
10529666000,0.010265421947697738,97414.40781440781,2303.0,2136.0,1240.0,1930.0,2164.0,16060.0,-2348.0,857.0,-311.0,-18.0,-478.0,-1406.0,-775.0,33623.0,5630208.0,2270.0,2707.0,0.0
10529922000,0.010265421947697738,97414.40781440781,2298.0,2135.0,1242.0,1928.0,2204.0,16040.0,-2348.0,865.0,-329.0,-17.0,-486.0,-1398.0,-779.0,33623.0,5629952.0,2266.0,2708.0,0.0
10530178000,0.010265421947697738,97414.40781440781,2300.0,2135.0,1240.0,1933.0,2180.0,16068.0,-2388.0,883.0,-347.0,-23.0,-479.0,-1402.0,-780.0,33623.0,5629952.0,2269.0,2707.0,0.0
10530434000,0.010265216083425248,97416.36141636141,2260.0,2134.0,1241.0,1931.0,2144.0,16056.0,-2384.0,880.0,-335.0,-43.0,-479.0,-1402.0,-780.0,33623.0,5630208.0,2470.0,2687.0,0.0
10530690000,0.010265421947697738,97414.40781440781,2250.0,2135.0,1240.0,1931.0,2176.0,16092.0,-2356.0,858.0,-305.0,-37.0,-479.0,-1406.0,-776.0,33623.0,5630208.0,2362.0,2707.0,0.0
10530946000,0.010265421947697738,97414.40781440781,2290.0,2135.0,1241.0,1931.0,2160.0,16108.0,-2316.0,869.0,-313.0,-21.0,-478.0,-1400.0,-779.0,33623.0,5630208.0,2280.0,2696.0,0.0
10531202000,0.010265421947697738,97414.40781440781,2303.0,2136.0,1240.0,1930.0,2188.0,16096.0,-2344.0,873.0,-328.0,-35.0,-476.0,-1405.0,-776.0,33623.0,5630208.0,2271.0,2708.0,0.0
10531458000,0.010265421947697738,97414.40781440781,2302.0,2136.0,1240.0,1929.0,2176.0,16076.0,-2352.0,874.0,-308.0,-48.0,-496.0,-1401.0,-778.0,33623.0,5630464.0,2267.0,2708.0,0.0
10531714000,0.010265421947697738,97414.40781440781,2305.0,2134.0,1240.0,1930.0,2148.0,16084.0,-2376.0,872.0,-299.0,-50.0,-496.0,-1401.0,-778.0,33623.0,5630464.0,2270.0,2707.0,0.0
10531970000,0.010265421947697738,97414.40781440781,2227.0,2135.0,1240.0,1929.0,2132.0,16104.0,-2324.0,877.0,-305.0,-22.0,-474.0,-1401.0,-778.0,33623.0,5630208.0,2226.0,2690.0,0.0
10532226000,0.010265421947697738,97414.40781440781,2223.0,2133.0,1238.0,1930.0,2124.0,16072.0,-2340.0,904.0,-292.0,-49.0,-476.0,-1400.0,-780.0,33623.0,5630208.0,2246.0,2708.0,0.0
10532482000,0.010265421947697738,97414.40781440781,2240.0,2133.0,1239.0,1932.0,2124.0,16084.0,-2260.0,886.0,-322.0,-30.0,-469.0,-1402.0,-777.0,33623.0,5630208.0,2255.0,2708.0,0.0
10532738000,0.010265421947697738,97414.40781440781,2249.0,2135.0,1242.0,1934.0,2172.0,16048.0,-2276.0,847.0,-279.0,-57.0,-469.0,-1402.0,-777.0,33623.0,5630208.0,2258.0,2706.0,0.0
10532994000,0.010265421947697738,97414.40781440781,2271.0,2137.0,1241.0,1933.0,2200.0,16016.0,-2300.0,856.0,-323.0,-54.0,-478.0,-1404.0,-778.0,33623.0,5629952.0,2266.0,2707.0,0.0
10533250000,0.010265421947697738,97414.40781440781,2287.0,2139.0,1242.0,1934.0,2200.0,16064.0,-2284.0,873.0,-340.0,-46.0,-479.0,-1407.0,-773.0,33623.0,5629952.0,2270.0,2707.0,0.0
10533506000,0.010265421947697738,97414.40781440781,2290.0,2138.0,1241.0,1929.0,2212.0,16084.0,-2336.0,862.0,-366.0,-42.0,-478.0,-1404.0,-780.0,33623.0,5630464.0,2266.0,2708.0,0.0
10533762000,0.010265421947697738,97414.40781440781,2288.0,2139.0,1242.0,1930.0,2236.0,16056.0,-2380.0,836.0,-390.0,-3.0,-472.0,-1404.0,-780.0,33623.0,5630464.0,2263.0,2706.0,0.0
10534018000,0.010265421947697738,97414.40781440781,2291.0,2140.0,1242.0,1931.0,2236.0,16100.0,-2396.0,807.0,-400.0,7.0,-472.0,-1404.0,-780.0,33623.0,5630464.0,2268.0,2707.0,0.0
10534274000,0.010265421947697738,97414.40781440781,2304.0,2139.0,1241.0,1928.0,2236.0,16044.0,-2408.0,807.0,-400.0,7.0,-476.0,-1415.0,-780.0,33623.0,5630464.0,2271.0,2707.0,0.0
10534530000,0.010265421947697738,97414.40781440781,2311.0,2136.0,1241.0,1930.0,2180.0,16004.0,-2320.0,848.0,-389.0,1.0,-474.0,-1406.0,-784.0,33623.0,5630464.0,2273.0,2709.0,0.0
10534786000,0.010265421947697738,97414.40781440781,2307.0,2136.0,1241.0,1927.0,2156.0,16020.0,-2316.0,836.0,-384.0,13.0,-480.0,-1402.0,-780.0,33623.0,5630464.0,2267.0,2708.0,0.0
10535042000,0.010265421947697738,97414.40781440781,2306.0,2135.0,1244.0,1929.0,2184.0,16004.0,-2380.0,832.0,-364.0,-20.0,-483.0,-1405.0,-778.0,33623.0,5630720.0,2270.0,2707.0,0.0
10535298000,0.010265421947697738,97414.40781440781,2313.0,2136.0,1244.0,1929.0,2196.0,16076.0,-2396.0,838.0,-347.0,-44.0,-483.0,-1405.0,-778.0,33623.0,5630720.0,2271.0,2707.0,0.0
10535554000,0.010265421947697738,97414.40781440781,2309.0,2136.0,1243.0,1929.0,2172.0,16028.0,-2340.0,831.0,-339.0,-34.0,-479.0,-1409.0,-779.0,33623.0,5630208.0,2267.0,2708.0,0.0
10535810000,0.010265421947697738,97414.40781440781,2301.0,2138.0,1244.0,1929.0,2172.0,16016.0,-2376.0,818.0,-303.0,-61.0,-478.0,-1405.0,-779.0,33623.0,5630208.0,2265.0,2708.0,0.0
10536066000,0.010265421947697738,97414.40781440781,2255.0,2137.0,1241.0,1928.0,2180.0,16048.0,-2436.0,877.0,-307.0,-69.0,-486.0,-1404.0,-770.0,33623.0,5631232.0,2242.0,2697.0,0.0
10536322000,0.010265421947697738,97414.40781440781,2263.0,2136.0,1240.0,1927.0,2180.0,16096.0,-2452.0,882.0,-318.0,-62.0,-486.0,-1404.0,-770.0,33623.0,5631232.0,2259.0,2707.0,0.0
10536578000,0.010265421947697738,97414.40781440781,2279.0,2135.0,1239.0,1930.0,2152.0,16120.0,-2404.0,873.0,-321.0,-44.0,-480.0,-1406.0,-780.0,33623.0,5630720.0,2268.0,2709.0,0.0
10536834000,0.010265421947697738,97414.40781440781,2291.0,2135.0,1238.0,1930.0,2136.0,16076.0,-2336.0,909.0,-321.0,-44.0,-480.0,-1404.0,-779.0,33623.0,5630720.0,2270.0,2707.0,0.0
10537090000,0.010265421947697738,97414.40781440781,2292.0,2133.0,1240.0,1931.0,2152.0,16068.0,-2364.0,925.0,-340.0,-38.0,-482.0,-1408.0,-780.0,33623.0,5630464.0,2266.0,2708.0,0.0
10537346000,0.010265421947697738,97414.40781440781,2297.0,2133.0,1241.0,1931.0,2184.0,16084.0,-2364.0,933.0,-353.0,-55.0,-488.0,-1404.0,-778.0,33623.0,5630464.0,2269.0,2707.0,0.0
10537602000,0.010265421947697738,97414.40781440781,2295.0,2132.0,1239.0,1932.0,2132.0,16092.0,-2324.0,957.0,-359.0,-33.0,-488.0,-1404.0,-778.0,33623.0,5630720.0,2266.0,2708.0,0.0
10537858000,0.010265421947697738,97414.40781440781,2301.0,2134.0,1240.0,1934.0,2108.0,16096.0,-2276.0,913.0,-350.0,-59.0,-477.0,-1410.0,-781.0,33623.0,5630720.0,2270.0,2707.0,0.0
10538114000,0.010265421947697738,97414.40781440781,2298.0,2133.0,1241.0,1933.0,2128.0,16068.0,-2276.0,903.0,-330.0,-51.0,-481.0,-1409.0,-777.0,33623.0,5630464.0,2266.0,2708.0,0.0
10538370000,0.010265216083425248,97416.36141636141,2302.0,2135.0,1241.0,1933.0,2132.0,16076.0,-2272.0,872.0,-317.0,-41.0,-482.0,-1400.0,-773.0,33623.0,5630464.0,2270.0,2707.0,0.0
10538626000,0.010265421947697738,97414.40781440781,2296.0,2133.0,1238.0,1934.0,2124.0,16164.0,-2300.0,880.0,-326.0,-50.0,-485.0,-1413.0,-776.0,33623.0,5630464.0,2266.0,2708.0,0.0
10538882000,0.010265421947697738,97414.40781440781,2302.0,2138.0,1243.0,1936.0,2232.0,16056.0,-2312.0,903.0,-351.0,-61.0,-485.0,-1413.0,-776.0,33623.0,5630464.0,2270.0,2707.0,0.0
10539138000,0.010265421947697738,97414.40781440781,2235.0,2140.0,1240.0,1929.0,2268.0,16016.0,-2360.0,838.0,-315.0,-18.0,-482.0,-1404.0,-776.0,33623.0,5630464.0,2232.0,2691.0,0.0
10539394000,0.010265216083425248,97416.36141636141,2234.0,2141.0,1242.0,1934.0,2248.0,16008.0,-2332.0,853.0,-331.0,-40.0,-488.0,-1411.0,-776.0,33623.0,5630464.0,2249.0,2708.0,0.0
10539650000,0.010265421947697738,97414.40781440781,2246.0,2139.0,1242.0,1930.0,2204.0,16008.0,-2380.0,862.0,-337.0,-26.0,-473.0,-1407.0,-771.0,33623.0,5630208.0,2257.0,2708.0,0.0
10539906000,0.010265421947697738,97414.40781440781,2265.0,2139.0,1242.0,1929.0,2212.0,16008.0,-2448.0,910.0,-363.0,-29.0,-473.0,-1407.0,-771.0,33623.0,5630208.0,2265.0,2707.0,0.0
10540162000,0.010265421947697738,97414.40781440781,2243.0,2138.0,1242.0,1929.0,2256.0,16032.0,-2380.0,878.0,-360.0,-42.0,-475.0,-1406.0,-776.0,33623.0,5630720.0,2243.0,2698.0,0.0
10540418000,0.010265421947697738,97414.40781440781,2245.0,2136.0,1242.0,1932.0,2184.0,16036.0,-2296.0,838.0,-353.0,-30.0,-478.0,-1407.0,-777.0,33623.0,5630720.0,2254.0,2708.0,0.0
10540674000,0.010265421947697738,97414.40781440781,2266.0,2138.0,1244.0,1933.0,2248.0,16012.0,-2284.0,849.0,-338.0,-20.0,-477.0,-1399.0,-780.0,33623.0,5630720.0,2265.0,2709.0,0.0
10540930000,0.010265421947697738,97414.40781440781,2276.0,2137.0,1243.0,1929.0,2244.0,16004.0,-2344.0,870.0,-302.0,-40.0,-470.0,-1405.0,-774.0,33623.0,5630720.0,2263.0,2706.0,0.0
10541186000,0.010265421947697738,97414.40781440781,2283.0,2136.0,1242.0,1930.0,2180.0,15984.0,-2380.0,841.0,-295.0,-33.0,-470.0,-1405.0,-774.0,33623.0,5629952.0,2268.0,2707.0,0.0
10541442000,0.010265216083425248,97416.36141636141,2289.0,2136.0,1242.0,1930.0,2176.0,16032.0,-2328.0,838.0,-272.0,-56.0,-474.0,-1403.0,-777.0,33623.0,5629952.0,2265.0,2708.0,0.0
10541698000,0.010265216083425248,97416.36141636141,2284.0,2136.0,1241.0,1928.0,2216.0,16048.0,-2420.0,841.0,-317.0,-59.0,-478.0,-1407.0,-777.0,33623.0,5630720.0,2264.0,2708.0,0.0
10541954000,0.010265421947697738,97414.40781440781,2288.0,2137.0,1243.0,1929.0,2160.0,16020.0,-2440.0,876.0,-301.0,-60.0,-474.0,-1400.0,-773.0,33623.0,5630720.0,2268.0,2707.0,0.0
10542210000,0.010265421947697738,97414.40781440781,2301.0,2137.0,1241.0,1928.0,2204.0,16056.0,-2416.0,877.0,-334.0,-40.0,-475.0,-1407.0,-776.0,33623.0,5630464.0,2271.0,2707.0,0.0
10542466000,0.010265421947697738,97414.40781440781,2305.0,2136.0,1239.0,1929.0,2212.0,16040.0,-2420.0,872.0,-325.0,-43.0,-475.0,-1407.0,-776.0,33623.0,5630464.0,2272.0,2707.0,0.0
10542722000,0.010265421947697738,97414.40781440781,2312.0,2138.0,1240.0,1928.0,2208.0,16048.0,-2356.0,878.0,-341.0,-49.0,-481.0,-1408.0,-777.0,33623.0,5631232.0,2274.0,2709.0,0.0
10542978000,0.010265421947697738,97414.40781440781,2315.0,2136.0,1242.0,1930.0,2192.0,16096.0,-2380.0,879.0,-343.0,-36.0,-480.0,-1407.0,-773.0,33623.0,5631232.0,2273.0,2707.0,0.0
10543234000,0.010265421947697738,97414.40781440781,2317.0,2136.0,1240.0,1928.0,2236.0,16032.0,-2392.0,891.0,-358.0,-26.0,-482.0,-1403.0,-779.0,33623.0,5630720.0,2273.0,2707.0,0.0
10543490000,0.010265421947697738,97414.40781440781,2316.0,2135.0,1241.0,1931.0,2204.0,16052.0,-2372.0,860.0,-371.0,-25.0,-482.0,-1403.0,-779.0,33623.0,5630720.0,2273.0,2707.0,0.0
10543746000,0.010265421947697738,97414.40781440781,2320.0,2134.0,1241.0,1931.0,2156.0,16028.0,-2316.0,873.0,-355.0,-2.0,-476.0,-1410.0,-776.0,33623.0,5630208.0,2274.0,2709.0,0.0
10544002000,0.010265421947697738,97414.40781440781,2319.0,2136.0,1243.0,1930.0,2184.0,16012.0,-2328.0,862.0,-344.0,4.0,-478.0,-1410.0,-780.0,33623.0,5630208.0,2273.0,2707.0,0.0
10544258000,0.010265421947697738,97414.40781440781,2287.0,2136.0,1243.0,1932.0,2172.0,16000.0,-2344.0,855.0,-357.0,-22.0,-483.0,-1408.0,-778.0,33623.0,5630208.0,2254.0,2699.0,0.0
10544514000,0.010265421947697738,97414.40781440781,2283.0,2137.0,1244.0,1930.0,2236.0,15988.0,-2360.0,864.0,-323.0,-36.0,-483.0,-1406.0,-774.0,33623.0,5630208.0,2264.0,2707.0,0.0
10544770000,0.010265421947697738,97414.40781440781,2286.0,2138.0,1244.0,1929.0,2192.0,16008.0,-2436.0,853.0,-331.0,-55.0,-483.0,-1406.0,-774.0,33623.0,5630720.0,2263.0,2708.0,0.0
10545026000,0.010265421947697738,97414.40781440781,2291.0,2139.0,1244.0,1927.0,2240.0,16036.0,-2368.0,871.0,-333.0,-44.0,-477.0,-1409.0,-779.0,33623.0,5630720.0,2268.0,2707.0,0.0
10545282000,0.010265421947697738,97414.40781440781,2303.0,2139.0,1244.0,1928.0,2228.0,16040.0,-2356.0,887.0,-364.0,-61.0,-483.0,-1406.0,-774.0,33623.0,5630464.0,2271.0,2707.0,0.0
10545538000,0.010265421947697738,97414.40781440781,2305.0,2137.0,1242.0,1928.0,2244.0,16032.0,-2396.0,865.0,-339.0,-39.0,-481.0,-1405.0,-777.0,33623.0,5630464.0,2272.0,2707.0,0.0
10545794000,0.010265421947697738,97414.40781440781,2303.0,2139.0,1241.0,1926.0,2224.0,16028.0,-2396.0,892.0,-337.0,-18.0,-484.0,-1406.0,-778.0,33623.0,5630720.0,2267.0,2708.0,0.0
10546050000,0.010265421947697738,97414.40781440781,2306.0,2138.0,1243.0,1927.0,2216.0,16012.0,-2400.0,881.0,-339.0,-30.0,-484.0,-1406.0,-778.0,33623.0,5630720.0,2270.0,2707.0,0.0
10546306000,0.010265421947697738,97414.40781440781,2272.0,2136.0,1242.0,1928.0,2196.0,16028.0,-2384.0,886.0,-343.0,-22.0,-474.0,-1411.0,-780.0,33623.0,5630976.0,2247.0,2700.0,0.0
10546562000,0.010265421947697738,97414.40781440781,2274.0,2136.0,1242.0,1928.0,2176.0,16060.0,-2380.0,879.0,-347.0,-16.0,-478.0,-1401.0,-780.0,33623.0,5630976.0,2261.0,2707.0,0.0
10546818000,0.010265421947697738,97414.40781440781,2275.0,2137.0,1243.0,1930.0,2228.0,16012.0,-2380.0,885.0,-356.0,-9.0,-474.0,-1407.0,-771.0,33623.0,5630464.0,2262.0,2708.0,0.0
10547074000,0.010265421947697738,97414.40781440781,2274.0,2138.0,1243.0,1931.0,2200.0,16008.0,-2360.0,901.0,-359.0,-4.0,-474.0,-1407.0,-771.0,33623.0,5630464.0,2261.0,2706.0,0.0
10547330000,0.010265421947697738,97414.40781440781,2248.0,2136.0,1242.0,1930.0,2212.0,16016.0,-2352.0,859.0,-353.0,-5.0,-476.0,-1399.0,-772.0,33623.0,5630464.0,2243.0,2700.0,0.0
10547586000,0.010265421947697738,97414.40781440781,2256.0,2137.0,1241.0,1930.0,2232.0,16052.0,-2328.0,902.0,-335.0,-22.0,-479.0,-1406.0,-777.0,33623.0,5630464.0,2260.0,2707.0,0.0
10547842000,0.010265421947697738,97414.40781440781,2266.0,2136.0,1240.0,1935.0,2188.0,16048.0,-2328.0,881.0,-301.0,1.0,-470.0,-1414.0,-775.0,33623.0,5630464.0,2262.0,2708.0,0.0
10548098000,0.010265421947697738,97414.40781440781,2269.0,2136.0,1241.0,1932.0,2148.0,16056.0,-2356.0,839.0,-312.0,-6.0,-473.0,-1411.0,-773.0,33623.0,5630464.0,2261.0,2706.0,0.0
10548354000,0.010265421947697738,97414.40781440781,2243.0,2136.0,1238.0,1931.0,2184.0,16072.0,-2400.0,862.0,-332.0,-25.0,-473.0,-1411.0,-773.0,33623.0,5630720.0,2243.0,2700.0,0.0
10548610000,0.010265421947697738,97414.40781440781,2247.0,2136.0,1239.0,1932.0,2208.0,16096.0,-2356.0,892.0,-320.0,-4.0,-477.0,-1408.0,-781.0,33623.0,5630720.0,2254.0,2708.0,0.0
10548866000,0.010265421947697738,97414.40781440781,2267.0,2136.0,1241.0,1930.0,2196.0,16048.0,-2364.0,872.0,-318.0,-6.0,-470.0,-1405.0,-776.0,33623.0,5632000.0,2265.0,2709.0,0.0
10549122000,0.010265421947697738,97414.40781440781,2284.0,2138.0,1243.0,1929.0,2264.0,16016.0,-2392.0,862.0,-316.0,-13.0,-469.0,-1405.0,-775.0,33623.0,5632000.0,2269.0,2707.0,0.0
10549378000,0.010265421947697738,97414.40781440781,2298.0,2137.0,1241.0,1928.0,2172.0,16068.0,-2396.0,892.0,-331.0,-19.0,-482.0,-1404.0,-780.0,33623.0,5630976.0,2271.0,2707.0,0.0
10549634000,0.010265421947697738,97414.40781440781,2303.0,2136.0,1242.0,1931.0,2164.0,16060.0,-2352.0,915.0,-346.0,7.0,-482.0,-1404.0,-780.0,33623.0,5630976.0,2272.0,2707.0,0.0
10549890000,0.010265421947697738,97414.40781440781,2312.0,2139.0,1243.0,1932.0,2228.0,15988.0,-2364.0,880.0,-354.0,-5.0,-476.0,-1404.0,-780.0,33623.0,5630464.0,2274.0,2709.0,0.0
10550146000,0.010265421947697738,97414.40781440781,2314.0,2138.0,1243.0,1932.0,2228.0,16020.0,-2344.0,899.0,-350.0,-17.0,-484.0,-1413.0,-776.0,33623.0,5630464.0,2273.0,2707.0,0.0
10550402000,0.010265421947697738,97414.40781440781,2317.0,2139.0,1242.0,1937.0,2212.0,16016.0,-2300.0,871.0,-352.0,-7.0,-481.0,-1404.0,-779.0,33623.0,5630720.0,2273.0,2707.0,0.0
10550658000,0.010265421947697738,97414.40781440781,2316.0,2137.0,1245.0,1933.0,2216.0,15980.0,-2356.0,863.0,-315.0,-2.0,-481.0,-1404.0,-779.0,33623.0,5630720.0,2273.0,2707.0,0.0
10550914000,0.010265421947697738,97414.40781440781,2320.0,2136.0,1241.0,1931.0,2236.0,16004.0,-2368.0,863.0,-315.0,-2.0,-480.0,-1407.0,-772.0,33623.0,5630976.0,2274.0,2709.0,0.0
10551170000,0.010265421947697738,97414.40781440781,2319.0,2137.0,1241.0,1933.0,2188.0,16104.0,-2344.0,882.0,-330.0,12.0,-480.0,-1402.0,-777.0,33623.0,5630976.0,2273.0,2707.0,0.0
10551426000,0.010265421947697738,97414.40781440781,2292.0,2137.0,1241.0,1929.0,2180.0,16060.0,-2368.0,870.0,-344.0,-14.0,-481.0,-1407.0,-774.0,33623.0,5630464.0,2255.0,2701.0,0.0
10551682000,0.010265421947697738,97414.40781440781,2291.0,2136.0,1238.0,1929.0,2204.0,16068.0,-2396.0,863.0,-336.0,23.0,-474.0,-1403.0,-780.0,33623.0,5630464.0,2265.0,2707.0,0.0
10551938000,0.010265421947697738,97414.40781440781,2285.0,2135.0,1239.0,1932.0,2160.0,16128.0,-2372.0,871.0,-318.0,-12.0,-474.0,-1403.0,-780.0,33623.0,5630720.0,2264.0,2708.0,0.0
10552194000,0.010265421947697738,97414.40781440781,2284.0,2136.0,1238.0,1929.0,2192.0,16100.0,-2344.0,890.0,-358.0,-11.0,-480.0,-1409.0,-777.0,33623.0,5630720.0,2264.0,2708.0,0.0
10552450000,0.010265421947697738,97414.40781440781,2266.0,2136.0,1239.0,1931.0,2188.0,16076.0,-2320.0,896.0,-349.0,-3.0,-480.0,-1405.0,-775.0,33623.0,5630976.0,2251.0,2701.0,0.0
10552706000,0.010265421947697738,97414.40781440781,2276.0,2135.0,1241.0,1934.0,2204.0,16040.0,-2332.0,872.0,-347.0,8.0,-484.0,-1405.0,-774.0,33623.0,5630976.0,2263.0,2707.0,0.0
10552962000,0.010265216083425248,97416.36141636141,2283.0,2138.0,1243.0,1934.0,2208.0,16036.0,-2340.0,863.0,-356.0,3.0,-477.0,-1408.0,-781.0,33623.0,5630976.0,2268.0,2707.0,0.0
10553218000,0.010265421947697738,97414.40781440781,2282.0,2136.0,1242.0,1932.0,2188.0,16000.0,-2324.0,863.0,-353.0,-28.0,-477.0,-1408.0,-781.0,33623.0,5630976.0,2264.0,2706.0,0.0
10553474000,0.010265216083425248,97416.36141636141,2293.0,2136.0,1241.0,1931.0,2156.0,16044.0,-2380.0,884.0,-334.0,-12.0,-481.0,-1405.0,-780.0,33623.0,5630720.0,2269.0,2707.0,0.0
10553730000,0.010265421947697738,97414.40781440781,2293.0,2136.0,1241.0,1930.0,2196.0,16056.0,-2360.0,885.0,-345.0,-12.0,-473.0,-1410.0,-776.0,33623.0,5630720.0,2266.0,2708.0,0.0
10553986000,0.010265421947697738,97414.40781440781,2287.0,2136.0,1240.0,1930.0,2224.0,16032.0,-2376.0,861.0,-344.0,-35.0,-476.0,-1404.0,-776.0,33623.0,5630208.0,2264.0,2708.0,0.0
10554242000,0.010265216083425248,97416.36141636141,2281.0,2135.0,1239.0,1931.0,2164.0,16096.0,-2396.0,875.0,-339.0,-25.0,-476.0,-1404.0,-776.0,33623.0,5630208.0,2262.0,2706.0,0.0
10554498000,0.010265421947697738,97414.40781440781,2287.0,2136.0,1240.0,1932.0,2232.0,16076.0,-2372.0,883.0,-330.0,-21.0,-469.0,-1406.0,-779.0,33623.0,5630464.0,2263.0,2708.0,0.0
10554754000,0.010265421947697738,97414.40781440781,2288.0,2133.0,1239.0,1929.0,2148.0,16080.0,-2364.0,884.0,-354.0,-24.0,-475.0,-1403.0,-779.0,33623.0,5630464.0,2263.0,2708.0,0.0
10555010000,0.010265216083425248,97416.36141636141,2289.0,2134.0,1240.0,1933.0,2172.0,16096.0,-2300.0,900.0,-336.0,-46.0,-477.0,-1406.0,-783.0,33623.0,5630720.0,2263.0,2708.0,0.0
10555266000,0.010265421947697738,97414.40781440781,2282.0,2135.0,1240.0,1928.0,2176.0,16116.0,-2372.0,889.0,-316.0,-25.0,-474.0,-1403.0,-782.0,33623.0,5630720.0,2261.0,2706.0,0.0
10555522000,0.010265421947697738,97414.40781440781,2287.0,2136.0,1239.0,1929.0,2160.0,16072.0,-2404.0,878.0,-340.0,-27.0,-474.0,-1403.0,-782.0,33623.0,5631232.0,2268.0,2707.0,0.0
10555778000,0.010265421947697738,97414.40781440781,2290.0,2134.0,1241.0,1930.0,2188.0,16024.0,-2388.0,908.0,-304.0,-40.0,-476.0,-1402.0,-783.0,33623.0,5631232.0,2265.0,2708.0,0.0
10556034000,0.010265421947697738,97414.40781440781,2303.0,2136.0,1242.0,1928.0,2208.0,16036.0,-2352.0,897.0,-311.0,-43.0,-475.0,-1404.0,-783.0,33623.0,5630976.0,2271.0,2709.0,0.0
10556290000,0.010265421947697738,97414.40781440781,2297.0,2135.0,1244.0,1931.0,2204.0,15984.0,-2364.0,891.0,-341.0,-46.0,-477.0,-1407.0,-778.0,33623.0,5630976.0,2265.0,2706.0,0.0
10556546000,0.010265421947697738,97414.40781440781,2213.0,2134.0,1242.0,1931.0,2208.0,16020.0,-2368.0,895.0,-353.0,-62.0,-474.0,-1409.0,-777.0,33623.0,5630464.0,2222.0,2689.0,0.0
10556802000,0.010265421947697738,97414.40781440781,2211.0,2138.0,1246.0,1931.0,2196.0,16004.0,-2396.0,887.0,-335.0,-45.0,-474.0,-1409.0,-777.0,33623.0,5630464.0,2244.0,2708.0,0.0
10557058000,0.010265421947697738,97414.40781440781,2241.0,2136.0,1242.0,1929.0,2216.0,15988.0,-2388.0,884.0,-358.0,-12.0,-484.0,-1406.0,-773.0,33623.0,5630464.0,2261.0,2709.0,0.0
10557314000,0.010265421947697738,97414.40781440781,2258.0,2134.0,1242.0,1929.0,2192.0,16028.0,-2332.0,910.0,-366.0,-17.0,-483.0,-1409.0,-778.0,33623.0,5630464.0,2262.0,2708.0,0.0
10557570000,0.010265421947697738,97414.40781440781,2247.0,2134.0,1241.0,1930.0,2160.0,16048.0,-2308.0,904.0,-380.0,-12.0,-477.0,-1404.0,-778.0,33623.0,5630976.0,2252.0,2702.0,0.0
10557826000,0.010265421947697738,97414.40781440781,2265.0,2136.0,1239.0,1930.0,2184.0,16072.0,-2312.0,901.0,-347.0,-28.0,-477.0,-1404.0,-778.0,33623.0,5630976.0,2263.0,2707.0,0.0
10558082000,0.010265421947697738,97414.40781440781,2286.0,2136.0,1241.0,1930.0,2184.0,16048.0,-2364.0,916.0,-351.0,-44.0,-481.0,-1407.0,-772.0,33629.0,5630976.0,2270.0,2709.0,0.0
10558338000,0.010265421947697738,97414.40781440781,2295.0,2135.0,1239.0,1930.0,2164.0,16056.0,-2336.0,897.0,-361.0,-49.0,-479.0,-1409.0,-776.0,33629.0,5630976.0,2272.0,2707.0,0.0
10558594000,0.010265421947697738,97414.40781440781,2299.0,2134.0,1241.0,1930.0,2164.0,16068.0,-2344.0,896.0,-370.0,-51.0,-486.0,-1406.0,-771.0,33629.0,5630464.0,2267.0,2708.0,0.0
10558850000,0.010265421947697738,97414.40781440781,2301.0,2135.0,1242.0,1929.0,2148.0,16048.0,-2372.0,901.0,-350.0,-28.0,-481.0,-1402.0,-781.0,33629.0,5630464.0,2269.0,2707.0,0.0
10559106000,0.010265421947697738,97414.40781440781,2289.0,2136.0,1242.0,1927.0,2180.0,16036.0,-2376.0,887.0,-331.0,-22.0,-481.0,-1402.0,-781.0,33629.0,5630464.0,2259.0,2708.0,0.0
10559362000,0.010265421947697738,97414.40781440781,2292.0,2135.0,1241.0,1925.0,2172.0,16036.0,-2396.0,915.0,-320.0,-46.0,-485.0,-1407.0,-779.0,33629.0,5630464.0,2266.0,2707.0,0.0
10559618000,0.010265421947697738,97414.40781440781,2279.0,2134.0,1243.0,1932.0,2196.0,16032.0,-2396.0,905.0,-325.0,-17.0,-479.0,-1408.0,-773.0,33629.0,5630720.0,2260.0,2703.0,0.0
10559874000,0.010265421947697738,97414.40781440781,2278.0,2133.0,1242.0,1930.0,2120.0,16072.0,-2380.0,954.0,-345.0,-16.0,-479.0,-1409.0,-782.0,33629.0,5630720.0,2261.0,2708.0,0.0
10560130000,0.010265421947697738,97414.40781440781,2276.0,2134.0,1240.0,1934.0,2136.0,16060.0,-2380.0,970.0,-369.0,-9.0,-486.0,-1407.0,-774.0,33629.0,5630464.0,2262.0,2708.0,0.0
10560386000,0.010265421947697738,97414.40781440781,2286.0,2134.0,1241.0,1932.0,2200.0,16120.0,-2304.0,977.0,-380.0,-6.0,-486.0,-1407.0,-774.0,33629.0,5630464.0,2268.0,2707.0,0.0
10560642000,0.010265421947697738,97414.40781440781,2269.0,2137.0,1239.0,1935.0,2228.0,16056.0,-2252.0,930.0,-396.0,-17.0,-480.0,-1406.0,-777.0,33629.0,5630464.0,2254.0,2702.0,0.0
10560898000,0.010265421947697738,97414.40781440781,2274.0,2138.0,1241.0,1935.0,2224.0,16068.0,-2268.0,924.0,-357.0,-37.0,-475.0,-1401.0,-782.0,33629.0,5630464.0,2264.0,2707.0,0.0
10561154000,0.010265421947697738,97414.40781440781,2289.0,2138.0,1240.0,1933.0,2236.0,16012.0,-2248.0,905.0,-342.0,-38.0,-471.0,-1402.0,-784.0,33629.0,5630464.0,2270.0,2709.0,0.0
10561410000,0.010265421947697738,97414.40781440781,2300.0,2136.0,1241.0,1935.0,2224.0,16048.0,-2324.0,873.0,-345.0,-34.0,-471.0,-1402.0,-784.0,33629.0,5630464.0,2271.0,2707.0,0.0
10561666000,0.010265421947697738,97414.40781440781,2304.0,2137.0,1241.0,1932.0,2204.0,16032.0,-2364.0,844.0,-333.0,-19.0,-476.0,-1410.0,-777.0,33629.0,5630720.0,2267.0,2708.0,0.0
10561922000,0.010265216083425248,97416.36141636141,2293.0,2138.0,1240.0,1931.0,2212.0,16016.0,-2328.0,862.0,-366.0,-24.0,-472.0,-1399.0,-779.0,33629.0,5630720.0,2264.0,2708.0,0.0
10562178000,0.010265421947697738,97414.40781440781,2287.0,2136.0,1241.0,1933.0,2196.0,16076.0,-2356.0,875.0,-365.0,13.0,-475.0,-1401.0,-785.0,33629.0,5630464.0,2264.0,2708.0,0.0
10562434000,0.010265421947697738,97414.40781440781,2281.0,2137.0,1244.0,1933.0,2228.0,16032.0,-2320.0,858.0,-374.0,-3.0,-477.0,-1403.0,-777.0,33629.0,5630464.0,2262.0,2706.0,0.0
10562690000,0.010265216083425248,97416.36141636141,2287.0,2139.0,1243.0,1932.0,2244.0,16000.0,-2308.0,869.0,-376.0,-20.0,-477.0,-1403.0,-777.0,33629.0,5630976.0,2268.0,2707.0,0.0
10562946000,0.010265421947697738,97414.40781440781,2290.0,2138.0,1243.0,1932.0,2244.0,15972.0,-2368.0,901.0,-353.0,-19.0,-477.0,-1410.0,-777.0,33629.0,5630976.0,2265.0,2708.0,0.0
10563202000,0.010265216083425248,97416.36141636141,2286.0,2139.0,1245.0,1930.0,2220.0,15996.0,-2404.0,871.0,-358.0,-38.0,-476.0,-1404.0,-782.0,33629.0,5630464.0,2264.0,2708.0,0.0
10563458000,0.010265421947697738,97414.40781440781,2287.0,2136.0,1240.0,1928.0,2184.0,16064.0,-2376.0,890.0,-351.0,-18.0,-472.0,-1406.0,-778.0,33629.0,5630464.0,2263.0,2708.0,0.0
10563714000,0.010265216083425248,97416.36141636141,2280.0,2134.0,1241.0,1927.0,2156.0,16044.0,-2384.0,901.0,-373.0,-10.0,-473.0,-1406.0,-777.0,33629.0,5630976.0,2259.0,2703.0,0.0
10563970000,0.010265421947697738,97414.40781440781,2279.0,2133.0,1240.0,1929.0,2144.0,16044.0,-2416.0,905.0,-383.0,1.0,-473.0,-1406.0,-777.0,33629.0,5630976.0,2261.0,2708.0,0.0
10564226000,0.010265421947697738,97414.40781440781,2278.0,2131.0,1239.0,1929.0,2144.0,16080.0,-2348.0,926.0,-388.0,-3.0,-476.0,-1399.0,-781.0,33629.0,5630976.0,2261.0,2706.0,0.0
10564482000,0.010265421947697738,97414.40781440781,2278.0,2132.0,1239.0,1934.0,2076.0,16048.0,-2320.0,933.0,-385.0,-7.0,-477.0,-1406.0,-776.0,33629.0,5630976.0,2262.0,2708.0,0.0
10564738000,0.010265216083425248,97416.36141636141,2271.0,2132.0,1241.0,1932.0,2092.0,16056.0,-2220.0,902.0,-337.0,-6.0,-481.0,-1411.0,-774.0,33629.0,5630720.0,2258.0,2703.0,0.0
10564994000,0.010265421947697738,97414.40781440781,2280.0,2135.0,1242.0,1933.0,2152.0,16020.0,-2272.0,892.0,-328.0,-35.0,-481.0,-1411.0,-774.0,33629.0,5630720.0,2266.0,2707.0,0.0
10565250000,0.010265421947697738,97414.40781440781,2299.0,2135.0,1241.0,1934.0,2156.0,16056.0,-2312.0,895.0,-338.0,-41.0,-480.0,-1406.0,-774.0,33629.0,5630976.0,2271.0,2709.0,0.0
10565506000,0.010265421947697738,97414.40781440781,2303.0,2137.0,1242.0,1932.0,2192.0,16008.0,-2272.0,906.0,-300.0,-54.0,-478.0,-1414.0,-779.0,33629.0,5630976.0,2272.0,2707.0,0.0
10565762000,0.010265216083425248,97416.36141636141,2303.0,2137.0,1240.0,1935.0,2244.0,16024.0,-2292.0,921.0,-329.0,-45.0,-480.0,-1411.0,-776.0,33629.0,5630720.0,2267.0,2708.0,0.0
10566018000,0.010265421947697738,97414.40781440781,2303.0,2136.0,1240.0,1931.0,2188.0,16080.0,-2368.0,908.0,-332.0,-38.0,-480.0,-1406.0,-775.0,33629.0,5630720.0,2270.0,2707.0,0.0
10566274000,0.010265421947697738,97414.40781440781,2311.0,2138.0,1241.0,1929.0,2224.0,16060.0,-2392.0,928.0,-352.0,-14.0,-480.0,-1406.0,-775.0,33629.0,5632000.0,2273.0,2709.0,0.0
10566530000,0.010265421947697738,97414.40781440781,2309.0,2137.0,1243.0,1933.0,2216.0,15960.0,-2344.0,961.0,-390.0,-28.0,-485.0,-1398.0,-782.0,33629.0,5632000.0,2267.0,2708.0,0.0
10566786000,0.010265421947697738,97414.40781440781,2301.0,2134.0,1239.0,1930.0,2148.0,16112.0,-2336.0,953.0,-360.0,-11.0,-480.0,-1404.0,-781.0,33629.0,5630464.0,2265.0,2708.0,0.0
10567042000,0.010265421947697738,97414.40781440781,2303.0,2134.0,1239.0,1934.0,2176.0,16104.0,-2296.0,954.0,-369.0,-41.0,-484.0,-1409.0,-779.0,33629.0,5630464.0,2269.0,2707.0,0.0
10567298000,0.010265421947697738,97414.40781440781,2297.0,2134.0,1237.0,1933.0,2180.0,16060.0,-2328.0,937.0,-387.0,-51.0,-484.0,-1407.0,-778.0,33629.0,5630976.0,2266.0,2708.0,0.0
10567554000,0.010265421947697738,97414.40781440781,2302.0,2133.0,1239.0,1936.0,2164.0,16092.0,-2268.0,948.0,-378.0,-46.0,-484.0,-1407.0,-778.0,33629.0,5630976.0,2269.0,2707.0,0.0
10567810000,0.010265421947697738,97414.40781440781,2298.0,2134.0,1241.0,1933.0,2116.0,16132.0,-2196.0,948.0,-378.0,-46.0,-481.0,-1403.0,-775.0,33629.0,5630976.0,2266.0,2708.0,0.0
10568066000,0.010265421947697738,97414.40781440781,2290.0,2136.0,1242.0,1935.0,2196.0,16016.0,-2256.0,897.0,-327.0,-6.0,-475.0,-1408.0,-776.0,33629.0,5630976.0,2264.0,2708.0,0.0
10568322000,0.010265216083425248,97416.36141636141,2285.0,2133.0,1241.0,1933.0,2132.0,16060.0,-2308.0,890.0,-336.0,-10.0,-475.0,-1404.0,-775.0,33629.0,5630464.0,2264.0,2708.0,0.0
10568578000,0.010265421947697738,97414.40781440781,2287.0,2134.0,1240.0,1933.0,2116.0,16060.0,-2348.0,898.0,-363.0,-55.0,-475.0,-1404.0,-775.0,33629.0,5630464.0,2268.0,2707.0,0.0
10568834000,0.010265421947697738,97414.40781440781,2272.0,2137.0,1240.0,1931.0,2184.0,16052.0,-2412.0,924.0,-341.0,-46.0,-479.0,-1409.0,-782.0,33629.0,5630976.0,2256.0,2704.0,0.0
10569090000,0.010265421947697738,97414.40781440781,2281.0,2136.0,1241.0,1932.0,2188.0,16076.0,-2344.0,934.0,-369.0,-16.0,-474.0,-1408.0,-778.0,33629.0,5630976.0,2265.0,2707.0,0.0
10569346000,0.010265216083425248,97416.36141636141,2280.0,2137.0,1243.0,1932.0,2176.0,16048.0,-2292.0,966.0,-401.0,-47.0,-469.0,-1409.0,-779.0,33629.0,5630976.0,2264.0,2708.0,0.0
10569602000,0.010265421947697738,97414.40781440781,2285.0,2136.0,1241.0,1931.0,2212.0,16072.0,-2344.0,962.0,-426.0,-28.0,-473.0,-1405.0,-774.0,33629.0,5630976.0,2268.0,2707.0,0.0
10569858000,0.010265216083425248,97416.36141636141,2269.0,2138.0,1241.0,1933.0,2256.0,16044.0,-2320.0,946.0,-407.0,-22.0,-473.0,-1405.0,-774.0,33629.0,5630464.0,2256.0,2704.0,0.0
10570114000,0.010265421947697738,97414.40781440781,2268.0,2136.0,1241.0,1933.0,2212.0,16008.0,-2272.0,930.0,-372.0,-31.0,-471.0,-1408.0,-781.0,33629.0,5630464.0,2260.0,2708.0,0.0
10570370000,0.010265421947697738,97414.40781440781,2280.0,2134.0,1238.0,1932.0,2112.0,16100.0,-2304.0,970.0,-396.0,-29.0,-471.0,-1398.0,-776.0,33629.0,5630720.0,2268.0,2709.0,0.0
10570626000,0.010265421947697738,97414.40781440781,2297.0,2134.0,1239.0,1931.0,2192.0,16148.0,-2280.0,949.0,-369.0,-38.0,-471.0,-1406.0,-774.0,33629.0,5630720.0,2271.0,2707.0,0.0
10570882000,0.010265216083425248,97416.36141636141,2301.0,2135.0,1240.0,1932.0,2164.0,16096.0,-2332.0,949.0,-378.0,-1.0,-475.0,-1403.0,-777.0,33629.0,5630976.0,2272.0,2707.0,0.0
10571138000,0.010265421947697738,97414.40781440781,2305.0,2134.0,1239.0,1932.0,2120.0,16080.0,-2388.0,990.0,-385.0,31.0,-475.0,-1403.0,-777.0,33629.0,5630976.0,2272.0,2707.0,0.0
10571394000,0.010265421947697738,97414.40781440781,2305.0,2132.0,1241.0,1930.0,2104.0,16112.0,-2344.0,1003.0,-395.0,23.0,-473.0,-1404.0,-784.0,33629.0,5630976.0,2267.0,2708.0,0.0
10571650000,0.010265421947697738,97414.40781440781,2306.0,2134.0,1240.0,1932.0,2160.0,16092.0,-2288.0,970.0,-358.0,29.0,-477.0,-1404.0,-780.0,33629.0,5630976.0,2270.0,2707.0,0.0
10571906000,0.010265421947697738,97414.40781440781,2300.0,2136.0,1244.0,1933.0,2180.0,16048.0,-2300.0,967.0,-376.0,36.0,-480.0,-1408.0,-776.0,33629.0,5630976.0,2266.0,2708.0,0.0
10572162000,0.010265421947697738,97414.40781440781,2289.0,2135.0,1242.0,1935.0,2132.0,16052.0,-2320.0,984.0,-382.0,12.0,-480.0,-1408.0,-776.0,33629.0,5630976.0,2264.0,2708.0,0.0
10572418000,0.010265216083425248,97416.36141636141,2286.0,2136.0,1244.0,1935.0,2196.0,16016.0,-2372.0,981.0,-391.0,18.0,-475.0,-1405.0,-776.0,33629.0,5632000.0,2264.0,2708.0,0.0
10572674000,0.010265216083425248,97416.36141636141,2290.0,2136.0,1243.0,1937.0,2164.0,16096.0,-2260.0,966.0,-403.0,4.0,-479.0,-1408.0,-780.0,33629.0,5632000.0,2268.0,2707.0,0.0
10572930000,0.010265421947697738,97414.40781440781,2271.0,2135.0,1242.0,1933.0,2076.0,16032.0,-2304.0,995.0,-407.0,45.0,-484.0,-1403.0,-786.0,33629.0,5630720.0,2256.0,2704.0,0.0
10573186000,0.010265216083425248,97416.36141636141,2266.0,2134.0,1239.0,1931.0,2136.0,16076.0,-2404.0,996.0,-425.0,11.0,-484.0,-1409.0,-779.0,33629.0,5630720.0,2258.0,2706.0,0.0
10573442000,0.010265421947697738,97414.40781440781,2228.0,2135.0,1242.0,1937.0,2144.0,16048.0,-2276.0,933.0,-397.0,-9.0,-484.0,-1409.0,-779.0,33629.0,5630976.0,2464.0,2687.0,0.0
10573698000,0.010265421947697738,97414.40781440781,2230.0,2133.0,1240.0,1933.0,2104.0,16044.0,-2252.0,952.0,-410.0,8.0,-481.0,-1407.0,-782.0,33629.0,5630976.0,2359.0,2707.0,0.0
10573954000,0.010265421947697738,97414.40781440781,2114.0,2132.0,1241.0,1933.0,2092.0,16112.0,-2280.0,948.0,-421.0,-7.0,-481.0,-1404.0,-780.0,33629.0,5631232.0,2304.0,2705.0,0.0
10574210000,0.010265421947697738,97414.40781440781,2222.0,2134.0,1240.0,1934.0,2152.0,16088.0,-2240.0,946.0,-422.0,-14.0,-476.0,-1406.0,-775.0,33629.0,5631232.0,2282.0,2708.0,0.0
10574466000,0.010265216083425248,97416.36141636141,2259.0,2133.0,1243.0,1939.0,2112.0,16084.0,-2248.0,948.0,-448.0,6.0,-477.0,-1402.0,-781.0,33629.0,5630976.0,2272.0,2708.0,0.0
10574722000,0.010265421947697738,97414.40781440781,2282.0,2133.0,1240.0,1938.0,2120.0,16084.0,-2208.0,927.0,-392.0,-5.0,-477.0,-1402.0,-781.0,33629.0,5630976.0,2272.0,2707.0,0.0
10574978000,0.010265421947697738,97414.40781440781,2293.0,2139.0,1239.0,1939.0,2204.0,16084.0,-2180.0,915.0,-387.0,-10.0,-484.0,-1403.0,-783.0,33629.0,5630720.0,2267.0,2708.0,0.0
10575234000,0.010265421947697738,97414.40781440781,2292.0,2140.0,1243.0,1940.0,2216.0,16076.0,-2176.0,932.0,-392.0,28.0,-481.0,-1406.0,-775.0,33629.0,5630720.0,2265.0,2708.0,0.0
10575490000,0.010265421947697738,97414.40781440781,2286.0,2135.0,1240.0,1937.0,2184.0,16032.0,-2284.0,988.0,-435.0,24.0,-479.0,-1405.0,-779.0,33629.0,5630720.0,2264.0,2708.0,0.0
10575746000,0.010265421947697738,97414.40781440781,2280.0,2134.0,1240.0,1935.0,2080.0,16112.0,-2336.0,1001.0,-393.0,-12.0,-479.0,-1405.0,-779.0,33629.0,5630720.0,2262.0,2706.0,0.0
10576002000,0.010265216083425248,97416.36141636141,2287.0,2129.0,1240.0,1934.0,2072.0,16112.0,-2300.0,1004.0,-396.0,-19.0,-471.0,-1408.0,-778.0,33629.0,5630976.0,2263.0,2708.0,0.0
10576258000,0.010265421947697738,97414.40781440781,2288.0,2128.0,1240.0,1930.0,2040.0,16148.0,-2324.0,1007.0,-399.0,14.0,-468.0,-1407.0,-779.0,33629.0,5630976.0,2263.0,2708.0,0.0
10576514000,0.010265421947697738,97414.40781440781,2288.0,2129.0,1239.0,1932.0,2040.0,16096.0,-2304.0,992.0,-441.0,26.0,-477.0,-1401.0,-781.0,33629.0,5629696.0,2263.0,2708.0,0.0
10576770000,0.010265421947697738,97414.40781440781,2294.0,2130.0,1240.0,1936.0,2040.0,16056.0,-2268.0,969.0,-459.0,42.0,-476.0,-1409.0,-783.0,33629.0,5629696.0,2267.0,2707.0,0.0
10577026000,0.010265421947697738,97414.40781440781,2300.0,2134.0,1240.0,1939.0,2108.0,16044.0,-2232.0,958.0,-452.0,40.0,-476.0,-1409.0,-783.0,33629.0,5630464.0,2270.0,2707.0,0.0
10577282000,0.010265421947697738,97414.40781440781,2310.0,2133.0,1241.0,1939.0,2128.0,16044.0,-2136.0,942.0,-429.0,11.0,-480.0,-1407.0,-781.0,33629.0,5630464.0,2273.0,2709.0,0.0
10577538000,0.010265421947697738,97414.40781440781,2303.0,2133.0,1243.0,1940.0,2152.0,16048.0,-2132.0,936.0,-402.0,3.0,-484.0,-1400.0,-778.0,33629.0,5630720.0,2268.0,2708.0,0.0
10577794000,0.010265421947697738,97414.40781440781,2304.0,2132.0,1240.0,1939.0,2120.0,16092.0,-2160.0,938.0,-362.0,-12.0,-481.0,-1400.0,-773.0,33629.0,5630720.0,2270.0,2707.0,0.0
10578050000,0.010265421947697738,97414.40781440781,2309.0,2134.0,1239.0,1937.0,2084.0,16104.0,-2244.0,914.0,-340.0,-22.0,-472.0,-1404.0,-776.0,33629.0,5630976.0,2271.0,2707.0,0.0
10578306000,0.010265421947697738,97414.40781440781,2309.0,2132.0,1238.0,1935.0,2060.0,16132.0,-2324.0,908.0,-352.0,-22.0,-472.0,-1404.0,-776.0,33629.0,5630976.0,2272.0,2707.0,0.0
10578562000,0.010265421947697738,97414.40781440781,2307.0,2131.0,1238.0,1934.0,2084.0,16128.0,-2244.0,915.0,-374.0,-12.0,-473.0,-1404.0,-785.0,33629.0,5630464.0,2267.0,2708.0,0.0
10578818000,0.010265421947697738,97414.40781440781,2300.0,2133.0,1237.0,1933.0,2104.0,16120.0,-2268.0,905.0,-378.0,-11.0,-475.0,-1408.0,-779.0,33629.0,5630464.0,2265.0,2708.0,0.0
10579074000,0.010265216083425248,97416.36141636141,2291.0,2134.0,1239.0,1936.0,2168.0,16104.0,-2232.0,936.0,-417.0,2.0,-476.0,-1406.0,-782.0,33629.0,5630208.0,2264.0,2708.0,0.0
10579330000,0.010265421947697738,97414.40781440781,2291.0,2133.0,1240.0,1939.0,2096.0,16072.0,-2204.0,955.0,-393.0,25.0,-476.0,-1406.0,-782.0,33629.0,5630208.0,2268.0,2707.0,0.0
10579586000,0.010265421947697738,97414.40781440781,2300.0,2132.0,1239.0,1938.0,2064.0,16056.0,-2176.0,932.0,-372.0,-8.0,-482.0,-1401.0,-787.0,33629.0,5630976.0,2272.0,2709.0,0.0
10579842000,0.010265216083425248,97416.36141636141,2303.0,2133.0,1241.0,1937.0,2064.0,16064.0,-2160.0,899.0,-353.0,-32.0,-484.0,-1401.0,-787.0,33629.0,5630976.0,2272.0,2707.0,0.0
10580098000,0.010265421947697738,97414.40781440781,2231.0,2130.0,1240.0,1939.0,2084.0,16076.0,-2188.0,910.0,-361.0,-42.0,-477.0,-1406.0,-772.0,33629.0,5631232.0,2227.0,2690.0,0.0
10580354000,0.010265216083425248,97416.36141636141,2237.0,2131.0,1242.0,1942.0,2044.0,16076.0,-2188.0,909.0,-358.0,-62.0,-485.0,-1407.0,-785.0,33629.0,5631232.0,2251.0,2707.0,0.0
10580610000,0.010265421947697738,97414.40781440781,2249.0,2132.0,1241.0,1939.0,2080.0,16048.0,-2188.0,903.0,-356.0,-64.0,-485.0,-1407.0,-785.0,33629.0,5630720.0,2258.0,2708.0,0.0
10580866000,0.010265421947697738,97414.40781440781,2262.0,2133.0,1242.0,1938.0,2084.0,16048.0,-2172.0,879.0,-359.0,-47.0,-487.0,-1408.0,-779.0,33629.0,5630720.0,2261.0,2708.0,0.0
10581122000,0.010265421947697738,97414.40781440781,2268.0,2134.0,1239.0,1940.0,2116.0,16072.0,-2216.0,865.0,-341.0,-60.0,-481.0,-1406.0,-787.0,33629.0,5630720.0,2259.0,2705.0,0.0
10581378000,0.010265421947697738,97414.40781440781,2279.0,2133.0,1240.0,1937.0,2112.0,16104.0,-2228.0,855.0,-337.0,-68.0,-484.0,-1409.0,-777.0,33629.0,5630720.0,2266.0,2707.0,0.0
10581634000,0.010265421947697738,97414.40781440781,2291.0,2134.0,1238.0,1936.0,2124.0,16076.0,-2272.0,876.0,-347.0,-71.0,-484.0,-1409.0,-777.0,33629.0,5630720.0,2270.0,2707.0,0.0
10581890000,0.010265421947697738,97414.40781440781,2291.0,2131.0,1239.0,1938.0,2116.0,16124.0,-2264.0,873.0,-343.0,-64.0,-480.0,-1407.0,-784.0,33629.0,5630720.0,2265.0,2706.0,0.0
10582146000,0.010265421947697738,97414.40781440781,2287.0,2133.0,1238.0,1938.0,2140.0,16108.0,-2228.0,864.0,-358.0,-50.0,-478.0,-1411.0,-786.0,33629.0,5630720.0,2264.0,2708.0,0.0
10582402000,0.010265216083425248,97416.36141636141,2283.0,2133.0,1238.0,1937.0,2108.0,16136.0,-2200.0,882.0,-336.0,-30.0,-479.0,-1413.0,-775.0,33629.0,5630720.0,2264.0,2708.0,0.0
10582658000,0.010265421947697738,97414.40781440781,2286.0,2132.0,1236.0,1934.0,2060.0,16104.0,-2256.0,872.0,-325.0,-29.0,-478.0,-1402.0,-782.0,33629.0,5630720.0,2263.0,2708.0,0.0
10582914000,0.010265421947697738,97414.40781440781,2288.0,2132.0,1240.0,1936.0,2108.0,16088.0,-2252.0,892.0,-332.0,-55.0,-478.0,-1402.0,-782.0,33629.0,5630720.0,2268.0,2707.0,0.0
10583170000,0.010265421947697738,97414.40781440781,2285.0,2131.0,1240.0,1937.0,2088.0,16108.0,-2204.0,889.0,-363.0,-22.0,-479.0,-1405.0,-780.0,33629.0,5631232.0,2262.0,2705.0,0.0
10583426000,0.010265216083425248,97416.36141636141,2287.0,2131.0,1240.0,1937.0,2092.0,16068.0,-2184.0,894.0,-342.0,-38.0,-471.0,-1398.0,-784.0,33629.0,5631232.0,2263.0,2708.0,0.0
10583682000,0.010265216083425248,97416.36141636141,2290.0,2132.0,1239.0,1941.0,2124.0,16060.0,-2168.0,864.0,-345.0,-31.0,-477.0,-1403.0,-780.0,33629.0,5630720.0,2268.0,2707.0,0.0
10583938000,0.010265421947697738,97414.40781440781,2283.0,2130.0,1239.0,1942.0,2080.0,16080.0,-2192.0,849.0,-310.0,-51.0,-470.0,-1407.0,-783.0,33629.0,5630720.0,2264.0,2706.0,0.0
10584194000,0.010265421947697738,97414.40781440781,2275.0,2133.0,1240.0,1938.0,2104.0,16044.0,-2152.0,825.0,-254.0,-21.0,-470.0,-1407.0,-783.0,33629.0,5630976.0,2260.0,2705.0,0.0
10584450000,0.010265421947697738,97414.40781440781,2290.0,2134.0,1240.0,1937.0,2144.0,16032.0,-2268.0,825.0,-254.0,-21.0,-472.0,-1402.0,-783.0,33629.0,5630976.0,2267.0,2707.0,0.0
10584706000,0.010265216083425248,97416.36141636141,2291.0,2136.0,1241.0,1936.0,2124.0,16016.0,-2244.0,832.0,-261.0,-41.0,-474.0,-1406.0,-780.0,33629.0,5630720.0,2265.0,2708.0,0.0
10584962000,0.010265421947697738,97414.40781440781,2297.0,2132.0,1240.0,1938.0,2128.0,16040.0,-2240.0,884.0,-323.0,-59.0,-472.0,-1402.0,-781.0,33629.0,5630720.0,2269.0,2707.0,0.0
10585218000,0.010265421947697738,97414.40781440781,2287.0,2134.0,1240.0,1937.0,2092.0,16112.0,-2248.0,894.0,-329.0,-55.0,-472.0,-1402.0,-781.0,33629.0,5630464.0,2262.0,2705.0,0.0
10585474000,0.010265421947697738,97414.40781440781,2291.0,2133.0,1239.0,1937.0,2136.0,16088.0,-2204.0,890.0,-352.0,-49.0,-473.0,-1405.0,-784.0,33629.0,5630464.0,2268.0,2707.0,0.0
10585730000,0.010265421947697738,97414.40781440781,2292.0,2132.0,1240.0,1937.0,2132.0,16140.0,-2200.0,893.0,-354.0,-58.0,-475.0,-1405.0,-780.0,33629.0,5630464.0,2266.0,2708.0,0.0
10585986000,0.010265421947697738,97414.40781440781,2299.0,2133.0,1241.0,1939.0,2104.0,16108.0,-2184.0,890.0,-362.0,-53.0,-474.0,-1404.0,-782.0,33629.0,5630464.0,2270.0,2707.0,0.0
10586242000,0.010265421947697738,97414.40781440781,2294.0,2133.0,1239.0,1936.0,2096.0,16104.0,-2220.0,890.0,-330.0,-64.0,-478.0,-1404.0,-778.0,33629.0,5630720.0,2263.0,2705.0,0.0
10586498000,0.010265216083425248,97416.36141636141,2293.0,2132.0,1241.0,1934.0,2096.0,16060.0,-2288.0,851.0,-291.0,-53.0,-478.0,-1404.0,-778.0,33629.0,5630720.0,2268.0,2707.0,0.0
10586754000,0.010265421947697738,97414.40781440781,2294.0,2133.0,1239.0,1936.0,2060.0,16088.0,-2256.0,877.0,-305.0,-83.0,-476.0,-1406.0,-782.0,33629.0,5630976.0,2265.0,2708.0,0.0
10587010000,0.010265421947697738,97414.40781440781,2299.0,2132.0,1240.0,1937.0,2056.0,16144.0,-2208.0,874.0,-294.0,-47.0,-478.0,-1402.0,-780.0,33629.0,5630976.0,2269.0,2707.0,0.0
10587266000,0.010265421947697738,97414.40781440781,2297.0,2132.0,1239.0,1938.0,2068.0,16120.0,-2228.0,862.0,-308.0,-20.0,-477.0,-1398.0,-782.0,33629.0,5630976.0,2266.0,2708.0,0.0
10587522000,0.010265421947697738,97414.40781440781,2299.0,2134.0,1238.0,1939.0,2104.0,16108.0,-2188.0,857.0,-313.0,5.0,-479.0,-1405.0,-775.0,33629.0,5630976.0,2269.0,2707.0,0.0
10587778000,0.010265216083425248,97416.36141636141,2297.0,2134.0,1240.0,1939.0,2136.0,16076.0,-2184.0,881.0,-359.0,7.0,-479.0,-1405.0,-775.0,33629.0,5630464.0,2266.0,2708.0,0.0
10588034000,0.010265421947697738,97414.40781440781,2290.0,2134.0,1240.0,1941.0,2176.0,16080.0,-2136.0,888.0,-365.0,-17.0,-481.0,-1409.0,-777.0,33629.0,5630464.0,2264.0,2708.0,0.0
10588290000,0.010265421947697738,97414.40781440781,2285.0,2132.0,1239.0,1942.0,2092.0,16160.0,-2184.0,864.0,-320.0,-23.0,-479.0,-1402.0,-782.0,33629.0,5630720.0,2262.0,2706.0,0.0
10588546000,0.010265216083425248,97416.36141636141,2289.0,2132.0,1239.0,1937.0,2076.0,16092.0,-2240.0,827.0,-308.0,-28.0,-483.0,-1403.0,-785.0,33629.0,5630720.0,2268.0,2707.0,0.0
10588802000,0.010265421947697738,97414.40781440781,2288.0,2133.0,1238.0,1934.0,2092.0,16128.0,-2296.0,824.0,-321.0,-23.0,-483.0,-1403.0,-785.0,33629.0,5630976.0,2265.0,2708.0,0.0
10589058000,0.010265421947697738,97414.40781440781,2297.0,2132.0,1237.0,1934.0,2104.0,16156.0,-2320.0,837.0,-349.0,-29.0,-489.0,-1401.0,-782.0,33629.0,5630976.0,2269.0,2707.0,0.0
10589314000,0.010265421947697738,97414.40781440781,2289.0,2131.0,1238.0,1933.0,2076.0,16048.0,-2320.0,876.0,-389.0,-26.0,-479.0,-1410.0,-782.0,33629.0,5630976.0,2264.0,2706.0,0.0
10589570000,0.010265421947697738,97414.40781440781,2285.0,2133.0,1242.0,1935.0,2096.0,16040.0,-2280.0,894.0,-404.0,-27.0,-479.0,-1402.0,-784.0,33629.0,5630976.0,2264.0,2708.0,0.0
10589826000,0.010265421947697738,97414.40781440781,2287.0,2134.0,1242.0,1937.0,2120.0,16040.0,-2216.0,892.0,-411.0,-26.0,-484.0,-1408.0,-780.0,33629.0,5630464.0,2263.0,2708.0,0.0
10590082000,0.010265421947697738,97414.40781440781,2288.0,2134.0,1242.0,1937.0,2116.0,16024.0,-2252.0,916.0,-389.0,-22.0,-484.0,-1408.0,-780.0,33629.0,5630464.0,2268.0,2707.0,0.0
10590338000,0.010265421947697738,97414.40781440781,2292.0,2133.0,1244.0,1938.0,2124.0,16032.0,-2232.0,896.0,-349.0,-47.0,-475.0,-1404.0,-778.0,33629.0,5630976.0,2265.0,2708.0,0.0
10590594000,0.010265421947697738,97414.40781440781,2298.0,2134.0,1241.0,1941.0,2164.0,16088.0,-2208.0,881.0,-338.0,-32.0,-476.0,-1404.0,-783.0,33629.0,5630976.0,2269.0,2707.0,0.0
10590850000,0.010265216083425248,97416.36141636141,2302.0,2134.0,1239.0,1940.0,2120.0,16104.0,-2196.0,856.0,-297.0,-23.0,-475.0,-1402.0,-776.0,33629.0,5630208.0,2272.0,2709.0,0.0
10591106000,0.010265421947697738,97414.40781440781,2303.0,2135.0,1240.0,1937.0,2104.0,16128.0,-2208.0,850.0,-314.0,-33.0,-465.0,-1401.0,-778.0,33629.0,5630208.0,2272.0,2707.0,0.0
10591362000,0.010265421947697738,97414.40781440781,2304.0,2133.0,1239.0,1934.0,2140.0,16132.0,-2224.0,890.0,-332.0,-45.0,-465.0,-1401.0,-778.0,33629.0,5630464.0,2267.0,2708.0,0.0
10591618000,0.010265421947697738,97414.40781440781,2307.0,2132.0,1236.0,1937.0,2044.0,16112.0,-2248.0,867.0,-292.0,-29.0,-476.0,-1407.0,-782.0,33629.0,5630464.0,2270.0,2707.0,0.0
10591874000,0.010265421947697738,97414.40781440781,2307.0,2134.0,1240.0,1936.0,2108.0,16084.0,-2272.0,888.0,-295.0,-17.0,-479.0,-1407.0,-776.0,33629.0,5630976.0,2272.0,2708.0,0.0
10592130000,0.010265421947697738,97414.40781440781,2301.0,2130.0,1240.0,1934.0,2064.0,16128.0,-2284.0,908.0,-332.0,-69.0,-477.0,-1402.0,-778.0,33629.0,5630976.0,2266.0,2706.0,0.0
10592386000,0.010265216083425248,97416.36141636141,2294.0,2130.0,1239.0,1935.0,2072.0,16112.0,-2252.0,909.0,-303.0,-66.0,-477.0,-1402.0,-778.0,33629.0,5630976.0,2263.0,2706.0,0.0
10592642000,0.010265216083425248,97416.36141636141,2295.0,2130.0,1240.0,1935.0,2044.0,16072.0,-2264.0,931.0,-324.0,-59.0,-476.0,-1405.0,-782.0,33629.0,5630976.0,2268.0,2707.0,0.0
10592898000,0.010265216083425248,97416.36141636141,2294.0,2132.0,1242.0,1935.0,2088.0,16064.0,-2252.0,926.0,-332.0,-71.0,-476.0,-1408.0,-777.0,33629.0,5630720.0,2265.0,2708.0,0.0
10593154000,0.010265421947697738,97414.40781440781,2292.0,2135.0,1240.0,1935.0,2056.0,16036.0,-2252.0,937.0,-340.0,-68.0,-471.0,-1407.0,-779.0,33629.0,5630720.0,2263.0,2706.0,0.0
10593410000,0.010265216083425248,97416.36141636141,2292.0,2135.0,1239.0,1938.0,2136.0,16112.0,-2216.0,902.0,-330.0,-62.0,-476.0,-1405.0,-789.0,33629.0,5629952.0,2268.0,2707.0,0.0
10593666000,0.010265216083425248,97416.36141636141,2285.0,2134.0,1238.0,1938.0,2144.0,16080.0,-2208.0,907.0,-374.0,-66.0,-476.0,-1405.0,-789.0,33629.0,5629952.0,2264.0,2706.0,0.0
10593922000,0.010265421947697738,97414.40781440781,2289.0,2133.0,1239.0,1938.0,2120.0,16120.0,-2204.0,915.0,-343.0,-43.0,-490.0,-1405.0,-774.0,33629.0,5630976.0,2263.0,2708.0,0.0
10594178000,0.010265421947697738,97414.40781440781,2284.0,2131.0,1237.0,1942.0,2092.0,16176.0,-2140.0,885.0,-337.0,-37.0,-481.0,-1404.0,-779.0,33629.0,5630976.0,2262.0,2706.0,0.0
10594434000,0.010265421947697738,97414.40781440781,2289.0,2134.0,1239.0,1940.0,2156.0,16096.0,-2196.0,844.0,-321.0,-40.0,-485.0,-1404.0,-777.0,33629.0,5631232.0,2268.0,2707.0,0.0
10594690000,0.010265421947697738,97414.40781440781,2288.0,2136.0,1243.0,1937.0,2152.0,16068.0,-2192.0,832.0,-308.0,-39.0,-483.0,-1407.0,-778.0,33629.0,5631232.0,2263.0,2706.0,0.0
10594946000,0.010265421947697738,97414.40781440781,2291.0,2134.0,1241.0,1940.0,2124.0,16044.0,-2232.0,834.0,-295.0,8.0,-483.0,-1407.0,-778.0,33629.0,5630976.0,2268.0,2707.0,0.0
10595202000,0.010265421947697738,97414.40781440781,2304.0,2134.0,1241.0,1936.0,2112.0,16028.0,-2256.0,810.0,-275.0,-10.0,-479.0,-1407.0,-784.0,33629.0,5630976.0,2271.0,2707.0,0.0
10595458000,0.010265421947697738,97414.40781440781,2304.0,2133.0,1241.0,1935.0,2132.0,16048.0,-2288.0,852.0,-321.0,-22.0,-478.0,-1404.0,-777.0,33629.0,5630720.0,2267.0,2708.0,0.0
10595714000,0.010265421947697738,97414.40781440781,2305.0,2132.0,1239.0,1936.0,2100.0,16084.0,-2244.0,855.0,-339.0,-39.0,-482.0,-1406.0,-781.0,33629.0,5630720.0,2270.0,2707.0,0.0
10595970000,0.010265421947697738,97414.40781440781,2309.0,2134.0,1243.0,1936.0,2100.0,16096.0,-2244.0,846.0,-320.0,-41.0,-482.0,-1406.0,-781.0,33629.0,5630464.0,2271.0,2707.0,0.0
10596226000,0.010265421947697738,97414.40781440781,2310.0,2134.0,1241.0,1936.0,2120.0,16084.0,-2244.0,849.0,-346.0,-40.0,-488.0,-1405.0,-780.0,33629.0,5630464.0,2272.0,2707.0,0.0
10596482000,0.010265421947697738,97414.40781440781,2302.0,2135.0,1239.0,1937.0,2144.0,16120.0,-2256.0,863.0,-374.0,-46.0,-477.0,-1404.0,-784.0,33629.0,5630720.0,2265.0,2706.0,0.0
10596738000,0.010265421947697738,97414.40781440781,2292.0,2133.0,1240.0,1938.0,2116.0,16120.0,-2208.0,868.0,-380.0,-53.0,-482.0,-1398.0,-784.0,33629.0,5630720.0,2264.0,2708.0,0.0
10596994000,0.010265216083425248,97416.36141636141,2285.0,2134.0,1240.0,1938.0,2148.0,16072.0,-2212.0,844.0,-394.0,-40.0,-477.0,-1410.0,-778.0,33629.0,5630464.0,2262.0,2706.0,0.0
10597250000,0.010265216083425248,97416.36141636141,2280.0,2133.0,1238.0,1938.0,2128.0,16068.0,-2184.0,840.0,-383.0,-72.0,-477.0,-1410.0,-778.0,33629.0,5630464.0,2261.0,2706.0,0.0
10597506000,0.010265216083425248,97416.36141636141,2275.0,2133.0,1238.0,1938.0,2108.0,16104.0,-2200.0,811.0,-371.0,-88.0,-478.0,-1404.0,-775.0,33629.0,5630720.0,2260.0,2706.0,0.0
10597762000,0.010265216083425248,97416.36141636141,2288.0,2133.0,1241.0,1937.0,2100.0,16112.0,-2184.0,761.0,-266.0,-27.0,-474.0,-1404.0,-778.0,33629.0,5630720.0,2267.0,2707.0,0.0
10598018000,0.010265421947697738,97414.40781440781,2289.0,2136.0,1240.0,1933.0,2164.0,16088.0,-2268.0,760.0,-276.0,-31.0,-479.0,-1409.0,-782.0,33629.0,5630976.0,2265.0,2708.0,0.0
10598274000,0.010265421947697738,97414.40781440781,2288.0,2135.0,1237.0,1935.0,2080.0,16148.0,-2260.0,796.0,-284.0,-39.0,-474.0,-1410.0,-780.0,33629.0,5630976.0,2263.0,2706.0,0.0
10598530000,0.010265421947697738,97414.40781440781,2283.0,2133.0,1239.0,1933.0,2104.0,16136.0,-2288.0,821.0,-282.0,9.0,-474.0,-1410.0,-780.0,33629.0,5632000.0,2261.0,2706.0,0.0
10598786000,0.010265421947697738,97414.40781440781,2289.0,2132.0,1240.0,1934.0,2136.0,16080.0,-2328.0,828.0,-299.0,-18.0,-470.0,-1401.0,-776.0,33629.0,5632000.0,2268.0,2707.0,0.0
10599042000,0.010265421947697738,97414.40781440781,2290.0,2134.0,1241.0,1931.0,2132.0,16016.0,-2320.0,875.0,-314.0,-13.0,-477.0,-1401.0,-783.0,33629.0,5630720.0,2265.0,2708.0,0.0
10599298000,0.010265421947697738,97414.40781440781,2297.0,2134.0,1241.0,1934.0,2100.0,16044.0,-2316.0,890.0,-348.0,-30.0,-477.0,-1401.0,-779.0,33629.0,5630720.0,2269.0,2707.0,0.0
10599554000,0.010265421947697738,97414.40781440781,2305.0,2134.0,1243.0,1934.0,2136.0,16032.0,-2280.0,913.0,-346.0,-38.0,-477.0,-1401.0,-779.0,33629.0,5630464.0,2271.0,2707.0,0.0
10599810000,0.010265421947697738,97414.40781440781,2307.0,2133.0,1242.0,1937.0,2172.0,16032.0,-2272.0,916.0,-402.0,-66.0,-475.0,-1406.0,-784.0,33629.0,5630464.0,2272.0,2707.0,0.0
10600066000,0.010265421947697738,97414.40781440781,2306.0,2134.0,1242.0,1940.0,2140.0,16048.0,-2240.0,907.0,-394.0,-76.0,-478.0,-1403.0,-778.0,33629.0,5630976.0,2267.0,2708.0,0.0
10600322000,0.010265421947697738,97414.40781440781,2306.0,2135.0,1240.0,1939.0,2100.0,16032.0,-2184.0,897.0,-389.0,-83.0,-474.0,-1403.0,-781.0,33629.0,5630976.0,2270.0,2707.0,0.0
10600578000,0.010265421947697738,97414.40781440781,2299.0,2135.0,1240.0,1938.0,2152.0,16076.0,-2156.0,854.0,-377.0,-38.0,-474.0,-1410.0,-780.0,33629.0,5630720.0,2265.0,2706.0,0.0
10600834000,0.010265216083425248,97416.36141636141,2301.0,2134.0,1239.0,1939.0,2108.0,16072.0,-2260.0,830.0,-329.0,-56.0,-474.0,-1410.0,-780.0,33629.0,5630720.0,2269.0,2707.0,0.0
10601090000,0.010265216083425248,97416.36141636141,2299.0,2136.0,1242.0,1939.0,2160.0,16068.0,-2232.0,797.0,-301.0,-36.0,-471.0,-1404.0,-776.0,33629.0,5630976.0,2266.0,2708.0,0.0
10601346000,0.010265421947697738,97414.40781440781,2295.0,2137.0,1241.0,1937.0,2180.0,16048.0,-2196.0,797.0,-301.0,-36.0,-476.0,-1406.0,-779.0,33629.0,5630976.0,2265.0,2708.0,0.0
10601602000,0.010265421947697738,97414.40781440781,2288.0,2135.0,1237.0,1936.0,2128.0,16092.0,-2272.0,805.0,-302.0,-50.0,-481.0,-1406.0,-774.0,33629.0,5630976.0,2262.0,2706.0,0.0
10601858000,0.010265216083425248,97416.36141636141,2281.0,2135.0,1239.0,1932.0,2128.0,16068.0,-2320.0,828.0,-273.0,-43.0,-481.0,-1404.0,-783.0,33629.0,5630976.0,2261.0,2706.0,0.0
10602114000,0.010265421947697738,97414.40781440781,2280.0,2136.0,1240.0,1932.0,2180.0,16036.0,-2356.0,833.0,-284.0,-48.0,-481.0,-1404.0,-783.0,33629.0,5631744.0,2262.0,2708.0,0.0
10602370000,0.010265421947697738,97414.40781440781,2288.0,2136.0,1240.0,1933.0,2132.0,16068.0,-2368.0,877.0,-323.0,-27.0,-487.0,-1408.0,-781.0,33629.0,5631744.0,2268.0,2707.0,0.0
10602626000,0.010265421947697738,97414.40781440781,2226.0,2136.0,1240.0,1933.0,2120.0,16052.0,-2328.0,873.0,-325.0,-12.0,-474.0,-1407.0,-778.0,33629.0,5630976.0,2232.0,2691.0,0.0
10602882000,0.010265421947697738,97414.40781440781,2229.0,2132.0,1238.0,1934.0,2148.0,16076.0,-2252.0,878.0,-342.0,-19.0,-480.0,-1409.0,-778.0,33629.0,5630976.0,2249.0,2708.0,0.0
10603138000,0.010265421947697738,97414.40781440781,2249.0,2134.0,1242.0,1938.0,2128.0,16080.0,-2276.0,908.0,-354.0,-34.0,-480.0,-1409.0,-778.0,33629.0,5630976.0,2261.0,2707.0,0.0
10603394000,0.010265421947697738,97414.40781440781,2271.0,2134.0,1240.0,1936.0,2152.0,16100.0,-2248.0,889.0,-337.0,-35.0,-483.0,-1404.0,-781.0,33629.0,5630976.0,2268.0,2707.0,0.0
10603650000,0.010265216083425248,97416.36141636141,2280.0,2134.0,1241.0,1937.0,2124.0,16080.0,-2252.0,878.0,-345.0,-14.0,-483.0,-1410.0,-783.0,33629.0,5630976.0,2265.0,2708.0,0.0
10603906000,0.010265421947697738,97414.40781440781,2280.0,2131.0,1241.0,1936.0,2120.0,16052.0,-2228.0,885.0,-357.0,-21.0,-493.0,-1405.0,-781.0,33629.0,5630976.0,2264.0,2708.0,0.0
10604162000,0.010265421947697738,97414.40781440781,2279.0,2133.0,1241.0,1938.0,2136.0,16060.0,-2248.0,889.0,-348.0,-37.0,-489.0,-1402.0,-777.0,33629.0,5630464.0,2262.0,2706.0,0.0
10604418000,0.010265421947697738,97414.40781440781,2276.0,2134.0,1242.0,1936.0,2136.0,16064.0,-2288.0,894.0,-337.0,-53.0,-489.0,-1402.0,-777.0,33629.0,5630464.0,2261.0,2706.0,0.0
10604674000,0.010265421947697738,97414.40781440781,2291.0,2133.0,1239.0,1938.0,2152.0,16056.0,-2264.0,889.0,-326.0,-37.0,-479.0,-1406.0,-783.0,33629.0,5630720.0,2267.0,2707.0,0.0
10604930000,0.010265216083425248,97416.36141636141,2298.0,2134.0,1239.0,1934.0,2128.0,16052.0,-2228.0,865.0,-317.0,-36.0,-482.0,-1405.0,-782.0,33629.0,5630720.0,2270.0,2707.0,0.0
10605186000,0.010265421947697738,97414.40781440781,2295.0,2134.0,1241.0,1935.0,2176.0,16080.0,-2284.0,866.0,-319.0,-25.0,-472.0,-1409.0,-774.0,33629.0,5631232.0,2266.0,2708.0,0.0
10605442000,0.010265421947697738,97414.40781440781,2286.0,2134.0,1240.0,1933.0,2168.0,16080.0,-2316.0,878.0,-331.0,-48.0,-480.0,-1402.0,-777.0,33629.0,5631232.0,2262.0,2705.0,0.0
10605698000,0.010265421947697738,97414.40781440781,2282.0,2132.0,1239.0,1934.0,2152.0,16120.0,-2348.0,879.0,-338.0,-32.0,-480.0,-1402.0,-777.0,33629.0,5630976.0,2261.0,2706.0,0.0
10605954000,0.010265421947697738,97414.40781440781,2287.0,2134.0,1239.0,1934.0,2148.0,16080.0,-2272.0,891.0,-329.0,-25.0,-472.0,-1402.0,-781.0,33629.0,5630976.0,2263.0,2708.0,0.0
10606210000,0.010265421947697738,97414.40781440781,2288.0,2133.0,1242.0,1935.0,2128.0,16064.0,-2244.0,903.0,-335.0,-24.0,-470.0,-1405.0,-777.0,33629.0,5630976.0,2263.0,2708.0,0.0
10606466000,0.010265421947697738,97414.40781440781,2290.0,2134.0,1241.0,1936.0,2180.0,16060.0,-2212.0,904.0,-331.0,-17.0,-475.0,-1400.0,-772.0,33629.0,5630976.0,2268.0,2707.0,0.0
10606722000,0.010265216083425248,97416.36141636141,2284.0,2134.0,1241.0,1938.0,2140.0,16056.0,-2244.0,885.0,-351.0,-23.0,-475.0,-1400.0,-772.0,33629.0,5630976.0,2264.0,2706.0,0.0
10606978000,0.010265216083425248,97416.36141636141,2295.0,2134.0,1242.0,1937.0,2128.0,16000.0,-2224.0,876.0,-320.0,-26.0,-472.0,-1405.0,-781.0,33629.0,5630976.0,2269.0,2707.0,0.0
10607234000,0.010265421947697738,97414.40781440781,2294.0,2135.0,1242.0,1938.0,2120.0,16088.0,-2156.0,880.0,-343.0,-26.0,-475.0,-1403.0,-782.0,33629.0,5630976.0,2266.0,2708.0,0.0
10607490000,0.010265421947697738,97414.40781440781,2292.0,2136.0,1239.0,1939.0,2168.0,16068.0,-2184.0,871.0,-307.0,-36.0,-470.0,-1407.0,-778.0,33629.0,5630976.0,2263.0,2706.0,0.0
10607746000,0.010265216083425248,97416.36141636141,2293.0,2135.0,1240.0,1935.0,2228.0,16024.0,-2288.0,841.0,-280.0,-30.0,-472.0,-1405.0,-779.0,33629.0,5630976.0,2268.0,2707.0,0.0
10608002000,0.010265421947697738,97414.40781440781,2303.0,2134.0,1238.0,1936.0,2168.0,16080.0,-2272.0,860.0,-305.0,-35.0,-472.0,-1405.0,-779.0,33629.0,5630976.0,2271.0,2707.0,0.0
10608258000,0.010265421947697738,97414.40781440781,2305.0,2134.0,1239.0,1934.0,2136.0,16128.0,-2288.0,851.0,-311.0,-43.0,-476.0,-1405.0,-779.0,33629.0,5630720.0,2267.0,2708.0,0.0
10608514000,0.010265421947697738,97414.40781440781,2305.0,2135.0,1242.0,1936.0,2164.0,16076.0,-2264.0,845.0,-302.0,5.0,-478.0,-1408.0,-777.0,33629.0,5630720.0,2270.0,2707.0,0.0
10608770000,0.010265421947697738,97414.40781440781,2227.0,2137.0,1240.0,1933.0,2216.0,16056.0,-2264.0,847.0,-334.0,1.0,-477.0,-1406.0,-771.0,33629.0,5630976.0,2226.0,2690.0,0.0
10609026000,0.010265421947697738,97414.40781440781,2221.0,2135.0,1240.0,1936.0,2176.0,16088.0,-2360.0,890.0,-338.0,-8.0,-482.0,-1411.0,-778.0,33629.0,5630976.0,2245.0,2706.0,0.0
10609282000,0.010265421947697738,97414.40781440781,2241.0,2132.0,1241.0,1935.0,2156.0,16096.0,-2284.0,878.0,-358.0,-4.0,-482.0,-1411.0,-778.0,33629.0,5630976.0,2260.0,2707.0,0.0
10609538000,0.010265216083425248,97416.36141636141,2271.0,2134.0,1240.0,1935.0,2184.0,16052.0,-2256.0,843.0,-354.0,-2.0,-481.0,-1411.0,-781.0,33629.0,5630976.0,2267.0,2707.0,0.0
10609794000,0.010265421947697738,97414.40781440781,2287.0,2133.0,1239.0,1938.0,2140.0,16052.0,-2224.0,865.0,-344.0,-9.0,-474.0,-1406.0,-774.0,33629.0,5631232.0,2270.0,2707.0,0.0
10610050000,0.010265216083425248,97416.36141636141,2296.0,2131.0,1239.0,1939.0,2076.0,16096.0,-2240.0,860.0,-310.0,-29.0,-484.0,-1408.0,-771.0,33629.0,5631232.0,2272.0,2707.0,0.0
10610306000,0.010265216083425248,97416.36141636141,2300.0,2132.0,1241.0,1935.0,2132.0,16076.0,-2292.0,827.0,-306.0,-20.0,-484.0,-1408.0,-771.0,33629.0,5631744.0,2272.0,2707.0,0.0
10610562000,0.010265421947697738,97414.40781440781,2298.0,2134.0,1242.0,1935.0,2156.0,16036.0,-2332.0,841.0,-305.0,-29.0,-473.0,-1406.0,-779.0,33629.0,5631744.0,2266.0,2706.0,0.0
10610818000,0.010265421947697738,97414.40781440781,2236.0,2133.0,1239.0,1932.0,2128.0,16044.0,-2304.0,847.0,-293.0,-41.0,-477.0,-1408.0,-777.0,33629.0,5630976.0,2231.0,2691.0,0.0
10611074000,0.010265421947697738,97414.40781440781,2241.0,2131.0,1237.0,1937.0,2092.0,16180.0,-2228.0,877.0,-310.0,-45.0,-482.0,-1409.0,-778.0,33629.0,5630976.0,2253.0,2707.0,0.0
10611330000,0.010265421947697738,97414.40781440781,2256.0,2134.0,1240.0,1935.0,2104.0,16092.0,-2304.0,868.0,-296.0,-66.0,-477.0,-1409.0,-777.0,33629.0,5630720.0,2259.0,2708.0,0.0
10611586000,0.010265421947697738,97414.40781440781,2258.0,2137.0,1242.0,1931.0,2208.0,16032.0,-2412.0,848.0,-312.0,-73.0,-477.0,-1409.0,-777.0,33629.0,5630720.0,2260.0,2706.0,0.0
10611842000,0.010265421947697738,97414.40781440781,2269.0,2136.0,1240.0,1936.0,2204.0,16036.0,-2268.0,895.0,-319.0,-107.0,-479.0,-1411.0,-781.0,33629.0,5630976.0,2262.0,2708.0,0.0
10612098000,0.010265421947697738,97414.40781440781,2280.0,2133.0,1239.0,1938.0,2128.0,16060.0,-2200.0,922.0,-333.0,-86.0,-473.0,-1406.0,-770.0,33629.0,5630976.0,2268.0,2707.0,0.0
10612354000,0.010265421947697738,97414.40781440781,2292.0,2135.0,1240.0,1936.0,2212.0,16052.0,-2236.0,871.0,-297.0,-61.0,-475.0,-1403.0,-778.0,33629.0,5630976.0,2270.0,2707.0,0.0
10612610000,0.010265421947697738,97414.40781440781,2290.0,2135.0,1243.0,1934.0,2184.0,16104.0,-2268.0,860.0,-287.0,-57.0,-477.0,-1407.0,-782.0,33629.0,5630976.0,2265.0,2706.0,0.0
10612866000,0.010265216083425248,97416.36141636141,2290.0,2135.0,1240.0,1937.0,2192.0,16064.0,-2280.0,858.0,-293.0,-61.0,-477.0,-1407.0,-782.0,33629.0,5632000.0,2263.0,2706.0,0.0
10613122000,0.010265421947697738,97414.40781440781,2291.0,2133.0,1239.0,1938.0,2172.0,16080.0,-2212.0,841.0,-277.0,-51.0,-471.0,-1405.0,-778.0,33629.0,5632000.0,2263.0,2708.0,0.0
10613378000,0.010265421947697738,97414.40781440781,2290.0,2135.0,1241.0,1935.0,2128.0,16044.0,-2248.0,853.0,-306.0,-62.0,-480.0,-1402.0,-776.0,33629.0,5631232.0,2263.0,2708.0,0.0
10613634000,0.010265421947697738,97414.40781440781,2292.0,2134.0,1242.0,1933.0,2184.0,16068.0,-2316.0,883.0,-307.0,-61.0,-473.0,-1409.0,-783.0,33629.0,5631232.0,2268.0,2707.0,0.0
10613890000,0.010265216083425248,97416.36141636141,2302.0,2135.0,1239.0,1931.0,2168.0,16056.0,-2316.0,907.0,-333.0,-70.0,-473.0,-1409.0,-783.0,33629.0,5630464.0,2271.0,2707.0,0.0
10614146000,0.010265421947697738,97414.40781440781,2305.0,2137.0,1240.0,1934.0,2164.0,16124.0,-2300.0,896.0,-335.0,-34.0,-474.0,-1402.0,-779.0,33629.0,5630464.0,2272.0,2707.0,0.0
10614402000,0.010265421947697738,97414.40781440781,2305.0,2137.0,1242.0,1937.0,2208.0,16092.0,-2232.0,893.0,-379.0,-59.0,-492.0,-1403.0,-774.0,33629.0,5631232.0,2267.0,2708.0,0.0
10614658000,0.010265421947697738,97414.40781440781,2293.0,2138.0,1242.0,1939.0,2236.0,16048.0,-2148.0,909.0,-383.0,-38.0,-476.0,-1404.0,-773.0,33629.0,5631232.0,2264.0,2706.0,0.0
10614914000,0.010265216083425248,97416.36141636141,2286.0,2137.0,1243.0,1939.0,2224.0,16044.0,-2240.0,890.0,-362.0,-24.0,-472.0,-1403.0,-778.0,33629.0,5630720.0,2262.0,2706.0,0.0
10615170000,0.010265216083425248,97416.36141636141,2288.0,2138.0,1244.0,1936.0,2228.0,16040.0,-2260.0,867.0,-349.0,-34.0,-472.0,-1403.0,-778.0,33629.0,5630720.0,2268.0,2707.0,0.0
10615426000,0.010265421947697738,97414.40781440781,2299.0,2135.0,1241.0,1935.0,2148.0,16076.0,-2232.0,824.0,-299.0,-22.0,-473.0,-1399.0,-775.0,33629.0,5631232.0,2272.0,2709.0,0.0
10615682000,0.010265216083425248,97416.36141636141,2303.0,2135.0,1240.0,1933.0,2212.0,16016.0,-2256.0,773.0,-275.0,8.0,-470.0,-1410.0,-779.0,33629.0,5631232.0,2272.0,2707.0,0.0
10615938000,0.010265421947697738,97414.40781440781,2298.0,2134.0,1242.0,1932.0,2148.0,16060.0,-2380.0,835.0,-321.0,10.0,-480.0,-1408.0,-780.0,33629.0,5631744.0,2268.0,2708.0,0.0
10616194000,0.010265216083425248,97416.36141636141,2288.0,2132.0,1240.0,1933.0,2128.0,16100.0,-2332.0,863.0,-374.0,1.0,-467.0,-1404.0,-777.0,33629.0,5631744.0,2264.0,2706.0,0.0
10616450000,0.010265421947697738,97414.40781440781,2291.0,2132.0,1239.0,1933.0,2112.0,16092.0,-2344.0,867.0,-370.0,2.0,-467.0,-1404.0,-777.0,33629.0,5630208.0,2268.0,2707.0,0.0
10616706000,0.010265421947697738,97414.40781440781,2304.0,2134.0,1239.0,1936.0,2164.0,16088.0,-2256.0,860.0,-391.0,-5.0,-478.0,-1403.0,-781.0,33629.0,5630208.0,2271.0,2707.0,0.0
10616962000,0.010265421947697738,97414.40781440781,2305.0,2135.0,1238.0,1937.0,2172.0,16072.0,-2192.0,869.0,-378.0,-20.0,-480.0,-1408.0,-783.0,33629.0,5632000.0,2272.0,2707.0,0.0
10617218000,0.010265421947697738,97414.40781440781,2306.0,2135.0,1239.0,1938.0,2164.0,16068.0,-2224.0,851.0,-361.0,-17.0,-485.0,-1409.0,-781.0,33629.0,5632000.0,2272.0,2707.0,0.0
10617474000,0.010265421947697738,97414.40781440781,2306.0,2136.0,1241.0,1937.0,2184.0,16052.0,-2276.0,832.0,-310.0,-21.0,-485.0,-1409.0,-781.0,33629.0,5630976.0,2272.0,2707.0,0.0
10617730000,0.010265421947697738,97414.40781440781,2312.0,2137.0,1241.0,1932.0,2188.0,16016.0,-2240.0,818.0,-295.0,-50.0,-477.0,-1400.0,-782.0,33629.0,5630976.0,2273.0,2707.0,0.0
10617986000,0.010265421947697738,97414.40781440781,2316.0,2136.0,1240.0,1932.0,2188.0,16056.0,-2364.0,825.0,-322.0,-43.0,-484.0,-1407.0,-782.0,33629.0,5631744.0,2273.0,2707.0,0.0
10618242000,0.010265421947697738,97414.40781440781,2312.0,2135.0,1242.0,1931.0,2164.0,16056.0,-2364.0,825.0,-322.0,-43.0,-479.0,-1402.0,-774.0,33629.0,5631744.0,2272.0,2707.0,0.0
10618498000,0.010265421947697738,97414.40781440781,2315.0,2134.0,1243.0,1931.0,2164.0,16012.0,-2364.0,852.0,-351.0,-29.0,-484.0,-1404.0,-781.0,33629.0,5630720.0,2273.0,2707.0,0.0
10618754000,0.010265421947697738,97414.40781440781,2303.0,2136.0,1243.0,1932.0,2164.0,16008.0,-2344.0,858.0,-373.0,-21.0,-484.0,-1404.0,-781.0,33629.0,5630720.0,2266.0,2706.0,0.0
10619010000,0.010265421947697738,97414.40781440781,2295.0,2137.0,1244.0,1934.0,2192.0,16012.0,-2280.0,872.0,-356.0,-20.0,-478.0,-1407.0,-779.0,33629.0,5630976.0,2264.0,2708.0,0.0
10619266000,0.010265216083425248,97416.36141636141,2287.0,2136.0,1244.0,1930.0,2220.0,15996.0,-2304.0,858.0,-363.0,-16.0,-475.0,-1412.0,-780.0,33629.0,5630976.0,2264.0,2708.0,0.0
10619522000,0.010265421947697738,97414.40781440781,2288.0,2135.0,1243.0,1934.0,2184.0,15960.0,-2260.0,840.0,-344.0,-21.0,-498.0,-1404.0,-775.0,33629.0,5632256.0,2263.0,2708.0,0.0
10619778000,0.010265216083425248,97416.36141636141,2282.0,2134.0,1243.0,1931.0,2144.0,16008.0,-2284.0,863.0,-326.0,-29.0,-472.0,-1405.0,-775.0,33629.0,5632256.0,2262.0,2706.0,0.0
10620034000,0.010265216083425248,97416.36141636141,2293.0,2135.0,1243.0,1933.0,2168.0,16060.0,-2320.0,855.0,-312.0,-28.0,-472.0,-1405.0,-775.0,33629.0,5631232.0,2267.0,2707.0,0.0
10620290000,0.010265421947697738,97414.40781440781,2293.0,2134.0,1241.0,1931.0,2140.0,16072.0,-2304.0,843.0,-333.0,-33.0,-472.0,-1405.0,-778.0,33629.0,5631232.0,2265.0,2708.0,0.0
10620546000,0.010265421947697738,97414.40781440781,2287.0,2132.0,1240.0,1931.0,2104.0,16068.0,-2328.0,856.0,-352.0,-38.0,-466.0,-1407.0,-776.0,33629.0,5631232.0,2264.0,2708.0,0.0
10620802000,0.010265421947697738,97414.40781440781,2295.0,2134.0,1241.0,1932.0,2140.0,16076.0,-2292.0,905.0,-344.0,-32.0,-475.0,-1402.0,-783.0,33629.0,5631232.0,2269.0,2707.0,0.0
10621058000,0.010265421947697738,97414.40781440781,2246.0,2131.0,1239.0,1934.0,2148.0,16068.0,-2300.0,915.0,-359.0,-37.0,-475.0,-1402.0,-783.0,33629.0,5632000.0,2463.0,2686.0,0.0
10621314000,0.010265421947697738,97414.40781440781,2241.0,2132.0,1240.0,1935.0,2156.0,16104.0,-2272.0,917.0,-375.0,-55.0,-477.0,-1405.0,-779.0,33629.0,5632000.0,2359.0,2707.0,0.0
10621570000,0.010265421947697738,97414.40781440781,2132.0,2134.0,1240.0,1935.0,2176.0,16044.0,-2220.0,907.0,-358.0,-39.0,-478.0,-1408.0,-778.0,33629.0,5630976.0,2307.0,2708.0,0.0
10621826000,0.010265421947697738,97414.40781440781,2244.0,2133.0,1241.0,1936.0,2180.0,16084.0,-2236.0,908.0,-333.0,-45.0,-471.0,-1406.0,-781.0,33629.0,5630976.0,2289.0,2707.0,0.0
10622082000,0.010265421947697738,97414.40781440781,2278.0,2135.0,1240.0,1937.0,2168.0,16048.0,-2224.0,905.0,-316.0,-54.0,-474.0,-1410.0,-780.0,33629.0,5632000.0,2274.0,2706.0,0.0
10622338000,0.010265421947697738,97414.40781440781,2295.0,2134.0,1240.0,1935.0,2128.0,16096.0,-2228.0,900.0,-323.0,-37.0,-474.0,-1410.0,-780.0,33629.0,5632000.0,2273.0,2707.0,0.0
10622594000,0.010265216083425248,97416.36141636141,2297.0,2134.0,1239.0,1936.0,2168.0,16124.0,-2244.0,891.0,-299.0,-3.0,-475.0,-1410.0,-784.0,33629.0,5630976.0,2268.0,2708.0,0.0
10622850000,0.010265421947697738,97414.40781440781,2301.0,2135.0,1240.0,1934.0,2156.0,16104.0,-2268.0,854.0,-272.0,4.0,-475.0,-1400.0,-778.0,33629.0,5630976.0,2270.0,2707.0,0.0
10623106000,0.010265216083425248,97416.36141636141,2302.0,2136.0,1240.0,1932.0,2180.0,16064.0,-2292.0,882.0,-319.0,3.0,-482.0,-1405.0,-780.0,33629.0,5631232.0,2267.0,2708.0,0.0
10623362000,0.010265216083425248,97416.36141636141,2302.0,2135.0,1239.0,1935.0,2140.0,16096.0,-2284.0,888.0,-345.0,11.0,-474.0,-1405.0,-777.0,33629.0,5631232.0,2270.0,2707.0,0.0
10623618000,0.010265216083425248,97416.36141636141,2299.0,2132.0,1238.0,1935.0,2124.0,16104.0,-2308.0,880.0,-331.0,-5.0,-474.0,-1405.0,-777.0,33638.0,5631232.0,2266.0,2708.0,0.0
10623874000,0.010265421947697738,97414.40781440781,2303.0,2135.0,1239.0,1936.0,2140.0,16120.0,-2260.0,871.0,-333.0,-10.0,-478.0,-1408.0,-780.0,33638.0,5631232.0,2270.0,2707.0,0.0
10624130000,0.010265421947697738,97414.40781440781,2299.0,2134.0,1238.0,1935.0,2140.0,16068.0,-2288.0,865.0,-329.0,-16.0,-483.0,-1406.0,-771.0,33638.0,5630976.0,2266.0,2708.0,0.0
10624386000,0.010265421947697738,97414.40781440781,2294.0,2134.0,1239.0,1939.0,2164.0,16060.0,-2224.0,888.0,-352.0,-25.0,-477.0,-1403.0,-779.0,33638.0,5630976.0,2263.0,2706.0,0.0
10624642000,0.010265421947697738,97414.40781440781,2272.0,2134.0,1241.0,1938.0,2156.0,16028.0,-2236.0,855.0,-328.0,-7.0,-477.0,-1403.0,-779.0,33638.0,5630976.0,2256.0,2708.0,0.0
10624898000,0.010265421947697738,97414.40781440781,2282.0,2135.0,1242.0,1939.0,2140.0,16032.0,-2208.0,835.0,-305.0,2.0,-483.0,-1411.0,-778.0,33638.0,5630976.0,2265.0,2707.0,0.0
10625154000,0.010265421947697738,97414.40781440781,2281.0,2134.0,1241.0,1937.0,2204.0,16012.0,-2256.0,820.0,-293.0,-16.0,-479.0,-1411.0,-781.0,33638.0,5630464.0,2264.0,2708.0,0.0
10625410000,0.010265216083425248,97416.36141636141,2287.0,2135.0,1242.0,1938.0,2156.0,16020.0,-2268.0,807.0,-281.0,-36.0,-477.0,-1408.0,-772.0,33638.0,5630464.0,2268.0,2707.0,0.0
10625666000,0.010265421947697738,97414.40781440781,2290.0,2137.0,1240.0,1936.0,2176.0,16036.0,-2268.0,831.0,-270.0,-42.0,-494.0,-1406.0,-783.0,33638.0,5630976.0,2266.0,2708.0,0.0
10625922000,0.010265216083425248,97416.36141636141,2295.0,2135.0,1240.0,1934.0,2172.0,16052.0,-2292.0,830.0,-285.0,-38.0,-494.0,-1406.0,-783.0,33638.0,5630976.0,2269.0,2707.0,0.0
10626178000,0.010265216083425248,97416.36141636141,2296.0,2134.0,1240.0,1933.0,2180.0,16064.0,-2324.0,834.0,-310.0,-19.0,-475.0,-1406.0,-781.0,33638.0,5630976.0,2266.0,2708.0,0.0
10626434000,0.010265216083425248,97416.36141636141,2301.0,2135.0,1241.0,1932.0,2156.0,16084.0,-2328.0,853.0,-294.0,-32.0,-478.0,-1404.0,-780.0,33638.0,5630976.0,2269.0,2707.0,0.0
10626690000,0.010265216083425248,97416.36141636141,2297.0,2135.0,1241.0,1930.0,2160.0,16052.0,-2360.0,876.0,-336.0,-49.0,-482.0,-1408.0,-777.0,33638.0,5631232.0,2266.0,2708.0,0.0
10626946000,0.010265421947697738,97414.40781440781,2292.0,2134.0,1241.0,1929.0,2192.0,16036.0,-2368.0,887.0,-345.0,-36.0,-475.0,-1406.0,-769.0,33638.0,5631232.0,2263.0,2706.0,0.0
10627202000,0.010265421947697738,97414.40781440781,2294.0,2135.0,1239.0,1931.0,2172.0,16024.0,-2336.0,893.0,-382.0,-45.0,-475.0,-1406.0,-769.0,33638.0,5630720.0,2268.0,2707.0,0.0
10627458000,0.010265216083425248,97416.36141636141,2293.0,2132.0,1241.0,1932.0,2140.0,16064.0,-2296.0,918.0,-378.0,-36.0,-473.0,-1411.0,-773.0,33638.0,5630720.0,2265.0,2708.0,0.0
10627714000,0.010265216083425248,97416.36141636141,2287.0,2133.0,1242.0,1934.0,2156.0,16084.0,-2252.0,902.0,-368.0,-4.0,-476.0,-1410.0,-782.0,33638.0,5630720.0,2264.0,2708.0,0.0
10627970000,0.010265216083425248,97416.36141636141,2295.0,2134.0,1238.0,1934.0,2132.0,16080.0,-2260.0,891.0,-350.0,-31.0,-471.0,-1405.0,-784.0,33638.0,5630720.0,2269.0,2707.0,0.0
10628226000,0.010265216083425248,97416.36141636141,2304.0,2134.0,1239.0,1936.0,2172.0,16064.0,-2288.0,884.0,-329.0,-28.0,-471.0,-1405.0,-784.0,33638.0,5630976.0,2271.0,2707.0,0.0
10628482000,0.010265421947697738,97414.40781440781,2305.0,2133.0,1239.0,1938.0,2164.0,16080.0,-2240.0,868.0,-297.0,-12.0,-479.0,-1402.0,-783.0,33638.0,5630976.0,2267.0,2708.0,0.0
10628738000,0.010265421947697738,97414.40781440781,2299.0,2134.0,1240.0,1931.0,2156.0,16056.0,-2332.0,862.0,-300.0,-7.0,-471.0,-1411.0,-782.0,33638.0,5630976.0,2265.0,2708.0,0.0
10628994000,0.010265421947697738,97414.40781440781,2290.0,2134.0,1239.0,1932.0,2176.0,16052.0,-2276.0,867.0,-310.0,-3.0,-469.0,-1404.0,-777.0,33638.0,5630976.0,2264.0,2708.0,0.0
10629250000,0.010265421947697738,97414.40781440781,2292.0,2134.0,1238.0,1935.0,2124.0,16104.0,-2292.0,869.0,-314.0,-27.0,-472.0,-1406.0,-778.0,33638.0,5631232.0,2268.0,2707.0,0.0
10629506000,0.010265421947697738,97414.40781440781,2291.0,2132.0,1239.0,1935.0,2100.0,16096.0,-2312.0,866.0,-286.0,-26.0,-472.0,-1406.0,-778.0,33638.0,5631232.0,2266.0,2708.0,0.0
10629762000,0.010265421947697738,97414.40781440781,2287.0,2131.0,1238.0,1933.0,2120.0,16104.0,-2320.0,921.0,-326.0,-56.0,-470.0,-1407.0,-779.0,33638.0,5630976.0,2264.0,2708.0,0.0
10630018000,0.010265216083425248,97416.36141636141,2290.0,2137.0,1244.0,1930.0,2192.0,16048.0,-2248.0,888.0,-339.0,-43.0,-478.0,-1407.0,-779.0,33638.0,5630976.0,2268.0,2707.0,0.0
10630274000,0.010265421947697738,97414.40781440781,2303.0,2136.0,1245.0,1928.0,2224.0,16000.0,-2380.0,892.0,-342.0,-70.0,-483.0,-1409.0,-776.0,33638.0,5631232.0,2271.0,2707.0,0.0
10630530000,0.010265216083425248,97416.36141636141,2308.0,2139.0,1248.0,1934.0,2192.0,15944.0,-2308.0,918.0,-343.0,-51.0,-481.0,-1409.0,-777.0,33638.0,5631232.0,2271.0,2707.0,0.0
10630786000,0.010265421947697738,97414.40781440781,2307.0,2138.0,1245.0,1933.0,2232.0,16004.0,-2336.0,975.0,-356.0,-75.0,-481.0,-1409.0,-777.0,33638.0,5630720.0,2267.0,2708.0,0.0
10631042000,0.010265421947697738,97414.40781440781,2308.0,2135.0,1242.0,1934.0,2132.0,16008.0,-2268.0,922.0,-357.0,-35.0,-478.0,-1408.0,-775.0,33638.0,5630720.0,2270.0,2707.0,0.0
10631298000,0.010265421947697738,97414.40781440781,2301.0,2134.0,1241.0,1934.0,2132.0,16060.0,-2232.0,916.0,-316.0,-61.0,-483.0,-1406.0,-780.0,33638.0,5630976.0,2266.0,2708.0,0.0
10631554000,0.010265216083425248,97416.36141636141,2303.0,2134.0,1237.0,1937.0,2136.0,16128.0,-2260.0,913.0,-340.0,-51.0,-480.0,-1411.0,-776.0,33638.0,5630976.0,2270.0,2707.0,0.0
10631810000,0.010265216083425248,97416.36141636141,2297.0,2133.0,1238.0,1937.0,2148.0,16108.0,-2256.0,933.0,-349.0,-74.0,-480.0,-1411.0,-776.0,33638.0,5630976.0,2266.0,2708.0,0.0
10632066000,0.010265216083425248,97416.36141636141,2302.0,2135.0,1240.0,1934.0,2204.0,16080.0,-2264.0,910.0,-329.0,-58.0,-482.0,-1405.0,-777.0,33638.0,5630976.0,2269.0,2707.0,0.0
10632322000,0.010265216083425248,97416.36141636141,2298.0,2135.0,1239.0,1934.0,2168.0,16084.0,-2264.0,902.0,-341.0,-51.0,-485.0,-1409.0,-779.0,33638.0,5630976.0,2266.0,2708.0,0.0
10632578000,0.010265216083425248,97416.36141636141,2301.0,2137.0,1242.0,1933.0,2176.0,16028.0,-2272.0,921.0,-334.0,-39.0,-486.0,-1404.0,-773.0,33638.0,5630976.0,2269.0,2707.0,0.0
10632834000,0.010265421947697738,97414.40781440781,2309.0,2135.0,1241.0,1934.0,2168.0,16060.0,-2276.0,895.0,-334.0,-55.0,-499.0,-1403.0,-780.0,33638.0,5630464.0,2271.0,2707.0,0.0
10633090000,0.010265216083425248,97416.36141636141,2300.0,2136.0,1240.0,1934.0,2240.0,16044.0,-2320.0,887.0,-327.0,-28.0,-499.0,-1403.0,-780.0,33638.0,5630464.0,2265.0,2706.0,0.0
10633346000,0.010265216083425248,97416.36141636141,2292.0,2136.0,1241.0,1932.0,2208.0,16056.0,-2276.0,870.0,-321.0,-8.0,-475.0,-1400.0,-781.0,33638.0,5630976.0,2264.0,2708.0,0.0
10633602000,0.010265421947697738,97414.40781440781,2291.0,2137.0,1239.0,1933.0,2200.0,16008.0,-2284.0,840.0,-336.0,-18.0,-478.0,-1406.0,-779.0,33638.0,5630976.0,2263.0,2708.0,0.0
10633858000,0.010265421947697738,97414.40781440781,2290.0,2135.0,1242.0,1936.0,2188.0,16016.0,-2264.0,871.0,-352.0,-24.0,-477.0,-1405.0,-777.0,33638.0,5631744.0,2263.0,2708.0,0.0
10634114000,0.010265421947697738,97414.40781440781,2283.0,2135.0,1242.0,1934.0,2164.0,16032.0,-2276.0,882.0,-339.0,-18.0,-477.0,-1410.0,-780.0,33638.0,5631744.0,2262.0,2706.0,0.0
10634370000,0.010265216083425248,97416.36141636141,2288.0,2133.0,1240.0,1936.0,2148.0,16112.0,-2272.0,870.0,-337.0,-51.0,-477.0,-1410.0,-780.0,33638.0,5630464.0,2268.0,2707.0,0.0
10634626000,0.010265421947697738,97414.40781440781,2291.0,2132.0,1238.0,1936.0,2124.0,16092.0,-2252.0,894.0,-327.0,-29.0,-471.0,-1401.0,-786.0,33638.0,5630464.0,2265.0,2708.0,0.0
10634882000,0.010265216083425248,97416.36141636141,2286.0,2134.0,1240.0,1932.0,2128.0,16076.0,-2264.0,894.0,-327.0,-29.0,-477.0,-1406.0,-781.0,33638.0,5630720.0,2264.0,2708.0,0.0
10635138000,0.010265216083425248,97416.36141636141,2282.0,2135.0,1240.0,1934.0,2160.0,16040.0,-2280.0,873.0,-346.0,-28.0,-478.0,-1398.0,-773.0,33638.0,5630720.0,2262.0,2706.0,0.0
10635394000,0.010265421947697738,97414.40781440781,2286.0,2135.0,1241.0,1933.0,2204.0,16032.0,-2284.0,858.0,-344.0,-28.0,-478.0,-1398.0,-773.0,33638.0,5630976.0,2268.0,2707.0,0.0
10635650000,0.010265421947697738,97414.40781440781,2289.0,2135.0,1241.0,1934.0,2172.0,16028.0,-2288.0,897.0,-333.0,-55.0,-472.0,-1417.0,-778.0,33638.0,5630976.0,2265.0,2708.0,0.0
10635906000,0.010265421947697738,97414.40781440781,2286.0,2136.0,1240.0,1937.0,2176.0,16028.0,-2280.0,846.0,-320.0,-43.0,-478.0,-1405.0,-785.0,33638.0,5632000.0,2264.0,2708.0,0.0
10636162000,0.010265421947697738,97414.40781440781,2282.0,2136.0,1240.0,1931.0,2184.0,16064.0,-2280.0,859.0,-316.0,-50.0,-473.0,-1406.0,-774.0,33638.0,5632000.0,2262.0,2706.0,0.0
10636418000,0.010265421947697738,97414.40781440781,2285.0,2135.0,1242.0,1935.0,2180.0,16088.0,-2280.0,847.0,-318.0,-20.0,-478.0,-1412.0,-779.0,33638.0,5632000.0,2263.0,2708.0,0.0
10636674000,0.010265216083425248,97416.36141636141,2287.0,2135.0,1241.0,1934.0,2160.0,16060.0,-2328.0,843.0,-316.0,-15.0,-478.0,-1412.0,-779.0,33638.0,5632000.0,2268.0,2707.0,0.0
10636930000,0.010265216083425248,97416.36141636141,2298.0,2133.0,1239.0,1932.0,2160.0,16072.0,-2320.0,858.0,-337.0,-24.0,-472.0,-1408.0,-783.0,33638.0,5632000.0,2272.0,2709.0,0.0
10637186000,0.010265421947697738,97414.40781440781,2303.0,2132.0,1240.0,1933.0,2120.0,16064.0,-2264.0,879.0,-356.0,-18.0,-482.0,-1416.0,-774.0,33638.0,5632000.0,2272.0,2707.0,0.0
10637442000,0.010265421947697738,97414.40781440781,2303.0,2135.0,1241.0,1934.0,2160.0,16052.0,-2256.0,875.0,-343.0,-32.0,-484.0,-1409.0,-774.0,33638.0,5632000.0,2267.0,2708.0,0.0
10637698000,0.010265216083425248,97416.36141636141,2303.0,2135.0,1243.0,1934.0,2184.0,16032.0,-2300.0,880.0,-354.0,-33.0,-480.0,-1409.0,-783.0,33638.0,5632000.0,2270.0,2707.0,0.0
10637954000,0.010265421947697738,97414.40781440781,2299.0,2136.0,1245.0,1934.0,2204.0,15992.0,-2276.0,892.0,-369.0,-40.0,-480.0,-1409.0,-783.0,33638.0,5632000.0,2266.0,2708.0,0.0
10638210000,0.010265421947697738,97414.40781440781,2303.0,2135.0,1240.0,1934.0,2176.0,16048.0,-2240.0,887.0,-370.0,-34.0,-479.0,-1406.0,-776.0,33638.0,5632000.0,2270.0,2707.0,0.0
10638466000,0.010265421947697738,97414.40781440781,2310.0,2134.0,1242.0,1934.0,2112.0,16040.0,-2224.0,853.0,-338.0,-42.0,-482.0,-1403.0,-782.0,33638.0,5632000.0,2271.0,2707.0,0.0
10638722000,0.010265421947697738,97414.40781440781,2309.0,2136.0,1242.0,1934.0,2144.0,16028.0,-2280.0,864.0,-340.0,-40.0,-477.0,-1406.0,-771.0,33638.0,5632000.0,2272.0,2707.0,0.0
10638978000,0.010265421947697738,97414.40781440781,2307.0,2138.0,1243.0,1934.0,2220.0,16012.0,-2340.0,844.0,-329.0,-15.0,-477.0,-1406.0,-771.0,33638.0,5631232.0,2272.0,2707.0,0.0
10639234000,0.010265421947697738,97414.40781440781,2302.0,2137.0,1242.0,1929.0,2208.0,16068.0,-2400.0,852.0,-332.0,-22.0,-482.0,-1409.0,-777.0,33638.0,5631232.0,2266.0,2706.0,0.0
10639490000,0.010265421947697738,97414.40781440781,2297.0,2137.0,1242.0,1930.0,2200.0,16040.0,-2312.0,872.0,-340.0,-49.0,-482.0,-1407.0,-777.0,33638.0,5630976.0,2265.0,2708.0,0.0
10639746000,0.010265421947697738,97414.40781440781,2289.0,2135.0,1242.0,1932.0,2112.0,16072.0,-2280.0,863.0,-333.0,-11.0,-484.0,-1403.0,-775.0,33638.0,5630976.0,2264.0,2708.0,0.0
10640002000,0.010265421947697738,97414.40781440781,2289.0,2136.0,1242.0,1932.0,2148.0,16080.0,-2348.0,836.0,-343.0,-6.0,-477.0,-1411.0,-780.0,33638.0,5632000.0,2263.0,2708.0,0.0
10640258000,0.010265216083425248,97416.36141636141,2282.0,2134.0,1239.0,1928.0,2164.0,16064.0,-2388.0,880.0,-323.0,-17.0,-477.0,-1411.0,-780.0,33638.0,5632000.0,2262.0,2706.0,0.0
10640514000,0.010265421947697738,97414.40781440781,2282.0,2136.0,1240.0,1930.0,2136.0,16072.0,-2380.0,884.0,-356.0,-4.0,-476.0,-1408.0,-771.0,33638.0,5631232.0,2262.0,2708.0,0.0
10640770000,0.010265216083425248,97416.36141636141,2287.0,2134.0,1243.0,1930.0,2124.0,16076.0,-2320.0,885.0,-361.0,1.0,-480.0,-1403.0,-775.0,33638.0,5631232.0,2268.0,2707.0,0.0
10641026000,0.010265421947697738,97414.40781440781,2289.0,2134.0,1243.0,1933.0,2136.0,16020.0,-2268.0,886.0,-364.0,-16.0,-478.0,-1407.0,-776.0,33638.0,5631232.0,2265.0,2708.0,0.0
10641282000,0.010265216083425248,97416.36141636141,2282.0,2133.0,1241.0,1934.0,2112.0,16044.0,-2296.0,905.0,-352.0,-2.0,-474.0,-1410.0,-783.0,33638.0,5631232.0,2261.0,2705.0,0.0
10641538000,0.010265421947697738,97414.40781440781,2254.0,2133.0,1241.0,1933.0,2128.0,16056.0,-2356.0,882.0,-350.0,-24.0,-474.0,-1410.0,-783.0,33638.0,5630976.0,2248.0,2699.0,0.0
10641794000,0.010265421947697738,97414.40781440781,2259.0,2133.0,1243.0,1933.0,2096.0,16040.0,-2316.0,871.0,-308.0,-56.0,-475.0,-1406.0,-778.0,33638.0,5630976.0,2257.0,2708.0,0.0
10642050000,0.010265421947697738,97414.40781440781,2267.0,2135.0,1241.0,1933.0,2132.0,16028.0,-2360.0,885.0,-324.0,-28.0,-478.0,-1404.0,-774.0,33638.0,5631232.0,2261.0,2708.0,0.0
10642306000,0.010265216083425248,97416.36141636141,2266.0,2135.0,1241.0,1931.0,2140.0,16060.0,-2392.0,883.0,-343.0,-20.0,-476.0,-1405.0,-782.0,33638.0,5631232.0,2260.0,2706.0,0.0
10642562000,0.010265421947697738,97414.40781440781,2264.0,2137.0,1241.0,1933.0,2132.0,16080.0,-2328.0,892.0,-355.0,-25.0,-476.0,-1405.0,-782.0,33638.0,5630976.0,2260.0,2706.0,0.0
10642818000,0.010265216083425248,97416.36141636141,2278.0,2135.0,1241.0,1935.0,2188.0,16060.0,-2328.0,852.0,-330.0,22.0,-491.0,-1406.0,-779.0,33638.0,5630976.0,2266.0,2707.0,0.0
10643074000,0.010265216083425248,97416.36141636141,2284.0,2136.0,1239.0,1937.0,2152.0,16092.0,-2264.0,860.0,-346.0,23.0,-477.0,-1403.0,-782.0,33638.0,5632000.0,2265.0,2708.0,0.0
10643330000,0.010265421947697738,97414.40781440781,2249.0,2135.0,1240.0,1938.0,2120.0,16076.0,-2216.0,879.0,-337.0,18.0,-470.0,-1411.0,-781.0,33638.0,5632000.0,2467.0,2687.0,0.0
10643586000,0.010265421947697738,97414.40781440781,2236.0,2135.0,1239.0,1936.0,2144.0,16112.0,-2288.0,853.0,-350.0,18.0,-473.0,-1407.0,-784.0,33638.0,5630976.0,2360.0,2707.0,0.0
10643842000,0.010265421947697738,97414.40781440781,2138.0,2134.0,1240.0,1935.0,2100.0,16064.0,-2340.0,872.0,-324.0,-25.0,-473.0,-1407.0,-784.0,33638.0,5630976.0,2313.0,2707.0,0.0
10644098000,0.010265421947697738,97414.40781440781,2244.0,2133.0,1241.0,1930.0,2184.0,16088.0,-2320.0,870.0,-313.0,-2.0,-492.0,-1401.0,-778.0,33638.0,5630976.0,2286.0,2708.0,0.0
10644354000,0.010265216083425248,97416.36141636141,2272.0,2131.0,1238.0,1930.0,2096.0,16060.0,-2340.0,879.0,-319.0,-42.0,-471.0,-1404.0,-777.0,33638.0,5630976.0,2272.0,2706.0,0.0
10644610000,0.010265421947697738,97414.40781440781,2287.0,2131.0,1238.0,1928.0,2064.0,16080.0,-2328.0,914.0,-339.0,-18.0,-476.0,-1407.0,-781.0,33638.0,5632000.0,2267.0,2708.0,0.0
10644866000,0.010265216083425248,97416.36141636141,2295.0,2133.0,1239.0,1931.0,2068.0,16104.0,-2352.0,914.0,-340.0,-14.0,-482.0,-1401.0,-778.0,33638.0,5632000.0,2270.0,2707.0,0.0
10645122000,0.010265216083425248,97416.36141636141,2299.0,2134.0,1238.0,1932.0,2104.0,16100.0,-2332.0,909.0,-372.0,-9.0,-482.0,-1401.0,-778.0,33638.0,5632000.0,2267.0,2708.0,0.0
10645378000,0.010265421947697738,97414.40781440781,2303.0,2133.0,1241.0,1937.0,2104.0,16076.0,-2248.0,928.0,-385.0,-8.0,-480.0,-1408.0,-780.0,33638.0,5632000.0,2270.0,2707.0,0.0
10645634000,0.010265216083425248,97416.36141636141,2299.0,2136.0,1242.0,1939.0,2132.0,16064.0,-2192.0,908.0,-371.0,2.0,-478.0,-1413.0,-778.0,33638.0,5632256.0,2266.0,2708.0,0.0
10645890000,0.010265216083425248,97416.36141636141,2295.0,2136.0,1240.0,1937.0,2140.0,16080.0,-2168.0,861.0,-329.0,4.0,-483.0,-1406.0,-781.0,33638.0,5632256.0,2265.0,2708.0,0.0
10646146000,0.010265216083425248,97416.36141636141,2292.0,2136.0,1239.0,1937.0,2152.0,16084.0,-2168.0,855.0,-340.0,-16.0,-483.0,-1406.0,-781.0,33638.0,5630976.0,2263.0,2708.0,0.0
10646402000,0.010265421947697738,97414.40781440781,2286.0,2135.0,1238.0,1935.0,2132.0,16136.0,-2164.0,807.0,-293.0,-32.0,-481.0,-1401.0,-776.0,33638.0,5630976.0,2262.0,2706.0,0.0
10646658000,0.010265216083425248,97416.36141636141,2283.0,2135.0,1240.0,1934.0,2144.0,16072.0,-2280.0,783.0,-308.0,-17.0,-476.0,-1402.0,-779.0,33638.0,5630976.0,2262.0,2708.0,0.0
10646914000,0.010265216083425248,97416.36141636141,2286.0,2135.0,1238.0,1931.0,2140.0,16128.0,-2336.0,818.0,-349.0,-5.0,-474.0,-1403.0,-782.0,33638.0,5630976.0,2263.0,2708.0,0.0
10647170000,0.010265216083425248,97416.36141636141,2287.0,2133.0,1238.0,1930.0,2120.0,16152.0,-2380.0,826.0,-365.0,9.0,-477.0,-1408.0,-776.0,33638.0,5631744.0,2263.0,2708.0,0.0
10647426000,0.010265216083425248,97416.36141636141,2268.0,2135.0,1239.0,1930.0,2160.0,16092.0,-2352.0,822.0,-373.0,15.0,-477.0,-1408.0,-776.0,33638.0,5631744.0,2254.0,2704.0,0.0
10647682000,0.010265421947697738,97414.40781440781,2273.0,2135.0,1243.0,1933.0,2160.0,16032.0,-2296.0,825.0,-392.0,-7.0,-484.0,-1408.0,-776.0,33638.0,5631232.0,2259.0,2708.0,0.0
10647938000,0.010265421947697738,97414.40781440781,2274.0,2135.0,1242.0,1934.0,2124.0,16012.0,-2296.0,846.0,-359.0,-2.0,-482.0,-1408.0,-783.0,33638.0,5631232.0,2261.0,2708.0,0.0
10648194000,0.010265421947697738,97414.40781440781,2276.0,2136.0,1243.0,1935.0,2140.0,16032.0,-2316.0,828.0,-337.0,-17.0,-474.0,-1406.0,-781.0,33638.0,5632512.0,2262.0,2708.0,0.0
10648450000,0.010265421947697738,97414.40781440781,2260.0,2135.0,1244.0,1931.0,2164.0,16000.0,-2364.0,822.0,-339.0,-38.0,-472.0,-1403.0,-780.0,33638.0,5632512.0,2253.0,2704.0,0.0
10648706000,0.010265216083425248,97416.36141636141,2267.0,2134.0,1243.0,1931.0,2144.0,16072.0,-2392.0,857.0,-346.0,-15.0,-472.0,-1403.0,-780.0,33638.0,5631232.0,2259.0,2708.0,0.0
10648962000,0.010265216083425248,97416.36141636141,2273.0,2133.0,1241.0,1933.0,2076.0,16096.0,-2260.0,854.0,-352.0,-14.0,-468.0,-1406.0,-781.0,33638.0,5631232.0,2261.0,2708.0,0.0
10649218000,0.010265421947697738,97414.40781440781,2288.0,2132.0,1238.0,1933.0,2076.0,16116.0,-2316.0,838.0,-336.0,-5.0,-474.0,-1403.0,-779.0,33638.0,5630976.0,2269.0,2709.0,0.0
10649474000,0.010265421947697738,97414.40781440781,2288.0,2133.0,1238.0,1932.0,2088.0,16152.0,-2360.0,856.0,-336.0,-1.0,-472.0,-1406.0,-773.0,33638.0,5630976.0,2263.0,2705.0,0.0
10649730000,0.010265216083425248,97416.36141636141,2281.0,2132.0,1238.0,1931.0,2044.0,16148.0,-2392.0,830.0,-309.0,-7.0,-472.0,-1406.0,-773.0,33638.0,5630976.0,2261.0,2706.0,0.0
10649986000,0.010265421947697738,97414.40781440781,2281.0,2134.0,1239.0,1930.0,2128.0,16108.0,-2304.0,862.0,-323.0,-32.0,-490.0,-1404.0,-781.0,33638.0,5630976.0,2262.0,2708.0,0.0
10650242000,0.010265216083425248,97416.36141636141,2285.0,2133.0,1239.0,1933.0,2072.0,16104.0,-2304.0,902.0,-345.0,-21.0,-471.0,-1409.0,-782.0,33638.0,5631232.0,2263.0,2708.0,0.0
10650498000,0.010265421947697738,97414.40781440781,2282.0,2133.0,1239.0,1932.0,2108.0,16092.0,-2336.0,908.0,-376.0,-40.0,-475.0,-1407.0,-776.0,33638.0,5631232.0,2262.0,2706.0,0.0
10650754000,0.010265421947697738,97414.40781440781,2292.0,2132.0,1240.0,1932.0,2084.0,16088.0,-2296.0,895.0,-350.0,-40.0,-485.0,-1404.0,-783.0,33638.0,5632000.0,2267.0,2707.0,0.0
10651010000,0.010265216083425248,97416.36141636141,2297.0,2132.0,1240.0,1935.0,2068.0,16088.0,-2248.0,879.0,-357.0,-49.0,-485.0,-1404.0,-783.0,33638.0,5632000.0,2270.0,2707.0,0.0
10651266000,0.010265216083425248,97416.36141636141,2309.0,2133.0,1240.0,1934.0,2112.0,16076.0,-2256.0,856.0,-327.0,-29.0,-482.0,-1408.0,-774.0,33638.0,5631232.0,2273.0,2709.0,0.0
10651522000,0.010265216083425248,97416.36141636141,2296.0,2136.0,1241.0,1935.0,2104.0,16056.0,-2320.0,853.0,-336.0,-67.0,-475.0,-1407.0,-779.0,33638.0,5631232.0,2264.0,2705.0,0.0
10651778000,0.010265421947697738,97414.40781440781,2288.0,2135.0,1240.0,1931.0,2128.0,16064.0,-2336.0,853.0,-336.0,-67.0,-474.0,-1403.0,-776.0,33638.0,5630976.0,2264.0,2708.0,0.0
10652034000,0.010265216083425248,97416.36141636141,2289.0,2134.0,1240.0,1932.0,2104.0,16084.0,-2316.0,856.0,-335.0,-54.0,-481.0,-1407.0,-778.0,33638.0,5630976.0,2268.0,2707.0,0.0
10652290000,0.010265421947697738,97414.40781440781,2303.0,2134.0,1240.0,1933.0,2112.0,16076.0,-2296.0,854.0,-320.0,-50.0,-481.0,-1407.0,-778.0,33638.0,5630976.0,2271.0,2707.0,0.0
10652546000,0.010265421947697738,97414.40781440781,2264.0,2134.0,1239.0,1933.0,2104.0,16056.0,-2296.0,856.0,-315.0,-37.0,-483.0,-1407.0,-780.0,33638.0,5630976.0,2470.0,2687.0,0.0
10652802000,0.010265421947697738,97414.40781440781,2242.0,2135.0,1241.0,1932.0,2168.0,16060.0,-2332.0,847.0,-335.0,-66.0,-486.0,-1406.0,-784.0,33638.0,5632512.0,2357.0,2708.0,0.0
10653058000,0.010265216083425248,97416.36141636141,2140.0,2135.0,1244.0,1932.0,2152.0,16048.0,-2332.0,836.0,-323.0,-53.0,-481.0,-1408.0,-782.0,33638.0,5632512.0,2311.0,2707.0,0.0
10653314000,0.010265216083425248,97416.36141636141,2242.0,2135.0,1242.0,1932.0,2164.0,16020.0,-2372.0,823.0,-316.0,-29.0,-481.0,-1408.0,-782.0,33638.0,5630976.0,2285.0,2708.0,0.0
10653570000,0.010265421947697738,97414.40781440781,2277.0,2136.0,1242.0,1929.0,2168.0,15996.0,-2348.0,850.0,-325.0,-83.0,-489.0,-1405.0,-777.0,33638.0,5630976.0,2271.0,2705.0,0.0
10653826000,0.010265216083425248,97416.36141636141,2290.0,2134.0,1239.0,1929.0,2132.0,16088.0,-2328.0,854.0,-342.0,-39.0,-475.0,-1408.0,-781.0,33638.0,5632000.0,2267.0,2708.0,0.0
10654082000,0.010265421947697738,97414.40781440781,2285.0,2135.0,1239.0,1934.0,2124.0,16076.0,-2340.0,843.0,-352.0,-61.0,-479.0,-1401.0,-780.0,33638.0,5632000.0,2264.0,2708.0,0.0
10654338000,0.010265421947697738,97414.40781440781,2282.0,2135.0,1240.0,1932.0,2164.0,16056.0,-2356.0,837.0,-366.0,-36.0,-480.0,-1408.0,-779.0,33638.0,5630976.0,2264.0,2708.0,0.0
10654594000,0.010265216083425248,97416.36141636141,2265.0,2135.0,1241.0,1932.0,2120.0,16064.0,-2324.0,846.0,-365.0,-44.0,-480.0,-1408.0,-779.0,33638.0,5630976.0,2254.0,2704.0,0.0
10654850000,0.010265216083425248,97416.36141636141,2271.0,2135.0,1239.0,1933.0,2152.0,16080.0,-2308.0,882.0,-377.0,-46.0,-475.0,-1406.0,-779.0,33638.0,5631232.0,2259.0,2708.0,0.0
10655106000,0.010265216083425248,97416.36141636141,2274.0,2136.0,1241.0,1932.0,2156.0,16048.0,-2332.0,858.0,-343.0,-45.0,-479.0,-1407.0,-779.0,33638.0,5631232.0,2261.0,2708.0,0.0
10655362000,0.010265216083425248,97416.36141636141,2276.0,2135.0,1243.0,1932.0,2112.0,16056.0,-2368.0,871.0,-340.0,-54.0,-478.0,-1401.0,-781.0,33638.0,5630976.0,2262.0,2708.0,0.0
10655618000,0.010265421947697738,97414.40781440781,2261.0,2136.0,1241.0,1929.0,2112.0,16060.0,-2360.0,868.0,-338.0,-63.0,-476.0,-1409.0,-778.0,33638.0,5630976.0,2253.0,2704.0,0.0
10655874000,0.010265421947697738,97414.40781440781,2262.0,2134.0,1240.0,1929.0,2104.0,16036.0,-2392.0,828.0,-308.0,-34.0,-476.0,-1409.0,-778.0,33638.0,5630976.0,2258.0,2708.0,0.0
10656130000,0.010265421947697738,97414.40781440781,2270.0,2133.0,1241.0,1930.0,2108.0,16036.0,-2404.0,805.0,-300.0,-18.0,-475.0,-1406.0,-781.0,33638.0,5630976.0,2261.0,2708.0,0.0
10656386000,0.010265421947697738,97414.40781440781,2274.0,2133.0,1240.0,1926.0,2100.0,16056.0,-2432.0,837.0,-304.0,-4.0,-473.0,-1406.0,-777.0,33638.0,5630720.0,2262.0,2708.0,0.0
10656642000,0.010265216083425248,97416.36141636141,2261.0,2132.0,1241.0,1929.0,2092.0,16080.0,-2344.0,873.0,-325.0,-16.0,-486.0,-1409.0,-778.0,33638.0,5630720.0,2253.0,2704.0,0.0
10656898000,0.010265216083425248,97416.36141636141,2268.0,2134.0,1241.0,1929.0,2120.0,16072.0,-2400.0,856.0,-331.0,-20.0,-486.0,-1409.0,-778.0,33638.0,5630720.0,2264.0,2707.0,0.0
10657154000,0.010265216083425248,97416.36141636141,2281.0,2136.0,1241.0,1930.0,2152.0,16064.0,-2388.0,857.0,-342.0,-22.0,-466.0,-1405.0,-775.0,33638.0,5630720.0,2268.0,2707.0,0.0
10657410000,0.010265216083425248,97416.36141636141,2299.0,2136.0,1242.0,1929.0,2104.0,16032.0,-2332.0,873.0,-351.0,-15.0,-473.0,-1405.0,-779.0,33638.0,5632000.0,2273.0,2708.0,0.0
10657666000,0.010265421947697738,97414.40781440781,2282.0,2134.0,1241.0,1931.0,2164.0,16052.0,-2360.0,887.0,-358.0,-21.0,-474.0,-1401.0,-778.0,33638.0,5632000.0,2258.0,2704.0,0.0
10657922000,0.010265216083425248,97416.36141636141,2287.0,2135.0,1244.0,1933.0,2116.0,16048.0,-2324.0,878.0,-375.0,-51.0,-472.0,-1404.0,-777.0,33638.0,5630976.0,2266.0,2707.0,0.0
10658178000,0.010265216083425248,97416.36141636141,2294.0,2136.0,1243.0,1932.0,2160.0,16076.0,-2332.0,881.0,-362.0,-48.0,-472.0,-1404.0,-777.0,33638.0,5630976.0,2269.0,2707.0,0.0
10658434000,0.010265216083425248,97416.36141636141,2295.0,2137.0,1243.0,1932.0,2164.0,16024.0,-2332.0,877.0,-355.0,-33.0,-477.0,-1413.0,-781.0,33638.0,5631744.0,2266.0,2708.0,0.0
10658690000,0.010265421947697738,97414.40781440781,2293.0,2137.0,1241.0,1929.0,2144.0,16020.0,-2392.0,851.0,-352.0,-15.0,-487.0,-1413.0,-774.0,33638.0,5631744.0,2263.0,2706.0,0.0
10658946000,0.010265421947697738,97414.40781440781,2293.0,2136.0,1242.0,1931.0,2160.0,16068.0,-2344.0,858.0,-333.0,-37.0,-474.0,-1406.0,-776.0,33638.0,5630976.0,2268.0,2707.0,0.0
10659202000,0.010265216083425248,97416.36141636141,2303.0,2134.0,1241.0,1931.0,2096.0,16092.0,-2340.0,873.0,-364.0,-54.0,-483.0,-1409.0,-775.0,33638.0,5630976.0,2271.0,2707.0,0.0
10659458000,0.010265216083425248,97416.36141636141,2305.0,2134.0,1242.0,1932.0,2056.0,16108.0,-2328.0,872.0,-326.0,-19.0,-483.0,-1409.0,-775.0,33638.0,5632000.0,2272.0,2707.0,0.0
10659714000,0.010265421947697738,97414.40781440781,2300.0,2134.0,1240.0,1930.0,2168.0,16044.0,-2392.0,855.0,-319.0,-8.0,-470.0,-1408.0,-778.0,33638.0,5632000.0,2265.0,2705.0,0.0
10659970000,0.010265421947697738,97414.40781440781,2296.0,2136.0,1241.0,1929.0,2160.0,16044.0,-2360.0,843.0,-330.0,-17.0,-484.0,-1401.0,-777.0,33638.0,5632512.0,2263.0,2708.0,0.0
10660226000,0.010265216083425248,97416.36141636141,2295.0,2135.0,1240.0,1930.0,2116.0,16048.0,-2376.0,861.0,-312.0,-36.0,-490.0,-1407.0,-774.0,33638.0,5632512.0,2268.0,2707.0,0.0
10660482000,0.010265421947697738,97414.40781440781,2292.0,2133.0,1240.0,1931.0,2128.0,16048.0,-2420.0,848.0,-338.0,-10.0,-490.0,-1407.0,-774.0,33638.0,5632256.0,2266.0,2708.0,0.0
10660738000,0.010265216083425248,97416.36141636141,2278.0,2134.0,1244.0,1931.0,2144.0,16068.0,-2372.0,864.0,-350.0,0.0,-479.0,-1406.0,-776.0,33638.0,5632256.0,2255.0,2704.0,0.0
10660994000,0.010265216083425248,97416.36141636141,2278.0,2135.0,1243.0,1932.0,2160.0,16028.0,-2336.0,883.0,-376.0,-11.0,-480.0,-1407.0,-779.0,33638.0,5632000.0,2259.0,2708.0,0.0
10661250000,0.010265216083425248,97416.36141636141,2290.0,2135.0,1241.0,1934.0,2128.0,16040.0,-2316.0,908.0,-373.0,-8.0,-476.0,-1401.0,-782.0,33638.0,5632000.0,2267.0,2707.0,0.0
10661506000,0.010265216083425248,97416.36141636141,2297.0,2134.0,1243.0,1932.0,2096.0,16036.0,-2304.0,877.0,-355.0,-14.0,-501.0,-1412.0,-774.0,33638.0,5631232.0,2270.0,2707.0,0.0
10661762000,0.010265216083425248,97416.36141636141,2287.0,2135.0,1243.0,1932.0,2172.0,15988.0,-2364.0,861.0,-346.0,-30.0,-501.0,-1412.0,-774.0,33638.0,5631232.0,2262.0,2703.0,0.0
10662018000,0.010265421947697738,97414.40781440781,2292.0,2134.0,1244.0,1930.0,2148.0,16028.0,-2364.0,875.0,-350.0,-38.0,-480.0,-1408.0,-777.0,33638.0,5632000.0,2268.0,2707.0,0.0
10662274000,0.010265421947697738,97414.40781440781,2299.0,2134.0,1242.0,1926.0,2160.0,16072.0,-2332.0,883.0,-335.0,-17.0,-480.0,-1405.0,-778.0,33638.0,5632000.0,2270.0,2707.0,0.0
10662530000,0.010265421947697738,97414.40781440781,2296.0,2133.0,1242.0,1927.0,2104.0,16092.0,-2356.0,900.0,-331.0,-9.0,-475.0,-1405.0,-772.0,33638.0,5631232.0,2266.0,2708.0,0.0
10662786000,0.010265216083425248,97416.36141636141,2280.0,2131.0,1239.0,1929.0,2088.0,16124.0,-2344.0,881.0,-336.0,-8.0,-466.0,-1402.0,-781.0,33638.0,5631232.0,2260.0,2703.0,0.0
10663042000,0.010265421947697738,97414.40781440781,2292.0,2134.0,1239.0,1927.0,2092.0,16108.0,-2352.0,859.0,-329.0,19.0,-466.0,-1402.0,-781.0,33638.0,5632000.0,2267.0,2707.0,0.0
10663298000,0.010265421947697738,97414.40781440781,2300.0,2134.0,1241.0,1930.0,2112.0,16084.0,-2432.0,891.0,-318.0,4.0,-475.0,-1406.0,-776.0,33638.0,5632000.0,2270.0,2707.0,0.0
10663554000,0.010265421947697738,97414.40781440781,2297.0,2131.0,1238.0,1933.0,2092.0,16088.0,-2324.0,905.0,-330.0,24.0,-470.0,-1409.0,-780.0,33638.0,5632256.0,2266.0,2708.0,0.0
10663810000,0.010265421947697738,97414.40781440781,2252.0,2135.0,1239.0,1929.0,2136.0,16080.0,-2340.0,904.0,-346.0,0.0,-472.0,-1402.0,-783.0,33638.0,5632256.0,2468.0,2687.0,0.0
10664066000,0.010265216083425248,97416.36141636141,2233.0,2135.0,1242.0,1931.0,2140.0,16032.0,-2376.0,898.0,-342.0,-19.0,-472.0,-1402.0,-783.0,33638.0,5630720.0,2355.0,2706.0,0.0
10664322000,0.010265421947697738,97414.40781440781,2132.0,2132.0,1240.0,1934.0,2132.0,16048.0,-2348.0,882.0,-350.0,-4.0,-475.0,-1404.0,-776.0,33638.0,5630720.0,2310.0,2707.0,0.0
10664578000,0.010265421947697738,97414.40781440781,2233.0,2134.0,1241.0,1934.0,2112.0,16092.0,-2328.0,853.0,-322.0,21.0,-471.0,-1407.0,-778.0,33638.0,5631232.0,2284.0,2708.0,0.0
10664834000,0.010265421947697738,97414.40781440781,2265.0,2133.0,1240.0,1931.0,2084.0,16080.0,-2304.0,888.0,-332.0,-44.0,-476.0,-1409.0,-778.0,33638.0,5631232.0,2269.0,2703.0,0.0
10665090000,0.010265216083425248,97416.36141636141,2289.0,2133.0,1242.0,1932.0,2136.0,16088.0,-2344.0,877.0,-344.0,-38.0,-472.0,-1400.0,-781.0,33638.0,5632256.0,2271.0,2707.0,0.0
