2025-11-13 11:53:22,085 - __main__ - INFO - ============================================================
2025-11-13 11:53:22,085 - __main__ - INFO - Shimmer GSR+ LSL Integration
2025-11-13 11:53:22,085 - __main__ - INFO - ============================================================
2025-11-13 11:53:22,085 - __main__ - INFO - 
[1/4] Initializing Shimmer GSR+ device...
2025-11-13 11:53:22,085 - shimmer_device - INFO - Attempting to connect to Shimmer on COM6...
2025-11-13 11:53:23,575 - shimmer_device - INFO - Initializing Shimmer device...
2025-11-13 11:53:23,622 - shimmer_device - INFO - Successfully connected and initialized Shimmer on COM6
2025-11-13 11:53:23,622 - shimmer_device - INFO - Channel names: ['GSR_Skin_Conductance', 'GSR_Skin_Resistance', 'GSR_Range', 'VSenseBatt']
2025-11-13 11:53:23,649 - __main__ - INFO - Device info: {'sampling_rate': 128.0, 'enabled_sensors': ['gsr', 'battery'], 'channel_names': ['GSR_Skin_Conductance', 'GSR_Skin_Resistance', 'GSR_Range', 'VSenseBatt'], 'com_port': 'COM6'}
2025-11-13 11:53:23,650 - __main__ - INFO - Channels: ['GSR_Skin_Conductance', 'GSR_Skin_Resistance', 'GSR_Range', 'VSenseBatt']
2025-11-13 11:53:23,650 - __main__ - INFO - Sampling rate: 128.0 Hz
2025-11-13 11:53:23,650 - __main__ - INFO - 
[2/4] Initializing LSL stream...
2025-11-13 11:53:23,650 - lsl_manager - INFO - Creating LSL stream: ShimmerGSR
2025-11-13 11:53:23,650 - lsl_manager - INFO - Channels: 4, Sampling rate: 128.0 Hz
2025-11-13 11:53:23,662 - lsl_manager - INFO - Added metadata to LSL stream
2025-11-13 11:53:24,021 - lsl_manager - INFO - LSL outlet created successfully: ShimmerGSR
2025-11-13 11:53:24,021 - __main__ - INFO - 
[3/4] Initializing data saver...
2025-11-13 11:53:24,022 - data_saver - INFO - Created CSV file: ./data\shimmer_gsr_20251113_115324.csv
2025-11-13 11:53:24,022 - data_saver - INFO - Saved metadata to: ./data\shimmer_gsr_20251113_115324_metadata.json
2025-11-13 11:53:24,022 - data_saver - INFO - Started saving data to: ./data\shimmer_gsr_20251113_115324.csv
2025-11-13 11:53:24,022 - __main__ - INFO - 
[4/4] Starting data streaming...
2025-11-13 11:53:24,022 - shimmer_device - INFO - Starting data streaming...
2025-11-13 11:53:24,088 - shimmer_device - INFO - Data streaming started successfully
2025-11-13 11:53:24,088 - __main__ - INFO - 
============================================================
2025-11-13 11:53:24,089 - __main__ - INFO - Initialization complete! Ready to stream data.
2025-11-13 11:53:24,089 - __main__ - INFO - ============================================================

2025-11-13 11:53:24,089 - __main__ - INFO - Starting data acquisition loop...
2025-11-13 11:53:24,089 - __main__ - INFO - Press Ctrl+C to stop

2025-11-13 11:53:24,091 - lsl_manager - ERROR - Error pushing sample: length of the sample (3) must correspond to the stream's channel count (4).
2025-11-13 11:53:24,092 - lsl_manager - ERROR - Error pushing sample: length of the sample (3) must correspond to the stream's channel count (4).
2025-11-13 11:53:24,116 - lsl_manager - ERROR - Error pushing sample: length of the sample (3) must correspond to the stream's channel count (4).
2025-11-13 11:53:24,117 - lsl_manager - ERROR - Error pushing sample: length of the sample (3) must correspond to the stream's channel count (4).
2025-11-13 11:53:24,119 - lsl_manager - ERROR - Error pushing sample: length of the sample (3) must correspond to the stream's channel count (4).
2025-11-13 11:53:24,122 - lsl_manager - ERROR - Error pushing sample: length of the sample (3) must correspond to the stream's channel count (4).
2025-11-13 11:53:24,123 - lsl_manager - ERROR - Error pushing sample: length of the sample (3) must correspond to the stream's channel count (4).
2025-11-13 11:53:24,141 - lsl_manager - ERROR - Error pushing sample: length of the sample (3) must correspond to the stream's channel count (4).
2025-11-13 11:53:24,143 - lsl_manager - ERROR - Error pushing sample: length of the sample (3) must correspond to the stream's channel count (4).
2025-11-13 11:53:24,154 - lsl_manager - ERROR - Error pushing sample: length of the sample (3) must correspond to the stream's channel count (4).
2025-11-13 11:53:24,155 - lsl_manager - ERROR - Error pushing sample: length of the sample (3) must correspond to the stream's channel count (4).
2025-11-13 11:53:24,179 - lsl_manager - ERROR - Error pushing sample: length of the sample (3) must correspond to the stream's channel count (4).
2025-11-13 11:53:24,180 - lsl_manager - ERROR - Error pushing sample: length of the sample (3) must correspond to the stream's channel count (4).
2025-11-13 11:53:24,181 - lsl_manager - ERROR - Error pushing sample: length of the sample (3) must correspond to the stream's channel count (4).
2025-11-13 11:53:24,194 - lsl_manager - ERROR - Error pushing sample: length of the sample (3) must correspond to the stream's channel count (4).
2025-11-13 11:53:24,195 - lsl_manager - ERROR - Error pushing sample: length of the sample (3) must correspond to the stream's channel count (4).
2025-11-13 11:53:24,210 - lsl_manager - ERROR - Error pushing sample: length of the sample (3) must correspond to the stream's channel count (4).
2025-11-13 11:53:24,212 - lsl_manager - ERROR - Error pushing sample: length of the sample (3) must correspond to the stream's channel count (4).
2025-11-13 11:53:24,236 - lsl_manager - ERROR - Error pushing sample: length of the sample (3) must correspond to the stream's channel count (4).
2025-11-13 11:53:24,237 - lsl_manager - ERROR - Error pushing sample: length of the sample (3) must correspond to the stream's channel count (4).
2025-11-13 11:53:24,238 - lsl_manager - ERROR - Error pushing sample: length of the sample (3) must correspond to the stream's channel count (4).
2025-11-13 11:53:24,251 - lsl_manager - ERROR - Error pushing sample: length of the sample (3) must correspond to the stream's channel count (4).
2025-11-13 11:53:24,252 - lsl_manager - ERROR - Error pushing sample: length of the sample (3) must correspond to the stream's channel count (4).
2025-11-13 11:53:24,275 - lsl_manager - ERROR - Error pushing sample: length of the sample (3) must correspond to the stream's channel count (4).
2025-11-13 11:53:24,281 - lsl_manager - ERROR - Error pushing sample: length of the sample (3) must correspond to the stream's channel count (4).
2025-11-13 11:53:24,282 - lsl_manager - ERROR - Error pushing sample: length of the sample (3) must correspond to the stream's channel count (4).
2025-11-13 11:53:24,284 - lsl_manager - ERROR - Error pushing sample: length of the sample (3) must correspond to the stream's channel count (4).
2025-11-13 11:53:24,312 - lsl_manager - ERROR - Error pushing sample: length of the sample (3) must correspond to the stream's channel count (4).
2025-11-13 11:53:24,314 - lsl_manager - ERROR - Error pushing sample: length of the sample (3) must correspond to the stream's channel count (4).
2025-11-13 11:53:24,316 - lsl_manager - ERROR - Error pushing sample: length of the sample (3) must correspond to the stream's channel count (4).
2025-11-13 11:53:24,334 - lsl_manager - ERROR - Error pushing sample: length of the sample (3) must correspond to the stream's channel count (4).
2025-11-13 11:53:24,335 - lsl_manager - ERROR - Error pushing sample: length of the sample (3) must correspond to the stream's channel count (4).
2025-11-13 11:53:24,337 - lsl_manager - ERROR - Error pushing sample: length of the sample (3) must correspond to the stream's channel count (4).
2025-11-13 11:53:24,338 - lsl_manager - ERROR - Error pushing sample: length of the sample (3) must correspond to the stream's channel count (4).
2025-11-13 11:53:24,365 - lsl_manager - ERROR - Error pushing sample: length of the sample (3) must correspond to the stream's channel count (4).
2025-11-13 11:53:24,366 - lsl_manager - ERROR - Error pushing sample: length of the sample (3) must correspond to the stream's channel count (4).
2025-11-13 11:53:24,368 - lsl_manager - ERROR - Error pushing sample: length of the sample (3) must correspond to the stream's channel count (4).
2025-11-13 11:53:24,372 - lsl_manager - ERROR - Error pushing sample: length of the sample (3) must correspond to the stream's channel count (4).
2025-11-13 11:53:24,373 - lsl_manager - ERROR - Error pushing sample: length of the sample (3) must correspond to the stream's channel count (4).
2025-11-13 11:53:24,387 - lsl_manager - ERROR - Error pushing sample: length of the sample (3) must correspond to the stream's channel count (4).
2025-11-13 11:53:24,388 - lsl_manager - ERROR - Error pushing sample: length of the sample (3) must correspond to the stream's channel count (4).
2025-11-13 11:53:24,402 - lsl_manager - ERROR - Error pushing sample: length of the sample (3) must correspond to the stream's channel count (4).
2025-11-13 11:53:24,404 - lsl_manager - ERROR - Error pushing sample: length of the sample (3) must correspond to the stream's channel count (4).
2025-11-13 11:53:24,412 - lsl_manager - ERROR - Error pushing sample: length of the sample (3) must correspond to the stream's channel count (4).
2025-11-13 11:53:24,430 - lsl_manager - ERROR - Error pushing sample: length of the sample (3) must correspond to the stream's channel count (4).
2025-11-13 11:53:24,432 - lsl_manager - ERROR - Error pushing sample: length of the sample (3) must correspond to the stream's channel count (4).
2025-11-13 11:53:24,452 - lsl_manager - ERROR - Error pushing sample: length of the sample (3) must correspond to the stream's channel count (4).
2025-11-13 11:53:24,453 - lsl_manager - ERROR - Error pushing sample: length of the sample (3) must correspond to the stream's channel count (4).
2025-11-13 11:53:24,459 - lsl_manager - ERROR - Error pushing sample: length of the sample (3) must correspond to the stream's channel count (4).
2025-11-13 11:53:24,485 - lsl_manager - ERROR - Error pushing sample: length of the sample (3) must correspond to the stream's channel count (4).
2025-11-13 11:53:24,487 - lsl_manager - ERROR - Error pushing sample: length of the sample (3) must correspond to the stream's channel count (4).
2025-11-13 11:53:24,488 - lsl_manager - ERROR - Error pushing sample: length of the sample (3) must correspond to the stream's channel count (4).
2025-11-13 11:53:24,490 - lsl_manager - ERROR - Error pushing sample: length of the sample (3) must correspond to the stream's channel count (4).
2025-11-13 11:53:24,505 - lsl_manager - ERROR - Error pushing sample: length of the sample (3) must correspond to the stream's channel count (4).
2025-11-13 11:53:24,506 - lsl_manager - ERROR - Error pushing sample: length of the sample (3) must correspond to the stream's channel count (4).
2025-11-13 11:53:24,542 - lsl_manager - ERROR - Error pushing sample: length of the sample (3) must correspond to the stream's channel count (4).
2025-11-13 11:53:24,543 - lsl_manager - ERROR - Error pushing sample: length of the sample (3) must correspond to the stream's channel count (4).
2025-11-13 11:53:24,547 - lsl_manager - ERROR - Error pushing sample: length of the sample (3) must correspond to the stream's channel count (4).
2025-11-13 11:53:24,550 - lsl_manager - ERROR - Error pushing sample: length of the sample (3) must correspond to the stream's channel count (4).
2025-11-13 11:53:24,551 - lsl_manager - ERROR - Error pushing sample: length of the sample (3) must correspond to the stream's channel count (4).
2025-11-13 11:53:24,554 - lsl_manager - ERROR - Error pushing sample: length of the sample (3) must correspond to the stream's channel count (4).
2025-11-13 11:53:24,555 - lsl_manager - ERROR - Error pushing sample: length of the sample (3) must correspond to the stream's channel count (4).
2025-11-13 11:53:24,569 - lsl_manager - ERROR - Error pushing sample: length of the sample (3) must correspond to the stream's channel count (4).
2025-11-13 11:53:24,570 - lsl_manager - ERROR - Error pushing sample: length of the sample (3) must correspond to the stream's channel count (4).
2025-11-13 11:53:24,584 - lsl_manager - ERROR - Error pushing sample: length of the sample (3) must correspond to the stream's channel count (4).
2025-11-13 11:53:24,586 - lsl_manager - ERROR - Error pushing sample: length of the sample (3) must correspond to the stream's channel count (4).
2025-11-13 11:53:24,609 - lsl_manager - ERROR - Error pushing sample: length of the sample (3) must correspond to the stream's channel count (4).
2025-11-13 11:53:24,610 - lsl_manager - ERROR - Error pushing sample: length of the sample (3) must correspond to the stream's channel count (4).
2025-11-13 11:53:24,611 - lsl_manager - ERROR - Error pushing sample: length of the sample (3) must correspond to the stream's channel count (4).
2025-11-13 11:53:24,626 - lsl_manager - ERROR - Error pushing sample: length of the sample (3) must correspond to the stream's channel count (4).
2025-11-13 11:53:24,627 - lsl_manager - ERROR - Error pushing sample: length of the sample (3) must correspond to the stream's channel count (4).
2025-11-13 11:53:24,639 - lsl_manager - ERROR - Error pushing sample: length of the sample (3) must correspond to the stream's channel count (4).
2025-11-13 11:53:24,640 - lsl_manager - ERROR - Error pushing sample: length of the sample (3) must correspond to the stream's channel count (4).
2025-11-13 11:53:24,652 - lsl_manager - ERROR - Error pushing sample: length of the sample (3) must correspond to the stream's channel count (4).
2025-11-13 11:53:24,666 - lsl_manager - ERROR - Error pushing sample: length of the sample (3) must correspond to the stream's channel count (4).
2025-11-13 11:53:24,667 - lsl_manager - ERROR - Error pushing sample: length of the sample (3) must correspond to the stream's channel count (4).
2025-11-13 11:53:24,683 - lsl_manager - ERROR - Error pushing sample: length of the sample (3) must correspond to the stream's channel count (4).
2025-11-13 11:53:24,684 - lsl_manager - ERROR - Error pushing sample: length of the sample (3) must correspond to the stream's channel count (4).
2025-11-13 11:53:24,692 - lsl_manager - ERROR - Error pushing sample: length of the sample (3) must correspond to the stream's channel count (4).
2025-11-13 11:53:24,693 - lsl_manager - ERROR - Error pushing sample: length of the sample (3) must correspond to the stream's channel count (4).
2025-11-13 11:53:24,707 - lsl_manager - ERROR - Error pushing sample: length of the sample (3) must correspond to the stream's channel count (4).
2025-11-13 11:53:24,708 - lsl_manager - ERROR - Error pushing sample: length of the sample (3) must correspond to the stream's channel count (4).
2025-11-13 11:53:24,737 - lsl_manager - ERROR - Error pushing sample: length of the sample (3) must correspond to the stream's channel count (4).
2025-11-13 11:53:24,738 - lsl_manager - ERROR - Error pushing sample: length of the sample (3) must correspond to the stream's channel count (4).
2025-11-13 11:53:24,739 - lsl_manager - ERROR - Error pushing sample: length of the sample (3) must correspond to the stream's channel count (4).
2025-11-13 11:53:24,750 - lsl_manager - ERROR - Error pushing sample: length of the sample (3) must correspond to the stream's channel count (4).
2025-11-13 11:53:24,752 - lsl_manager - ERROR - Error pushing sample: length of the sample (3) must correspond to the stream's channel count (4).
2025-11-13 11:53:24,764 - lsl_manager - ERROR - Error pushing sample: length of the sample (3) must correspond to the stream's channel count (4).
2025-11-13 11:53:24,765 - lsl_manager - ERROR - Error pushing sample: length of the sample (3) must correspond to the stream's channel count (4).
2025-11-13 11:53:24,779 - lsl_manager - ERROR - Error pushing sample: length of the sample (3) must correspond to the stream's channel count (4).
2025-11-13 11:53:24,781 - lsl_manager - ERROR - Error pushing sample: length of the sample (3) must correspond to the stream's channel count (4).
2025-11-13 11:53:24,805 - lsl_manager - ERROR - Error pushing sample: length of the sample (3) must correspond to the stream's channel count (4).
2025-11-13 11:53:24,807 - lsl_manager - ERROR - Error pushing sample: length of the sample (3) must correspond to the stream's channel count (4).
2025-11-13 11:53:24,809 - lsl_manager - ERROR - Error pushing sample: length of the sample (3) must correspond to the stream's channel count (4).
2025-11-13 11:53:24,822 - lsl_manager - ERROR - Error pushing sample: length of the sample (3) must correspond to the stream's channel count (4).
2025-11-13 11:53:24,823 - lsl_manager - ERROR - Error pushing sample: length of the sample (3) must correspond to the stream's channel count (4).
2025-11-13 11:53:24,835 - lsl_manager - ERROR - Error pushing sample: length of the sample (3) must correspond to the stream's channel count (4).
2025-11-13 11:53:24,836 - lsl_manager - ERROR - Error pushing sample: length of the sample (3) must correspond to the stream's channel count (4).
2025-11-13 11:53:24,874 - lsl_manager - ERROR - Error pushing sample: length of the sample (3) must correspond to the stream's channel count (4).
2025-11-13 11:53:24,875 - lsl_manager - ERROR - Error pushing sample: length of the sample (3) must correspond to the stream's channel count (4).
2025-11-13 11:53:24,877 - lsl_manager - ERROR - Error pushing sample: length of the sample (3) must correspond to the stream's channel count (4).
2025-11-13 11:53:24,879 - lsl_manager - ERROR - Error pushing sample: length of the sample (3) must correspond to the stream's channel count (4).
2025-11-13 11:53:24,880 - lsl_manager - ERROR - Error pushing sample: length of the sample (3) must correspond to the stream's channel count (4).
2025-11-13 11:53:24,891 - lsl_manager - ERROR - Error pushing sample: length of the sample (3) must correspond to the stream's channel count (4).
2025-11-13 11:53:24,892 - lsl_manager - ERROR - Error pushing sample: length of the sample (3) must correspond to the stream's channel count (4).
2025-11-13 11:53:24,906 - lsl_manager - ERROR - Error pushing sample: length of the sample (3) must correspond to the stream's channel count (4).
2025-11-13 11:53:24,907 - lsl_manager - ERROR - Error pushing sample: length of the sample (3) must correspond to the stream's channel count (4).
2025-11-13 11:53:24,911 - lsl_manager - ERROR - Error pushing sample: length of the sample (3) must correspond to the stream's channel count (4).
2025-11-13 11:53:24,937 - lsl_manager - ERROR - Error pushing sample: length of the sample (3) must correspond to the stream's channel count (4).
2025-11-13 11:53:24,938 - lsl_manager - ERROR - Error pushing sample: length of the sample (3) must correspond to the stream's channel count (4).
2025-11-13 11:53:24,946 - lsl_manager - ERROR - Error pushing sample: length of the sample (3) must correspond to the stream's channel count (4).
2025-11-13 11:53:24,947 - lsl_manager - ERROR - Error pushing sample: length of the sample (3) must correspond to the stream's channel count (4).
2025-11-13 11:53:24,972 - lsl_manager - ERROR - Error pushing sample: length of the sample (3) must correspond to the stream's channel count (4).
2025-11-13 11:53:24,973 - lsl_manager - ERROR - Error pushing sample: length of the sample (3) must correspond to the stream's channel count (4).
2025-11-13 11:53:24,987 - lsl_manager - ERROR - Error pushing sample: length of the sample (3) must correspond to the stream's channel count (4).
2025-11-13 11:53:24,988 - lsl_manager - ERROR - Error pushing sample: length of the sample (3) must correspond to the stream's channel count (4).
2025-11-13 11:53:24,989 - lsl_manager - ERROR - Error pushing sample: length of the sample (3) must correspond to the stream's channel count (4).
2025-11-13 11:53:25,003 - lsl_manager - ERROR - Error pushing sample: length of the sample (3) must correspond to the stream's channel count (4).
2025-11-13 11:53:25,005 - lsl_manager - ERROR - Error pushing sample: length of the sample (3) must correspond to the stream's channel count (4).
2025-11-13 11:53:25,022 - lsl_manager - ERROR - Error pushing sample: length of the sample (3) must correspond to the stream's channel count (4).
2025-11-13 11:53:25,023 - lsl_manager - ERROR - Error pushing sample: length of the sample (3) must correspond to the stream's channel count (4).
2025-11-13 11:53:25,029 - lsl_manager - ERROR - Error pushing sample: length of the sample (3) must correspond to the stream's channel count (4).
2025-11-13 11:53:25,030 - lsl_manager - ERROR - Error pushing sample: length of the sample (3) must correspond to the stream's channel count (4).
2025-11-13 11:53:25,052 - lsl_manager - ERROR - Error pushing sample: length of the sample (3) must correspond to the stream's channel count (4).
2025-11-13 11:53:25,053 - lsl_manager - ERROR - Error pushing sample: length of the sample (3) must correspond to the stream's channel count (4).
2025-11-13 11:53:25,054 - lsl_manager - ERROR - Error pushing sample: length of the sample (3) must correspond to the stream's channel count (4).
2025-11-13 11:53:25,070 - lsl_manager - ERROR - Error pushing sample: length of the sample (3) must correspond to the stream's channel count (4).
2025-11-13 11:53:25,071 - lsl_manager - ERROR - Error pushing sample: length of the sample (3) must correspond to the stream's channel count (4).
2025-11-13 11:53:25,084 - lsl_manager - ERROR - Error pushing sample: length of the sample (3) must correspond to the stream's channel count (4).
2025-11-13 11:53:25,086 - lsl_manager - ERROR - Error pushing sample: length of the sample (3) must correspond to the stream's channel count (4).
2025-11-13 11:53:25,090 - __main__ - INFO - 
============================================================
2025-11-13 11:53:25,090 - __main__ - INFO - Total samples: 130
2025-11-13 11:53:25,090 - __main__ - INFO - LSL pushed: 0
2025-11-13 11:53:25,090 - __main__ - INFO - LSL rate: 0.00 Hz (0.0% of nominal)
2025-11-13 11:53:25,090 - __main__ - INFO - Saved: 0
2025-11-13 11:53:25,090 - __main__ - INFO - Buffer: 130
2025-11-13 11:53:25,090 - __main__ - INFO - ============================================================
2025-11-13 11:53:25,109 - lsl_manager - ERROR - Error pushing sample: length of the sample (3) must correspond to the stream's channel count (4).
2025-11-13 11:53:25,111 - lsl_manager - ERROR - Error pushing sample: length of the sample (3) must correspond to the stream's channel count (4).
2025-11-13 11:53:25,112 - lsl_manager - ERROR - Error pushing sample: length of the sample (3) must correspond to the stream's channel count (4).
2025-11-13 11:53:25,123 - lsl_manager - ERROR - Error pushing sample: length of the sample (3) must correspond to the stream's channel count (4).
2025-11-13 11:53:25,125 - lsl_manager - ERROR - Error pushing sample: length of the sample (3) must correspond to the stream's channel count (4).
2025-11-13 11:53:25,141 - lsl_manager - ERROR - Error pushing sample: length of the sample (3) must correspond to the stream's channel count (4).
2025-11-13 11:53:25,143 - lsl_manager - ERROR - Error pushing sample: length of the sample (3) must correspond to the stream's channel count (4).
2025-11-13 11:53:25,186 - lsl_manager - ERROR - Error pushing sample: length of the sample (3) must correspond to the stream's channel count (4).
2025-11-13 11:53:25,187 - lsl_manager - ERROR - Error pushing sample: length of the sample (3) must correspond to the stream's channel count (4).
2025-11-13 11:53:25,188 - lsl_manager - ERROR - Error pushing sample: length of the sample (3) must correspond to the stream's channel count (4).
2025-11-13 11:53:25,194 - lsl_manager - ERROR - Error pushing sample: length of the sample (3) must correspond to the stream's channel count (4).
2025-11-13 11:53:25,195 - lsl_manager - ERROR - Error pushing sample: length of the sample (3) must correspond to the stream's channel count (4).
2025-11-13 11:53:25,198 - lsl_manager - ERROR - Error pushing sample: length of the sample (3) must correspond to the stream's channel count (4).
2025-11-13 11:53:25,199 - lsl_manager - ERROR - Error pushing sample: length of the sample (3) must correspond to the stream's channel count (4).
2025-11-13 11:53:25,209 - lsl_manager - ERROR - Error pushing sample: length of the sample (3) must correspond to the stream's channel count (4).
2025-11-13 11:53:25,210 - lsl_manager - ERROR - Error pushing sample: length of the sample (3) must correspond to the stream's channel count (4).
2025-11-13 11:53:25,237 - lsl_manager - ERROR - Error pushing sample: length of the sample (3) must correspond to the stream's channel count (4).
2025-11-13 11:53:25,238 - lsl_manager - ERROR - Error pushing sample: length of the sample (3) must correspond to the stream's channel count (4).
2025-11-13 11:53:25,251 - lsl_manager - ERROR - Error pushing sample: length of the sample (3) must correspond to the stream's channel count (4).
2025-11-13 11:53:25,252 - lsl_manager - ERROR - Error pushing sample: length of the sample (3) must correspond to the stream's channel count (4).
2025-11-13 11:53:25,253 - lsl_manager - ERROR - Error pushing sample: length of the sample (3) must correspond to the stream's channel count (4).
2025-11-13 11:53:25,263 - lsl_manager - ERROR - Error pushing sample: length of the sample (3) must correspond to the stream's channel count (4).
2025-11-13 11:53:25,264 - lsl_manager - ERROR - Error pushing sample: length of the sample (3) must correspond to the stream's channel count (4).
2025-11-13 11:53:25,277 - lsl_manager - ERROR - Error pushing sample: length of the sample (3) must correspond to the stream's channel count (4).
2025-11-13 11:53:25,278 - lsl_manager - ERROR - Error pushing sample: length of the sample (3) must correspond to the stream's channel count (4).
2025-11-13 11:53:25,287 - lsl_manager - ERROR - Error pushing sample: length of the sample (3) must correspond to the stream's channel count (4).
2025-11-13 11:53:25,311 - lsl_manager - ERROR - Error pushing sample: length of the sample (3) must correspond to the stream's channel count (4).
2025-11-13 11:53:25,313 - lsl_manager - ERROR - Error pushing sample: length of the sample (3) must correspond to the stream's channel count (4).
2025-11-13 11:53:25,319 - lsl_manager - ERROR - Error pushing sample: length of the sample (3) must correspond to the stream's channel count (4).
2025-11-13 11:53:25,320 - lsl_manager - ERROR - Error pushing sample: length of the sample (3) must correspond to the stream's channel count (4).
2025-11-13 11:53:25,335 - lsl_manager - ERROR - Error pushing sample: length of the sample (3) must correspond to the stream's channel count (4).
2025-11-13 11:53:25,337 - lsl_manager - ERROR - Error pushing sample: length of the sample (3) must correspond to the stream's channel count (4).
2025-11-13 11:53:25,361 - lsl_manager - ERROR - Error pushing sample: length of the sample (3) must correspond to the stream's channel count (4).
2025-11-13 11:53:25,362 - lsl_manager - ERROR - Error pushing sample: length of the sample (3) must correspond to the stream's channel count (4).
2025-11-13 11:53:25,363 - lsl_manager - ERROR - Error pushing sample: length of the sample (3) must correspond to the stream's channel count (4).
2025-11-13 11:53:25,372 - lsl_manager - ERROR - Error pushing sample: length of the sample (3) must correspond to the stream's channel count (4).
2025-11-13 11:53:25,374 - lsl_manager - ERROR - Error pushing sample: length of the sample (3) must correspond to the stream's channel count (4).
2025-11-13 11:53:25,389 - lsl_manager - ERROR - Error pushing sample: length of the sample (3) must correspond to the stream's channel count (4).
2025-11-13 11:53:25,390 - lsl_manager - ERROR - Error pushing sample: length of the sample (3) must correspond to the stream's channel count (4).
2025-11-13 11:53:25,404 - lsl_manager - ERROR - Error pushing sample: length of the sample (3) must correspond to the stream's channel count (4).
2025-11-13 11:53:25,405 - lsl_manager - ERROR - Error pushing sample: length of the sample (3) must correspond to the stream's channel count (4).
2025-11-13 11:53:25,429 - lsl_manager - ERROR - Error pushing sample: length of the sample (3) must correspond to the stream's channel count (4).
2025-11-13 11:53:25,430 - lsl_manager - ERROR - Error pushing sample: length of the sample (3) must correspond to the stream's channel count (4).
2025-11-13 11:53:25,443 - lsl_manager - ERROR - Error pushing sample: length of the sample (3) must correspond to the stream's channel count (4).
2025-11-13 11:53:25,444 - lsl_manager - ERROR - Error pushing sample: length of the sample (3) must correspond to the stream's channel count (4).
2025-11-13 11:53:25,445 - lsl_manager - ERROR - Error pushing sample: length of the sample (3) must correspond to the stream's channel count (4).
2025-11-13 11:53:25,459 - lsl_manager - ERROR - Error pushing sample: length of the sample (3) must correspond to the stream's channel count (4).
2025-11-13 11:53:25,461 - lsl_manager - ERROR - Error pushing sample: length of the sample (3) must correspond to the stream's channel count (4).
2025-11-13 11:53:25,467 - lsl_manager - ERROR - Error pushing sample: length of the sample (3) must correspond to the stream's channel count (4).
2025-11-13 11:53:25,491 - lsl_manager - ERROR - Error pushing sample: length of the sample (3) must correspond to the stream's channel count (4).
2025-11-13 11:53:25,493 - lsl_manager - ERROR - Error pushing sample: length of the sample (3) must correspond to the stream's channel count (4).
2025-11-13 11:53:25,497 - lsl_manager - ERROR - Error pushing sample: length of the sample (3) must correspond to the stream's channel count (4).
2025-11-13 11:53:25,499 - lsl_manager - ERROR - Error pushing sample: length of the sample (3) must correspond to the stream's channel count (4).
2025-11-13 11:53:25,514 - lsl_manager - ERROR - Error pushing sample: length of the sample (3) must correspond to the stream's channel count (4).
2025-11-13 11:53:25,515 - lsl_manager - ERROR - Error pushing sample: length of the sample (3) must correspond to the stream's channel count (4).
2025-11-13 11:53:25,529 - lsl_manager - ERROR - Error pushing sample: length of the sample (3) must correspond to the stream's channel count (4).
2025-11-13 11:53:25,530 - lsl_manager - ERROR - Error pushing sample: length of the sample (3) must correspond to the stream's channel count (4).
2025-11-13 11:53:25,538 - lsl_manager - ERROR - Error pushing sample: length of the sample (3) must correspond to the stream's channel count (4).
2025-11-13 11:53:25,552 - lsl_manager - ERROR - Error pushing sample: length of the sample (3) must correspond to the stream's channel count (4).
2025-11-13 11:53:25,553 - lsl_manager - ERROR - Error pushing sample: length of the sample (3) must correspond to the stream's channel count (4).
2025-11-13 11:53:25,568 - lsl_manager - ERROR - Error pushing sample: length of the sample (3) must correspond to the stream's channel count (4).
2025-11-13 11:53:25,569 - lsl_manager - ERROR - Error pushing sample: length of the sample (3) must correspond to the stream's channel count (4).
2025-11-13 11:53:25,606 - lsl_manager - ERROR - Error pushing sample: length of the sample (3) must correspond to the stream's channel count (4).
2025-11-13 11:53:25,608 - lsl_manager - ERROR - Error pushing sample: length of the sample (3) must correspond to the stream's channel count (4).
2025-11-13 11:53:25,609 - lsl_manager - ERROR - Error pushing sample: length of the sample (3) must correspond to the stream's channel count (4).
2025-11-13 11:53:25,613 - lsl_manager - ERROR - Error pushing sample: length of the sample (3) must correspond to the stream's channel count (4).
2025-11-13 11:53:25,614 - lsl_manager - ERROR - Error pushing sample: length of the sample (3) must correspond to the stream's channel count (4).
2025-11-13 11:53:25,625 - lsl_manager - ERROR - Error pushing sample: length of the sample (3) must correspond to the stream's channel count (4).
2025-11-13 11:53:25,641 - lsl_manager - ERROR - Error pushing sample: length of the sample (3) must correspond to the stream's channel count (4).
2025-11-13 11:53:25,642 - lsl_manager - ERROR - Error pushing sample: length of the sample (3) must correspond to the stream's channel count (4).
2025-11-13 11:53:25,644 - lsl_manager - ERROR - Error pushing sample: length of the sample (3) must correspond to the stream's channel count (4).
2025-11-13 11:53:25,655 - lsl_manager - ERROR - Error pushing sample: length of the sample (3) must correspond to the stream's channel count (4).
2025-11-13 11:53:25,656 - lsl_manager - ERROR - Error pushing sample: length of the sample (3) must correspond to the stream's channel count (4).
2025-11-13 11:53:25,662 - lsl_manager - ERROR - Error pushing sample: length of the sample (3) must correspond to the stream's channel count (4).
2025-11-13 11:53:25,678 - lsl_manager - ERROR - Error pushing sample: length of the sample (3) must correspond to the stream's channel count (4).
2025-11-13 11:53:25,679 - lsl_manager - ERROR - Error pushing sample: length of the sample (3) must correspond to the stream's channel count (4).
2025-11-13 11:53:25,703 - lsl_manager - ERROR - Error pushing sample: length of the sample (3) must correspond to the stream's channel count (4).
2025-11-13 11:53:25,704 - lsl_manager - ERROR - Error pushing sample: length of the sample (3) must correspond to the stream's channel count (4).
2025-11-13 11:53:25,709 - lsl_manager - ERROR - Error pushing sample: length of the sample (3) must correspond to the stream's channel count (4).
2025-11-13 11:53:25,710 - lsl_manager - ERROR - Error pushing sample: length of the sample (3) must correspond to the stream's channel count (4).
2025-11-13 11:53:25,734 - lsl_manager - ERROR - Error pushing sample: length of the sample (3) must correspond to the stream's channel count (4).
2025-11-13 11:53:25,735 - lsl_manager - ERROR - Error pushing sample: length of the sample (3) must correspond to the stream's channel count (4).
2025-11-13 11:53:25,736 - lsl_manager - ERROR - Error pushing sample: length of the sample (3) must correspond to the stream's channel count (4).
2025-11-13 11:53:25,750 - lsl_manager - ERROR - Error pushing sample: length of the sample (3) must correspond to the stream's channel count (4).
2025-11-13 11:53:25,751 - lsl_manager - ERROR - Error pushing sample: length of the sample (3) must correspond to the stream's channel count (4).
2025-11-13 11:53:25,765 - lsl_manager - ERROR - Error pushing sample: length of the sample (3) must correspond to the stream's channel count (4).
2025-11-13 11:53:25,766 - lsl_manager - ERROR - Error pushing sample: length of the sample (3) must correspond to the stream's channel count (4).
2025-11-13 11:53:25,790 - lsl_manager - ERROR - Error pushing sample: length of the sample (3) must correspond to the stream's channel count (4).
2025-11-13 11:53:25,792 - lsl_manager - ERROR - Error pushing sample: length of the sample (3) must correspond to the stream's channel count (4).
2025-11-13 11:53:25,793 - lsl_manager - ERROR - Error pushing sample: length of the sample (3) must correspond to the stream's channel count (4).
2025-11-13 11:53:25,824 - lsl_manager - ERROR - Error pushing sample: length of the sample (3) must correspond to the stream's channel count (4).
2025-11-13 11:53:25,825 - lsl_manager - ERROR - Error pushing sample: length of the sample (3) must correspond to the stream's channel count (4).
2025-11-13 11:53:25,828 - lsl_manager - ERROR - Error pushing sample: length of the sample (3) must correspond to the stream's channel count (4).
2025-11-13 11:53:25,832 - lsl_manager - ERROR - Error pushing sample: length of the sample (3) must correspond to the stream's channel count (4).
2025-11-13 11:53:25,833 - lsl_manager - ERROR - Error pushing sample: length of the sample (3) must correspond to the stream's channel count (4).
2025-11-13 11:53:25,834 - lsl_manager - ERROR - Error pushing sample: length of the sample (3) must correspond to the stream's channel count (4).
2025-11-13 11:53:25,858 - lsl_manager - ERROR - Error pushing sample: length of the sample (3) must correspond to the stream's channel count (4).
2025-11-13 11:53:25,859 - lsl_manager - ERROR - Error pushing sample: length of the sample (3) must correspond to the stream's channel count (4).
2025-11-13 11:53:25,861 - lsl_manager - ERROR - Error pushing sample: length of the sample (3) must correspond to the stream's channel count (4).
2025-11-13 11:53:25,873 - lsl_manager - ERROR - Error pushing sample: length of the sample (3) must correspond to the stream's channel count (4).
2025-11-13 11:53:25,875 - lsl_manager - ERROR - Error pushing sample: length of the sample (3) must correspond to the stream's channel count (4).
2025-11-13 11:53:25,888 - lsl_manager - ERROR - Error pushing sample: length of the sample (3) must correspond to the stream's channel count (4).
2025-11-13 11:53:25,889 - lsl_manager - ERROR - Error pushing sample: length of the sample (3) must correspond to the stream's channel count (4).
2025-11-13 11:53:25,903 - lsl_manager - ERROR - Error pushing sample: length of the sample (3) must correspond to the stream's channel count (4).
2025-11-13 11:53:25,905 - lsl_manager - ERROR - Error pushing sample: length of the sample (3) must correspond to the stream's channel count (4).
2025-11-13 11:53:25,912 - lsl_manager - ERROR - Error pushing sample: length of the sample (3) must correspond to the stream's channel count (4).
2025-11-13 11:53:25,929 - lsl_manager - ERROR - Error pushing sample: length of the sample (3) must correspond to the stream's channel count (4).
2025-11-13 11:53:25,930 - lsl_manager - ERROR - Error pushing sample: length of the sample (3) must correspond to the stream's channel count (4).
2025-11-13 11:53:25,943 - lsl_manager - ERROR - Error pushing sample: length of the sample (3) must correspond to the stream's channel count (4).
2025-11-13 11:53:25,945 - lsl_manager - ERROR - Error pushing sample: length of the sample (3) must correspond to the stream's channel count (4).
2025-11-13 11:53:25,959 - lsl_manager - ERROR - Error pushing sample: length of the sample (3) must correspond to the stream's channel count (4).
2025-11-13 11:53:25,960 - lsl_manager - ERROR - Error pushing sample: length of the sample (3) must correspond to the stream's channel count (4).
2025-11-13 11:53:25,983 - lsl_manager - ERROR - Error pushing sample: length of the sample (3) must correspond to the stream's channel count (4).
2025-11-13 11:53:25,984 - lsl_manager - ERROR - Error pushing sample: length of the sample (3) must correspond to the stream's channel count (4).
2025-11-13 11:53:25,985 - lsl_manager - ERROR - Error pushing sample: length of the sample (3) must correspond to the stream's channel count (4).
2025-11-13 11:53:25,998 - lsl_manager - ERROR - Error pushing sample: length of the sample (3) must correspond to the stream's channel count (4).
2025-11-13 11:53:25,999 - lsl_manager - ERROR - Error pushing sample: length of the sample (3) must correspond to the stream's channel count (4).
2025-11-13 11:53:26,013 - lsl_manager - ERROR - Error pushing sample: length of the sample (3) must correspond to the stream's channel count (4).
2025-11-13 11:53:26,027 - lsl_manager - ERROR - Error pushing sample: length of the sample (3) must correspond to the stream's channel count (4).
2025-11-13 11:53:26,028 - lsl_manager - ERROR - Error pushing sample: length of the sample (3) must correspond to the stream's channel count (4).
2025-11-13 11:53:26,029 - lsl_manager - ERROR - Error pushing sample: length of the sample (3) must correspond to the stream's channel count (4).
2025-11-13 11:53:26,053 - lsl_manager - ERROR - Error pushing sample: length of the sample (3) must correspond to the stream's channel count (4).
2025-11-13 11:53:26,199 - __main__ - INFO - 
============================================================
2025-11-13 11:53:26,199 - __main__ - INFO - Total samples: 252
2025-11-13 11:53:26,201 - __main__ - INFO - LSL pushed: 0
2025-11-13 11:53:26,201 - __main__ - INFO - LSL rate: 0.00 Hz (0.0% of nominal)
2025-11-13 11:53:26,201 - __main__ - INFO - Saved: 0
2025-11-13 11:53:26,201 - __main__ - INFO - Buffer: 252
2025-11-13 11:53:26,201 - __main__ - INFO - ============================================================
2025-11-13 11:53:26,202 - lsl_manager - ERROR - Error pushing sample: length of the sample (3) must correspond to the stream's channel count (4).
2025-11-13 11:53:26,204 - lsl_manager - ERROR - Error pushing sample: length of the sample (3) must correspond to the stream's channel count (4).
2025-11-13 11:53:26,205 - lsl_manager - ERROR - Error pushing sample: length of the sample (3) must correspond to the stream's channel count (4).
2025-11-13 11:53:26,207 - lsl_manager - ERROR - Error pushing sample: length of the sample (3) must correspond to the stream's channel count (4).
2025-11-13 11:53:26,208 - lsl_manager - ERROR - Error pushing sample: length of the sample (3) must correspond to the stream's channel count (4).
2025-11-13 11:53:26,209 - lsl_manager - ERROR - Error pushing sample: length of the sample (3) must correspond to the stream's channel count (4).
2025-11-13 11:53:26,211 - lsl_manager - ERROR - Error pushing sample: length of the sample (3) must correspond to the stream's channel count (4).
2025-11-13 11:53:26,212 - lsl_manager - ERROR - Error pushing sample: length of the sample (3) must correspond to the stream's channel count (4).
2025-11-13 11:53:26,213 - lsl_manager - ERROR - Error pushing sample: length of the sample (3) must correspond to the stream's channel count (4).
2025-11-13 11:53:26,215 - lsl_manager - ERROR - Error pushing sample: length of the sample (3) must correspond to the stream's channel count (4).
2025-11-13 11:53:26,216 - lsl_manager - ERROR - Error pushing sample: length of the sample (3) must correspond to the stream's channel count (4).
2025-11-13 11:53:26,218 - lsl_manager - ERROR - Error pushing sample: length of the sample (3) must correspond to the stream's channel count (4).
2025-11-13 11:53:26,219 - lsl_manager - ERROR - Error pushing sample: length of the sample (3) must correspond to the stream's channel count (4).
2025-11-13 11:53:26,220 - lsl_manager - ERROR - Error pushing sample: length of the sample (3) must correspond to the stream's channel count (4).
2025-11-13 11:53:26,222 - lsl_manager - ERROR - Error pushing sample: length of the sample (3) must correspond to the stream's channel count (4).
2025-11-13 11:53:26,224 - lsl_manager - ERROR - Error pushing sample: length of the sample (3) must correspond to the stream's channel count (4).
2025-11-13 11:53:26,225 - lsl_manager - ERROR - Error pushing sample: length of the sample (3) must correspond to the stream's channel count (4).
2025-11-13 11:53:26,226 - lsl_manager - ERROR - Error pushing sample: length of the sample (3) must correspond to the stream's channel count (4).
2025-11-13 11:53:26,227 - lsl_manager - ERROR - Error pushing sample: length of the sample (3) must correspond to the stream's channel count (4).
2025-11-13 11:53:26,228 - lsl_manager - ERROR - Error pushing sample: length of the sample (3) must correspond to the stream's channel count (4).
2025-11-13 11:53:26,229 - lsl_manager - ERROR - Error pushing sample: length of the sample (3) must correspond to the stream's channel count (4).
2025-11-13 11:53:26,255 - lsl_manager - ERROR - Error pushing sample: length of the sample (3) must correspond to the stream's channel count (4).
2025-11-13 11:53:26,256 - lsl_manager - ERROR - Error pushing sample: length of the sample (3) must correspond to the stream's channel count (4).
2025-11-13 11:53:26,258 - lsl_manager - ERROR - Error pushing sample: length of the sample (3) must correspond to the stream's channel count (4).
2025-11-13 11:53:26,259 - lsl_manager - ERROR - Error pushing sample: length of the sample (3) must correspond to the stream's channel count (4).
2025-11-13 11:53:26,261 - lsl_manager - ERROR - Error pushing sample: length of the sample (3) must correspond to the stream's channel count (4).
2025-11-13 11:53:26,262 - lsl_manager - ERROR - Error pushing sample: length of the sample (3) must correspond to the stream's channel count (4).
2025-11-13 11:53:26,265 - lsl_manager - ERROR - Error pushing sample: length of the sample (3) must correspond to the stream's channel count (4).
2025-11-13 11:53:26,266 - lsl_manager - ERROR - Error pushing sample: length of the sample (3) must correspond to the stream's channel count (4).
2025-11-13 11:53:26,279 - lsl_manager - ERROR - Error pushing sample: length of the sample (3) must correspond to the stream's channel count (4).
2025-11-13 11:53:26,280 - lsl_manager - ERROR - Error pushing sample: length of the sample (3) must correspond to the stream's channel count (4).
2025-11-13 11:53:26,287 - lsl_manager - ERROR - Error pushing sample: length of the sample (3) must correspond to the stream's channel count (4).
2025-11-13 11:53:26,311 - lsl_manager - ERROR - Error pushing sample: length of the sample (3) must correspond to the stream's channel count (4).
2025-11-13 11:53:26,312 - lsl_manager - ERROR - Error pushing sample: length of the sample (3) must correspond to the stream's channel count (4).
2025-11-13 11:53:26,320 - lsl_manager - ERROR - Error pushing sample: length of the sample (3) must correspond to the stream's channel count (4).
2025-11-13 11:53:26,321 - lsl_manager - ERROR - Error pushing sample: length of the sample (3) must correspond to the stream's channel count (4).
2025-11-13 11:53:26,336 - lsl_manager - ERROR - Error pushing sample: length of the sample (3) must correspond to the stream's channel count (4).
2025-11-13 11:53:26,337 - lsl_manager - ERROR - Error pushing sample: length of the sample (3) must correspond to the stream's channel count (4).
2025-11-13 11:53:26,360 - lsl_manager - ERROR - Error pushing sample: length of the sample (3) must correspond to the stream's channel count (4).
2025-11-13 11:53:26,361 - lsl_manager - ERROR - Error pushing sample: length of the sample (3) must correspond to the stream's channel count (4).
2025-11-13 11:53:26,362 - lsl_manager - ERROR - Error pushing sample: length of the sample (3) must correspond to the stream's channel count (4).
2025-11-13 11:53:26,375 - lsl_manager - ERROR - Error pushing sample: length of the sample (3) must correspond to the stream's channel count (4).
2025-11-13 11:53:26,376 - lsl_manager - ERROR - Error pushing sample: length of the sample (3) must correspond to the stream's channel count (4).
2025-11-13 11:53:26,392 - lsl_manager - ERROR - Error pushing sample: length of the sample (3) must correspond to the stream's channel count (4).
2025-11-13 11:53:26,393 - lsl_manager - ERROR - Error pushing sample: length of the sample (3) must correspond to the stream's channel count (4).
2025-11-13 11:53:26,417 - lsl_manager - ERROR - Error pushing sample: length of the sample (3) must correspond to the stream's channel count (4).
2025-11-13 11:53:26,431 - lsl_manager - ERROR - Error pushing sample: length of the sample (3) must correspond to the stream's channel count (4).
2025-11-13 11:53:26,432 - lsl_manager - ERROR - Error pushing sample: length of the sample (3) must correspond to the stream's channel count (4).
2025-11-13 11:53:26,434 - lsl_manager - ERROR - Error pushing sample: length of the sample (3) must correspond to the stream's channel count (4).
2025-11-13 11:53:26,436 - lsl_manager - ERROR - Error pushing sample: length of the sample (3) must correspond to the stream's channel count (4).
2025-11-13 11:53:26,462 - lsl_manager - ERROR - Error pushing sample: length of the sample (3) must correspond to the stream's channel count (4).
2025-11-13 11:53:26,463 - lsl_manager - ERROR - Error pushing sample: length of the sample (3) must correspond to the stream's channel count (4).
2025-11-13 11:53:26,467 - lsl_manager - ERROR - Error pushing sample: length of the sample (3) must correspond to the stream's channel count (4).
2025-11-13 11:53:26,468 - lsl_manager - ERROR - Error pushing sample: length of the sample (3) must correspond to the stream's channel count (4).
2025-11-13 11:53:26,484 - lsl_manager - ERROR - Error pushing sample: length of the sample (3) must correspond to the stream's channel count (4).
2025-11-13 11:53:26,485 - lsl_manager - ERROR - Error pushing sample: length of the sample (3) must correspond to the stream's channel count (4).
2025-11-13 11:53:26,486 - lsl_manager - ERROR - Error pushing sample: length of the sample (3) must correspond to the stream's channel count (4).
2025-11-13 11:53:26,498 - lsl_manager - ERROR - Error pushing sample: length of the sample (3) must correspond to the stream's channel count (4).
2025-11-13 11:53:26,499 - lsl_manager - ERROR - Error pushing sample: length of the sample (3) must correspond to the stream's channel count (4).
2025-11-13 11:53:26,533 - lsl_manager - ERROR - Error pushing sample: length of the sample (3) must correspond to the stream's channel count (4).
2025-11-13 11:53:26,534 - lsl_manager - ERROR - Error pushing sample: length of the sample (3) must correspond to the stream's channel count (4).
2025-11-13 11:53:26,536 - lsl_manager - ERROR - Error pushing sample: length of the sample (3) must correspond to the stream's channel count (4).
2025-11-13 11:53:26,538 - lsl_manager - ERROR - Error pushing sample: length of the sample (3) must correspond to the stream's channel count (4).
2025-11-13 11:53:26,540 - lsl_manager - ERROR - Error pushing sample: length of the sample (3) must correspond to the stream's channel count (4).
2025-11-13 11:53:26,563 - lsl_manager - ERROR - Error pushing sample: length of the sample (3) must correspond to the stream's channel count (4).
2025-11-13 11:53:26,565 - lsl_manager - ERROR - Error pushing sample: length of the sample (3) must correspond to the stream's channel count (4).
2025-11-13 11:53:26,567 - lsl_manager - ERROR - Error pushing sample: length of the sample (3) must correspond to the stream's channel count (4).
2025-11-13 11:53:26,568 - lsl_manager - ERROR - Error pushing sample: length of the sample (3) must correspond to the stream's channel count (4).
2025-11-13 11:53:26,583 - lsl_manager - ERROR - Error pushing sample: length of the sample (3) must correspond to the stream's channel count (4).
2025-11-13 11:53:26,584 - lsl_manager - ERROR - Error pushing sample: length of the sample (3) must correspond to the stream's channel count (4).
2025-11-13 11:53:26,608 - lsl_manager - ERROR - Error pushing sample: length of the sample (3) must correspond to the stream's channel count (4).
2025-11-13 11:53:26,626 - lsl_manager - ERROR - Error pushing sample: length of the sample (3) must correspond to the stream's channel count (4).
2025-11-13 11:53:26,627 - lsl_manager - ERROR - Error pushing sample: length of the sample (3) must correspond to the stream's channel count (4).
2025-11-13 11:53:26,629 - lsl_manager - ERROR - Error pushing sample: length of the sample (3) must correspond to the stream's channel count (4).
2025-11-13 11:53:26,630 - lsl_manager - ERROR - Error pushing sample: length of the sample (3) must correspond to the stream's channel count (4).
2025-11-13 11:53:26,641 - lsl_manager - ERROR - Error pushing sample: length of the sample (3) must correspond to the stream's channel count (4).
2025-11-13 11:53:26,642 - lsl_manager - ERROR - Error pushing sample: length of the sample (3) must correspond to the stream's channel count (4).
2025-11-13 11:53:26,654 - lsl_manager - ERROR - Error pushing sample: length of the sample (3) must correspond to the stream's channel count (4).
2025-11-13 11:53:26,655 - lsl_manager - ERROR - Error pushing sample: length of the sample (3) must correspond to the stream's channel count (4).
2025-11-13 11:53:26,667 - lsl_manager - ERROR - Error pushing sample: length of the sample (3) must correspond to the stream's channel count (4).
2025-11-13 11:53:26,681 - lsl_manager - ERROR - Error pushing sample: length of the sample (3) must correspond to the stream's channel count (4).
2025-11-13 11:53:26,682 - lsl_manager - ERROR - Error pushing sample: length of the sample (3) must correspond to the stream's channel count (4).
2025-11-13 11:53:26,696 - lsl_manager - ERROR - Error pushing sample: length of the sample (3) must correspond to the stream's channel count (4).
2025-11-13 11:53:26,698 - lsl_manager - ERROR - Error pushing sample: length of the sample (3) must correspond to the stream's channel count (4).
2025-11-13 11:53:26,707 - lsl_manager - ERROR - Error pushing sample: length of the sample (3) must correspond to the stream's channel count (4).
2025-11-13 11:53:26,708 - lsl_manager - ERROR - Error pushing sample: length of the sample (3) must correspond to the stream's channel count (4).
2025-11-13 11:53:26,734 - lsl_manager - ERROR - Error pushing sample: length of the sample (3) must correspond to the stream's channel count (4).
2025-11-13 11:53:26,735 - lsl_manager - ERROR - Error pushing sample: length of the sample (3) must correspond to the stream's channel count (4).
2025-11-13 11:53:26,736 - lsl_manager - ERROR - Error pushing sample: length of the sample (3) must correspond to the stream's channel count (4).
2025-11-13 11:53:26,747 - lsl_manager - ERROR - Error pushing sample: length of the sample (3) must correspond to the stream's channel count (4).
2025-11-13 11:53:26,748 - lsl_manager - ERROR - Error pushing sample: length of the sample (3) must correspond to the stream's channel count (4).
2025-11-13 11:53:26,764 - lsl_manager - ERROR - Error pushing sample: length of the sample (3) must correspond to the stream's channel count (4).
2025-11-13 11:53:26,765 - lsl_manager - ERROR - Error pushing sample: length of the sample (3) must correspond to the stream's channel count (4).
2025-11-13 11:53:26,782 - lsl_manager - ERROR - Error pushing sample: length of the sample (3) must correspond to the stream's channel count (4).
2025-11-13 11:53:26,784 - lsl_manager - ERROR - Error pushing sample: length of the sample (3) must correspond to the stream's channel count (4).
2025-11-13 11:53:26,788 - lsl_manager - ERROR - Error pushing sample: length of the sample (3) must correspond to the stream's channel count (4).
2025-11-13 11:53:26,817 - lsl_manager - ERROR - Error pushing sample: length of the sample (3) must correspond to the stream's channel count (4).
2025-11-13 11:53:26,818 - lsl_manager - ERROR - Error pushing sample: length of the sample (3) must correspond to the stream's channel count (4).
2025-11-13 11:53:26,820 - lsl_manager - ERROR - Error pushing sample: length of the sample (3) must correspond to the stream's channel count (4).
2025-11-13 11:53:26,821 - lsl_manager - ERROR - Error pushing sample: length of the sample (3) must correspond to the stream's channel count (4).
2025-11-13 11:53:26,832 - lsl_manager - ERROR - Error pushing sample: length of the sample (3) must correspond to the stream's channel count (4).
2025-11-13 11:53:26,834 - lsl_manager - ERROR - Error pushing sample: length of the sample (3) must correspond to the stream's channel count (4).
2025-11-13 11:53:26,859 - lsl_manager - ERROR - Error pushing sample: length of the sample (3) must correspond to the stream's channel count (4).
2025-11-13 11:53:26,860 - lsl_manager - ERROR - Error pushing sample: length of the sample (3) must correspond to the stream's channel count (4).
2025-11-13 11:53:26,861 - lsl_manager - ERROR - Error pushing sample: length of the sample (3) must correspond to the stream's channel count (4).
2025-11-13 11:53:26,884 - lsl_manager - ERROR - Error pushing sample: length of the sample (3) must correspond to the stream's channel count (4).
2025-11-13 11:53:26,885 - lsl_manager - ERROR - Error pushing sample: length of the sample (3) must correspond to the stream's channel count (4).
2025-11-13 11:53:26,887 - lsl_manager - ERROR - Error pushing sample: length of the sample (3) must correspond to the stream's channel count (4).
2025-11-13 11:53:26,889 - lsl_manager - ERROR - Error pushing sample: length of the sample (3) must correspond to the stream's channel count (4).
2025-11-13 11:53:26,903 - lsl_manager - ERROR - Error pushing sample: length of the sample (3) must correspond to the stream's channel count (4).
2025-11-13 11:53:26,905 - lsl_manager - ERROR - Error pushing sample: length of the sample (3) must correspond to the stream's channel count (4).
2025-11-13 11:53:26,913 - lsl_manager - ERROR - Error pushing sample: length of the sample (3) must correspond to the stream's channel count (4).
2025-11-13 11:53:26,932 - lsl_manager - ERROR - Error pushing sample: length of the sample (3) must correspond to the stream's channel count (4).
2025-11-13 11:53:26,934 - lsl_manager - ERROR - Error pushing sample: length of the sample (3) must correspond to the stream's channel count (4).
2025-11-13 11:53:26,943 - lsl_manager - ERROR - Error pushing sample: length of the sample (3) must correspond to the stream's channel count (4).
2025-11-13 11:53:26,944 - lsl_manager - ERROR - Error pushing sample: length of the sample (3) must correspond to the stream's channel count (4).
2025-11-13 11:53:26,961 - lsl_manager - ERROR - Error pushing sample: length of the sample (3) must correspond to the stream's channel count (4).
2025-11-13 11:53:26,962 - lsl_manager - ERROR - Error pushing sample: length of the sample (3) must correspond to the stream's channel count (4).
2025-11-13 11:53:26,989 - lsl_manager - ERROR - Error pushing sample: length of the sample (3) must correspond to the stream's channel count (4).
2025-11-13 11:53:26,991 - lsl_manager - ERROR - Error pushing sample: length of the sample (3) must correspond to the stream's channel count (4).
2025-11-13 11:53:26,992 - lsl_manager - ERROR - Error pushing sample: length of the sample (3) must correspond to the stream's channel count (4).
2025-11-13 11:53:27,012 - lsl_manager - ERROR - Error pushing sample: length of the sample (3) must correspond to the stream's channel count (4).
2025-11-13 11:53:27,013 - lsl_manager - ERROR - Error pushing sample: length of the sample (3) must correspond to the stream's channel count (4).
2025-11-13 11:53:27,014 - lsl_manager - ERROR - Error pushing sample: length of the sample (3) must correspond to the stream's channel count (4).
2025-11-13 11:53:27,016 - lsl_manager - ERROR - Error pushing sample: length of the sample (3) must correspond to the stream's channel count (4).
2025-11-13 11:53:27,031 - lsl_manager - ERROR - Error pushing sample: length of the sample (3) must correspond to the stream's channel count (4).
2025-11-13 11:53:27,032 - lsl_manager - ERROR - Error pushing sample: length of the sample (3) must correspond to the stream's channel count (4).
2025-11-13 11:53:27,058 - lsl_manager - ERROR - Error pushing sample: length of the sample (3) must correspond to the stream's channel count (4).
2025-11-13 11:53:27,059 - lsl_manager - ERROR - Error pushing sample: length of the sample (3) must correspond to the stream's channel count (4).
2025-11-13 11:53:27,060 - lsl_manager - ERROR - Error pushing sample: length of the sample (3) must correspond to the stream's channel count (4).
2025-11-13 11:53:27,067 - lsl_manager - ERROR - Error pushing sample: length of the sample (3) must correspond to the stream's channel count (4).
2025-11-13 11:53:27,068 - lsl_manager - ERROR - Error pushing sample: length of the sample (3) must correspond to the stream's channel count (4).
2025-11-13 11:53:27,103 - lsl_manager - ERROR - Error pushing sample: length of the sample (3) must correspond to the stream's channel count (4).
2025-11-13 11:53:27,105 - lsl_manager - ERROR - Error pushing sample: length of the sample (3) must correspond to the stream's channel count (4).
2025-11-13 11:53:27,106 - lsl_manager - ERROR - Error pushing sample: length of the sample (3) must correspond to the stream's channel count (4).
2025-11-13 11:53:27,112 - lsl_manager - ERROR - Error pushing sample: length of the sample (3) must correspond to the stream's channel count (4).
2025-11-13 11:53:27,113 - lsl_manager - ERROR - Error pushing sample: length of the sample (3) must correspond to the stream's channel count (4).
2025-11-13 11:53:27,122 - lsl_manager - ERROR - Error pushing sample: length of the sample (3) must correspond to the stream's channel count (4).
2025-11-13 11:53:27,124 - lsl_manager - ERROR - Error pushing sample: length of the sample (3) must correspond to the stream's channel count (4).
2025-11-13 11:53:27,142 - lsl_manager - ERROR - Error pushing sample: length of the sample (3) must correspond to the stream's channel count (4).
2025-11-13 11:53:27,143 - lsl_manager - ERROR - Error pushing sample: length of the sample (3) must correspond to the stream's channel count (4).
2025-11-13 11:53:27,154 - lsl_manager - ERROR - Error pushing sample: length of the sample (3) must correspond to the stream's channel count (4).
2025-11-13 11:53:27,155 - lsl_manager - ERROR - Error pushing sample: length of the sample (3) must correspond to the stream's channel count (4).
2025-11-13 11:53:27,163 - lsl_manager - ERROR - Error pushing sample: length of the sample (3) must correspond to the stream's channel count (4).
2025-11-13 11:53:27,177 - lsl_manager - ERROR - Error pushing sample: length of the sample (3) must correspond to the stream's channel count (4).
2025-11-13 11:53:27,178 - lsl_manager - ERROR - Error pushing sample: length of the sample (3) must correspond to the stream's channel count (4).
2025-11-13 11:53:27,201 - __main__ - INFO - 
============================================================
2025-11-13 11:53:27,201 - __main__ - INFO - Total samples: 398
2025-11-13 11:53:27,201 - __main__ - INFO - LSL pushed: 0
2025-11-13 11:53:27,201 - __main__ - INFO - LSL rate: 0.00 Hz (0.0% of nominal)
2025-11-13 11:53:27,201 - __main__ - INFO - Saved: 0
2025-11-13 11:53:27,201 - __main__ - INFO - Buffer: 398
2025-11-13 11:53:27,201 - __main__ - INFO - ============================================================
2025-11-13 11:53:27,209 - lsl_manager - ERROR - Error pushing sample: length of the sample (3) must correspond to the stream's channel count (4).
2025-11-13 11:53:27,210 - lsl_manager - ERROR - Error pushing sample: length of the sample (3) must correspond to the stream's channel count (4).
2025-11-13 11:53:27,211 - lsl_manager - ERROR - Error pushing sample: length of the sample (3) must correspond to the stream's channel count (4).
2025-11-13 11:53:27,212 - lsl_manager - ERROR - Error pushing sample: length of the sample (3) must correspond to the stream's channel count (4).
2025-11-13 11:53:27,220 - lsl_manager - ERROR - Error pushing sample: length of the sample (3) must correspond to the stream's channel count (4).
2025-11-13 11:53:27,232 - lsl_manager - ERROR - Error pushing sample: length of the sample (3) must correspond to the stream's channel count (4).
2025-11-13 11:53:27,233 - lsl_manager - ERROR - Error pushing sample: length of the sample (3) must correspond to the stream's channel count (4).
2025-11-13 11:53:27,257 - lsl_manager - ERROR - Error pushing sample: length of the sample (3) must correspond to the stream's channel count (4).
2025-11-13 11:53:27,258 - lsl_manager - ERROR - Error pushing sample: length of the sample (3) must correspond to the stream's channel count (4).
2025-11-13 11:53:27,263 - lsl_manager - ERROR - Error pushing sample: length of the sample (3) must correspond to the stream's channel count (4).
2025-11-13 11:53:27,264 - lsl_manager - ERROR - Error pushing sample: length of the sample (3) must correspond to the stream's channel count (4).
2025-11-13 11:53:27,279 - lsl_manager - ERROR - Error pushing sample: length of the sample (3) must correspond to the stream's channel count (4).
2025-11-13 11:53:27,280 - lsl_manager - ERROR - Error pushing sample: length of the sample (3) must correspond to the stream's channel count (4).
2025-11-13 11:53:27,289 - lsl_manager - ERROR - Error pushing sample: length of the sample (3) must correspond to the stream's channel count (4).
2025-11-13 11:53:27,302 - lsl_manager - ERROR - Error pushing sample: length of the sample (3) must correspond to the stream's channel count (4).
2025-11-13 11:53:27,304 - lsl_manager - ERROR - Error pushing sample: length of the sample (3) must correspond to the stream's channel count (4).
2025-11-13 11:53:27,320 - lsl_manager - ERROR - Error pushing sample: length of the sample (3) must correspond to the stream's channel count (4).
2025-11-13 11:53:27,321 - lsl_manager - ERROR - Error pushing sample: length of the sample (3) must correspond to the stream's channel count (4).
2025-11-13 11:53:27,336 - lsl_manager - ERROR - Error pushing sample: length of the sample (3) must correspond to the stream's channel count (4).
2025-11-13 11:53:27,338 - lsl_manager - ERROR - Error pushing sample: length of the sample (3) must correspond to the stream's channel count (4).
2025-11-13 11:53:27,360 - lsl_manager - ERROR - Error pushing sample: length of the sample (3) must correspond to the stream's channel count (4).
2025-11-13 11:53:27,361 - lsl_manager - ERROR - Error pushing sample: length of the sample (3) must correspond to the stream's channel count (4).
2025-11-13 11:53:27,362 - lsl_manager - ERROR - Error pushing sample: length of the sample (3) must correspond to the stream's channel count (4).
2025-11-13 11:53:27,375 - lsl_manager - ERROR - Error pushing sample: length of the sample (3) must correspond to the stream's channel count (4).
2025-11-13 11:53:27,376 - lsl_manager - ERROR - Error pushing sample: length of the sample (3) must correspond to the stream's channel count (4).
2025-11-13 11:53:27,405 - lsl_manager - ERROR - Error pushing sample: length of the sample (3) must correspond to the stream's channel count (4).
2025-11-13 11:53:27,406 - lsl_manager - ERROR - Error pushing sample: length of the sample (3) must correspond to the stream's channel count (4).
2025-11-13 11:53:27,431 - lsl_manager - ERROR - Error pushing sample: length of the sample (3) must correspond to the stream's channel count (4).
2025-11-13 11:53:27,432 - lsl_manager - ERROR - Error pushing sample: length of the sample (3) must correspond to the stream's channel count (4).
2025-11-13 11:53:27,433 - lsl_manager - ERROR - Error pushing sample: length of the sample (3) must correspond to the stream's channel count (4).
2025-11-13 11:53:27,448 - lsl_manager - ERROR - Error pushing sample: length of the sample (3) must correspond to the stream's channel count (4).
2025-11-13 11:53:27,449 - lsl_manager - ERROR - Error pushing sample: length of the sample (3) must correspond to the stream's channel count (4).
2025-11-13 11:53:27,455 - lsl_manager - ERROR - Error pushing sample: length of the sample (3) must correspond to the stream's channel count (4).
2025-11-13 11:53:27,456 - lsl_manager - ERROR - Error pushing sample: length of the sample (3) must correspond to the stream's channel count (4).
2025-11-13 11:53:27,458 - lsl_manager - ERROR - Error pushing sample: length of the sample (3) must correspond to the stream's channel count (4).
2025-11-13 11:53:27,459 - lsl_manager - ERROR - Error pushing sample: length of the sample (3) must correspond to the stream's channel count (4).
2025-11-13 11:53:27,483 - lsl_manager - ERROR - Error pushing sample: length of the sample (3) must correspond to the stream's channel count (4).
2025-11-13 11:53:27,484 - lsl_manager - ERROR - Error pushing sample: length of the sample (3) must correspond to the stream's channel count (4).
2025-11-13 11:53:27,485 - lsl_manager - ERROR - Error pushing sample: length of the sample (3) must correspond to the stream's channel count (4).
2025-11-13 11:53:27,499 - lsl_manager - ERROR - Error pushing sample: length of the sample (3) must correspond to the stream's channel count (4).
2025-11-13 11:53:27,500 - lsl_manager - ERROR - Error pushing sample: length of the sample (3) must correspond to the stream's channel count (4).
2025-11-13 11:53:27,526 - lsl_manager - ERROR - Error pushing sample: length of the sample (3) must correspond to the stream's channel count (4).
2025-11-13 11:53:27,527 - lsl_manager - ERROR - Error pushing sample: length of the sample (3) must correspond to the stream's channel count (4).
2025-11-13 11:53:27,528 - lsl_manager - ERROR - Error pushing sample: length of the sample (3) must correspond to the stream's channel count (4).
2025-11-13 11:53:27,530 - lsl_manager - ERROR - Error pushing sample: length of the sample (3) must correspond to the stream's channel count (4).
2025-11-13 11:53:27,538 - lsl_manager - ERROR - Error pushing sample: length of the sample (3) must correspond to the stream's channel count (4).
2025-11-13 11:53:27,553 - lsl_manager - ERROR - Error pushing sample: length of the sample (3) must correspond to the stream's channel count (4).
2025-11-13 11:53:27,554 - lsl_manager - ERROR - Error pushing sample: length of the sample (3) must correspond to the stream's channel count (4).
2025-11-13 11:53:27,567 - lsl_manager - ERROR - Error pushing sample: length of the sample (3) must correspond to the stream's channel count (4).
2025-11-13 11:53:27,568 - lsl_manager - ERROR - Error pushing sample: length of the sample (3) must correspond to the stream's channel count (4).
2025-11-13 11:53:27,607 - lsl_manager - ERROR - Error pushing sample: length of the sample (3) must correspond to the stream's channel count (4).
2025-11-13 11:53:27,609 - lsl_manager - ERROR - Error pushing sample: length of the sample (3) must correspond to the stream's channel count (4).
2025-11-13 11:53:27,610 - lsl_manager - ERROR - Error pushing sample: length of the sample (3) must correspond to the stream's channel count (4).
2025-11-13 11:53:27,611 - lsl_manager - ERROR - Error pushing sample: length of the sample (3) must correspond to the stream's channel count (4).
2025-11-13 11:53:27,612 - lsl_manager - ERROR - Error pushing sample: length of the sample (3) must correspond to the stream's channel count (4).
2025-11-13 11:53:27,622 - lsl_manager - ERROR - Error pushing sample: length of the sample (3) must correspond to the stream's channel count (4).
2025-11-13 11:53:27,623 - lsl_manager - ERROR - Error pushing sample: length of the sample (3) must correspond to the stream's channel count (4).
2025-11-13 11:53:27,639 - lsl_manager - ERROR - Error pushing sample: length of the sample (3) must correspond to the stream's channel count (4).
2025-11-13 11:53:27,640 - lsl_manager - ERROR - Error pushing sample: length of the sample (3) must correspond to the stream's channel count (4).
2025-11-13 11:53:27,666 - lsl_manager - ERROR - Error pushing sample: length of the sample (3) must correspond to the stream's channel count (4).
2025-11-13 11:53:27,668 - lsl_manager - ERROR - Error pushing sample: length of the sample (3) must correspond to the stream's channel count (4).
2025-11-13 11:53:27,680 - lsl_manager - ERROR - Error pushing sample: length of the sample (3) must correspond to the stream's channel count (4).
2025-11-13 11:53:27,681 - lsl_manager - ERROR - Error pushing sample: length of the sample (3) must correspond to the stream's channel count (4).
2025-11-13 11:53:27,682 - lsl_manager - ERROR - Error pushing sample: length of the sample (3) must correspond to the stream's channel count (4).
2025-11-13 11:53:27,694 - lsl_manager - ERROR - Error pushing sample: length of the sample (3) must correspond to the stream's channel count (4).
2025-11-13 11:53:27,696 - lsl_manager - ERROR - Error pushing sample: length of the sample (3) must correspond to the stream's channel count (4).
2025-11-13 11:53:27,710 - lsl_manager - ERROR - Error pushing sample: length of the sample (3) must correspond to the stream's channel count (4).
2025-11-13 11:53:27,712 - lsl_manager - ERROR - Error pushing sample: length of the sample (3) must correspond to the stream's channel count (4).
2025-11-13 11:53:27,738 - lsl_manager - ERROR - Error pushing sample: length of the sample (3) must correspond to the stream's channel count (4).
2025-11-13 11:53:27,744 - lsl_manager - ERROR - Error pushing sample: length of the sample (3) must correspond to the stream's channel count (4).
2025-11-13 11:53:27,745 - lsl_manager - ERROR - Error pushing sample: length of the sample (3) must correspond to the stream's channel count (4).
2025-11-13 11:53:27,749 - lsl_manager - ERROR - Error pushing sample: length of the sample (3) must correspond to the stream's channel count (4).
2025-11-13 11:53:27,751 - lsl_manager - ERROR - Error pushing sample: length of the sample (3) must correspond to the stream's channel count (4).
2025-11-13 11:53:27,764 - lsl_manager - ERROR - Error pushing sample: length of the sample (3) must correspond to the stream's channel count (4).
2025-11-13 11:53:27,765 - lsl_manager - ERROR - Error pushing sample: length of the sample (3) must correspond to the stream's channel count (4).
2025-11-13 11:53:27,793 - lsl_manager - ERROR - Error pushing sample: length of the sample (3) must correspond to the stream's channel count (4).
2025-11-13 11:53:27,795 - lsl_manager - ERROR - Error pushing sample: length of the sample (3) must correspond to the stream's channel count (4).
2025-11-13 11:53:27,796 - lsl_manager - ERROR - Error pushing sample: length of the sample (3) must correspond to the stream's channel count (4).
2025-11-13 11:53:27,808 - lsl_manager - ERROR - Error pushing sample: length of the sample (3) must correspond to the stream's channel count (4).
2025-11-13 11:53:27,809 - lsl_manager - ERROR - Error pushing sample: length of the sample (3) must correspond to the stream's channel count (4).
2025-11-13 11:53:27,818 - lsl_manager - ERROR - Error pushing sample: length of the sample (3) must correspond to the stream's channel count (4).
2025-11-13 11:53:27,820 - lsl_manager - ERROR - Error pushing sample: length of the sample (3) must correspond to the stream's channel count (4).
2025-11-13 11:53:27,844 - lsl_manager - ERROR - Error pushing sample: length of the sample (3) must correspond to the stream's channel count (4).
2025-11-13 11:53:27,845 - lsl_manager - ERROR - Error pushing sample: length of the sample (3) must correspond to the stream's channel count (4).
2025-11-13 11:53:27,859 - lsl_manager - ERROR - Error pushing sample: length of the sample (3) must correspond to the stream's channel count (4).
2025-11-13 11:53:27,860 - lsl_manager - ERROR - Error pushing sample: length of the sample (3) must correspond to the stream's channel count (4).
2025-11-13 11:53:27,862 - lsl_manager - ERROR - Error pushing sample: length of the sample (3) must correspond to the stream's channel count (4).
2025-11-13 11:53:27,877 - lsl_manager - ERROR - Error pushing sample: length of the sample (3) must correspond to the stream's channel count (4).
2025-11-13 11:53:27,878 - lsl_manager - ERROR - Error pushing sample: length of the sample (3) must correspond to the stream's channel count (4).
2025-11-13 11:53:27,888 - lsl_manager - ERROR - Error pushing sample: length of the sample (3) must correspond to the stream's channel count (4).
2025-11-13 11:53:27,889 - lsl_manager - ERROR - Error pushing sample: length of the sample (3) must correspond to the stream's channel count (4).
2025-11-13 11:53:27,903 - lsl_manager - ERROR - Error pushing sample: length of the sample (3) must correspond to the stream's channel count (4).
2025-11-13 11:53:27,904 - lsl_manager - ERROR - Error pushing sample: length of the sample (3) must correspond to the stream's channel count (4).
2025-11-13 11:53:27,913 - lsl_manager - ERROR - Error pushing sample: length of the sample (3) must correspond to the stream's channel count (4).
2025-11-13 11:53:27,927 - lsl_manager - ERROR - Error pushing sample: length of the sample (3) must correspond to the stream's channel count (4).
2025-11-13 11:53:27,930 - lsl_manager - ERROR - Error pushing sample: length of the sample (3) must correspond to the stream's channel count (4).
2025-11-13 11:53:27,945 - lsl_manager - ERROR - Error pushing sample: length of the sample (3) must correspond to the stream's channel count (4).
2025-11-13 11:53:27,946 - lsl_manager - ERROR - Error pushing sample: length of the sample (3) must correspond to the stream's channel count (4).
2025-11-13 11:53:27,958 - lsl_manager - ERROR - Error pushing sample: length of the sample (3) must correspond to the stream's channel count (4).
2025-11-13 11:53:27,960 - lsl_manager - ERROR - Error pushing sample: length of the sample (3) must correspond to the stream's channel count (4).
2025-11-13 11:53:28,008 - lsl_manager - ERROR - Error pushing sample: length of the sample (3) must correspond to the stream's channel count (4).
2025-11-13 11:53:28,009 - lsl_manager - ERROR - Error pushing sample: length of the sample (3) must correspond to the stream's channel count (4).
2025-11-13 11:53:28,010 - lsl_manager - ERROR - Error pushing sample: length of the sample (3) must correspond to the stream's channel count (4).
2025-11-13 11:53:28,011 - lsl_manager - ERROR - Error pushing sample: length of the sample (3) must correspond to the stream's channel count (4).
2025-11-13 11:53:28,013 - lsl_manager - ERROR - Error pushing sample: length of the sample (3) must correspond to the stream's channel count (4).
2025-11-13 11:53:28,014 - lsl_manager - ERROR - Error pushing sample: length of the sample (3) must correspond to the stream's channel count (4).
2025-11-13 11:53:28,015 - lsl_manager - ERROR - Error pushing sample: length of the sample (3) must correspond to the stream's channel count (4).
2025-11-13 11:53:28,029 - lsl_manager - ERROR - Error pushing sample: length of the sample (3) must correspond to the stream's channel count (4).
2025-11-13 11:53:28,030 - lsl_manager - ERROR - Error pushing sample: length of the sample (3) must correspond to the stream's channel count (4).
2025-11-13 11:53:28,053 - lsl_manager - ERROR - Error pushing sample: length of the sample (3) must correspond to the stream's channel count (4).
2025-11-13 11:53:28,054 - lsl_manager - ERROR - Error pushing sample: length of the sample (3) must correspond to the stream's channel count (4).
2025-11-13 11:53:28,056 - lsl_manager - ERROR - Error pushing sample: length of the sample (3) must correspond to the stream's channel count (4).
2025-11-13 11:53:28,069 - lsl_manager - ERROR - Error pushing sample: length of the sample (3) must correspond to the stream's channel count (4).
2025-11-13 11:53:28,070 - lsl_manager - ERROR - Error pushing sample: length of the sample (3) must correspond to the stream's channel count (4).
2025-11-13 11:53:28,084 - lsl_manager - ERROR - Error pushing sample: length of the sample (3) must correspond to the stream's channel count (4).
2025-11-13 11:53:28,085 - lsl_manager - ERROR - Error pushing sample: length of the sample (3) must correspond to the stream's channel count (4).
2025-11-13 11:53:28,108 - lsl_manager - ERROR - Error pushing sample: length of the sample (3) must correspond to the stream's channel count (4).
2025-11-13 11:53:28,110 - lsl_manager - ERROR - Error pushing sample: length of the sample (3) must correspond to the stream's channel count (4).
2025-11-13 11:53:28,111 - lsl_manager - ERROR - Error pushing sample: length of the sample (3) must correspond to the stream's channel count (4).
2025-11-13 11:53:28,123 - lsl_manager - ERROR - Error pushing sample: length of the sample (3) must correspond to the stream's channel count (4).
2025-11-13 11:53:28,124 - lsl_manager - ERROR - Error pushing sample: length of the sample (3) must correspond to the stream's channel count (4).
2025-11-13 11:53:28,163 - lsl_manager - ERROR - Error pushing sample: length of the sample (3) must correspond to the stream's channel count (4).
2025-11-13 11:53:28,165 - lsl_manager - ERROR - Error pushing sample: length of the sample (3) must correspond to the stream's channel count (4).
2025-11-13 11:53:28,174 - lsl_manager - ERROR - Error pushing sample: length of the sample (3) must correspond to the stream's channel count (4).
2025-11-13 11:53:28,175 - lsl_manager - ERROR - Error pushing sample: length of the sample (3) must correspond to the stream's channel count (4).
2025-11-13 11:53:28,182 - lsl_manager - ERROR - Error pushing sample: length of the sample (3) must correspond to the stream's channel count (4).
2025-11-13 11:53:28,183 - lsl_manager - ERROR - Error pushing sample: length of the sample (3) must correspond to the stream's channel count (4).
2025-11-13 11:53:28,184 - lsl_manager - ERROR - Error pushing sample: length of the sample (3) must correspond to the stream's channel count (4).
2025-11-13 11:53:28,192 - lsl_manager - ERROR - Error pushing sample: length of the sample (3) must correspond to the stream's channel count (4).
2025-11-13 11:53:28,193 - lsl_manager - ERROR - Error pushing sample: length of the sample (3) must correspond to the stream's channel count (4).
2025-11-13 11:53:28,201 - __main__ - INFO - 
============================================================
2025-11-13 11:53:28,201 - __main__ - INFO - Total samples: 528
2025-11-13 11:53:28,201 - __main__ - INFO - LSL pushed: 0
2025-11-13 11:53:28,201 - __main__ - INFO - LSL rate: 0.00 Hz (0.0% of nominal)
2025-11-13 11:53:28,201 - __main__ - INFO - Saved: 0
2025-11-13 11:53:28,201 - __main__ - INFO - Buffer: 528
2025-11-13 11:53:28,201 - __main__ - INFO - ============================================================
2025-11-13 11:53:28,209 - lsl_manager - ERROR - Error pushing sample: length of the sample (3) must correspond to the stream's channel count (4).
2025-11-13 11:53:28,210 - lsl_manager - ERROR - Error pushing sample: length of the sample (3) must correspond to the stream's channel count (4).
2025-11-13 11:53:28,234 - lsl_manager - ERROR - Error pushing sample: length of the sample (3) must correspond to the stream's channel count (4).
2025-11-13 11:53:28,236 - lsl_manager - ERROR - Error pushing sample: length of the sample (3) must correspond to the stream's channel count (4).
2025-11-13 11:53:28,237 - lsl_manager - ERROR - Error pushing sample: length of the sample (3) must correspond to the stream's channel count (4).
2025-11-13 11:53:28,249 - lsl_manager - ERROR - Error pushing sample: length of the sample (3) must correspond to the stream's channel count (4).
2025-11-13 11:53:28,250 - lsl_manager - ERROR - Error pushing sample: length of the sample (3) must correspond to the stream's channel count (4).
2025-11-13 11:53:28,265 - lsl_manager - ERROR - Error pushing sample: length of the sample (3) must correspond to the stream's channel count (4).
2025-11-13 11:53:28,266 - lsl_manager - ERROR - Error pushing sample: length of the sample (3) must correspond to the stream's channel count (4).
2025-11-13 11:53:28,280 - lsl_manager - ERROR - Error pushing sample: length of the sample (3) must correspond to the stream's channel count (4).
2025-11-13 11:53:28,282 - lsl_manager - ERROR - Error pushing sample: length of the sample (3) must correspond to the stream's channel count (4).
2025-11-13 11:53:28,287 - lsl_manager - ERROR - Error pushing sample: length of the sample (3) must correspond to the stream's channel count (4).
2025-11-13 11:53:28,305 - lsl_manager - ERROR - Error pushing sample: length of the sample (3) must correspond to the stream's channel count (4).
2025-11-13 11:53:28,306 - lsl_manager - ERROR - Error pushing sample: length of the sample (3) must correspond to the stream's channel count (4).
2025-11-13 11:53:28,320 - lsl_manager - ERROR - Error pushing sample: length of the sample (3) must correspond to the stream's channel count (4).
2025-11-13 11:53:28,322 - lsl_manager - ERROR - Error pushing sample: length of the sample (3) must correspond to the stream's channel count (4).
2025-11-13 11:53:28,337 - lsl_manager - ERROR - Error pushing sample: length of the sample (3) must correspond to the stream's channel count (4).
2025-11-13 11:53:28,338 - lsl_manager - ERROR - Error pushing sample: length of the sample (3) must correspond to the stream's channel count (4).
2025-11-13 11:53:28,361 - lsl_manager - ERROR - Error pushing sample: length of the sample (3) must correspond to the stream's channel count (4).
2025-11-13 11:53:28,362 - lsl_manager - ERROR - Error pushing sample: length of the sample (3) must correspond to the stream's channel count (4).
2025-11-13 11:53:28,382 - lsl_manager - ERROR - Error pushing sample: length of the sample (3) must correspond to the stream's channel count (4).
2025-11-13 11:53:28,384 - lsl_manager - ERROR - Error pushing sample: length of the sample (3) must correspond to the stream's channel count (4).
2025-11-13 11:53:28,385 - lsl_manager - ERROR - Error pushing sample: length of the sample (3) must correspond to the stream's channel count (4).
2025-11-13 11:53:28,387 - lsl_manager - ERROR - Error pushing sample: length of the sample (3) must correspond to the stream's channel count (4).
2025-11-13 11:53:28,389 - lsl_manager - ERROR - Error pushing sample: length of the sample (3) must correspond to the stream's channel count (4).
2025-11-13 11:53:28,403 - lsl_manager - ERROR - Error pushing sample: length of the sample (3) must correspond to the stream's channel count (4).
2025-11-13 11:53:28,404 - lsl_manager - ERROR - Error pushing sample: length of the sample (3) must correspond to the stream's channel count (4).
2025-11-13 11:53:28,413 - lsl_manager - ERROR - Error pushing sample: length of the sample (3) must correspond to the stream's channel count (4).
2025-11-13 11:53:28,437 - lsl_manager - ERROR - Error pushing sample: length of the sample (3) must correspond to the stream's channel count (4).
2025-11-13 11:53:28,438 - lsl_manager - ERROR - Error pushing sample: length of the sample (3) must correspond to the stream's channel count (4).
2025-11-13 11:53:28,442 - lsl_manager - ERROR - Error pushing sample: length of the sample (3) must correspond to the stream's channel count (4).
2025-11-13 11:53:28,443 - lsl_manager - ERROR - Error pushing sample: length of the sample (3) must correspond to the stream's channel count (4).
2025-11-13 11:53:28,458 - lsl_manager - ERROR - Error pushing sample: length of the sample (3) must correspond to the stream's channel count (4).
2025-11-13 11:53:28,460 - lsl_manager - ERROR - Error pushing sample: length of the sample (3) must correspond to the stream's channel count (4).
2025-11-13 11:53:28,483 - lsl_manager - ERROR - Error pushing sample: length of the sample (3) must correspond to the stream's channel count (4).
2025-11-13 11:53:28,484 - lsl_manager - ERROR - Error pushing sample: length of the sample (3) must correspond to the stream's channel count (4).
2025-11-13 11:53:28,485 - lsl_manager - ERROR - Error pushing sample: length of the sample (3) must correspond to the stream's channel count (4).
2025-11-13 11:53:28,500 - lsl_manager - ERROR - Error pushing sample: length of the sample (3) must correspond to the stream's channel count (4).
2025-11-13 11:53:28,501 - lsl_manager - ERROR - Error pushing sample: length of the sample (3) must correspond to the stream's channel count (4).
2025-11-13 11:53:28,514 - lsl_manager - ERROR - Error pushing sample: length of the sample (3) must correspond to the stream's channel count (4).
2025-11-13 11:53:28,515 - lsl_manager - ERROR - Error pushing sample: length of the sample (3) must correspond to the stream's channel count (4).
2025-11-13 11:53:28,529 - lsl_manager - ERROR - Error pushing sample: length of the sample (3) must correspond to the stream's channel count (4).
2025-11-13 11:53:28,530 - lsl_manager - ERROR - Error pushing sample: length of the sample (3) must correspond to the stream's channel count (4).
2025-11-13 11:53:28,538 - lsl_manager - ERROR - Error pushing sample: length of the sample (3) must correspond to the stream's channel count (4).
2025-11-13 11:53:28,561 - lsl_manager - ERROR - Error pushing sample: length of the sample (3) must correspond to the stream's channel count (4).
2025-11-13 11:53:28,567 - lsl_manager - ERROR - Error pushing sample: length of the sample (3) must correspond to the stream's channel count (4).
2025-11-13 11:53:28,569 - lsl_manager - ERROR - Error pushing sample: length of the sample (3) must correspond to the stream's channel count (4).
2025-11-13 11:53:28,570 - lsl_manager - ERROR - Error pushing sample: length of the sample (3) must correspond to the stream's channel count (4).
2025-11-13 11:53:28,584 - lsl_manager - ERROR - Error pushing sample: length of the sample (3) must correspond to the stream's channel count (4).
2025-11-13 11:53:28,585 - lsl_manager - ERROR - Error pushing sample: length of the sample (3) must correspond to the stream's channel count (4).
2025-11-13 11:53:28,610 - lsl_manager - ERROR - Error pushing sample: length of the sample (3) must correspond to the stream's channel count (4).
2025-11-13 11:53:28,611 - lsl_manager - ERROR - Error pushing sample: length of the sample (3) must correspond to the stream's channel count (4).
2025-11-13 11:53:28,612 - lsl_manager - ERROR - Error pushing sample: length of the sample (3) must correspond to the stream's channel count (4).
2025-11-13 11:53:28,625 - lsl_manager - ERROR - Error pushing sample: length of the sample (3) must correspond to the stream's channel count (4).
2025-11-13 11:53:28,626 - lsl_manager - ERROR - Error pushing sample: length of the sample (3) must correspond to the stream's channel count (4).
2025-11-13 11:53:28,639 - lsl_manager - ERROR - Error pushing sample: length of the sample (3) must correspond to the stream's channel count (4).
2025-11-13 11:53:28,640 - lsl_manager - ERROR - Error pushing sample: length of the sample (3) must correspond to the stream's channel count (4).
2025-11-13 11:53:28,655 - lsl_manager - ERROR - Error pushing sample: length of the sample (3) must correspond to the stream's channel count (4).
2025-11-13 11:53:28,656 - lsl_manager - ERROR - Error pushing sample: length of the sample (3) must correspond to the stream's channel count (4).
2025-11-13 11:53:28,680 - lsl_manager - ERROR - Error pushing sample: length of the sample (3) must correspond to the stream's channel count (4).
2025-11-13 11:53:28,681 - lsl_manager - ERROR - Error pushing sample: length of the sample (3) must correspond to the stream's channel count (4).
2025-11-13 11:53:28,682 - lsl_manager - ERROR - Error pushing sample: length of the sample (3) must correspond to the stream's channel count (4).
2025-11-13 11:53:28,696 - lsl_manager - ERROR - Error pushing sample: length of the sample (3) must correspond to the stream's channel count (4).
2025-11-13 11:53:28,698 - lsl_manager - ERROR - Error pushing sample: length of the sample (3) must correspond to the stream's channel count (4).
2025-11-13 11:53:28,711 - lsl_manager - ERROR - Error pushing sample: length of the sample (3) must correspond to the stream's channel count (4).
2025-11-13 11:53:28,713 - lsl_manager - ERROR - Error pushing sample: length of the sample (3) must correspond to the stream's channel count (4).
2025-11-13 11:53:28,718 - lsl_manager - ERROR - Error pushing sample: length of the sample (3) must correspond to the stream's channel count (4).
2025-11-13 11:53:28,732 - lsl_manager - ERROR - Error pushing sample: length of the sample (3) must correspond to the stream's channel count (4).
2025-11-13 11:53:28,734 - lsl_manager - ERROR - Error pushing sample: length of the sample (3) must correspond to the stream's channel count (4).
2025-11-13 11:53:28,751 - lsl_manager - ERROR - Error pushing sample: length of the sample (3) must correspond to the stream's channel count (4).
2025-11-13 11:53:28,764 - lsl_manager - ERROR - Error pushing sample: length of the sample (3) must correspond to the stream's channel count (4).
2025-11-13 11:53:28,765 - lsl_manager - ERROR - Error pushing sample: length of the sample (3) must correspond to the stream's channel count (4).
2025-11-13 11:53:28,766 - lsl_manager - ERROR - Error pushing sample: length of the sample (3) must correspond to the stream's channel count (4).
2025-11-13 11:53:28,781 - lsl_manager - ERROR - Error pushing sample: length of the sample (3) must correspond to the stream's channel count (4).
2025-11-13 11:53:28,783 - lsl_manager - ERROR - Error pushing sample: length of the sample (3) must correspond to the stream's channel count (4).
2025-11-13 11:53:28,788 - lsl_manager - ERROR - Error pushing sample: length of the sample (3) must correspond to the stream's channel count (4).
2025-11-13 11:53:28,806 - lsl_manager - ERROR - Error pushing sample: length of the sample (3) must correspond to the stream's channel count (4).
2025-11-13 11:53:28,808 - lsl_manager - ERROR - Error pushing sample: length of the sample (3) must correspond to the stream's channel count (4).
2025-11-13 11:53:28,819 - lsl_manager - ERROR - Error pushing sample: length of the sample (3) must correspond to the stream's channel count (4).
2025-11-13 11:53:28,820 - lsl_manager - ERROR - Error pushing sample: length of the sample (3) must correspond to the stream's channel count (4).
2025-11-13 11:53:28,835 - lsl_manager - ERROR - Error pushing sample: length of the sample (3) must correspond to the stream's channel count (4).
2025-11-13 11:53:28,836 - lsl_manager - ERROR - Error pushing sample: length of the sample (3) must correspond to the stream's channel count (4).
2025-11-13 11:53:28,864 - lsl_manager - ERROR - Error pushing sample: length of the sample (3) must correspond to the stream's channel count (4).
2025-11-13 11:53:28,865 - lsl_manager - ERROR - Error pushing sample: length of the sample (3) must correspond to the stream's channel count (4).
2025-11-13 11:53:28,866 - lsl_manager - ERROR - Error pushing sample: length of the sample (3) must correspond to the stream's channel count (4).
2025-11-13 11:53:28,873 - lsl_manager - ERROR - Error pushing sample: length of the sample (3) must correspond to the stream's channel count (4).
2025-11-13 11:53:28,874 - lsl_manager - ERROR - Error pushing sample: length of the sample (3) must correspond to the stream's channel count (4).
2025-11-13 11:53:28,888 - lsl_manager - ERROR - Error pushing sample: length of the sample (3) must correspond to the stream's channel count (4).
2025-11-13 11:53:28,889 - lsl_manager - ERROR - Error pushing sample: length of the sample (3) must correspond to the stream's channel count (4).
2025-11-13 11:53:28,905 - lsl_manager - ERROR - Error pushing sample: length of the sample (3) must correspond to the stream's channel count (4).
2025-11-13 11:53:28,907 - lsl_manager - ERROR - Error pushing sample: length of the sample (3) must correspond to the stream's channel count (4).
2025-11-13 11:53:28,914 - lsl_manager - ERROR - Error pushing sample: length of the sample (3) must correspond to the stream's channel count (4).
2025-11-13 11:53:28,927 - lsl_manager - ERROR - Error pushing sample: length of the sample (3) must correspond to the stream's channel count (4).
2025-11-13 11:53:28,928 - lsl_manager - ERROR - Error pushing sample: length of the sample (3) must correspond to the stream's channel count (4).
2025-11-13 11:53:28,942 - lsl_manager - ERROR - Error pushing sample: length of the sample (3) must correspond to the stream's channel count (4).
2025-11-13 11:53:28,969 - lsl_manager - ERROR - Error pushing sample: length of the sample (3) must correspond to the stream's channel count (4).
2025-11-13 11:53:28,970 - lsl_manager - ERROR - Error pushing sample: length of the sample (3) must correspond to the stream's channel count (4).
2025-11-13 11:53:28,972 - lsl_manager - ERROR - Error pushing sample: length of the sample (3) must correspond to the stream's channel count (4).
2025-11-13 11:53:28,973 - lsl_manager - ERROR - Error pushing sample: length of the sample (3) must correspond to the stream's channel count (4).
2025-11-13 11:53:28,985 - lsl_manager - ERROR - Error pushing sample: length of the sample (3) must correspond to the stream's channel count (4).
2025-11-13 11:53:28,987 - lsl_manager - ERROR - Error pushing sample: length of the sample (3) must correspond to the stream's channel count (4).
2025-11-13 11:53:29,021 - lsl_manager - ERROR - Error pushing sample: length of the sample (3) must correspond to the stream's channel count (4).
2025-11-13 11:53:29,022 - lsl_manager - ERROR - Error pushing sample: length of the sample (3) must correspond to the stream's channel count (4).
2025-11-13 11:53:29,024 - lsl_manager - ERROR - Error pushing sample: length of the sample (3) must correspond to the stream's channel count (4).
2025-11-13 11:53:29,025 - lsl_manager - ERROR - Error pushing sample: length of the sample (3) must correspond to the stream's channel count (4).
2025-11-13 11:53:29,028 - lsl_manager - ERROR - Error pushing sample: length of the sample (3) must correspond to the stream's channel count (4).
2025-11-13 11:53:29,029 - lsl_manager - ERROR - Error pushing sample: length of the sample (3) must correspond to the stream's channel count (4).
2025-11-13 11:53:29,038 - lsl_manager - ERROR - Error pushing sample: length of the sample (3) must correspond to the stream's channel count (4).
2025-11-13 11:53:29,053 - lsl_manager - ERROR - Error pushing sample: length of the sample (3) must correspond to the stream's channel count (4).
2025-11-13 11:53:29,054 - lsl_manager - ERROR - Error pushing sample: length of the sample (3) must correspond to the stream's channel count (4).
2025-11-13 11:53:29,069 - lsl_manager - ERROR - Error pushing sample: length of the sample (3) must correspond to the stream's channel count (4).
2025-11-13 11:53:29,070 - lsl_manager - ERROR - Error pushing sample: length of the sample (3) must correspond to the stream's channel count (4).
2025-11-13 11:53:29,084 - lsl_manager - ERROR - Error pushing sample: length of the sample (3) must correspond to the stream's channel count (4).
2025-11-13 11:53:29,086 - lsl_manager - ERROR - Error pushing sample: length of the sample (3) must correspond to the stream's channel count (4).
2025-11-13 11:53:29,093 - lsl_manager - ERROR - Error pushing sample: length of the sample (3) must correspond to the stream's channel count (4).
2025-11-13 11:53:29,109 - lsl_manager - ERROR - Error pushing sample: length of the sample (3) must correspond to the stream's channel count (4).
2025-11-13 11:53:29,110 - lsl_manager - ERROR - Error pushing sample: length of the sample (3) must correspond to the stream's channel count (4).
2025-11-13 11:53:29,125 - lsl_manager - ERROR - Error pushing sample: length of the sample (3) must correspond to the stream's channel count (4).
2025-11-13 11:53:29,127 - lsl_manager - ERROR - Error pushing sample: length of the sample (3) must correspond to the stream's channel count (4).
2025-11-13 11:53:29,138 - lsl_manager - ERROR - Error pushing sample: length of the sample (3) must correspond to the stream's channel count (4).
2025-11-13 11:53:29,152 - lsl_manager - ERROR - Error pushing sample: length of the sample (3) must correspond to the stream's channel count (4).
2025-11-13 11:53:29,153 - lsl_manager - ERROR - Error pushing sample: length of the sample (3) must correspond to the stream's channel count (4).
2025-11-13 11:53:29,154 - lsl_manager - ERROR - Error pushing sample: length of the sample (3) must correspond to the stream's channel count (4).
2025-11-13 11:53:29,162 - lsl_manager - ERROR - Error pushing sample: length of the sample (3) must correspond to the stream's channel count (4).
2025-11-13 11:53:29,178 - lsl_manager - ERROR - Error pushing sample: length of the sample (3) must correspond to the stream's channel count (4).
2025-11-13 11:53:29,179 - lsl_manager - ERROR - Error pushing sample: length of the sample (3) must correspond to the stream's channel count (4).
2025-11-13 11:53:29,196 - lsl_manager - ERROR - Error pushing sample: length of the sample (3) must correspond to the stream's channel count (4).
2025-11-13 11:53:29,198 - lsl_manager - ERROR - Error pushing sample: length of the sample (3) must correspond to the stream's channel count (4).
2025-11-13 11:53:29,203 - __main__ - INFO - 
============================================================
2025-11-13 11:53:29,203 - __main__ - INFO - Total samples: 656
2025-11-13 11:53:29,203 - __main__ - INFO - LSL pushed: 0
2025-11-13 11:53:29,203 - __main__ - INFO - LSL rate: 0.00 Hz (0.0% of nominal)
2025-11-13 11:53:29,203 - __main__ - INFO - Saved: 0
2025-11-13 11:53:29,203 - __main__ - INFO - Buffer: 656
2025-11-13 11:53:29,203 - __main__ - INFO - ============================================================
2025-11-13 11:53:29,219 - lsl_manager - ERROR - Error pushing sample: length of the sample (3) must correspond to the stream's channel count (4).
2025-11-13 11:53:29,220 - lsl_manager - ERROR - Error pushing sample: length of the sample (3) must correspond to the stream's channel count (4).
2025-11-13 11:53:29,233 - lsl_manager - ERROR - Error pushing sample: length of the sample (3) must correspond to the stream's channel count (4).
2025-11-13 11:53:29,234 - lsl_manager - ERROR - Error pushing sample: length of the sample (3) must correspond to the stream's channel count (4).
2025-11-13 11:53:29,236 - lsl_manager - ERROR - Error pushing sample: length of the sample (3) must correspond to the stream's channel count (4).
2025-11-13 11:53:29,253 - lsl_manager - ERROR - Error pushing sample: length of the sample (3) must correspond to the stream's channel count (4).
2025-11-13 11:53:29,254 - lsl_manager - ERROR - Error pushing sample: length of the sample (3) must correspond to the stream's channel count (4).
2025-11-13 11:53:29,263 - lsl_manager - ERROR - Error pushing sample: length of the sample (3) must correspond to the stream's channel count (4).
2025-11-13 11:53:29,264 - lsl_manager - ERROR - Error pushing sample: length of the sample (3) must correspond to the stream's channel count (4).
2025-11-13 11:53:29,297 - lsl_manager - ERROR - Error pushing sample: length of the sample (3) must correspond to the stream's channel count (4).
2025-11-13 11:53:29,298 - lsl_manager - ERROR - Error pushing sample: length of the sample (3) must correspond to the stream's channel count (4).
2025-11-13 11:53:29,303 - lsl_manager - ERROR - Error pushing sample: length of the sample (3) must correspond to the stream's channel count (4).
2025-11-13 11:53:29,304 - lsl_manager - ERROR - Error pushing sample: length of the sample (3) must correspond to the stream's channel count (4).
2025-11-13 11:53:29,305 - lsl_manager - ERROR - Error pushing sample: length of the sample (3) must correspond to the stream's channel count (4).
2025-11-13 11:53:29,319 - lsl_manager - ERROR - Error pushing sample: length of the sample (3) must correspond to the stream's channel count (4).
2025-11-13 11:53:29,320 - lsl_manager - ERROR - Error pushing sample: length of the sample (3) must correspond to the stream's channel count (4).
2025-11-13 11:53:29,335 - lsl_manager - ERROR - Error pushing sample: length of the sample (3) must correspond to the stream's channel count (4).
2025-11-13 11:53:29,360 - lsl_manager - ERROR - Error pushing sample: length of the sample (3) must correspond to the stream's channel count (4).
2025-11-13 11:53:29,361 - lsl_manager - ERROR - Error pushing sample: length of the sample (3) must correspond to the stream's channel count (4).
2025-11-13 11:53:29,363 - lsl_manager - ERROR - Error pushing sample: length of the sample (3) must correspond to the stream's channel count (4).
2025-11-13 11:53:29,364 - lsl_manager - ERROR - Error pushing sample: length of the sample (3) must correspond to the stream's channel count (4).
2025-11-13 11:53:29,376 - lsl_manager - ERROR - Error pushing sample: length of the sample (3) must correspond to the stream's channel count (4).
2025-11-13 11:53:29,377 - lsl_manager - ERROR - Error pushing sample: length of the sample (3) must correspond to the stream's channel count (4).
2025-11-13 11:53:29,391 - lsl_manager - ERROR - Error pushing sample: length of the sample (3) must correspond to the stream's channel count (4).
2025-11-13 11:53:29,392 - lsl_manager - ERROR - Error pushing sample: length of the sample (3) must correspond to the stream's channel count (4).
2025-11-13 11:53:29,406 - lsl_manager - ERROR - Error pushing sample: length of the sample (3) must correspond to the stream's channel count (4).
2025-11-13 11:53:29,407 - lsl_manager - ERROR - Error pushing sample: length of the sample (3) must correspond to the stream's channel count (4).
2025-11-13 11:53:29,412 - lsl_manager - ERROR - Error pushing sample: length of the sample (3) must correspond to the stream's channel count (4).
2025-11-13 11:53:29,442 - lsl_manager - ERROR - Error pushing sample: length of the sample (3) must correspond to the stream's channel count (4).
2025-11-13 11:53:29,443 - lsl_manager - ERROR - Error pushing sample: length of the sample (3) must correspond to the stream's channel count (4).
2025-11-13 11:53:29,452 - lsl_manager - ERROR - Error pushing sample: length of the sample (3) must correspond to the stream's channel count (4).
2025-11-13 11:53:29,453 - lsl_manager - ERROR - Error pushing sample: length of the sample (3) must correspond to the stream's channel count (4).
2025-11-13 11:53:29,459 - lsl_manager - ERROR - Error pushing sample: length of the sample (3) must correspond to the stream's channel count (4).
2025-11-13 11:53:29,460 - lsl_manager - ERROR - Error pushing sample: length of the sample (3) must correspond to the stream's channel count (4).
2025-11-13 11:53:29,469 - lsl_manager - ERROR - Error pushing sample: length of the sample (3) must correspond to the stream's channel count (4).
2025-11-13 11:53:29,482 - lsl_manager - ERROR - Error pushing sample: length of the sample (3) must correspond to the stream's channel count (4).
2025-11-13 11:53:29,484 - lsl_manager - ERROR - Error pushing sample: length of the sample (3) must correspond to the stream's channel count (4).
2025-11-13 11:53:29,499 - lsl_manager - ERROR - Error pushing sample: length of the sample (3) must correspond to the stream's channel count (4).
2025-11-13 11:53:29,501 - lsl_manager - ERROR - Error pushing sample: length of the sample (3) must correspond to the stream's channel count (4).
2025-11-13 11:53:29,513 - lsl_manager - ERROR - Error pushing sample: length of the sample (3) must correspond to the stream's channel count (4).
2025-11-13 11:53:29,514 - lsl_manager - ERROR - Error pushing sample: length of the sample (3) must correspond to the stream's channel count (4).
2025-11-13 11:53:29,528 - lsl_manager - ERROR - Error pushing sample: length of the sample (3) must correspond to the stream's channel count (4).
2025-11-13 11:53:29,538 - lsl_manager - ERROR - Error pushing sample: length of the sample (3) must correspond to the stream's channel count (4).
2025-11-13 11:53:29,540 - lsl_manager - ERROR - Error pushing sample: length of the sample (3) must correspond to the stream's channel count (4).
2025-11-13 11:53:29,566 - lsl_manager - ERROR - Error pushing sample: length of the sample (3) must correspond to the stream's channel count (4).
2025-11-13 11:53:29,583 - lsl_manager - ERROR - Error pushing sample: length of the sample (3) must correspond to the stream's channel count (4).
2025-11-13 11:53:29,590 - lsl_manager - ERROR - Error pushing sample: length of the sample (3) must correspond to the stream's channel count (4).
2025-11-13 11:53:29,595 - lsl_manager - ERROR - Error pushing sample: length of the sample (3) must correspond to the stream's channel count (4).
2025-11-13 11:53:29,596 - lsl_manager - ERROR - Error pushing sample: length of the sample (3) must correspond to the stream's channel count (4).
2025-11-13 11:53:29,602 - lsl_manager - ERROR - Error pushing sample: length of the sample (3) must correspond to the stream's channel count (4).
2025-11-13 11:53:29,603 - lsl_manager - ERROR - Error pushing sample: length of the sample (3) must correspond to the stream's channel count (4).
2025-11-13 11:53:29,619 - lsl_manager - ERROR - Error pushing sample: length of the sample (3) must correspond to the stream's channel count (4).
2025-11-13 11:53:29,620 - lsl_manager - ERROR - Error pushing sample: length of the sample (3) must correspond to the stream's channel count (4).
2025-11-13 11:53:29,631 - lsl_manager - ERROR - Error pushing sample: length of the sample (3) must correspond to the stream's channel count (4).
2025-11-13 11:53:29,632 - lsl_manager - ERROR - Error pushing sample: length of the sample (3) must correspond to the stream's channel count (4).
2025-11-13 11:53:29,676 - lsl_manager - ERROR - Error pushing sample: length of the sample (3) must correspond to the stream's channel count (4).
2025-11-13 11:53:29,677 - lsl_manager - ERROR - Error pushing sample: length of the sample (3) must correspond to the stream's channel count (4).
2025-11-13 11:53:29,679 - lsl_manager - ERROR - Error pushing sample: length of the sample (3) must correspond to the stream's channel count (4).
2025-11-13 11:53:29,683 - lsl_manager - ERROR - Error pushing sample: length of the sample (3) must correspond to the stream's channel count (4).
2025-11-13 11:53:29,696 - lsl_manager - ERROR - Error pushing sample: length of the sample (3) must correspond to the stream's channel count (4).
2025-11-13 11:53:29,698 - lsl_manager - ERROR - Error pushing sample: length of the sample (3) must correspond to the stream's channel count (4).
2025-11-13 11:53:29,700 - lsl_manager - ERROR - Error pushing sample: length of the sample (3) must correspond to the stream's channel count (4).
2025-11-13 11:53:29,702 - lsl_manager - ERROR - Error pushing sample: length of the sample (3) must correspond to the stream's channel count (4).
2025-11-13 11:53:29,704 - lsl_manager - ERROR - Error pushing sample: length of the sample (3) must correspond to the stream's channel count (4).
2025-11-13 11:53:29,709 - lsl_manager - ERROR - Error pushing sample: length of the sample (3) must correspond to the stream's channel count (4).
2025-11-13 11:53:29,710 - lsl_manager - ERROR - Error pushing sample: length of the sample (3) must correspond to the stream's channel count (4).
2025-11-13 11:53:29,725 - lsl_manager - ERROR - Error pushing sample: length of the sample (3) must correspond to the stream's channel count (4).
2025-11-13 11:53:29,751 - lsl_manager - ERROR - Error pushing sample: length of the sample (3) must correspond to the stream's channel count (4).
2025-11-13 11:53:29,773 - lsl_manager - ERROR - Error pushing sample: length of the sample (3) must correspond to the stream's channel count (4).
2025-11-13 11:53:29,782 - lsl_manager - ERROR - Error pushing sample: length of the sample (3) must correspond to the stream's channel count (4).
2025-11-13 11:53:29,784 - lsl_manager - ERROR - Error pushing sample: length of the sample (3) must correspond to the stream's channel count (4).
2025-11-13 11:53:29,785 - lsl_manager - ERROR - Error pushing sample: length of the sample (3) must correspond to the stream's channel count (4).
2025-11-13 11:53:29,787 - lsl_manager - ERROR - Error pushing sample: length of the sample (3) must correspond to the stream's channel count (4).
2025-11-13 11:53:29,789 - lsl_manager - ERROR - Error pushing sample: length of the sample (3) must correspond to the stream's channel count (4).
2025-11-13 11:53:29,792 - lsl_manager - ERROR - Error pushing sample: length of the sample (3) must correspond to the stream's channel count (4).
2025-11-13 11:53:29,794 - lsl_manager - ERROR - Error pushing sample: length of the sample (3) must correspond to the stream's channel count (4).
2025-11-13 11:53:29,803 - lsl_manager - ERROR - Error pushing sample: length of the sample (3) must correspond to the stream's channel count (4).
2025-11-13 11:53:29,804 - lsl_manager - ERROR - Error pushing sample: length of the sample (3) must correspond to the stream's channel count (4).
2025-11-13 11:53:29,817 - lsl_manager - ERROR - Error pushing sample: length of the sample (3) must correspond to the stream's channel count (4).
2025-11-13 11:53:29,820 - lsl_manager - ERROR - Error pushing sample: length of the sample (3) must correspond to the stream's channel count (4).
2025-11-13 11:53:29,837 - lsl_manager - ERROR - Error pushing sample: length of the sample (3) must correspond to the stream's channel count (4).
2025-11-13 11:53:29,838 - lsl_manager - ERROR - Error pushing sample: length of the sample (3) must correspond to the stream's channel count (4).
2025-11-13 11:53:29,858 - lsl_manager - ERROR - Error pushing sample: length of the sample (3) must correspond to the stream's channel count (4).
2025-11-13 11:53:29,859 - lsl_manager - ERROR - Error pushing sample: length of the sample (3) must correspond to the stream's channel count (4).
2025-11-13 11:53:29,860 - lsl_manager - ERROR - Error pushing sample: length of the sample (3) must correspond to the stream's channel count (4).
2025-11-13 11:53:29,874 - lsl_manager - ERROR - Error pushing sample: length of the sample (3) must correspond to the stream's channel count (4).
2025-11-13 11:53:29,876 - lsl_manager - ERROR - Error pushing sample: length of the sample (3) must correspond to the stream's channel count (4).
2025-11-13 11:53:29,889 - lsl_manager - ERROR - Error pushing sample: length of the sample (3) must correspond to the stream's channel count (4).
2025-11-13 11:53:29,891 - lsl_manager - ERROR - Error pushing sample: length of the sample (3) must correspond to the stream's channel count (4).
2025-11-13 11:53:29,907 - lsl_manager - ERROR - Error pushing sample: length of the sample (3) must correspond to the stream's channel count (4).
2025-11-13 11:53:29,908 - lsl_manager - ERROR - Error pushing sample: length of the sample (3) must correspond to the stream's channel count (4).
2025-11-13 11:53:29,931 - lsl_manager - ERROR - Error pushing sample: length of the sample (3) must correspond to the stream's channel count (4).
2025-11-13 11:53:29,946 - lsl_manager - ERROR - Error pushing sample: length of the sample (3) must correspond to the stream's channel count (4).
2025-11-13 11:53:29,947 - lsl_manager - ERROR - Error pushing sample: length of the sample (3) must correspond to the stream's channel count (4).
2025-11-13 11:53:29,949 - lsl_manager - ERROR - Error pushing sample: length of the sample (3) must correspond to the stream's channel count (4).
2025-11-13 11:53:29,951 - lsl_manager - ERROR - Error pushing sample: length of the sample (3) must correspond to the stream's channel count (4).
2025-11-13 11:53:29,971 - lsl_manager - ERROR - Error pushing sample: length of the sample (3) must correspond to the stream's channel count (4).
2025-11-13 11:53:29,973 - lsl_manager - ERROR - Error pushing sample: length of the sample (3) must correspond to the stream's channel count (4).
2025-11-13 11:53:29,974 - lsl_manager - ERROR - Error pushing sample: length of the sample (3) must correspond to the stream's channel count (4).
2025-11-13 11:53:29,988 - lsl_manager - ERROR - Error pushing sample: length of the sample (3) must correspond to the stream's channel count (4).
2025-11-13 11:53:29,989 - lsl_manager - ERROR - Error pushing sample: length of the sample (3) must correspond to the stream's channel count (4).
2025-11-13 11:53:29,999 - lsl_manager - ERROR - Error pushing sample: length of the sample (3) must correspond to the stream's channel count (4).
2025-11-13 11:53:30,000 - lsl_manager - ERROR - Error pushing sample: length of the sample (3) must correspond to the stream's channel count (4).
2025-11-13 11:53:30,015 - lsl_manager - ERROR - Error pushing sample: length of the sample (3) must correspond to the stream's channel count (4).
2025-11-13 11:53:30,016 - lsl_manager - ERROR - Error pushing sample: length of the sample (3) must correspond to the stream's channel count (4).
2025-11-13 11:53:30,030 - lsl_manager - ERROR - Error pushing sample: length of the sample (3) must correspond to the stream's channel count (4).
2025-11-13 11:53:30,032 - lsl_manager - ERROR - Error pushing sample: length of the sample (3) must correspond to the stream's channel count (4).
2025-11-13 11:53:30,038 - lsl_manager - ERROR - Error pushing sample: length of the sample (3) must correspond to the stream's channel count (4).
2025-11-13 11:53:30,061 - lsl_manager - ERROR - Error pushing sample: length of the sample (3) must correspond to the stream's channel count (4).
2025-11-13 11:53:30,062 - lsl_manager - ERROR - Error pushing sample: length of the sample (3) must correspond to the stream's channel count (4).
2025-11-13 11:53:30,086 - lsl_manager - ERROR - Error pushing sample: length of the sample (3) must correspond to the stream's channel count (4).
2025-11-13 11:53:30,088 - lsl_manager - ERROR - Error pushing sample: length of the sample (3) must correspond to the stream's channel count (4).
2025-11-13 11:53:30,093 - lsl_manager - ERROR - Error pushing sample: length of the sample (3) must correspond to the stream's channel count (4).
2025-11-13 11:53:30,095 - lsl_manager - ERROR - Error pushing sample: length of the sample (3) must correspond to the stream's channel count (4).
2025-11-13 11:53:30,098 - lsl_manager - ERROR - Error pushing sample: length of the sample (3) must correspond to the stream's channel count (4).
2025-11-13 11:53:30,112 - lsl_manager - ERROR - Error pushing sample: length of the sample (3) must correspond to the stream's channel count (4).
2025-11-13 11:53:30,114 - lsl_manager - ERROR - Error pushing sample: length of the sample (3) must correspond to the stream's channel count (4).
2025-11-13 11:53:30,139 - lsl_manager - ERROR - Error pushing sample: length of the sample (3) must correspond to the stream's channel count (4).
2025-11-13 11:53:30,185 - lsl_manager - ERROR - Error pushing sample: length of the sample (3) must correspond to the stream's channel count (4).
2025-11-13 11:53:30,186 - lsl_manager - ERROR - Error pushing sample: length of the sample (3) must correspond to the stream's channel count (4).
2025-11-13 11:53:30,187 - lsl_manager - ERROR - Error pushing sample: length of the sample (3) must correspond to the stream's channel count (4).
2025-11-13 11:53:30,189 - lsl_manager - ERROR - Error pushing sample: length of the sample (3) must correspond to the stream's channel count (4).
2025-11-13 11:53:30,190 - lsl_manager - ERROR - Error pushing sample: length of the sample (3) must correspond to the stream's channel count (4).
2025-11-13 11:53:30,191 - lsl_manager - ERROR - Error pushing sample: length of the sample (3) must correspond to the stream's channel count (4).
2025-11-13 11:53:30,193 - lsl_manager - ERROR - Error pushing sample: length of the sample (3) must correspond to the stream's channel count (4).
2025-11-13 11:53:30,194 - lsl_manager - ERROR - Error pushing sample: length of the sample (3) must correspond to the stream's channel count (4).
2025-11-13 11:53:30,195 - lsl_manager - ERROR - Error pushing sample: length of the sample (3) must correspond to the stream's channel count (4).
2025-11-13 11:53:30,198 - lsl_manager - ERROR - Error pushing sample: length of the sample (3) must correspond to the stream's channel count (4).
2025-11-13 11:53:30,204 - __main__ - INFO - 
============================================================
2025-11-13 11:53:30,204 - __main__ - INFO - Total samples: 784
2025-11-13 11:53:30,204 - __main__ - INFO - LSL pushed: 0
2025-11-13 11:53:30,204 - __main__ - INFO - LSL rate: 0.00 Hz (0.0% of nominal)
2025-11-13 11:53:30,204 - __main__ - INFO - Saved: 0
2025-11-13 11:53:30,204 - __main__ - INFO - Buffer: 784
2025-11-13 11:53:30,204 - __main__ - INFO - ============================================================
2025-11-13 11:53:30,207 - lsl_manager - ERROR - Error pushing sample: length of the sample (3) must correspond to the stream's channel count (4).
2025-11-13 11:53:30,209 - lsl_manager - ERROR - Error pushing sample: length of the sample (3) must correspond to the stream's channel count (4).
2025-11-13 11:53:30,217 - lsl_manager - ERROR - Error pushing sample: length of the sample (3) must correspond to the stream's channel count (4).
2025-11-13 11:53:30,241 - lsl_manager - ERROR - Error pushing sample: length of the sample (3) must correspond to the stream's channel count (4).
2025-11-13 11:53:30,242 - lsl_manager - ERROR - Error pushing sample: length of the sample (3) must correspond to the stream's channel count (4).
2025-11-13 11:53:30,249 - lsl_manager - ERROR - Error pushing sample: length of the sample (3) must correspond to the stream's channel count (4).
2025-11-13 11:53:30,251 - lsl_manager - ERROR - Error pushing sample: length of the sample (3) must correspond to the stream's channel count (4).
2025-11-13 11:53:30,265 - lsl_manager - ERROR - Error pushing sample: length of the sample (3) must correspond to the stream's channel count (4).
2025-11-13 11:53:30,267 - lsl_manager - ERROR - Error pushing sample: length of the sample (3) must correspond to the stream's channel count (4).
2025-11-13 11:53:30,293 - lsl_manager - ERROR - Error pushing sample: length of the sample (3) must correspond to the stream's channel count (4).
2025-11-13 11:53:30,295 - lsl_manager - ERROR - Error pushing sample: length of the sample (3) must correspond to the stream's channel count (4).
2025-11-13 11:53:30,307 - lsl_manager - ERROR - Error pushing sample: length of the sample (3) must correspond to the stream's channel count (4).
2025-11-13 11:53:30,308 - lsl_manager - ERROR - Error pushing sample: length of the sample (3) must correspond to the stream's channel count (4).
2025-11-13 11:53:30,309 - lsl_manager - ERROR - Error pushing sample: length of the sample (3) must correspond to the stream's channel count (4).
2025-11-13 11:53:30,335 - lsl_manager - ERROR - Error pushing sample: length of the sample (3) must correspond to the stream's channel count (4).
2025-11-13 11:53:30,336 - lsl_manager - ERROR - Error pushing sample: length of the sample (3) must correspond to the stream's channel count (4).
2025-11-13 11:53:30,337 - lsl_manager - ERROR - Error pushing sample: length of the sample (3) must correspond to the stream's channel count (4).
2025-11-13 11:53:30,338 - lsl_manager - ERROR - Error pushing sample: length of the sample (3) must correspond to the stream's channel count (4).
2025-11-13 11:53:30,343 - lsl_manager - ERROR - Error pushing sample: length of the sample (3) must correspond to the stream's channel count (4).
2025-11-13 11:53:30,365 - lsl_manager - ERROR - Error pushing sample: length of the sample (3) must correspond to the stream's channel count (4).
2025-11-13 11:53:30,367 - lsl_manager - ERROR - Error pushing sample: length of the sample (3) must correspond to the stream's channel count (4).
2025-11-13 11:53:30,373 - lsl_manager - ERROR - Error pushing sample: length of the sample (3) must correspond to the stream's channel count (4).
2025-11-13 11:53:30,374 - lsl_manager - ERROR - Error pushing sample: length of the sample (3) must correspond to the stream's channel count (4).
2025-11-13 11:53:30,388 - lsl_manager - ERROR - Error pushing sample: length of the sample (3) must correspond to the stream's channel count (4).
2025-11-13 11:53:30,389 - lsl_manager - ERROR - Error pushing sample: length of the sample (3) must correspond to the stream's channel count (4).
2025-11-13 11:53:30,409 - lsl_manager - ERROR - Error pushing sample: length of the sample (3) must correspond to the stream's channel count (4).
2025-11-13 11:53:30,410 - lsl_manager - ERROR - Error pushing sample: length of the sample (3) must correspond to the stream's channel count (4).
2025-11-13 11:53:30,413 - lsl_manager - ERROR - Error pushing sample: length of the sample (3) must correspond to the stream's channel count (4).
2025-11-13 11:53:30,430 - lsl_manager - ERROR - Error pushing sample: length of the sample (3) must correspond to the stream's channel count (4).
2025-11-13 11:53:30,431 - lsl_manager - ERROR - Error pushing sample: length of the sample (3) must correspond to the stream's channel count (4).
2025-11-13 11:53:30,445 - lsl_manager - ERROR - Error pushing sample: length of the sample (3) must correspond to the stream's channel count (4).
2025-11-13 11:53:30,446 - lsl_manager - ERROR - Error pushing sample: length of the sample (3) must correspond to the stream's channel count (4).
2025-11-13 11:53:30,460 - lsl_manager - ERROR - Error pushing sample: length of the sample (3) must correspond to the stream's channel count (4).
2025-11-13 11:53:30,461 - lsl_manager - ERROR - Error pushing sample: length of the sample (3) must correspond to the stream's channel count (4).
2025-11-13 11:53:30,485 - lsl_manager - ERROR - Error pushing sample: length of the sample (3) must correspond to the stream's channel count (4).
2025-11-13 11:53:30,487 - lsl_manager - ERROR - Error pushing sample: length of the sample (3) must correspond to the stream's channel count (4).
2025-11-13 11:53:30,488 - lsl_manager - ERROR - Error pushing sample: length of the sample (3) must correspond to the stream's channel count (4).
2025-11-13 11:53:30,503 - lsl_manager - ERROR - Error pushing sample: length of the sample (3) must correspond to the stream's channel count (4).
2025-11-13 11:53:30,504 - lsl_manager - ERROR - Error pushing sample: length of the sample (3) must correspond to the stream's channel count (4).
2025-11-13 11:53:30,538 - lsl_manager - ERROR - Error pushing sample: length of the sample (3) must correspond to the stream's channel count (4).
2025-11-13 11:53:30,540 - lsl_manager - ERROR - Error pushing sample: length of the sample (3) must correspond to the stream's channel count (4).
2025-11-13 11:53:30,541 - lsl_manager - ERROR - Error pushing sample: length of the sample (3) must correspond to the stream's channel count (4).
2025-11-13 11:53:30,542 - lsl_manager - ERROR - Error pushing sample: length of the sample (3) must correspond to the stream's channel count (4).
2025-11-13 11:53:30,544 - lsl_manager - ERROR - Error pushing sample: length of the sample (3) must correspond to the stream's channel count (4).
2025-11-13 11:53:30,553 - lsl_manager - ERROR - Error pushing sample: length of the sample (3) must correspond to the stream's channel count (4).
2025-11-13 11:53:30,554 - lsl_manager - ERROR - Error pushing sample: length of the sample (3) must correspond to the stream's channel count (4).
2025-11-13 11:53:30,568 - lsl_manager - ERROR - Error pushing sample: length of the sample (3) must correspond to the stream's channel count (4).
2025-11-13 11:53:30,570 - lsl_manager - ERROR - Error pushing sample: length of the sample (3) must correspond to the stream's channel count (4).
2025-11-13 11:53:30,583 - lsl_manager - ERROR - Error pushing sample: length of the sample (3) must correspond to the stream's channel count (4).
2025-11-13 11:53:30,585 - lsl_manager - ERROR - Error pushing sample: length of the sample (3) must correspond to the stream's channel count (4).
2025-11-13 11:53:30,593 - lsl_manager - ERROR - Error pushing sample: length of the sample (3) must correspond to the stream's channel count (4).
2025-11-13 11:53:30,613 - lsl_manager - ERROR - Error pushing sample: length of the sample (3) must correspond to the stream's channel count (4).
2025-11-13 11:53:30,614 - lsl_manager - ERROR - Error pushing sample: length of the sample (3) must correspond to the stream's channel count (4).
2025-11-13 11:53:30,622 - lsl_manager - ERROR - Error pushing sample: length of the sample (3) must correspond to the stream's channel count (4).
2025-11-13 11:53:30,623 - lsl_manager - ERROR - Error pushing sample: length of the sample (3) must correspond to the stream's channel count (4).
2025-11-13 11:53:30,638 - lsl_manager - ERROR - Error pushing sample: length of the sample (3) must correspond to the stream's channel count (4).
2025-11-13 11:53:30,639 - lsl_manager - ERROR - Error pushing sample: length of the sample (3) must correspond to the stream's channel count (4).
2025-11-13 11:53:30,657 - lsl_manager - ERROR - Error pushing sample: length of the sample (3) must correspond to the stream's channel count (4).
2025-11-13 11:53:30,658 - lsl_manager - ERROR - Error pushing sample: length of the sample (3) must correspond to the stream's channel count (4).
2025-11-13 11:53:30,685 - lsl_manager - ERROR - Error pushing sample: length of the sample (3) must correspond to the stream's channel count (4).
2025-11-13 11:53:30,686 - lsl_manager - ERROR - Error pushing sample: length of the sample (3) must correspond to the stream's channel count (4).
2025-11-13 11:53:30,687 - lsl_manager - ERROR - Error pushing sample: length of the sample (3) must correspond to the stream's channel count (4).
2025-11-13 11:53:30,693 - lsl_manager - ERROR - Error pushing sample: length of the sample (3) must correspond to the stream's channel count (4).
2025-11-13 11:53:30,695 - lsl_manager - ERROR - Error pushing sample: length of the sample (3) must correspond to the stream's channel count (4).
2025-11-13 11:53:30,720 - lsl_manager - ERROR - Error pushing sample: length of the sample (3) must correspond to the stream's channel count (4).
2025-11-13 11:53:30,722 - lsl_manager - ERROR - Error pushing sample: length of the sample (3) must correspond to the stream's channel count (4).
2025-11-13 11:53:30,724 - lsl_manager - ERROR - Error pushing sample: length of the sample (3) must correspond to the stream's channel count (4).
2025-11-13 11:53:30,734 - lsl_manager - ERROR - Error pushing sample: length of the sample (3) must correspond to the stream's channel count (4).
2025-11-13 11:53:30,735 - lsl_manager - ERROR - Error pushing sample: length of the sample (3) must correspond to the stream's channel count (4).
2025-11-13 11:53:30,748 - lsl_manager - ERROR - Error pushing sample: length of the sample (3) must correspond to the stream's channel count (4).
2025-11-13 11:53:30,750 - lsl_manager - ERROR - Error pushing sample: length of the sample (3) must correspond to the stream's channel count (4).
2025-11-13 11:53:30,765 - lsl_manager - ERROR - Error pushing sample: length of the sample (3) must correspond to the stream's channel count (4).
2025-11-13 11:53:30,766 - lsl_manager - ERROR - Error pushing sample: length of the sample (3) must correspond to the stream's channel count (4).
2025-11-13 11:53:30,779 - lsl_manager - ERROR - Error pushing sample: length of the sample (3) must correspond to the stream's channel count (4).
2025-11-13 11:53:30,780 - lsl_manager - ERROR - Error pushing sample: length of the sample (3) must correspond to the stream's channel count (4).
2025-11-13 11:53:30,787 - lsl_manager - ERROR - Error pushing sample: length of the sample (3) must correspond to the stream's channel count (4).
2025-11-13 11:53:30,811 - lsl_manager - ERROR - Error pushing sample: length of the sample (3) must correspond to the stream's channel count (4).
2025-11-13 11:53:30,812 - lsl_manager - ERROR - Error pushing sample: length of the sample (3) must correspond to the stream's channel count (4).
2025-11-13 11:53:30,819 - lsl_manager - ERROR - Error pushing sample: length of the sample (3) must correspond to the stream's channel count (4).
2025-11-13 11:53:30,820 - lsl_manager - ERROR - Error pushing sample: length of the sample (3) must correspond to the stream's channel count (4).
2025-11-13 11:53:30,833 - lsl_manager - ERROR - Error pushing sample: length of the sample (3) must correspond to the stream's channel count (4).
2025-11-13 11:53:30,834 - lsl_manager - ERROR - Error pushing sample: length of the sample (3) must correspond to the stream's channel count (4).
2025-11-13 11:53:30,844 - lsl_manager - ERROR - Error pushing sample: length of the sample (3) must correspond to the stream's channel count (4).
2025-11-13 11:53:30,858 - lsl_manager - ERROR - Error pushing sample: length of the sample (3) must correspond to the stream's channel count (4).
2025-11-13 11:53:30,859 - lsl_manager - ERROR - Error pushing sample: length of the sample (3) must correspond to the stream's channel count (4).
2025-11-13 11:53:30,873 - lsl_manager - ERROR - Error pushing sample: length of the sample (3) must correspond to the stream's channel count (4).
2025-11-13 11:53:30,874 - lsl_manager - ERROR - Error pushing sample: length of the sample (3) must correspond to the stream's channel count (4).
2025-11-13 11:53:30,888 - lsl_manager - ERROR - Error pushing sample: length of the sample (3) must correspond to the stream's channel count (4).
2025-11-13 11:53:30,889 - lsl_manager - ERROR - Error pushing sample: length of the sample (3) must correspond to the stream's channel count (4).
2025-11-13 11:53:30,931 - lsl_manager - ERROR - Error pushing sample: length of the sample (3) must correspond to the stream's channel count (4).
2025-11-13 11:53:30,932 - lsl_manager - ERROR - Error pushing sample: length of the sample (3) must correspond to the stream's channel count (4).
2025-11-13 11:53:30,933 - lsl_manager - ERROR - Error pushing sample: length of the sample (3) must correspond to the stream's channel count (4).
2025-11-13 11:53:30,935 - lsl_manager - ERROR - Error pushing sample: length of the sample (3) must correspond to the stream's channel count (4).
2025-11-13 11:53:30,937 - lsl_manager - ERROR - Error pushing sample: length of the sample (3) must correspond to the stream's channel count (4).
2025-11-13 11:53:30,947 - lsl_manager - ERROR - Error pushing sample: length of the sample (3) must correspond to the stream's channel count (4).
2025-11-13 11:53:30,948 - lsl_manager - ERROR - Error pushing sample: length of the sample (3) must correspond to the stream's channel count (4).
2025-11-13 11:53:30,957 - lsl_manager - ERROR - Error pushing sample: length of the sample (3) must correspond to the stream's channel count (4).
2025-11-13 11:53:30,958 - lsl_manager - ERROR - Error pushing sample: length of the sample (3) must correspond to the stream's channel count (4).
2025-11-13 11:53:30,970 - lsl_manager - ERROR - Error pushing sample: length of the sample (3) must correspond to the stream's channel count (4).
2025-11-13 11:53:30,982 - lsl_manager - ERROR - Error pushing sample: length of the sample (3) must correspond to the stream's channel count (4).
2025-11-13 11:53:30,983 - lsl_manager - ERROR - Error pushing sample: length of the sample (3) must correspond to the stream's channel count (4).
2025-11-13 11:53:30,998 - lsl_manager - ERROR - Error pushing sample: length of the sample (3) must correspond to the stream's channel count (4).
2025-11-13 11:53:30,999 - lsl_manager - ERROR - Error pushing sample: length of the sample (3) must correspond to the stream's channel count (4).
2025-11-13 11:53:31,012 - lsl_manager - ERROR - Error pushing sample: length of the sample (3) must correspond to the stream's channel count (4).
2025-11-13 11:53:31,013 - lsl_manager - ERROR - Error pushing sample: length of the sample (3) must correspond to the stream's channel count (4).
2025-11-13 11:53:31,031 - lsl_manager - ERROR - Error pushing sample: length of the sample (3) must correspond to the stream's channel count (4).
2025-11-13 11:53:31,033 - lsl_manager - ERROR - Error pushing sample: length of the sample (3) must correspond to the stream's channel count (4).
2025-11-13 11:53:31,037 - lsl_manager - ERROR - Error pushing sample: length of the sample (3) must correspond to the stream's channel count (4).
2025-11-13 11:53:31,062 - lsl_manager - ERROR - Error pushing sample: length of the sample (3) must correspond to the stream's channel count (4).
2025-11-13 11:53:31,063 - lsl_manager - ERROR - Error pushing sample: length of the sample (3) must correspond to the stream's channel count (4).
2025-11-13 11:53:31,069 - lsl_manager - ERROR - Error pushing sample: length of the sample (3) must correspond to the stream's channel count (4).
2025-11-13 11:53:31,070 - lsl_manager - ERROR - Error pushing sample: length of the sample (3) must correspond to the stream's channel count (4).
2025-11-13 11:53:31,087 - lsl_manager - ERROR - Error pushing sample: length of the sample (3) must correspond to the stream's channel count (4).
2025-11-13 11:53:31,088 - lsl_manager - ERROR - Error pushing sample: length of the sample (3) must correspond to the stream's channel count (4).
2025-11-13 11:53:31,125 - lsl_manager - ERROR - Error pushing sample: length of the sample (3) must correspond to the stream's channel count (4).
2025-11-13 11:53:31,126 - lsl_manager - ERROR - Error pushing sample: length of the sample (3) must correspond to the stream's channel count (4).
2025-11-13 11:53:31,128 - lsl_manager - ERROR - Error pushing sample: length of the sample (3) must correspond to the stream's channel count (4).
2025-11-13 11:53:31,129 - lsl_manager - ERROR - Error pushing sample: length of the sample (3) must correspond to the stream's channel count (4).
2025-11-13 11:53:31,130 - lsl_manager - ERROR - Error pushing sample: length of the sample (3) must correspond to the stream's channel count (4).
2025-11-13 11:53:31,139 - lsl_manager - ERROR - Error pushing sample: length of the sample (3) must correspond to the stream's channel count (4).
2025-11-13 11:53:31,141 - lsl_manager - ERROR - Error pushing sample: length of the sample (3) must correspond to the stream's channel count (4).
2025-11-13 11:53:31,156 - lsl_manager - ERROR - Error pushing sample: length of the sample (3) must correspond to the stream's channel count (4).
2025-11-13 11:53:31,157 - lsl_manager - ERROR - Error pushing sample: length of the sample (3) must correspond to the stream's channel count (4).
2025-11-13 11:53:31,162 - lsl_manager - ERROR - Error pushing sample: length of the sample (3) must correspond to the stream's channel count (4).
2025-11-13 11:53:31,187 - lsl_manager - ERROR - Error pushing sample: length of the sample (3) must correspond to the stream's channel count (4).
2025-11-13 11:53:31,188 - lsl_manager - ERROR - Error pushing sample: length of the sample (3) must correspond to the stream's channel count (4).
2025-11-13 11:53:31,193 - lsl_manager - ERROR - Error pushing sample: length of the sample (3) must correspond to the stream's channel count (4).
2025-11-13 11:53:31,195 - lsl_manager - ERROR - Error pushing sample: length of the sample (3) must correspond to the stream's channel count (4).
2025-11-13 11:53:31,204 - __main__ - INFO - 
============================================================
2025-11-13 11:53:31,204 - __main__ - INFO - Total samples: 912
2025-11-13 11:53:31,204 - __main__ - INFO - LSL pushed: 0
2025-11-13 11:53:31,204 - __main__ - INFO - LSL rate: 0.00 Hz (0.0% of nominal)
2025-11-13 11:53:31,204 - __main__ - INFO - Saved: 0
2025-11-13 11:53:31,204 - __main__ - INFO - Buffer: 912
2025-11-13 11:53:31,204 - __main__ - INFO - ============================================================
2025-11-13 11:53:31,209 - lsl_manager - ERROR - Error pushing sample: length of the sample (3) must correspond to the stream's channel count (4).
2025-11-13 11:53:31,210 - lsl_manager - ERROR - Error pushing sample: length of the sample (3) must correspond to the stream's channel count (4).
2025-11-13 11:53:31,219 - lsl_manager - ERROR - Error pushing sample: length of the sample (3) must correspond to the stream's channel count (4).
2025-11-13 11:53:31,233 - lsl_manager - ERROR - Error pushing sample: length of the sample (3) must correspond to the stream's channel count (4).
2025-11-13 11:53:31,234 - lsl_manager - ERROR - Error pushing sample: length of the sample (3) must correspond to the stream's channel count (4).
2025-11-13 11:53:31,248 - lsl_manager - ERROR - Error pushing sample: length of the sample (3) must correspond to the stream's channel count (4).
2025-11-13 11:53:31,249 - lsl_manager - ERROR - Error pushing sample: length of the sample (3) must correspond to the stream's channel count (4).
2025-11-13 11:53:31,264 - lsl_manager - ERROR - Error pushing sample: length of the sample (3) must correspond to the stream's channel count (4).
2025-11-13 11:53:31,265 - lsl_manager - ERROR - Error pushing sample: length of the sample (3) must correspond to the stream's channel count (4).
2025-11-13 11:53:31,280 - lsl_manager - ERROR - Error pushing sample: length of the sample (3) must correspond to the stream's channel count (4).
2025-11-13 11:53:31,281 - lsl_manager - ERROR - Error pushing sample: length of the sample (3) must correspond to the stream's channel count (4).
2025-11-13 11:53:31,302 - lsl_manager - ERROR - Error pushing sample: length of the sample (3) must correspond to the stream's channel count (4).
2025-11-13 11:53:31,304 - lsl_manager - ERROR - Error pushing sample: length of the sample (3) must correspond to the stream's channel count (4).
2025-11-13 11:53:31,305 - lsl_manager - ERROR - Error pushing sample: length of the sample (3) must correspond to the stream's channel count (4).
2025-11-13 11:53:31,319 - lsl_manager - ERROR - Error pushing sample: length of the sample (3) must correspond to the stream's channel count (4).
2025-11-13 11:53:31,320 - lsl_manager - ERROR - Error pushing sample: length of the sample (3) must correspond to the stream's channel count (4).
2025-11-13 11:53:31,340 - lsl_manager - ERROR - Error pushing sample: length of the sample (3) must correspond to the stream's channel count (4).
2025-11-13 11:53:31,341 - lsl_manager - ERROR - Error pushing sample: length of the sample (3) must correspond to the stream's channel count (4).
2025-11-13 11:53:31,343 - lsl_manager - ERROR - Error pushing sample: length of the sample (3) must correspond to the stream's channel count (4).
2025-11-13 11:53:31,370 - lsl_manager - ERROR - Error pushing sample: length of the sample (3) must correspond to the stream's channel count (4).
2025-11-13 11:53:31,371 - lsl_manager - ERROR - Error pushing sample: length of the sample (3) must correspond to the stream's channel count (4).
2025-11-13 11:53:31,375 - lsl_manager - ERROR - Error pushing sample: length of the sample (3) must correspond to the stream's channel count (4).
2025-11-13 11:53:31,377 - lsl_manager - ERROR - Error pushing sample: length of the sample (3) must correspond to the stream's channel count (4).
2025-11-13 11:53:31,391 - lsl_manager - ERROR - Error pushing sample: length of the sample (3) must correspond to the stream's channel count (4).
2025-11-13 11:53:31,392 - lsl_manager - ERROR - Error pushing sample: length of the sample (3) must correspond to the stream's channel count (4).
2025-11-13 11:53:31,405 - lsl_manager - ERROR - Error pushing sample: length of the sample (3) must correspond to the stream's channel count (4).
2025-11-13 11:53:31,406 - lsl_manager - ERROR - Error pushing sample: length of the sample (3) must correspond to the stream's channel count (4).
2025-11-13 11:53:31,412 - lsl_manager - ERROR - Error pushing sample: length of the sample (3) must correspond to the stream's channel count (4).
2025-11-13 11:53:31,428 - lsl_manager - ERROR - Error pushing sample: length of the sample (3) must correspond to the stream's channel count (4).
2025-11-13 11:53:31,429 - lsl_manager - ERROR - Error pushing sample: length of the sample (3) must correspond to the stream's channel count (4).
2025-11-13 11:53:31,446 - lsl_manager - ERROR - Error pushing sample: length of the sample (3) must correspond to the stream's channel count (4).
2025-11-13 11:53:31,447 - lsl_manager - ERROR - Error pushing sample: length of the sample (3) must correspond to the stream's channel count (4).
2025-11-13 11:53:31,461 - lsl_manager - ERROR - Error pushing sample: length of the sample (3) must correspond to the stream's channel count (4).
2025-11-13 11:53:31,462 - lsl_manager - ERROR - Error pushing sample: length of the sample (3) must correspond to the stream's channel count (4).
2025-11-13 11:53:31,487 - lsl_manager - ERROR - Error pushing sample: length of the sample (3) must correspond to the stream's channel count (4).
2025-11-13 11:53:31,488 - lsl_manager - ERROR - Error pushing sample: length of the sample (3) must correspond to the stream's channel count (4).
2025-11-13 11:53:31,503 - lsl_manager - ERROR - Error pushing sample: length of the sample (3) must correspond to the stream's channel count (4).
2025-11-13 11:53:31,505 - lsl_manager - ERROR - Error pushing sample: length of the sample (3) must correspond to the stream's channel count (4).
2025-11-13 11:53:31,506 - lsl_manager - ERROR - Error pushing sample: length of the sample (3) must correspond to the stream's channel count (4).
2025-11-13 11:53:31,518 - lsl_manager - ERROR - Error pushing sample: length of the sample (3) must correspond to the stream's channel count (4).
2025-11-13 11:53:31,519 - lsl_manager - ERROR - Error pushing sample: length of the sample (3) must correspond to the stream's channel count (4).
2025-11-13 11:53:31,532 - lsl_manager - ERROR - Error pushing sample: length of the sample (3) must correspond to the stream's channel count (4).
2025-11-13 11:53:31,534 - lsl_manager - ERROR - Error pushing sample: length of the sample (3) must correspond to the stream's channel count (4).
2025-11-13 11:53:31,559 - lsl_manager - ERROR - Error pushing sample: length of the sample (3) must correspond to the stream's channel count (4).
2025-11-13 11:53:31,560 - lsl_manager - ERROR - Error pushing sample: length of the sample (3) must correspond to the stream's channel count (4).
2025-11-13 11:53:31,562 - lsl_manager - ERROR - Error pushing sample: length of the sample (3) must correspond to the stream's channel count (4).
2025-11-13 11:53:31,582 - lsl_manager - ERROR - Error pushing sample: length of the sample (3) must correspond to the stream's channel count (4).
2025-11-13 11:53:31,584 - lsl_manager - ERROR - Error pushing sample: length of the sample (3) must correspond to the stream's channel count (4).
2025-11-13 11:53:31,591 - lsl_manager - ERROR - Error pushing sample: length of the sample (3) must correspond to the stream's channel count (4).
2025-11-13 11:53:31,592 - lsl_manager - ERROR - Error pushing sample: length of the sample (3) must correspond to the stream's channel count (4).
2025-11-13 11:53:31,615 - lsl_manager - ERROR - Error pushing sample: length of the sample (3) must correspond to the stream's channel count (4).
2025-11-13 11:53:31,616 - lsl_manager - ERROR - Error pushing sample: length of the sample (3) must correspond to the stream's channel count (4).
2025-11-13 11:53:31,617 - lsl_manager - ERROR - Error pushing sample: length of the sample (3) must correspond to the stream's channel count (4).
2025-11-13 11:53:31,627 - lsl_manager - ERROR - Error pushing sample: length of the sample (3) must correspond to the stream's channel count (4).
2025-11-13 11:53:31,628 - lsl_manager - ERROR - Error pushing sample: length of the sample (3) must correspond to the stream's channel count (4).
2025-11-13 11:53:31,638 - lsl_manager - ERROR - Error pushing sample: length of the sample (3) must correspond to the stream's channel count (4).
2025-11-13 11:53:31,639 - lsl_manager - ERROR - Error pushing sample: length of the sample (3) must correspond to the stream's channel count (4).
2025-11-13 11:53:31,656 - lsl_manager - ERROR - Error pushing sample: length of the sample (3) must correspond to the stream's channel count (4).
2025-11-13 11:53:31,658 - lsl_manager - ERROR - Error pushing sample: length of the sample (3) must correspond to the stream's channel count (4).
2025-11-13 11:53:31,661 - lsl_manager - ERROR - Error pushing sample: length of the sample (3) must correspond to the stream's channel count (4).
2025-11-13 11:53:31,685 - lsl_manager - ERROR - Error pushing sample: length of the sample (3) must correspond to the stream's channel count (4).
2025-11-13 11:53:31,693 - lsl_manager - ERROR - Error pushing sample: length of the sample (3) must correspond to the stream's channel count (4).
2025-11-13 11:53:31,695 - lsl_manager - ERROR - Error pushing sample: length of the sample (3) must correspond to the stream's channel count (4).
2025-11-13 11:53:31,696 - lsl_manager - ERROR - Error pushing sample: length of the sample (3) must correspond to the stream's channel count (4).
2025-11-13 11:53:31,708 - lsl_manager - ERROR - Error pushing sample: length of the sample (3) must correspond to the stream's channel count (4).
2025-11-13 11:53:31,709 - lsl_manager - ERROR - Error pushing sample: length of the sample (3) must correspond to the stream's channel count (4).
2025-11-13 11:53:31,720 - lsl_manager - ERROR - Error pushing sample: length of the sample (3) must correspond to the stream's channel count (4).
2025-11-13 11:53:31,732 - lsl_manager - ERROR - Error pushing sample: length of the sample (3) must correspond to the stream's channel count (4).
2025-11-13 11:53:31,734 - lsl_manager - ERROR - Error pushing sample: length of the sample (3) must correspond to the stream's channel count (4).
2025-11-13 11:53:31,758 - lsl_manager - ERROR - Error pushing sample: length of the sample (3) must correspond to the stream's channel count (4).
2025-11-13 11:53:31,759 - lsl_manager - ERROR - Error pushing sample: length of the sample (3) must correspond to the stream's channel count (4).
2025-11-13 11:53:31,762 - lsl_manager - ERROR - Error pushing sample: length of the sample (3) must correspond to the stream's channel count (4).
2025-11-13 11:53:31,764 - lsl_manager - ERROR - Error pushing sample: length of the sample (3) must correspond to the stream's channel count (4).
2025-11-13 11:53:31,778 - lsl_manager - ERROR - Error pushing sample: length of the sample (3) must correspond to the stream's channel count (4).
2025-11-13 11:53:31,779 - lsl_manager - ERROR - Error pushing sample: length of the sample (3) must correspond to the stream's channel count (4).
2025-11-13 11:53:31,786 - lsl_manager - ERROR - Error pushing sample: length of the sample (3) must correspond to the stream's channel count (4).
2025-11-13 11:53:31,803 - lsl_manager - ERROR - Error pushing sample: length of the sample (3) must correspond to the stream's channel count (4).
2025-11-13 11:53:31,804 - lsl_manager - ERROR - Error pushing sample: length of the sample (3) must correspond to the stream's channel count (4).
2025-11-13 11:53:31,819 - lsl_manager - ERROR - Error pushing sample: length of the sample (3) must correspond to the stream's channel count (4).
2025-11-13 11:53:31,820 - lsl_manager - ERROR - Error pushing sample: length of the sample (3) must correspond to the stream's channel count (4).
2025-11-13 11:53:31,834 - lsl_manager - ERROR - Error pushing sample: length of the sample (3) must correspond to the stream's channel count (4).
2025-11-13 11:53:31,835 - lsl_manager - ERROR - Error pushing sample: length of the sample (3) must correspond to the stream's channel count (4).
2025-11-13 11:53:31,845 - lsl_manager - ERROR - Error pushing sample: length of the sample (3) must correspond to the stream's channel count (4).
2025-11-13 11:53:31,858 - lsl_manager - ERROR - Error pushing sample: length of the sample (3) must correspond to the stream's channel count (4).
2025-11-13 11:53:31,860 - lsl_manager - ERROR - Error pushing sample: length of the sample (3) must correspond to the stream's channel count (4).
2025-11-13 11:53:31,873 - lsl_manager - ERROR - Error pushing sample: length of the sample (3) must correspond to the stream's channel count (4).
2025-11-13 11:53:31,887 - lsl_manager - ERROR - Error pushing sample: length of the sample (3) must correspond to the stream's channel count (4).
2025-11-13 11:53:31,888 - lsl_manager - ERROR - Error pushing sample: length of the sample (3) must correspond to the stream's channel count (4).
2025-11-13 11:53:31,912 - lsl_manager - ERROR - Error pushing sample: length of the sample (3) must correspond to the stream's channel count (4).
2025-11-13 11:53:31,913 - lsl_manager - ERROR - Error pushing sample: length of the sample (3) must correspond to the stream's channel count (4).
2025-11-13 11:53:31,915 - lsl_manager - ERROR - Error pushing sample: length of the sample (3) must correspond to the stream's channel count (4).
2025-11-13 11:53:31,917 - lsl_manager - ERROR - Error pushing sample: length of the sample (3) must correspond to the stream's channel count (4).
2025-11-13 11:53:31,927 - lsl_manager - ERROR - Error pushing sample: length of the sample (3) must correspond to the stream's channel count (4).
2025-11-13 11:53:31,928 - lsl_manager - ERROR - Error pushing sample: length of the sample (3) must correspond to the stream's channel count (4).
2025-11-13 11:53:31,942 - lsl_manager - ERROR - Error pushing sample: length of the sample (3) must correspond to the stream's channel count (4).
2025-11-13 11:53:31,943 - lsl_manager - ERROR - Error pushing sample: length of the sample (3) must correspond to the stream's channel count (4).
2025-11-13 11:53:31,958 - lsl_manager - ERROR - Error pushing sample: length of the sample (3) must correspond to the stream's channel count (4).
2025-11-13 11:53:31,959 - lsl_manager - ERROR - Error pushing sample: length of the sample (3) must correspond to the stream's channel count (4).
2025-11-13 11:53:31,967 - lsl_manager - ERROR - Error pushing sample: length of the sample (3) must correspond to the stream's channel count (4).
2025-11-13 11:53:31,992 - lsl_manager - ERROR - Error pushing sample: length of the sample (3) must correspond to the stream's channel count (4).
2025-11-13 11:53:31,994 - lsl_manager - ERROR - Error pushing sample: length of the sample (3) must correspond to the stream's channel count (4).
2025-11-13 11:53:32,012 - lsl_manager - ERROR - Error pushing sample: length of the sample (3) must correspond to the stream's channel count (4).
2025-11-13 11:53:32,014 - lsl_manager - ERROR - Error pushing sample: length of the sample (3) must correspond to the stream's channel count (4).
2025-11-13 11:53:32,016 - lsl_manager - ERROR - Error pushing sample: length of the sample (3) must correspond to the stream's channel count (4).
2025-11-13 11:53:32,018 - lsl_manager - ERROR - Error pushing sample: length of the sample (3) must correspond to the stream's channel count (4).
2025-11-13 11:53:32,028 - lsl_manager - ERROR - Error pushing sample: length of the sample (3) must correspond to the stream's channel count (4).
2025-11-13 11:53:32,029 - lsl_manager - ERROR - Error pushing sample: length of the sample (3) must correspond to the stream's channel count (4).
2025-11-13 11:53:32,038 - lsl_manager - ERROR - Error pushing sample: length of the sample (3) must correspond to the stream's channel count (4).
2025-11-13 11:53:32,064 - lsl_manager - ERROR - Error pushing sample: length of the sample (3) must correspond to the stream's channel count (4).
2025-11-13 11:53:32,065 - lsl_manager - ERROR - Error pushing sample: length of the sample (3) must correspond to the stream's channel count (4).
2025-11-13 11:53:32,067 - lsl_manager - ERROR - Error pushing sample: length of the sample (3) must correspond to the stream's channel count (4).
2025-11-13 11:53:32,084 - lsl_manager - ERROR - Error pushing sample: length of the sample (3) must correspond to the stream's channel count (4).
2025-11-13 11:53:32,086 - lsl_manager - ERROR - Error pushing sample: length of the sample (3) must correspond to the stream's channel count (4).
2025-11-13 11:53:32,088 - lsl_manager - ERROR - Error pushing sample: length of the sample (3) must correspond to the stream's channel count (4).
2025-11-13 11:53:32,109 - lsl_manager - ERROR - Error pushing sample: length of the sample (3) must correspond to the stream's channel count (4).
2025-11-13 11:53:32,110 - lsl_manager - ERROR - Error pushing sample: length of the sample (3) must correspond to the stream's channel count (4).
2025-11-13 11:53:32,111 - lsl_manager - ERROR - Error pushing sample: length of the sample (3) must correspond to the stream's channel count (4).
2025-11-13 11:53:32,124 - lsl_manager - ERROR - Error pushing sample: length of the sample (3) must correspond to the stream's channel count (4).
2025-11-13 11:53:32,125 - lsl_manager - ERROR - Error pushing sample: length of the sample (3) must correspond to the stream's channel count (4).
2025-11-13 11:53:32,139 - lsl_manager - ERROR - Error pushing sample: length of the sample (3) must correspond to the stream's channel count (4).
2025-11-13 11:53:32,140 - lsl_manager - ERROR - Error pushing sample: length of the sample (3) must correspond to the stream's channel count (4).
2025-11-13 11:53:32,155 - lsl_manager - ERROR - Error pushing sample: length of the sample (3) must correspond to the stream's channel count (4).
2025-11-13 11:53:32,156 - lsl_manager - ERROR - Error pushing sample: length of the sample (3) must correspond to the stream's channel count (4).
2025-11-13 11:53:32,180 - lsl_manager - ERROR - Error pushing sample: length of the sample (3) must correspond to the stream's channel count (4).
2025-11-13 11:53:32,182 - lsl_manager - ERROR - Error pushing sample: length of the sample (3) must correspond to the stream's channel count (4).
2025-11-13 11:53:32,183 - lsl_manager - ERROR - Error pushing sample: length of the sample (3) must correspond to the stream's channel count (4).
2025-11-13 11:53:32,205 - __main__ - INFO - 
============================================================
2025-11-13 11:53:32,205 - __main__ - INFO - Total samples: 1038
2025-11-13 11:53:32,205 - __main__ - INFO - LSL pushed: 0
2025-11-13 11:53:32,205 - __main__ - INFO - LSL rate: 0.00 Hz (0.0% of nominal)
2025-11-13 11:53:32,205 - __main__ - INFO - Saved: 1000
2025-11-13 11:53:32,205 - __main__ - INFO - Buffer: 38
2025-11-13 11:53:32,205 - __main__ - INFO - ============================================================
2025-11-13 11:53:32,223 - lsl_manager - ERROR - Error pushing sample: length of the sample (3) must correspond to the stream's channel count (4).
2025-11-13 11:53:32,224 - lsl_manager - ERROR - Error pushing sample: length of the sample (3) must correspond to the stream's channel count (4).
2025-11-13 11:53:32,226 - lsl_manager - ERROR - Error pushing sample: length of the sample (3) must correspond to the stream's channel count (4).
2025-11-13 11:53:32,227 - lsl_manager - ERROR - Error pushing sample: length of the sample (3) must correspond to the stream's channel count (4).
2025-11-13 11:53:32,228 - lsl_manager - ERROR - Error pushing sample: length of the sample (3) must correspond to the stream's channel count (4).
2025-11-13 11:53:32,235 - lsl_manager - ERROR - Error pushing sample: length of the sample (3) must correspond to the stream's channel count (4).
2025-11-13 11:53:32,236 - lsl_manager - ERROR - Error pushing sample: length of the sample (3) must correspond to the stream's channel count (4).
2025-11-13 11:53:32,250 - lsl_manager - ERROR - Error pushing sample: length of the sample (3) must correspond to the stream's channel count (4).
2025-11-13 11:53:32,251 - lsl_manager - ERROR - Error pushing sample: length of the sample (3) must correspond to the stream's channel count (4).
2025-11-13 11:53:32,265 - lsl_manager - ERROR - Error pushing sample: length of the sample (3) must correspond to the stream's channel count (4).
2025-11-13 11:53:32,280 - lsl_manager - ERROR - Error pushing sample: length of the sample (3) must correspond to the stream's channel count (4).
2025-11-13 11:53:32,281 - lsl_manager - ERROR - Error pushing sample: length of the sample (3) must correspond to the stream's channel count (4).
2025-11-13 11:53:32,282 - lsl_manager - ERROR - Error pushing sample: length of the sample (3) must correspond to the stream's channel count (4).
2025-11-13 11:53:32,288 - lsl_manager - ERROR - Error pushing sample: length of the sample (3) must correspond to the stream's channel count (4).
2025-11-13 11:53:32,303 - lsl_manager - ERROR - Error pushing sample: length of the sample (3) must correspond to the stream's channel count (4).
2025-11-13 11:53:32,304 - lsl_manager - ERROR - Error pushing sample: length of the sample (3) must correspond to the stream's channel count (4).
2025-11-13 11:53:32,318 - lsl_manager - ERROR - Error pushing sample: length of the sample (3) must correspond to the stream's channel count (4).
2025-11-13 11:53:32,319 - lsl_manager - ERROR - Error pushing sample: length of the sample (3) must correspond to the stream's channel count (4).
2025-11-13 11:53:32,333 - lsl_manager - ERROR - Error pushing sample: length of the sample (3) must correspond to the stream's channel count (4).
2025-11-13 11:53:32,334 - lsl_manager - ERROR - Error pushing sample: length of the sample (3) must correspond to the stream's channel count (4).
2025-11-13 11:53:32,343 - lsl_manager - ERROR - Error pushing sample: length of the sample (3) must correspond to the stream's channel count (4).
2025-11-13 11:53:32,358 - lsl_manager - ERROR - Error pushing sample: length of the sample (3) must correspond to the stream's channel count (4).
2025-11-13 11:53:32,359 - lsl_manager - ERROR - Error pushing sample: length of the sample (3) must correspond to the stream's channel count (4).
2025-11-13 11:53:32,373 - lsl_manager - ERROR - Error pushing sample: length of the sample (3) must correspond to the stream's channel count (4).
2025-11-13 11:53:32,374 - lsl_manager - ERROR - Error pushing sample: length of the sample (3) must correspond to the stream's channel count (4).
2025-11-13 11:53:32,392 - lsl_manager - ERROR - Error pushing sample: length of the sample (3) must correspond to the stream's channel count (4).
2025-11-13 11:53:32,393 - lsl_manager - ERROR - Error pushing sample: length of the sample (3) must correspond to the stream's channel count (4).
2025-11-13 11:53:32,408 - lsl_manager - ERROR - Error pushing sample: length of the sample (3) must correspond to the stream's channel count (4).
2025-11-13 11:53:32,409 - lsl_manager - ERROR - Error pushing sample: length of the sample (3) must correspond to the stream's channel count (4).
2025-11-13 11:53:32,413 - lsl_manager - ERROR - Error pushing sample: length of the sample (3) must correspond to the stream's channel count (4).
2025-11-13 11:53:32,436 - lsl_manager - ERROR - Error pushing sample: length of the sample (3) must correspond to the stream's channel count (4).
2025-11-13 11:53:32,437 - lsl_manager - ERROR - Error pushing sample: length of the sample (3) must correspond to the stream's channel count (4).
2025-11-13 11:53:32,446 - lsl_manager - ERROR - Error pushing sample: length of the sample (3) must correspond to the stream's channel count (4).
2025-11-13 11:53:32,447 - lsl_manager - ERROR - Error pushing sample: length of the sample (3) must correspond to the stream's channel count (4).
2025-11-13 11:53:32,460 - lsl_manager - ERROR - Error pushing sample: length of the sample (3) must correspond to the stream's channel count (4).
2025-11-13 11:53:32,469 - lsl_manager - ERROR - Error pushing sample: length of the sample (3) must correspond to the stream's channel count (4).
2025-11-13 11:53:32,471 - lsl_manager - ERROR - Error pushing sample: length of the sample (3) must correspond to the stream's channel count (4).
2025-11-13 11:53:32,487 - lsl_manager - ERROR - Error pushing sample: length of the sample (3) must correspond to the stream's channel count (4).
2025-11-13 11:53:32,488 - lsl_manager - ERROR - Error pushing sample: length of the sample (3) must correspond to the stream's channel count (4).
2025-11-13 11:53:32,501 - lsl_manager - ERROR - Error pushing sample: length of the sample (3) must correspond to the stream's channel count (4).
2025-11-13 11:53:32,503 - lsl_manager - ERROR - Error pushing sample: length of the sample (3) must correspond to the stream's channel count (4).
2025-11-13 11:53:32,515 - lsl_manager - ERROR - Error pushing sample: length of the sample (3) must correspond to the stream's channel count (4).
2025-11-13 11:53:32,516 - lsl_manager - ERROR - Error pushing sample: length of the sample (3) must correspond to the stream's channel count (4).
2025-11-13 11:53:32,531 - lsl_manager - ERROR - Error pushing sample: length of the sample (3) must correspond to the stream's channel count (4).
2025-11-13 11:53:32,532 - lsl_manager - ERROR - Error pushing sample: length of the sample (3) must correspond to the stream's channel count (4).
2025-11-13 11:53:32,540 - lsl_manager - ERROR - Error pushing sample: length of the sample (3) must correspond to the stream's channel count (4).
2025-11-13 11:53:32,554 - lsl_manager - ERROR - Error pushing sample: length of the sample (3) must correspond to the stream's channel count (4).
2025-11-13 11:53:32,555 - lsl_manager - ERROR - Error pushing sample: length of the sample (3) must correspond to the stream's channel count (4).
2025-11-13 11:53:32,570 - lsl_manager - ERROR - Error pushing sample: length of the sample (3) must correspond to the stream's channel count (4).
2025-11-13 11:53:32,572 - lsl_manager - ERROR - Error pushing sample: length of the sample (3) must correspond to the stream's channel count (4).
2025-11-13 11:53:32,589 - lsl_manager - ERROR - Error pushing sample: length of the sample (3) must correspond to the stream's channel count (4).
2025-11-13 11:53:32,590 - lsl_manager - ERROR - Error pushing sample: length of the sample (3) must correspond to the stream's channel count (4).
2025-11-13 11:53:32,592 - lsl_manager - ERROR - Error pushing sample: length of the sample (3) must correspond to the stream's channel count (4).
2025-11-13 11:53:32,609 - lsl_manager - ERROR - Error pushing sample: length of the sample (3) must correspond to the stream's channel count (4).
2025-11-13 11:53:32,611 - lsl_manager - ERROR - Error pushing sample: length of the sample (3) must correspond to the stream's channel count (4).
2025-11-13 11:53:32,624 - lsl_manager - ERROR - Error pushing sample: length of the sample (3) must correspond to the stream's channel count (4).
2025-11-13 11:53:32,625 - lsl_manager - ERROR - Error pushing sample: length of the sample (3) must correspond to the stream's channel count (4).
2025-11-13 11:53:32,649 - lsl_manager - ERROR - Error pushing sample: length of the sample (3) must correspond to the stream's channel count (4).
2025-11-13 11:53:32,650 - lsl_manager - ERROR - Error pushing sample: length of the sample (3) must correspond to the stream's channel count (4).
2025-11-13 11:53:32,663 - lsl_manager - ERROR - Error pushing sample: length of the sample (3) must correspond to the stream's channel count (4).
2025-11-13 11:53:32,680 - lsl_manager - ERROR - Error pushing sample: length of the sample (3) must correspond to the stream's channel count (4).
2025-11-13 11:53:32,682 - lsl_manager - ERROR - Error pushing sample: length of the sample (3) must correspond to the stream's channel count (4).
2025-11-13 11:53:32,683 - lsl_manager - ERROR - Error pushing sample: length of the sample (3) must correspond to the stream's channel count (4).
2025-11-13 11:53:32,684 - lsl_manager - ERROR - Error pushing sample: length of the sample (3) must correspond to the stream's channel count (4).
2025-11-13 11:53:32,692 - lsl_manager - ERROR - Error pushing sample: length of the sample (3) must correspond to the stream's channel count (4).
2025-11-13 11:53:32,694 - lsl_manager - ERROR - Error pushing sample: length of the sample (3) must correspond to the stream's channel count (4).
2025-11-13 11:53:32,707 - lsl_manager - ERROR - Error pushing sample: length of the sample (3) must correspond to the stream's channel count (4).
2025-11-13 11:53:32,708 - lsl_manager - ERROR - Error pushing sample: length of the sample (3) must correspond to the stream's channel count (4).
2025-11-13 11:53:32,732 - lsl_manager - ERROR - Error pushing sample: length of the sample (3) must correspond to the stream's channel count (4).
2025-11-13 11:53:32,733 - lsl_manager - ERROR - Error pushing sample: length of the sample (3) must correspond to the stream's channel count (4).
2025-11-13 11:53:32,735 - lsl_manager - ERROR - Error pushing sample: length of the sample (3) must correspond to the stream's channel count (4).
2025-11-13 11:53:32,749 - lsl_manager - ERROR - Error pushing sample: length of the sample (3) must correspond to the stream's channel count (4).
2025-11-13 11:53:32,751 - lsl_manager - ERROR - Error pushing sample: length of the sample (3) must correspond to the stream's channel count (4).
2025-11-13 11:53:32,765 - lsl_manager - ERROR - Error pushing sample: length of the sample (3) must correspond to the stream's channel count (4).
2025-11-13 11:53:32,766 - lsl_manager - ERROR - Error pushing sample: length of the sample (3) must correspond to the stream's channel count (4).
2025-11-13 11:53:32,778 - lsl_manager - ERROR - Error pushing sample: length of the sample (3) must correspond to the stream's channel count (4).
2025-11-13 11:53:32,779 - lsl_manager - ERROR - Error pushing sample: length of the sample (3) must correspond to the stream's channel count (4).
2025-11-13 11:53:32,803 - lsl_manager - ERROR - Error pushing sample: length of the sample (3) must correspond to the stream's channel count (4).
2025-11-13 11:53:32,804 - lsl_manager - ERROR - Error pushing sample: length of the sample (3) must correspond to the stream's channel count (4).
2025-11-13 11:53:32,806 - lsl_manager - ERROR - Error pushing sample: length of the sample (3) must correspond to the stream's channel count (4).
2025-11-13 11:53:32,820 - lsl_manager - ERROR - Error pushing sample: length of the sample (3) must correspond to the stream's channel count (4).
2025-11-13 11:53:32,821 - lsl_manager - ERROR - Error pushing sample: length of the sample (3) must correspond to the stream's channel count (4).
2025-11-13 11:53:32,847 - lsl_manager - ERROR - Error pushing sample: length of the sample (3) must correspond to the stream's channel count (4).
2025-11-13 11:53:32,848 - lsl_manager - ERROR - Error pushing sample: length of the sample (3) must correspond to the stream's channel count (4).
2025-11-13 11:53:32,869 - lsl_manager - ERROR - Error pushing sample: length of the sample (3) must correspond to the stream's channel count (4).
2025-11-13 11:53:32,878 - lsl_manager - ERROR - Error pushing sample: length of the sample (3) must correspond to the stream's channel count (4).
2025-11-13 11:53:32,880 - lsl_manager - ERROR - Error pushing sample: length of the sample (3) must correspond to the stream's channel count (4).
2025-11-13 11:53:32,881 - lsl_manager - ERROR - Error pushing sample: length of the sample (3) must correspond to the stream's channel count (4).
2025-11-13 11:53:32,882 - lsl_manager - ERROR - Error pushing sample: length of the sample (3) must correspond to the stream's channel count (4).
2025-11-13 11:53:32,888 - lsl_manager - ERROR - Error pushing sample: length of the sample (3) must correspond to the stream's channel count (4).
2025-11-13 11:53:32,890 - lsl_manager - ERROR - Error pushing sample: length of the sample (3) must correspond to the stream's channel count (4).
2025-11-13 11:53:32,907 - lsl_manager - ERROR - Error pushing sample: length of the sample (3) must correspond to the stream's channel count (4).
2025-11-13 11:53:32,908 - lsl_manager - ERROR - Error pushing sample: length of the sample (3) must correspond to the stream's channel count (4).
2025-11-13 11:53:32,912 - lsl_manager - ERROR - Error pushing sample: length of the sample (3) must correspond to the stream's channel count (4).
2025-11-13 11:53:32,929 - lsl_manager - ERROR - Error pushing sample: length of the sample (3) must correspond to the stream's channel count (4).
2025-11-13 11:53:32,931 - lsl_manager - ERROR - Error pushing sample: length of the sample (3) must correspond to the stream's channel count (4).
2025-11-13 11:53:32,945 - lsl_manager - ERROR - Error pushing sample: length of the sample (3) must correspond to the stream's channel count (4).
2025-11-13 11:53:32,946 - lsl_manager - ERROR - Error pushing sample: length of the sample (3) must correspond to the stream's channel count (4).
2025-11-13 11:53:32,960 - lsl_manager - ERROR - Error pushing sample: length of the sample (3) must correspond to the stream's channel count (4).
2025-11-13 11:53:32,961 - lsl_manager - ERROR - Error pushing sample: length of the sample (3) must correspond to the stream's channel count (4).
2025-11-13 11:53:32,967 - lsl_manager - ERROR - Error pushing sample: length of the sample (3) must correspond to the stream's channel count (4).
2025-11-13 11:53:32,984 - lsl_manager - ERROR - Error pushing sample: length of the sample (3) must correspond to the stream's channel count (4).
2025-11-13 11:53:32,985 - lsl_manager - ERROR - Error pushing sample: length of the sample (3) must correspond to the stream's channel count (4).
2025-11-13 11:53:32,999 - lsl_manager - ERROR - Error pushing sample: length of the sample (3) must correspond to the stream's channel count (4).
2025-11-13 11:53:33,001 - lsl_manager - ERROR - Error pushing sample: length of the sample (3) must correspond to the stream's channel count (4).
2025-11-13 11:53:33,016 - lsl_manager - ERROR - Error pushing sample: length of the sample (3) must correspond to the stream's channel count (4).
2025-11-13 11:53:33,017 - lsl_manager - ERROR - Error pushing sample: length of the sample (3) must correspond to the stream's channel count (4).
2025-11-13 11:53:33,031 - lsl_manager - ERROR - Error pushing sample: length of the sample (3) must correspond to the stream's channel count (4).
2025-11-13 11:53:33,032 - lsl_manager - ERROR - Error pushing sample: length of the sample (3) must correspond to the stream's channel count (4).
2025-11-13 11:53:33,071 - lsl_manager - ERROR - Error pushing sample: length of the sample (3) must correspond to the stream's channel count (4).
2025-11-13 11:53:33,072 - lsl_manager - ERROR - Error pushing sample: length of the sample (3) must correspond to the stream's channel count (4).
2025-11-13 11:53:33,073 - lsl_manager - ERROR - Error pushing sample: length of the sample (3) must correspond to the stream's channel count (4).
2025-11-13 11:53:33,074 - lsl_manager - ERROR - Error pushing sample: length of the sample (3) must correspond to the stream's channel count (4).
2025-11-13 11:53:33,076 - lsl_manager - ERROR - Error pushing sample: length of the sample (3) must correspond to the stream's channel count (4).
2025-11-13 11:53:33,086 - lsl_manager - ERROR - Error pushing sample: length of the sample (3) must correspond to the stream's channel count (4).
2025-11-13 11:53:33,088 - lsl_manager - ERROR - Error pushing sample: length of the sample (3) must correspond to the stream's channel count (4).
2025-11-13 11:53:33,093 - lsl_manager - ERROR - Error pushing sample: length of the sample (3) must correspond to the stream's channel count (4).
2025-11-13 11:53:33,109 - lsl_manager - ERROR - Error pushing sample: length of the sample (3) must correspond to the stream's channel count (4).
2025-11-13 11:53:33,110 - lsl_manager - ERROR - Error pushing sample: length of the sample (3) must correspond to the stream's channel count (4).
2025-11-13 11:53:33,125 - lsl_manager - ERROR - Error pushing sample: length of the sample (3) must correspond to the stream's channel count (4).
2025-11-13 11:53:33,126 - lsl_manager - ERROR - Error pushing sample: length of the sample (3) must correspond to the stream's channel count (4).
2025-11-13 11:53:33,138 - lsl_manager - ERROR - Error pushing sample: length of the sample (3) must correspond to the stream's channel count (4).
2025-11-13 11:53:33,139 - lsl_manager - ERROR - Error pushing sample: length of the sample (3) must correspond to the stream's channel count (4).
2025-11-13 11:53:33,154 - lsl_manager - ERROR - Error pushing sample: length of the sample (3) must correspond to the stream's channel count (4).
2025-11-13 11:53:33,155 - lsl_manager - ERROR - Error pushing sample: length of the sample (3) must correspond to the stream's channel count (4).
2025-11-13 11:53:33,165 - lsl_manager - ERROR - Error pushing sample: length of the sample (3) must correspond to the stream's channel count (4).
2025-11-13 11:53:33,178 - lsl_manager - ERROR - Error pushing sample: length of the sample (3) must correspond to the stream's channel count (4).
2025-11-13 11:53:33,181 - lsl_manager - ERROR - Error pushing sample: length of the sample (3) must correspond to the stream's channel count (4).
2025-11-13 11:53:33,194 - lsl_manager - ERROR - Error pushing sample: length of the sample (3) must correspond to the stream's channel count (4).
2025-11-13 11:53:33,195 - lsl_manager - ERROR - Error pushing sample: length of the sample (3) must correspond to the stream's channel count (4).
2025-11-13 11:53:33,206 - __main__ - INFO - 
============================================================
2025-11-13 11:53:33,206 - __main__ - INFO - Total samples: 1168
2025-11-13 11:53:33,206 - __main__ - INFO - LSL pushed: 0
2025-11-13 11:53:33,206 - __main__ - INFO - LSL rate: 0.00 Hz (0.0% of nominal)
2025-11-13 11:53:33,206 - __main__ - INFO - Saved: 1000
2025-11-13 11:53:33,206 - __main__ - INFO - Buffer: 168
2025-11-13 11:53:33,206 - __main__ - INFO - ============================================================
2025-11-13 11:53:33,210 - lsl_manager - ERROR - Error pushing sample: length of the sample (3) must correspond to the stream's channel count (4).
2025-11-13 11:53:33,211 - lsl_manager - ERROR - Error pushing sample: length of the sample (3) must correspond to the stream's channel count (4).
2025-11-13 11:53:33,218 - lsl_manager - ERROR - Error pushing sample: length of the sample (3) must correspond to the stream's channel count (4).
2025-11-13 11:53:33,241 - lsl_manager - ERROR - Error pushing sample: length of the sample (3) must correspond to the stream's channel count (4).
2025-11-13 11:53:33,247 - lsl_manager - ERROR - Error pushing sample: length of the sample (3) must correspond to the stream's channel count (4).
2025-11-13 11:53:33,248 - lsl_manager - ERROR - Error pushing sample: length of the sample (3) must correspond to the stream's channel count (4).
2025-11-13 11:53:33,250 - lsl_manager - ERROR - Error pushing sample: length of the sample (3) must correspond to the stream's channel count (4).
2025-11-13 11:53:33,263 - lsl_manager - ERROR - Error pushing sample: length of the sample (3) must correspond to the stream's channel count (4).
2025-11-13 11:53:33,264 - lsl_manager - ERROR - Error pushing sample: length of the sample (3) must correspond to the stream's channel count (4).
2025-11-13 11:53:33,286 - lsl_manager - ERROR - Error pushing sample: length of the sample (3) must correspond to the stream's channel count (4).
2025-11-13 11:53:33,287 - lsl_manager - ERROR - Error pushing sample: length of the sample (3) must correspond to the stream's channel count (4).
2025-11-13 11:53:33,289 - lsl_manager - ERROR - Error pushing sample: length of the sample (3) must correspond to the stream's channel count (4).
2025-11-13 11:53:33,302 - lsl_manager - ERROR - Error pushing sample: length of the sample (3) must correspond to the stream's channel count (4).
2025-11-13 11:53:33,304 - lsl_manager - ERROR - Error pushing sample: length of the sample (3) must correspond to the stream's channel count (4).
2025-11-13 11:53:33,319 - lsl_manager - ERROR - Error pushing sample: length of the sample (3) must correspond to the stream's channel count (4).
2025-11-13 11:53:33,321 - lsl_manager - ERROR - Error pushing sample: length of the sample (3) must correspond to the stream's channel count (4).
2025-11-13 11:53:33,335 - lsl_manager - ERROR - Error pushing sample: length of the sample (3) must correspond to the stream's channel count (4).
2025-11-13 11:53:33,336 - lsl_manager - ERROR - Error pushing sample: length of the sample (3) must correspond to the stream's channel count (4).
2025-11-13 11:53:33,361 - lsl_manager - ERROR - Error pushing sample: length of the sample (3) must correspond to the stream's channel count (4).
2025-11-13 11:53:33,362 - lsl_manager - ERROR - Error pushing sample: length of the sample (3) must correspond to the stream's channel count (4).
2025-11-13 11:53:33,364 - lsl_manager - ERROR - Error pushing sample: length of the sample (3) must correspond to the stream's channel count (4).
2025-11-13 11:53:33,375 - lsl_manager - ERROR - Error pushing sample: length of the sample (3) must correspond to the stream's channel count (4).
2025-11-13 11:53:33,377 - lsl_manager - ERROR - Error pushing sample: length of the sample (3) must correspond to the stream's channel count (4).
2025-11-13 11:53:33,390 - lsl_manager - ERROR - Error pushing sample: length of the sample (3) must correspond to the stream's channel count (4).
2025-11-13 11:53:33,391 - lsl_manager - ERROR - Error pushing sample: length of the sample (3) must correspond to the stream's channel count (4).
2025-11-13 11:53:33,416 - lsl_manager - ERROR - Error pushing sample: length of the sample (3) must correspond to the stream's channel count (4).
2025-11-13 11:53:33,418 - lsl_manager - ERROR - Error pushing sample: length of the sample (3) must correspond to the stream's channel count (4).
2025-11-13 11:53:33,420 - lsl_manager - ERROR - Error pushing sample: length of the sample (3) must correspond to the stream's channel count (4).
2025-11-13 11:53:33,428 - lsl_manager - ERROR - Error pushing sample: length of the sample (3) must correspond to the stream's channel count (4).
2025-11-13 11:53:33,444 - lsl_manager - ERROR - Error pushing sample: length of the sample (3) must correspond to the stream's channel count (4).
2025-11-13 11:53:33,446 - lsl_manager - ERROR - Error pushing sample: length of the sample (3) must correspond to the stream's channel count (4).
2025-11-13 11:53:33,447 - lsl_manager - ERROR - Error pushing sample: length of the sample (3) must correspond to the stream's channel count (4).
2025-11-13 11:53:33,459 - lsl_manager - ERROR - Error pushing sample: length of the sample (3) must correspond to the stream's channel count (4).
2025-11-13 11:53:33,460 - lsl_manager - ERROR - Error pushing sample: length of the sample (3) must correspond to the stream's channel count (4).
2025-11-13 11:53:33,467 - lsl_manager - ERROR - Error pushing sample: length of the sample (3) must correspond to the stream's channel count (4).
2025-11-13 11:53:33,504 - lsl_manager - ERROR - Error pushing sample: length of the sample (3) must correspond to the stream's channel count (4).
2025-11-13 11:53:33,506 - lsl_manager - ERROR - Error pushing sample: length of the sample (3) must correspond to the stream's channel count (4).
2025-11-13 11:53:33,507 - lsl_manager - ERROR - Error pushing sample: length of the sample (3) must correspond to the stream's channel count (4).
2025-11-13 11:53:33,508 - lsl_manager - ERROR - Error pushing sample: length of the sample (3) must correspond to the stream's channel count (4).
2025-11-13 11:53:33,513 - lsl_manager - ERROR - Error pushing sample: length of the sample (3) must correspond to the stream's channel count (4).
2025-11-13 11:53:33,515 - lsl_manager - ERROR - Error pushing sample: length of the sample (3) must correspond to the stream's channel count (4).
2025-11-13 11:53:33,543 - lsl_manager - ERROR - Error pushing sample: length of the sample (3) must correspond to the stream's channel count (4).
2025-11-13 11:53:33,544 - lsl_manager - ERROR - Error pushing sample: length of the sample (3) must correspond to the stream's channel count (4).
2025-11-13 11:53:33,545 - lsl_manager - ERROR - Error pushing sample: length of the sample (3) must correspond to the stream's channel count (4).
2025-11-13 11:53:33,554 - lsl_manager - ERROR - Error pushing sample: length of the sample (3) must correspond to the stream's channel count (4).
2025-11-13 11:53:33,555 - lsl_manager - ERROR - Error pushing sample: length of the sample (3) must correspond to the stream's channel count (4).
2025-11-13 11:53:33,567 - lsl_manager - ERROR - Error pushing sample: length of the sample (3) must correspond to the stream's channel count (4).
2025-11-13 11:53:33,569 - lsl_manager - ERROR - Error pushing sample: length of the sample (3) must correspond to the stream's channel count (4).
2025-11-13 11:53:33,582 - lsl_manager - ERROR - Error pushing sample: length of the sample (3) must correspond to the stream's channel count (4).
2025-11-13 11:53:33,583 - lsl_manager - ERROR - Error pushing sample: length of the sample (3) must correspond to the stream's channel count (4).
2025-11-13 11:53:33,594 - lsl_manager - ERROR - Error pushing sample: length of the sample (3) must correspond to the stream's channel count (4).
2025-11-13 11:53:33,609 - lsl_manager - ERROR - Error pushing sample: length of the sample (3) must correspond to the stream's channel count (4).
2025-11-13 11:53:33,610 - lsl_manager - ERROR - Error pushing sample: length of the sample (3) must correspond to the stream's channel count (4).
2025-11-13 11:53:33,627 - lsl_manager - ERROR - Error pushing sample: length of the sample (3) must correspond to the stream's channel count (4).
2025-11-13 11:53:33,637 - lsl_manager - ERROR - Error pushing sample: length of the sample (3) must correspond to the stream's channel count (4).
2025-11-13 11:53:33,639 - lsl_manager - ERROR - Error pushing sample: length of the sample (3) must correspond to the stream's channel count (4).
2025-11-13 11:53:33,640 - lsl_manager - ERROR - Error pushing sample: length of the sample (3) must correspond to the stream's channel count (4).
2025-11-13 11:53:33,654 - lsl_manager - ERROR - Error pushing sample: length of the sample (3) must correspond to the stream's channel count (4).
2025-11-13 11:53:33,655 - lsl_manager - ERROR - Error pushing sample: length of the sample (3) must correspond to the stream's channel count (4).
2025-11-13 11:53:33,663 - lsl_manager - ERROR - Error pushing sample: length of the sample (3) must correspond to the stream's channel count (4).
2025-11-13 11:53:33,677 - lsl_manager - ERROR - Error pushing sample: length of the sample (3) must correspond to the stream's channel count (4).
2025-11-13 11:53:33,679 - lsl_manager - ERROR - Error pushing sample: length of the sample (3) must correspond to the stream's channel count (4).
2025-11-13 11:53:33,713 - lsl_manager - ERROR - Error pushing sample: length of the sample (3) must correspond to the stream's channel count (4).
2025-11-13 11:53:33,714 - lsl_manager - ERROR - Error pushing sample: length of the sample (3) must correspond to the stream's channel count (4).
2025-11-13 11:53:33,715 - lsl_manager - ERROR - Error pushing sample: length of the sample (3) must correspond to the stream's channel count (4).
2025-11-13 11:53:33,716 - lsl_manager - ERROR - Error pushing sample: length of the sample (3) must correspond to the stream's channel count (4).
2025-11-13 11:53:33,741 - lsl_manager - ERROR - Error pushing sample: length of the sample (3) must correspond to the stream's channel count (4).
2025-11-13 11:53:33,742 - lsl_manager - ERROR - Error pushing sample: length of the sample (3) must correspond to the stream's channel count (4).
2025-11-13 11:53:33,743 - lsl_manager - ERROR - Error pushing sample: length of the sample (3) must correspond to the stream's channel count (4).
2025-11-13 11:53:33,748 - lsl_manager - ERROR - Error pushing sample: length of the sample (3) must correspond to the stream's channel count (4).
2025-11-13 11:53:33,749 - lsl_manager - ERROR - Error pushing sample: length of the sample (3) must correspond to the stream's channel count (4).
2025-11-13 11:53:33,762 - lsl_manager - ERROR - Error pushing sample: length of the sample (3) must correspond to the stream's channel count (4).
2025-11-13 11:53:33,764 - lsl_manager - ERROR - Error pushing sample: length of the sample (3) must correspond to the stream's channel count (4).
2025-11-13 11:53:33,779 - lsl_manager - ERROR - Error pushing sample: length of the sample (3) must correspond to the stream's channel count (4).
2025-11-13 11:53:33,781 - lsl_manager - ERROR - Error pushing sample: length of the sample (3) must correspond to the stream's channel count (4).
2025-11-13 11:53:33,803 - lsl_manager - ERROR - Error pushing sample: length of the sample (3) must correspond to the stream's channel count (4).
2025-11-13 11:53:33,804 - lsl_manager - ERROR - Error pushing sample: length of the sample (3) must correspond to the stream's channel count (4).
2025-11-13 11:53:33,805 - lsl_manager - ERROR - Error pushing sample: length of the sample (3) must correspond to the stream's channel count (4).
2025-11-13 11:53:33,818 - lsl_manager - ERROR - Error pushing sample: length of the sample (3) must correspond to the stream's channel count (4).
2025-11-13 11:53:33,837 - lsl_manager - ERROR - Error pushing sample: length of the sample (3) must correspond to the stream's channel count (4).
2025-11-13 11:53:33,838 - lsl_manager - ERROR - Error pushing sample: length of the sample (3) must correspond to the stream's channel count (4).
2025-11-13 11:53:33,840 - lsl_manager - ERROR - Error pushing sample: length of the sample (3) must correspond to the stream's channel count (4).
2025-11-13 11:53:33,844 - lsl_manager - ERROR - Error pushing sample: length of the sample (3) must correspond to the stream's channel count (4).
2025-11-13 11:53:33,858 - lsl_manager - ERROR - Error pushing sample: length of the sample (3) must correspond to the stream's channel count (4).
2025-11-13 11:53:33,859 - lsl_manager - ERROR - Error pushing sample: length of the sample (3) must correspond to the stream's channel count (4).
2025-11-13 11:53:33,872 - lsl_manager - ERROR - Error pushing sample: length of the sample (3) must correspond to the stream's channel count (4).
2025-11-13 11:53:33,873 - lsl_manager - ERROR - Error pushing sample: length of the sample (3) must correspond to the stream's channel count (4).
2025-11-13 11:53:33,888 - lsl_manager - ERROR - Error pushing sample: length of the sample (3) must correspond to the stream's channel count (4).
2025-11-13 11:53:33,889 - lsl_manager - ERROR - Error pushing sample: length of the sample (3) must correspond to the stream's channel count (4).
2025-11-13 11:53:33,905 - lsl_manager - ERROR - Error pushing sample: length of the sample (3) must correspond to the stream's channel count (4).
2025-11-13 11:53:33,906 - lsl_manager - ERROR - Error pushing sample: length of the sample (3) must correspond to the stream's channel count (4).
2025-11-13 11:53:33,929 - lsl_manager - ERROR - Error pushing sample: length of the sample (3) must correspond to the stream's channel count (4).
2025-11-13 11:53:33,930 - lsl_manager - ERROR - Error pushing sample: length of the sample (3) must correspond to the stream's channel count (4).
2025-11-13 11:53:33,933 - lsl_manager - ERROR - Error pushing sample: length of the sample (3) must correspond to the stream's channel count (4).
2025-11-13 11:53:33,942 - lsl_manager - ERROR - Error pushing sample: length of the sample (3) must correspond to the stream's channel count (4).
2025-11-13 11:53:33,945 - lsl_manager - ERROR - Error pushing sample: length of the sample (3) must correspond to the stream's channel count (4).
2025-11-13 11:53:33,960 - lsl_manager - ERROR - Error pushing sample: length of the sample (3) must correspond to the stream's channel count (4).
2025-11-13 11:53:33,962 - lsl_manager - ERROR - Error pushing sample: length of the sample (3) must correspond to the stream's channel count (4).
2025-11-13 11:53:33,984 - lsl_manager - ERROR - Error pushing sample: length of the sample (3) must correspond to the stream's channel count (4).
2025-11-13 11:53:33,986 - lsl_manager - ERROR - Error pushing sample: length of the sample (3) must correspond to the stream's channel count (4).
2025-11-13 11:53:33,987 - lsl_manager - ERROR - Error pushing sample: length of the sample (3) must correspond to the stream's channel count (4).
2025-11-13 11:53:33,999 - lsl_manager - ERROR - Error pushing sample: length of the sample (3) must correspond to the stream's channel count (4).
2025-11-13 11:53:34,000 - lsl_manager - ERROR - Error pushing sample: length of the sample (3) must correspond to the stream's channel count (4).
2025-11-13 11:53:34,014 - lsl_manager - ERROR - Error pushing sample: length of the sample (3) must correspond to the stream's channel count (4).
2025-11-13 11:53:34,030 - lsl_manager - ERROR - Error pushing sample: length of the sample (3) must correspond to the stream's channel count (4).
2025-11-13 11:53:34,032 - lsl_manager - ERROR - Error pushing sample: length of the sample (3) must correspond to the stream's channel count (4).
2025-11-13 11:53:34,033 - lsl_manager - ERROR - Error pushing sample: length of the sample (3) must correspond to the stream's channel count (4).
2025-11-13 11:53:34,037 - lsl_manager - ERROR - Error pushing sample: length of the sample (3) must correspond to the stream's channel count (4).
2025-11-13 11:53:34,055 - lsl_manager - ERROR - Error pushing sample: length of the sample (3) must correspond to the stream's channel count (4).
2025-11-13 11:53:34,056 - lsl_manager - ERROR - Error pushing sample: length of the sample (3) must correspond to the stream's channel count (4).
2025-11-13 11:53:34,070 - lsl_manager - ERROR - Error pushing sample: length of the sample (3) must correspond to the stream's channel count (4).
2025-11-13 11:53:34,071 - lsl_manager - ERROR - Error pushing sample: length of the sample (3) must correspond to the stream's channel count (4).
2025-11-13 11:53:34,085 - lsl_manager - ERROR - Error pushing sample: length of the sample (3) must correspond to the stream's channel count (4).
2025-11-13 11:53:34,086 - lsl_manager - ERROR - Error pushing sample: length of the sample (3) must correspond to the stream's channel count (4).
2025-11-13 11:53:34,092 - lsl_manager - ERROR - Error pushing sample: length of the sample (3) must correspond to the stream's channel count (4).
2025-11-13 11:53:34,143 - lsl_manager - ERROR - Error pushing sample: length of the sample (3) must correspond to the stream's channel count (4).
2025-11-13 11:53:34,144 - lsl_manager - ERROR - Error pushing sample: length of the sample (3) must correspond to the stream's channel count (4).
2025-11-13 11:53:34,148 - lsl_manager - ERROR - Error pushing sample: length of the sample (3) must correspond to the stream's channel count (4).
2025-11-13 11:53:34,149 - lsl_manager - ERROR - Error pushing sample: length of the sample (3) must correspond to the stream's channel count (4).
2025-11-13 11:53:34,152 - lsl_manager - ERROR - Error pushing sample: length of the sample (3) must correspond to the stream's channel count (4).
2025-11-13 11:53:34,154 - lsl_manager - ERROR - Error pushing sample: length of the sample (3) must correspond to the stream's channel count (4).
2025-11-13 11:53:34,163 - lsl_manager - ERROR - Error pushing sample: length of the sample (3) must correspond to the stream's channel count (4).
2025-11-13 11:53:34,164 - lsl_manager - ERROR - Error pushing sample: length of the sample (3) must correspond to the stream's channel count (4).
2025-11-13 11:53:34,165 - lsl_manager - ERROR - Error pushing sample: length of the sample (3) must correspond to the stream's channel count (4).
2025-11-13 11:53:34,177 - lsl_manager - ERROR - Error pushing sample: length of the sample (3) must correspond to the stream's channel count (4).
2025-11-13 11:53:34,178 - lsl_manager - ERROR - Error pushing sample: length of the sample (3) must correspond to the stream's channel count (4).
2025-11-13 11:53:34,193 - lsl_manager - ERROR - Error pushing sample: length of the sample (3) must correspond to the stream's channel count (4).
2025-11-13 11:53:34,194 - lsl_manager - ERROR - Error pushing sample: length of the sample (3) must correspond to the stream's channel count (4).
2025-11-13 11:53:34,206 - __main__ - INFO - 
============================================================
2025-11-13 11:53:34,206 - __main__ - INFO - Total samples: 1296
2025-11-13 11:53:34,206 - __main__ - INFO - LSL pushed: 0
2025-11-13 11:53:34,206 - __main__ - INFO - LSL rate: 0.00 Hz (0.0% of nominal)
2025-11-13 11:53:34,206 - __main__ - INFO - Saved: 1000
2025-11-13 11:53:34,206 - __main__ - INFO - Buffer: 296
2025-11-13 11:53:34,206 - __main__ - INFO - ============================================================
2025-11-13 11:53:34,209 - lsl_manager - ERROR - Error pushing sample: length of the sample (3) must correspond to the stream's channel count (4).
2025-11-13 11:53:34,219 - lsl_manager - ERROR - Error pushing sample: length of the sample (3) must correspond to the stream's channel count (4).
2025-11-13 11:53:34,262 - lsl_manager - ERROR - Error pushing sample: length of the sample (3) must correspond to the stream's channel count (4).
2025-11-13 11:53:34,263 - lsl_manager - ERROR - Error pushing sample: length of the sample (3) must correspond to the stream's channel count (4).
2025-11-13 11:53:34,264 - lsl_manager - ERROR - Error pushing sample: length of the sample (3) must correspond to the stream's channel count (4).
2025-11-13 11:53:34,265 - lsl_manager - ERROR - Error pushing sample: length of the sample (3) must correspond to the stream's channel count (4).
2025-11-13 11:53:34,267 - lsl_manager - ERROR - Error pushing sample: length of the sample (3) must correspond to the stream's channel count (4).
2025-11-13 11:53:34,268 - lsl_manager - ERROR - Error pushing sample: length of the sample (3) must correspond to the stream's channel count (4).
2025-11-13 11:53:34,269 - lsl_manager - ERROR - Error pushing sample: length of the sample (3) must correspond to the stream's channel count (4).
2025-11-13 11:53:34,279 - lsl_manager - ERROR - Error pushing sample: length of the sample (3) must correspond to the stream's channel count (4).
2025-11-13 11:53:34,281 - lsl_manager - ERROR - Error pushing sample: length of the sample (3) must correspond to the stream's channel count (4).
2025-11-13 11:53:34,288 - lsl_manager - ERROR - Error pushing sample: length of the sample (3) must correspond to the stream's channel count (4).
2025-11-13 11:53:34,303 - lsl_manager - ERROR - Error pushing sample: length of the sample (3) must correspond to the stream's channel count (4).
2025-11-13 11:53:34,304 - lsl_manager - ERROR - Error pushing sample: length of the sample (3) must correspond to the stream's channel count (4).
2025-11-13 11:53:34,318 - lsl_manager - ERROR - Error pushing sample: length of the sample (3) must correspond to the stream's channel count (4).
2025-11-13 11:53:34,319 - lsl_manager - ERROR - Error pushing sample: length of the sample (3) must correspond to the stream's channel count (4).
2025-11-13 11:53:34,334 - lsl_manager - ERROR - Error pushing sample: length of the sample (3) must correspond to the stream's channel count (4).
2025-11-13 11:53:34,335 - lsl_manager - ERROR - Error pushing sample: length of the sample (3) must correspond to the stream's channel count (4).
2025-11-13 11:53:34,344 - lsl_manager - ERROR - Error pushing sample: length of the sample (3) must correspond to the stream's channel count (4).
2025-11-13 11:53:34,359 - lsl_manager - ERROR - Error pushing sample: length of the sample (3) must correspond to the stream's channel count (4).
2025-11-13 11:53:34,360 - lsl_manager - ERROR - Error pushing sample: length of the sample (3) must correspond to the stream's channel count (4).
2025-11-13 11:53:34,376 - lsl_manager - ERROR - Error pushing sample: length of the sample (3) must correspond to the stream's channel count (4).
2025-11-13 11:53:34,377 - lsl_manager - ERROR - Error pushing sample: length of the sample (3) must correspond to the stream's channel count (4).
2025-11-13 11:53:34,391 - lsl_manager - ERROR - Error pushing sample: length of the sample (3) must correspond to the stream's channel count (4).
2025-11-13 11:53:34,393 - lsl_manager - ERROR - Error pushing sample: length of the sample (3) must correspond to the stream's channel count (4).
2025-11-13 11:53:34,406 - lsl_manager - ERROR - Error pushing sample: length of the sample (3) must correspond to the stream's channel count (4).
2025-11-13 11:53:34,431 - lsl_manager - ERROR - Error pushing sample: length of the sample (3) must correspond to the stream's channel count (4).
2025-11-13 11:53:34,432 - lsl_manager - ERROR - Error pushing sample: length of the sample (3) must correspond to the stream's channel count (4).
2025-11-13 11:53:34,433 - lsl_manager - ERROR - Error pushing sample: length of the sample (3) must correspond to the stream's channel count (4).
2025-11-13 11:53:34,434 - lsl_manager - ERROR - Error pushing sample: length of the sample (3) must correspond to the stream's channel count (4).
2025-11-13 11:53:34,442 - lsl_manager - ERROR - Error pushing sample: length of the sample (3) must correspond to the stream's channel count (4).
2025-11-13 11:53:34,444 - lsl_manager - ERROR - Error pushing sample: length of the sample (3) must correspond to the stream's channel count (4).
2025-11-13 11:53:34,457 - lsl_manager - ERROR - Error pushing sample: length of the sample (3) must correspond to the stream's channel count (4).
2025-11-13 11:53:34,459 - lsl_manager - ERROR - Error pushing sample: length of the sample (3) must correspond to the stream's channel count (4).
2025-11-13 11:53:34,468 - lsl_manager - ERROR - Error pushing sample: length of the sample (3) must correspond to the stream's channel count (4).
2025-11-13 11:53:34,492 - lsl_manager - ERROR - Error pushing sample: length of the sample (3) must correspond to the stream's channel count (4).
2025-11-13 11:53:34,493 - lsl_manager - ERROR - Error pushing sample: length of the sample (3) must correspond to the stream's channel count (4).
2025-11-13 11:53:34,498 - lsl_manager - ERROR - Error pushing sample: length of the sample (3) must correspond to the stream's channel count (4).
2025-11-13 11:53:34,499 - lsl_manager - ERROR - Error pushing sample: length of the sample (3) must correspond to the stream's channel count (4).
2025-11-13 11:53:34,513 - lsl_manager - ERROR - Error pushing sample: length of the sample (3) must correspond to the stream's channel count (4).
2025-11-13 11:53:34,514 - lsl_manager - ERROR - Error pushing sample: length of the sample (3) must correspond to the stream's channel count (4).
2025-11-13 11:53:34,528 - lsl_manager - ERROR - Error pushing sample: length of the sample (3) must correspond to the stream's channel count (4).
2025-11-13 11:53:34,529 - lsl_manager - ERROR - Error pushing sample: length of the sample (3) must correspond to the stream's channel count (4).
2025-11-13 11:53:34,540 - lsl_manager - ERROR - Error pushing sample: length of the sample (3) must correspond to the stream's channel count (4).
2025-11-13 11:53:34,566 - lsl_manager - ERROR - Error pushing sample: length of the sample (3) must correspond to the stream's channel count (4).
2025-11-13 11:53:34,568 - lsl_manager - ERROR - Error pushing sample: length of the sample (3) must correspond to the stream's channel count (4).
2025-11-13 11:53:34,571 - lsl_manager - ERROR - Error pushing sample: length of the sample (3) must correspond to the stream's channel count (4).
2025-11-13 11:53:34,573 - lsl_manager - ERROR - Error pushing sample: length of the sample (3) must correspond to the stream's channel count (4).
2025-11-13 11:53:34,586 - lsl_manager - ERROR - Error pushing sample: length of the sample (3) must correspond to the stream's channel count (4).
2025-11-13 11:53:34,587 - lsl_manager - ERROR - Error pushing sample: length of the sample (3) must correspond to the stream's channel count (4).
2025-11-13 11:53:34,611 - lsl_manager - ERROR - Error pushing sample: length of the sample (3) must correspond to the stream's channel count (4).
2025-11-13 11:53:34,623 - lsl_manager - ERROR - Error pushing sample: length of the sample (3) must correspond to the stream's channel count (4).
2025-11-13 11:53:34,624 - lsl_manager - ERROR - Error pushing sample: length of the sample (3) must correspond to the stream's channel count (4).
2025-11-13 11:53:34,625 - lsl_manager - ERROR - Error pushing sample: length of the sample (3) must correspond to the stream's channel count (4).
2025-11-13 11:53:34,626 - lsl_manager - ERROR - Error pushing sample: length of the sample (3) must correspond to the stream's channel count (4).
2025-11-13 11:53:34,638 - lsl_manager - ERROR - Error pushing sample: length of the sample (3) must correspond to the stream's channel count (4).
2025-11-13 11:53:34,639 - lsl_manager - ERROR - Error pushing sample: length of the sample (3) must correspond to the stream's channel count (4).
2025-11-13 11:53:34,652 - lsl_manager - ERROR - Error pushing sample: length of the sample (3) must correspond to the stream's channel count (4).
2025-11-13 11:53:34,653 - lsl_manager - ERROR - Error pushing sample: length of the sample (3) must correspond to the stream's channel count (4).
2025-11-13 11:53:34,662 - lsl_manager - ERROR - Error pushing sample: length of the sample (3) must correspond to the stream's channel count (4).
2025-11-13 11:53:34,679 - lsl_manager - ERROR - Error pushing sample: length of the sample (3) must correspond to the stream's channel count (4).
2025-11-13 11:53:34,680 - lsl_manager - ERROR - Error pushing sample: length of the sample (3) must correspond to the stream's channel count (4).
2025-11-13 11:53:34,693 - lsl_manager - ERROR - Error pushing sample: length of the sample (3) must correspond to the stream's channel count (4).
2025-11-13 11:53:34,694 - lsl_manager - ERROR - Error pushing sample: length of the sample (3) must correspond to the stream's channel count (4).
2025-11-13 11:53:34,728 - lsl_manager - ERROR - Error pushing sample: length of the sample (3) must correspond to the stream's channel count (4).
2025-11-13 11:53:34,730 - lsl_manager - ERROR - Error pushing sample: length of the sample (3) must correspond to the stream's channel count (4).
2025-11-13 11:53:34,732 - lsl_manager - ERROR - Error pushing sample: length of the sample (3) must correspond to the stream's channel count (4).
2025-11-13 11:53:34,735 - lsl_manager - ERROR - Error pushing sample: length of the sample (3) must correspond to the stream's channel count (4).
2025-11-13 11:53:34,737 - lsl_manager - ERROR - Error pushing sample: length of the sample (3) must correspond to the stream's channel count (4).
2025-11-13 11:53:34,748 - lsl_manager - ERROR - Error pushing sample: length of the sample (3) must correspond to the stream's channel count (4).
2025-11-13 11:53:34,750 - lsl_manager - ERROR - Error pushing sample: length of the sample (3) must correspond to the stream's channel count (4).
2025-11-13 11:53:34,783 - lsl_manager - ERROR - Error pushing sample: length of the sample (3) must correspond to the stream's channel count (4).
2025-11-13 11:53:34,784 - lsl_manager - ERROR - Error pushing sample: length of the sample (3) must correspond to the stream's channel count (4).
2025-11-13 11:53:34,787 - lsl_manager - ERROR - Error pushing sample: length of the sample (3) must correspond to the stream's channel count (4).
2025-11-13 11:53:34,789 - lsl_manager - ERROR - Error pushing sample: length of the sample (3) must correspond to the stream's channel count (4).
2025-11-13 11:53:34,791 - lsl_manager - ERROR - Error pushing sample: length of the sample (3) must correspond to the stream's channel count (4).
2025-11-13 11:53:34,826 - lsl_manager - ERROR - Error pushing sample: length of the sample (3) must correspond to the stream's channel count (4).
2025-11-13 11:53:34,827 - lsl_manager - ERROR - Error pushing sample: length of the sample (3) must correspond to the stream's channel count (4).
2025-11-13 11:53:34,829 - lsl_manager - ERROR - Error pushing sample: length of the sample (3) must correspond to the stream's channel count (4).
2025-11-13 11:53:34,830 - lsl_manager - ERROR - Error pushing sample: length of the sample (3) must correspond to the stream's channel count (4).
2025-11-13 11:53:34,836 - lsl_manager - ERROR - Error pushing sample: length of the sample (3) must correspond to the stream's channel count (4).
2025-11-13 11:53:34,837 - lsl_manager - ERROR - Error pushing sample: length of the sample (3) must correspond to the stream's channel count (4).
2025-11-13 11:53:34,842 - lsl_manager - ERROR - Error pushing sample: length of the sample (3) must correspond to the stream's channel count (4).
2025-11-13 11:53:34,880 - lsl_manager - ERROR - Error pushing sample: length of the sample (3) must correspond to the stream's channel count (4).
2025-11-13 11:53:34,881 - lsl_manager - ERROR - Error pushing sample: length of the sample (3) must correspond to the stream's channel count (4).
2025-11-13 11:53:34,882 - lsl_manager - ERROR - Error pushing sample: length of the sample (3) must correspond to the stream's channel count (4).
2025-11-13 11:53:34,884 - lsl_manager - ERROR - Error pushing sample: length of the sample (3) must correspond to the stream's channel count (4).
2025-11-13 11:53:34,887 - lsl_manager - ERROR - Error pushing sample: length of the sample (3) must correspond to the stream's channel count (4).
2025-11-13 11:53:34,888 - lsl_manager - ERROR - Error pushing sample: length of the sample (3) must correspond to the stream's channel count (4).
2025-11-13 11:53:34,902 - lsl_manager - ERROR - Error pushing sample: length of the sample (3) must correspond to the stream's channel count (4).
2025-11-13 11:53:34,904 - lsl_manager - ERROR - Error pushing sample: length of the sample (3) must correspond to the stream's channel count (4).
2025-11-13 11:53:34,914 - lsl_manager - ERROR - Error pushing sample: length of the sample (3) must correspond to the stream's channel count (4).
2025-11-13 11:53:34,927 - lsl_manager - ERROR - Error pushing sample: length of the sample (3) must correspond to the stream's channel count (4).
2025-11-13 11:53:34,928 - lsl_manager - ERROR - Error pushing sample: length of the sample (3) must correspond to the stream's channel count (4).
2025-11-13 11:53:34,943 - lsl_manager - ERROR - Error pushing sample: length of the sample (3) must correspond to the stream's channel count (4).
2025-11-13 11:53:34,944 - lsl_manager - ERROR - Error pushing sample: length of the sample (3) must correspond to the stream's channel count (4).
2025-11-13 11:53:34,959 - lsl_manager - ERROR - Error pushing sample: length of the sample (3) must correspond to the stream's channel count (4).
2025-11-13 11:53:34,960 - lsl_manager - ERROR - Error pushing sample: length of the sample (3) must correspond to the stream's channel count (4).
2025-11-13 11:53:34,970 - lsl_manager - ERROR - Error pushing sample: length of the sample (3) must correspond to the stream's channel count (4).
2025-11-13 11:53:34,982 - lsl_manager - ERROR - Error pushing sample: length of the sample (3) must correspond to the stream's channel count (4).
2025-11-13 11:53:34,983 - lsl_manager - ERROR - Error pushing sample: length of the sample (3) must correspond to the stream's channel count (4).
2025-11-13 11:53:35,013 - lsl_manager - ERROR - Error pushing sample: length of the sample (3) must correspond to the stream's channel count (4).
2025-11-13 11:53:35,014 - lsl_manager - ERROR - Error pushing sample: length of the sample (3) must correspond to the stream's channel count (4).
2025-11-13 11:53:35,015 - lsl_manager - ERROR - Error pushing sample: length of the sample (3) must correspond to the stream's channel count (4).
2025-11-13 11:53:35,017 - lsl_manager - ERROR - Error pushing sample: length of the sample (3) must correspond to the stream's channel count (4).
2025-11-13 11:53:35,029 - lsl_manager - ERROR - Error pushing sample: length of the sample (3) must correspond to the stream's channel count (4).
2025-11-13 11:53:35,030 - lsl_manager - ERROR - Error pushing sample: length of the sample (3) must correspond to the stream's channel count (4).
2025-11-13 11:53:35,053 - lsl_manager - ERROR - Error pushing sample: length of the sample (3) must correspond to the stream's channel count (4).
2025-11-13 11:53:35,055 - lsl_manager - ERROR - Error pushing sample: length of the sample (3) must correspond to the stream's channel count (4).
2025-11-13 11:53:35,056 - lsl_manager - ERROR - Error pushing sample: length of the sample (3) must correspond to the stream's channel count (4).
2025-11-13 11:53:35,068 - lsl_manager - ERROR - Error pushing sample: length of the sample (3) must correspond to the stream's channel count (4).
2025-11-13 11:53:35,070 - lsl_manager - ERROR - Error pushing sample: length of the sample (3) must correspond to the stream's channel count (4).
2025-11-13 11:53:35,100 - lsl_manager - ERROR - Error pushing sample: length of the sample (3) must correspond to the stream's channel count (4).
2025-11-13 11:53:35,102 - lsl_manager - ERROR - Error pushing sample: length of the sample (3) must correspond to the stream's channel count (4).
2025-11-13 11:53:35,104 - lsl_manager - ERROR - Error pushing sample: length of the sample (3) must correspond to the stream's channel count (4).
2025-11-13 11:53:35,109 - lsl_manager - ERROR - Error pushing sample: length of the sample (3) must correspond to the stream's channel count (4).
2025-11-13 11:53:35,111 - lsl_manager - ERROR - Error pushing sample: length of the sample (3) must correspond to the stream's channel count (4).
2025-11-13 11:53:35,125 - lsl_manager - ERROR - Error pushing sample: length of the sample (3) must correspond to the stream's channel count (4).
2025-11-13 11:53:35,126 - lsl_manager - ERROR - Error pushing sample: length of the sample (3) must correspond to the stream's channel count (4).
2025-11-13 11:53:35,140 - lsl_manager - ERROR - Error pushing sample: length of the sample (3) must correspond to the stream's channel count (4).
2025-11-13 11:53:35,141 - lsl_manager - ERROR - Error pushing sample: length of the sample (3) must correspond to the stream's channel count (4).
2025-11-13 11:53:35,156 - lsl_manager - ERROR - Error pushing sample: length of the sample (3) must correspond to the stream's channel count (4).
2025-11-13 11:53:35,157 - lsl_manager - ERROR - Error pushing sample: length of the sample (3) must correspond to the stream's channel count (4).
2025-11-13 11:53:35,163 - lsl_manager - ERROR - Error pushing sample: length of the sample (3) must correspond to the stream's channel count (4).
2025-11-13 11:53:35,187 - lsl_manager - ERROR - Error pushing sample: length of the sample (3) must correspond to the stream's channel count (4).
2025-11-13 11:53:35,188 - lsl_manager - ERROR - Error pushing sample: length of the sample (3) must correspond to the stream's channel count (4).
2025-11-13 11:53:35,206 - __main__ - INFO - 
============================================================
2025-11-13 11:53:35,206 - __main__ - INFO - Total samples: 1422
2025-11-13 11:53:35,206 - __main__ - INFO - LSL pushed: 0
2025-11-13 11:53:35,206 - __main__ - INFO - LSL rate: 0.00 Hz (0.0% of nominal)
2025-11-13 11:53:35,206 - __main__ - INFO - Saved: 1000
2025-11-13 11:53:35,206 - __main__ - INFO - Buffer: 422
2025-11-13 11:53:35,206 - __main__ - INFO - ============================================================
2025-11-13 11:53:35,214 - lsl_manager - ERROR - Error pushing sample: length of the sample (3) must correspond to the stream's channel count (4).
2025-11-13 11:53:35,215 - lsl_manager - ERROR - Error pushing sample: length of the sample (3) must correspond to the stream's channel count (4).
2025-11-13 11:53:35,216 - lsl_manager - ERROR - Error pushing sample: length of the sample (3) must correspond to the stream's channel count (4).
2025-11-13 11:53:35,217 - lsl_manager - ERROR - Error pushing sample: length of the sample (3) must correspond to the stream's channel count (4).
2025-11-13 11:53:35,240 - lsl_manager - ERROR - Error pushing sample: length of the sample (3) must correspond to the stream's channel count (4).
2025-11-13 11:53:35,241 - lsl_manager - ERROR - Error pushing sample: length of the sample (3) must correspond to the stream's channel count (4).
2025-11-13 11:53:35,243 - lsl_manager - ERROR - Error pushing sample: length of the sample (3) must correspond to the stream's channel count (4).
2025-11-13 11:53:35,247 - lsl_manager - ERROR - Error pushing sample: length of the sample (3) must correspond to the stream's channel count (4).
2025-11-13 11:53:35,248 - lsl_manager - ERROR - Error pushing sample: length of the sample (3) must correspond to the stream's channel count (4).
2025-11-13 11:53:35,262 - lsl_manager - ERROR - Error pushing sample: length of the sample (3) must correspond to the stream's channel count (4).
2025-11-13 11:53:35,263 - lsl_manager - ERROR - Error pushing sample: length of the sample (3) must correspond to the stream's channel count (4).
2025-11-13 11:53:35,278 - lsl_manager - ERROR - Error pushing sample: length of the sample (3) must correspond to the stream's channel count (4).
2025-11-13 11:53:35,280 - lsl_manager - ERROR - Error pushing sample: length of the sample (3) must correspond to the stream's channel count (4).
2025-11-13 11:53:35,288 - lsl_manager - ERROR - Error pushing sample: length of the sample (3) must correspond to the stream's channel count (4).
2025-11-13 11:53:35,303 - lsl_manager - ERROR - Error pushing sample: length of the sample (3) must correspond to the stream's channel count (4).
2025-11-13 11:53:35,305 - lsl_manager - ERROR - Error pushing sample: length of the sample (3) must correspond to the stream's channel count (4).
2025-11-13 11:53:35,318 - lsl_manager - ERROR - Error pushing sample: length of the sample (3) must correspond to the stream's channel count (4).
2025-11-13 11:53:35,319 - lsl_manager - ERROR - Error pushing sample: length of the sample (3) must correspond to the stream's channel count (4).
2025-11-13 11:53:35,332 - lsl_manager - ERROR - Error pushing sample: length of the sample (3) must correspond to the stream's channel count (4).
2025-11-13 11:53:35,334 - lsl_manager - ERROR - Error pushing sample: length of the sample (3) must correspond to the stream's channel count (4).
2025-11-13 11:53:35,342 - lsl_manager - ERROR - Error pushing sample: length of the sample (3) must correspond to the stream's channel count (4).
2025-11-13 11:53:35,366 - lsl_manager - ERROR - Error pushing sample: length of the sample (3) must correspond to the stream's channel count (4).
2025-11-13 11:53:35,368 - lsl_manager - ERROR - Error pushing sample: length of the sample (3) must correspond to the stream's channel count (4).
2025-11-13 11:53:35,373 - lsl_manager - ERROR - Error pushing sample: length of the sample (3) must correspond to the stream's channel count (4).
2025-11-13 11:53:35,375 - lsl_manager - ERROR - Error pushing sample: length of the sample (3) must correspond to the stream's channel count (4).
2025-11-13 11:53:35,414 - lsl_manager - ERROR - Error pushing sample: length of the sample (3) must correspond to the stream's channel count (4).
2025-11-13 11:53:35,415 - lsl_manager - ERROR - Error pushing sample: length of the sample (3) must correspond to the stream's channel count (4).
2025-11-13 11:53:35,418 - lsl_manager - ERROR - Error pushing sample: length of the sample (3) must correspond to the stream's channel count (4).
2025-11-13 11:53:35,419 - lsl_manager - ERROR - Error pushing sample: length of the sample (3) must correspond to the stream's channel count (4).
2025-11-13 11:53:35,420 - lsl_manager - ERROR - Error pushing sample: length of the sample (3) must correspond to the stream's channel count (4).
2025-11-13 11:53:35,429 - lsl_manager - ERROR - Error pushing sample: length of the sample (3) must correspond to the stream's channel count (4).
2025-11-13 11:53:35,434 - lsl_manager - ERROR - Error pushing sample: length of the sample (3) must correspond to the stream's channel count (4).
2025-11-13 11:53:35,445 - lsl_manager - ERROR - Error pushing sample: length of the sample (3) must correspond to the stream's channel count (4).
2025-11-13 11:53:35,446 - lsl_manager - ERROR - Error pushing sample: length of the sample (3) must correspond to the stream's channel count (4).
2025-11-13 11:53:35,460 - lsl_manager - ERROR - Error pushing sample: length of the sample (3) must correspond to the stream's channel count (4).
2025-11-13 11:53:35,461 - lsl_manager - ERROR - Error pushing sample: length of the sample (3) must correspond to the stream's channel count (4).
2025-11-13 11:53:35,469 - lsl_manager - ERROR - Error pushing sample: length of the sample (3) must correspond to the stream's channel count (4).
2025-11-13 11:53:35,493 - lsl_manager - ERROR - Error pushing sample: length of the sample (3) must correspond to the stream's channel count (4).
2025-11-13 11:53:35,495 - lsl_manager - ERROR - Error pushing sample: length of the sample (3) must correspond to the stream's channel count (4).
2025-11-13 11:53:35,497 - lsl_manager - ERROR - Error pushing sample: length of the sample (3) must correspond to the stream's channel count (4).
2025-11-13 11:53:35,498 - lsl_manager - ERROR - Error pushing sample: length of the sample (3) must correspond to the stream's channel count (4).
2025-11-13 11:53:35,512 - lsl_manager - ERROR - Error pushing sample: length of the sample (3) must correspond to the stream's channel count (4).
2025-11-13 11:53:35,513 - lsl_manager - ERROR - Error pushing sample: length of the sample (3) must correspond to the stream's channel count (4).
2025-11-13 11:53:35,527 - lsl_manager - ERROR - Error pushing sample: length of the sample (3) must correspond to the stream's channel count (4).
2025-11-13 11:53:35,528 - lsl_manager - ERROR - Error pushing sample: length of the sample (3) must correspond to the stream's channel count (4).
2025-11-13 11:53:35,538 - lsl_manager - ERROR - Error pushing sample: length of the sample (3) must correspond to the stream's channel count (4).
2025-11-13 11:53:35,561 - lsl_manager - ERROR - Error pushing sample: length of the sample (3) must correspond to the stream's channel count (4).
2025-11-13 11:53:35,563 - lsl_manager - ERROR - Error pushing sample: length of the sample (3) must correspond to the stream's channel count (4).
2025-11-13 11:53:35,570 - lsl_manager - ERROR - Error pushing sample: length of the sample (3) must correspond to the stream's channel count (4).
2025-11-13 11:53:35,572 - lsl_manager - ERROR - Error pushing sample: length of the sample (3) must correspond to the stream's channel count (4).
2025-11-13 11:53:35,608 - lsl_manager - ERROR - Error pushing sample: length of the sample (3) must correspond to the stream's channel count (4).
2025-11-13 11:53:35,609 - lsl_manager - ERROR - Error pushing sample: length of the sample (3) must correspond to the stream's channel count (4).
2025-11-13 11:53:35,610 - lsl_manager - ERROR - Error pushing sample: length of the sample (3) must correspond to the stream's channel count (4).
2025-11-13 11:53:35,612 - lsl_manager - ERROR - Error pushing sample: length of the sample (3) must correspond to the stream's channel count (4).
2025-11-13 11:53:35,613 - lsl_manager - ERROR - Error pushing sample: length of the sample (3) must correspond to the stream's channel count (4).
2025-11-13 11:53:35,626 - lsl_manager - ERROR - Error pushing sample: length of the sample (3) must correspond to the stream's channel count (4).
2025-11-13 11:53:35,627 - lsl_manager - ERROR - Error pushing sample: length of the sample (3) must correspond to the stream's channel count (4).
2025-11-13 11:53:35,637 - lsl_manager - ERROR - Error pushing sample: length of the sample (3) must correspond to the stream's channel count (4).
2025-11-13 11:53:35,638 - lsl_manager - ERROR - Error pushing sample: length of the sample (3) must correspond to the stream's channel count (4).
2025-11-13 11:53:35,653 - lsl_manager - ERROR - Error pushing sample: length of the sample (3) must correspond to the stream's channel count (4).
2025-11-13 11:53:35,654 - lsl_manager - ERROR - Error pushing sample: length of the sample (3) must correspond to the stream's channel count (4).
2025-11-13 11:53:35,678 - lsl_manager - ERROR - Error pushing sample: length of the sample (3) must correspond to the stream's channel count (4).
2025-11-13 11:53:35,679 - lsl_manager - ERROR - Error pushing sample: length of the sample (3) must correspond to the stream's channel count (4).
2025-11-13 11:53:35,680 - lsl_manager - ERROR - Error pushing sample: length of the sample (3) must correspond to the stream's channel count (4).
2025-11-13 11:53:35,688 - __main__ - INFO - 
Received interrupt signal. Shutting down...
2025-11-13 11:53:35,688 - __main__ - INFO - 
Stopping components...
2025-11-13 11:53:35,713 - shimmer_device - INFO - Stopped data streaming
2025-11-13 11:53:35,714 - shimmer_device - INFO - Shimmer device shutdown
2025-11-13 11:53:35,714 - shimmer_device - INFO - Disconnected from Shimmer device
2025-11-13 11:53:35,714 - __main__ - INFO - Device disconnected
2025-11-13 11:53:35,716 - data_saver - INFO - Stopped saving. Total samples saved: 1486
2025-11-13 11:53:35,716 - __main__ - INFO - Data saving stopped
2025-11-13 11:53:35,716 - __main__ - INFO - Final LSL statistics: {'samples_pushed': 0, 'elapsed_time': 11.695077419281006, 'effective_rate': 0.0, 'nominal_rate': 128.0, 'rate_accuracy': 0.0}
2025-11-13 11:53:35,716 - lsl_manager - INFO - Destroying LSL outlet. Statistics: {'samples_pushed': 0, 'elapsed_time': 11.695077419281006, 'effective_rate': 0.0, 'nominal_rate': 128.0, 'rate_accuracy': 0.0}
2025-11-13 11:53:35,743 - __main__ - INFO - LSL outlet destroyed
2025-11-13 11:53:35,743 - __main__ - INFO - 
============================================================
2025-11-13 11:53:35,743 - __main__ - INFO - Session ended. Total samples processed: 1486
2025-11-13 11:53:35,743 - __main__ - INFO - ============================================================
2025-11-13 11:53:35,743 - __main__ - INFO - 
Stopping components...
2025-11-13 11:53:35,743 - shimmer_device - ERROR - Error during disconnect: byref() argument must be a ctypes instance, not 'NoneType'
2025-11-13 11:53:35,743 - __main__ - INFO - Device disconnected
2025-11-13 11:53:35,744 - data_saver - INFO - Stopped saving. Total samples saved: 1486
2025-11-13 11:53:35,744 - __main__ - INFO - Data saving stopped
2025-11-13 11:53:35,744 - __main__ - INFO - Final LSL statistics: {}
2025-11-13 11:53:35,744 - __main__ - INFO - LSL outlet destroyed
2025-11-13 11:53:35,744 - __main__ - INFO - 
============================================================
2025-11-13 11:53:35,744 - __main__ - INFO - Session ended. Total samples processed: 1486
2025-11-13 11:53:35,744 - __main__ - INFO - ============================================================
2025-11-13 11:53:35,745 - shimmer_device - ERROR - Error during disconnect: byref() argument must be a ctypes instance, not 'NoneType'
