2025-11-13 11:12:33,527 - __main__ - INFO - ============================================================
2025-11-13 11:12:33,528 - __main__ - INFO - Shimmer GSR+ LSL Integration
2025-11-13 11:12:33,528 - __main__ - INFO - ============================================================
2025-11-13 11:12:33,528 - __main__ - INFO - 
[1/4] Initializing Shimmer GSR+ device...
2025-11-13 11:12:33,528 - shimmer_device - INFO - Attempting to connect to Shimmer on COM6...
2025-11-13 11:12:34,910 - shimmer_device - INFO - Initializing Shimmer device...
2025-11-13 11:12:34,963 - shimmer_device - INFO - Successfully connected and initialized Shimmer on COM6
2025-11-13 11:12:34,963 - shimmer_device - INFO - Channel names: ['GSR_Skin_Conductance', 'GSR_Skin_Resistance', 'Battery_Voltage']
2025-11-13 11:12:34,963 - __main__ - INFO - Device info: {'sampling_rate': 128.0, 'enabled_sensors': ['gsr', 'battery'], 'channel_names': ['GSR_Skin_Conductance', 'GSR_Skin_Resistance', 'Battery_Voltage'], 'com_port': 'COM6'}
2025-11-13 11:12:34,964 - __main__ - INFO - Channels: ['GSR_Skin_Conductance', 'GSR_Skin_Resistance', 'Battery_Voltage']
2025-11-13 11:12:34,964 - __main__ - INFO - Sampling rate: 128.0 Hz
2025-11-13 11:12:34,964 - __main__ - INFO - 
[2/4] Initializing LSL stream...
2025-11-13 11:12:34,964 - lsl_manager - INFO - Creating LSL stream: ShimmerGSR
2025-11-13 11:12:34,964 - lsl_manager - INFO - Channels: 3, Sampling rate: 128.0 Hz
2025-11-13 11:12:35,002 - lsl_manager - INFO - Added metadata to LSL stream
2025-11-13 11:12:35,016 - lsl_manager - INFO - LSL outlet created successfully: ShimmerGSR
2025-11-13 11:12:35,016 - __main__ - INFO - 
[3/4] Initializing data saver...
2025-11-13 11:12:35,017 - data_saver - INFO - Created CSV file: ./data\shimmer_gsr_20251113_111235.csv
2025-11-13 11:12:35,017 - data_saver - INFO - Saved metadata to: ./data\shimmer_gsr_20251113_111235_metadata.json
2025-11-13 11:12:35,017 - data_saver - INFO - Started saving data to: ./data\shimmer_gsr_20251113_111235.csv
2025-11-13 11:12:35,017 - __main__ - INFO - 
[4/4] Starting data streaming...
2025-11-13 11:12:35,017 - shimmer_device - INFO - Starting data streaming...
2025-11-13 11:12:35,073 - shimmer_device - INFO - Data streaming started successfully
2025-11-13 11:12:35,073 - __main__ - INFO - 
============================================================
2025-11-13 11:12:35,074 - __main__ - INFO - Initialization complete! Ready to stream data.
2025-11-13 11:12:35,074 - __main__ - INFO - ============================================================

2025-11-13 11:12:35,074 - __main__ - INFO - Starting data acquisition loop...
2025-11-13 11:12:35,074 - __main__ - INFO - Press Ctrl+C to stop

2025-11-13 11:12:35,074 - shimmer_device - ERROR - Error reading data: 'ShimmerBluetooth' object has no attribute 'read'
2025-11-13 11:12:35,075 - shimmer_device - ERROR - Error reading data: 'ShimmerBluetooth' object has no attribute 'read'
2025-11-13 11:12:35,076 - shimmer_device - ERROR - Error reading data: 'ShimmerBluetooth' object has no attribute 'read'
2025-11-13 11:12:35,077 - shimmer_device - ERROR - Error reading data: 'ShimmerBluetooth' object has no attribute 'read'
2025-11-13 11:12:35,079 - shimmer_device - ERROR - Error reading data: 'ShimmerBluetooth' object has no attribute 'read'
2025-11-13 11:12:35,081 - shimmer_device - ERROR - Error reading data: 'ShimmerBluetooth' object has no attribute 'read'
2025-11-13 11:12:35,083 - shimmer_device - ERROR - Error reading data: 'ShimmerBluetooth' object has no attribute 'read'
2025-11-13 11:12:35,084 - shimmer_device - ERROR - Error reading data: 'ShimmerBluetooth' object has no attribute 'read'
2025-11-13 11:12:35,085 - shimmer_device - ERROR - Error reading data: 'ShimmerBluetooth' object has no attribute 'read'
2025-11-13 11:12:35,087 - shimmer_device - ERROR - Error reading data: 'ShimmerBluetooth' object has no attribute 'read'
2025-11-13 11:12:35,089 - shimmer_device - ERROR - Error reading data: 'ShimmerBluetooth' object has no attribute 'read'
2025-11-13 11:12:35,091 - shimmer_device - ERROR - Error reading data: 'ShimmerBluetooth' object has no attribute 'read'
2025-11-13 11:12:35,092 - shimmer_device - ERROR - Error reading data: 'ShimmerBluetooth' object has no attribute 'read'
2025-11-13 11:12:35,093 - shimmer_device - ERROR - Error reading data: 'ShimmerBluetooth' object has no attribute 'read'
2025-11-13 11:12:35,095 - shimmer_device - ERROR - Error reading data: 'ShimmerBluetooth' object has no attribute 'read'
2025-11-13 11:12:35,096 - shimmer_device - ERROR - Error reading data: 'ShimmerBluetooth' object has no attribute 'read'
2025-11-13 11:12:35,097 - shimmer_device - ERROR - Error reading data: 'ShimmerBluetooth' object has no attribute 'read'
2025-11-13 11:12:35,099 - shimmer_device - ERROR - Error reading data: 'ShimmerBluetooth' object has no attribute 'read'
2025-11-13 11:12:35,100 - shimmer_device - ERROR - Error reading data: 'ShimmerBluetooth' object has no attribute 'read'
2025-11-13 11:12:35,101 - shimmer_device - ERROR - Error reading data: 'ShimmerBluetooth' object has no attribute 'read'
2025-11-13 11:12:35,102 - shimmer_device - ERROR - Error reading data: 'ShimmerBluetooth' object has no attribute 'read'
2025-11-13 11:12:35,103 - shimmer_device - ERROR - Error reading data: 'ShimmerBluetooth' object has no attribute 'read'
2025-11-13 11:12:35,104 - shimmer_device - ERROR - Error reading data: 'ShimmerBluetooth' object has no attribute 'read'
2025-11-13 11:12:35,105 - shimmer_device - ERROR - Error reading data: 'ShimmerBluetooth' object has no attribute 'read'
2025-11-13 11:12:35,106 - shimmer_device - ERROR - Error reading data: 'ShimmerBluetooth' object has no attribute 'read'
2025-11-13 11:12:35,107 - shimmer_device - ERROR - Error reading data: 'ShimmerBluetooth' object has no attribute 'read'
2025-11-13 11:12:35,108 - shimmer_device - ERROR - Error reading data: 'ShimmerBluetooth' object has no attribute 'read'
2025-11-13 11:12:35,109 - shimmer_device - ERROR - Error reading data: 'ShimmerBluetooth' object has no attribute 'read'
2025-11-13 11:12:35,110 - shimmer_device - ERROR - Error reading data: 'ShimmerBluetooth' object has no attribute 'read'
2025-11-13 11:12:35,111 - shimmer_device - ERROR - Error reading data: 'ShimmerBluetooth' object has no attribute 'read'
2025-11-13 11:12:35,112 - shimmer_device - ERROR - Error reading data: 'ShimmerBluetooth' object has no attribute 'read'
2025-11-13 11:12:35,114 - shimmer_device - ERROR - Error reading data: 'ShimmerBluetooth' object has no attribute 'read'
2025-11-13 11:12:35,115 - shimmer_device - ERROR - Error reading data: 'ShimmerBluetooth' object has no attribute 'read'
2025-11-13 11:12:35,116 - shimmer_device - ERROR - Error reading data: 'ShimmerBluetooth' object has no attribute 'read'
2025-11-13 11:12:35,117 - shimmer_device - ERROR - Error reading data: 'ShimmerBluetooth' object has no attribute 'read'
2025-11-13 11:12:35,119 - shimmer_device - ERROR - Error reading data: 'ShimmerBluetooth' object has no attribute 'read'
2025-11-13 11:12:35,120 - shimmer_device - ERROR - Error reading data: 'ShimmerBluetooth' object has no attribute 'read'
2025-11-13 11:12:35,122 - shimmer_device - ERROR - Error reading data: 'ShimmerBluetooth' object has no attribute 'read'
2025-11-13 11:12:35,123 - shimmer_device - ERROR - Error reading data: 'ShimmerBluetooth' object has no attribute 'read'
2025-11-13 11:12:35,124 - shimmer_device - ERROR - Error reading data: 'ShimmerBluetooth' object has no attribute 'read'
2025-11-13 11:12:35,126 - shimmer_device - ERROR - Error reading data: 'ShimmerBluetooth' object has no attribute 'read'
2025-11-13 11:12:35,128 - shimmer_device - ERROR - Error reading data: 'ShimmerBluetooth' object has no attribute 'read'
2025-11-13 11:12:35,129 - shimmer_device - ERROR - Error reading data: 'ShimmerBluetooth' object has no attribute 'read'
2025-11-13 11:12:35,130 - shimmer_device - ERROR - Error reading data: 'ShimmerBluetooth' object has no attribute 'read'
2025-11-13 11:12:35,131 - shimmer_device - ERROR - Error reading data: 'ShimmerBluetooth' object has no attribute 'read'
2025-11-13 11:12:35,132 - shimmer_device - ERROR - Error reading data: 'ShimmerBluetooth' object has no attribute 'read'
2025-11-13 11:12:35,133 - shimmer_device - ERROR - Error reading data: 'ShimmerBluetooth' object has no attribute 'read'
2025-11-13 11:12:35,134 - shimmer_device - ERROR - Error reading data: 'ShimmerBluetooth' object has no attribute 'read'
2025-11-13 11:12:35,136 - shimmer_device - ERROR - Error reading data: 'ShimmerBluetooth' object has no attribute 'read'
2025-11-13 11:12:35,137 - shimmer_device - ERROR - Error reading data: 'ShimmerBluetooth' object has no attribute 'read'
2025-11-13 11:12:35,138 - shimmer_device - ERROR - Error reading data: 'ShimmerBluetooth' object has no attribute 'read'
2025-11-13 11:12:35,139 - shimmer_device - ERROR - Error reading data: 'ShimmerBluetooth' object has no attribute 'read'
2025-11-13 11:12:35,140 - shimmer_device - ERROR - Error reading data: 'ShimmerBluetooth' object has no attribute 'read'
2025-11-13 11:12:35,141 - shimmer_device - ERROR - Error reading data: 'ShimmerBluetooth' object has no attribute 'read'
2025-11-13 11:12:35,142 - shimmer_device - ERROR - Error reading data: 'ShimmerBluetooth' object has no attribute 'read'
2025-11-13 11:12:35,143 - shimmer_device - ERROR - Error reading data: 'ShimmerBluetooth' object has no attribute 'read'
2025-11-13 11:12:35,145 - shimmer_device - ERROR - Error reading data: 'ShimmerBluetooth' object has no attribute 'read'
2025-11-13 11:12:35,146 - shimmer_device - ERROR - Error reading data: 'ShimmerBluetooth' object has no attribute 'read'
2025-11-13 11:12:35,147 - shimmer_device - ERROR - Error reading data: 'ShimmerBluetooth' object has no attribute 'read'
2025-11-13 11:12:35,149 - shimmer_device - ERROR - Error reading data: 'ShimmerBluetooth' object has no attribute 'read'
2025-11-13 11:12:35,150 - shimmer_device - ERROR - Error reading data: 'ShimmerBluetooth' object has no attribute 'read'
2025-11-13 11:12:35,151 - shimmer_device - ERROR - Error reading data: 'ShimmerBluetooth' object has no attribute 'read'
2025-11-13 11:12:35,152 - shimmer_device - ERROR - Error reading data: 'ShimmerBluetooth' object has no attribute 'read'
2025-11-13 11:12:35,154 - shimmer_device - ERROR - Error reading data: 'ShimmerBluetooth' object has no attribute 'read'
2025-11-13 11:12:35,155 - shimmer_device - ERROR - Error reading data: 'ShimmerBluetooth' object has no attribute 'read'
2025-11-13 11:12:35,156 - shimmer_device - ERROR - Error reading data: 'ShimmerBluetooth' object has no attribute 'read'
2025-11-13 11:12:35,158 - shimmer_device - ERROR - Error reading data: 'ShimmerBluetooth' object has no attribute 'read'
2025-11-13 11:12:35,159 - shimmer_device - ERROR - Error reading data: 'ShimmerBluetooth' object has no attribute 'read'
2025-11-13 11:12:35,160 - shimmer_device - ERROR - Error reading data: 'ShimmerBluetooth' object has no attribute 'read'
2025-11-13 11:12:35,161 - shimmer_device - ERROR - Error reading data: 'ShimmerBluetooth' object has no attribute 'read'
2025-11-13 11:12:35,163 - shimmer_device - ERROR - Error reading data: 'ShimmerBluetooth' object has no attribute 'read'
2025-11-13 11:12:35,164 - shimmer_device - ERROR - Error reading data: 'ShimmerBluetooth' object has no attribute 'read'
2025-11-13 11:12:35,165 - shimmer_device - ERROR - Error reading data: 'ShimmerBluetooth' object has no attribute 'read'
2025-11-13 11:12:35,167 - shimmer_device - ERROR - Error reading data: 'ShimmerBluetooth' object has no attribute 'read'
2025-11-13 11:12:35,168 - shimmer_device - ERROR - Error reading data: 'ShimmerBluetooth' object has no attribute 'read'
2025-11-13 11:12:35,170 - shimmer_device - ERROR - Error reading data: 'ShimmerBluetooth' object has no attribute 'read'
2025-11-13 11:12:35,171 - shimmer_device - ERROR - Error reading data: 'ShimmerBluetooth' object has no attribute 'read'
2025-11-13 11:12:35,173 - shimmer_device - ERROR - Error reading data: 'ShimmerBluetooth' object has no attribute 'read'
2025-11-13 11:12:35,174 - shimmer_device - ERROR - Error reading data: 'ShimmerBluetooth' object has no attribute 'read'
2025-11-13 11:12:35,176 - shimmer_device - ERROR - Error reading data: 'ShimmerBluetooth' object has no attribute 'read'
2025-11-13 11:12:35,177 - shimmer_device - ERROR - Error reading data: 'ShimmerBluetooth' object has no attribute 'read'
2025-11-13 11:12:35,178 - shimmer_device - ERROR - Error reading data: 'ShimmerBluetooth' object has no attribute 'read'
2025-11-13 11:12:35,179 - shimmer_device - ERROR - Error reading data: 'ShimmerBluetooth' object has no attribute 'read'
2025-11-13 11:12:35,180 - shimmer_device - ERROR - Error reading data: 'ShimmerBluetooth' object has no attribute 'read'
2025-11-13 11:12:35,182 - shimmer_device - ERROR - Error reading data: 'ShimmerBluetooth' object has no attribute 'read'
2025-11-13 11:12:35,183 - shimmer_device - ERROR - Error reading data: 'ShimmerBluetooth' object has no attribute 'read'
2025-11-13 11:12:35,184 - shimmer_device - ERROR - Error reading data: 'ShimmerBluetooth' object has no attribute 'read'
2025-11-13 11:12:35,185 - shimmer_device - ERROR - Error reading data: 'ShimmerBluetooth' object has no attribute 'read'
2025-11-13 11:12:35,186 - shimmer_device - ERROR - Error reading data: 'ShimmerBluetooth' object has no attribute 'read'
2025-11-13 11:12:35,188 - shimmer_device - ERROR - Error reading data: 'ShimmerBluetooth' object has no attribute 'read'
2025-11-13 11:12:35,189 - shimmer_device - ERROR - Error reading data: 'ShimmerBluetooth' object has no attribute 'read'
2025-11-13 11:12:35,191 - shimmer_device - ERROR - Error reading data: 'ShimmerBluetooth' object has no attribute 'read'
2025-11-13 11:12:35,192 - shimmer_device - ERROR - Error reading data: 'ShimmerBluetooth' object has no attribute 'read'
2025-11-13 11:12:35,194 - shimmer_device - ERROR - Error reading data: 'ShimmerBluetooth' object has no attribute 'read'
2025-11-13 11:12:35,196 - shimmer_device - ERROR - Error reading data: 'ShimmerBluetooth' object has no attribute 'read'
2025-11-13 11:12:35,197 - shimmer_device - ERROR - Error reading data: 'ShimmerBluetooth' object has no attribute 'read'
2025-11-13 11:12:35,199 - shimmer_device - ERROR - Error reading data: 'ShimmerBluetooth' object has no attribute 'read'
2025-11-13 11:12:35,200 - shimmer_device - ERROR - Error reading data: 'ShimmerBluetooth' object has no attribute 'read'
2025-11-13 11:12:35,202 - shimmer_device - ERROR - Error reading data: 'ShimmerBluetooth' object has no attribute 'read'
2025-11-13 11:12:35,203 - shimmer_device - ERROR - Error reading data: 'ShimmerBluetooth' object has no attribute 'read'
2025-11-13 11:12:35,204 - shimmer_device - ERROR - Error reading data: 'ShimmerBluetooth' object has no attribute 'read'
2025-11-13 11:12:35,206 - shimmer_device - ERROR - Error reading data: 'ShimmerBluetooth' object has no attribute 'read'
2025-11-13 11:12:35,207 - shimmer_device - ERROR - Error reading data: 'ShimmerBluetooth' object has no attribute 'read'
2025-11-13 11:12:35,209 - shimmer_device - ERROR - Error reading data: 'ShimmerBluetooth' object has no attribute 'read'
2025-11-13 11:12:35,210 - shimmer_device - ERROR - Error reading data: 'ShimmerBluetooth' object has no attribute 'read'
2025-11-13 11:12:35,212 - shimmer_device - ERROR - Error reading data: 'ShimmerBluetooth' object has no attribute 'read'
2025-11-13 11:12:35,214 - shimmer_device - ERROR - Error reading data: 'ShimmerBluetooth' object has no attribute 'read'
2025-11-13 11:12:35,215 - shimmer_device - ERROR - Error reading data: 'ShimmerBluetooth' object has no attribute 'read'
2025-11-13 11:12:35,217 - shimmer_device - ERROR - Error reading data: 'ShimmerBluetooth' object has no attribute 'read'
2025-11-13 11:12:35,219 - shimmer_device - ERROR - Error reading data: 'ShimmerBluetooth' object has no attribute 'read'
2025-11-13 11:12:35,220 - shimmer_device - ERROR - Error reading data: 'ShimmerBluetooth' object has no attribute 'read'
2025-11-13 11:12:35,221 - shimmer_device - ERROR - Error reading data: 'ShimmerBluetooth' object has no attribute 'read'
2025-11-13 11:12:35,223 - shimmer_device - ERROR - Error reading data: 'ShimmerBluetooth' object has no attribute 'read'
2025-11-13 11:12:35,224 - shimmer_device - ERROR - Error reading data: 'ShimmerBluetooth' object has no attribute 'read'
2025-11-13 11:12:35,225 - shimmer_device - ERROR - Error reading data: 'ShimmerBluetooth' object has no attribute 'read'
2025-11-13 11:12:35,226 - shimmer_device - ERROR - Error reading data: 'ShimmerBluetooth' object has no attribute 'read'
2025-11-13 11:12:35,228 - shimmer_device - ERROR - Error reading data: 'ShimmerBluetooth' object has no attribute 'read'
2025-11-13 11:12:35,230 - shimmer_device - ERROR - Error reading data: 'ShimmerBluetooth' object has no attribute 'read'
2025-11-13 11:12:35,231 - shimmer_device - ERROR - Error reading data: 'ShimmerBluetooth' object has no attribute 'read'
2025-11-13 11:12:35,233 - shimmer_device - ERROR - Error reading data: 'ShimmerBluetooth' object has no attribute 'read'
2025-11-13 11:12:35,234 - shimmer_device - ERROR - Error reading data: 'ShimmerBluetooth' object has no attribute 'read'
2025-11-13 11:12:35,236 - shimmer_device - ERROR - Error reading data: 'ShimmerBluetooth' object has no attribute 'read'
2025-11-13 11:12:35,238 - shimmer_device - ERROR - Error reading data: 'ShimmerBluetooth' object has no attribute 'read'
2025-11-13 11:12:35,239 - shimmer_device - ERROR - Error reading data: 'ShimmerBluetooth' object has no attribute 'read'
2025-11-13 11:12:35,240 - shimmer_device - ERROR - Error reading data: 'ShimmerBluetooth' object has no attribute 'read'
2025-11-13 11:12:35,241 - shimmer_device - ERROR - Error reading data: 'ShimmerBluetooth' object has no attribute 'read'
2025-11-13 11:12:35,243 - shimmer_device - ERROR - Error reading data: 'ShimmerBluetooth' object has no attribute 'read'
2025-11-13 11:12:35,244 - shimmer_device - ERROR - Error reading data: 'ShimmerBluetooth' object has no attribute 'read'
2025-11-13 11:12:35,246 - shimmer_device - ERROR - Error reading data: 'ShimmerBluetooth' object has no attribute 'read'
2025-11-13 11:12:35,248 - shimmer_device - ERROR - Error reading data: 'ShimmerBluetooth' object has no attribute 'read'
2025-11-13 11:12:35,250 - shimmer_device - ERROR - Error reading data: 'ShimmerBluetooth' object has no attribute 'read'
2025-11-13 11:12:35,251 - shimmer_device - ERROR - Error reading data: 'ShimmerBluetooth' object has no attribute 'read'
2025-11-13 11:12:35,253 - shimmer_device - ERROR - Error reading data: 'ShimmerBluetooth' object has no attribute 'read'
2025-11-13 11:12:35,255 - shimmer_device - ERROR - Error reading data: 'ShimmerBluetooth' object has no attribute 'read'
2025-11-13 11:12:35,256 - shimmer_device - ERROR - Error reading data: 'ShimmerBluetooth' object has no attribute 'read'
2025-11-13 11:12:35,257 - shimmer_device - ERROR - Error reading data: 'ShimmerBluetooth' object has no attribute 'read'
2025-11-13 11:12:35,259 - shimmer_device - ERROR - Error reading data: 'ShimmerBluetooth' object has no attribute 'read'
2025-11-13 11:12:35,261 - shimmer_device - ERROR - Error reading data: 'ShimmerBluetooth' object has no attribute 'read'
2025-11-13 11:12:35,263 - shimmer_device - ERROR - Error reading data: 'ShimmerBluetooth' object has no attribute 'read'
2025-11-13 11:12:35,264 - shimmer_device - ERROR - Error reading data: 'ShimmerBluetooth' object has no attribute 'read'
2025-11-13 11:12:35,265 - shimmer_device - ERROR - Error reading data: 'ShimmerBluetooth' object has no attribute 'read'
2025-11-13 11:12:35,266 - shimmer_device - ERROR - Error reading data: 'ShimmerBluetooth' object has no attribute 'read'
2025-11-13 11:12:35,267 - shimmer_device - ERROR - Error reading data: 'ShimmerBluetooth' object has no attribute 'read'
2025-11-13 11:12:35,268 - shimmer_device - ERROR - Error reading data: 'ShimmerBluetooth' object has no attribute 'read'
2025-11-13 11:12:35,270 - shimmer_device - ERROR - Error reading data: 'ShimmerBluetooth' object has no attribute 'read'
2025-11-13 11:12:35,271 - shimmer_device - ERROR - Error reading data: 'ShimmerBluetooth' object has no attribute 'read'
2025-11-13 11:12:35,273 - shimmer_device - ERROR - Error reading data: 'ShimmerBluetooth' object has no attribute 'read'
2025-11-13 11:12:35,274 - shimmer_device - ERROR - Error reading data: 'ShimmerBluetooth' object has no attribute 'read'
2025-11-13 11:12:35,275 - shimmer_device - ERROR - Error reading data: 'ShimmerBluetooth' object has no attribute 'read'
2025-11-13 11:12:35,276 - shimmer_device - ERROR - Error reading data: 'ShimmerBluetooth' object has no attribute 'read'
2025-11-13 11:12:35,278 - shimmer_device - ERROR - Error reading data: 'ShimmerBluetooth' object has no attribute 'read'
2025-11-13 11:12:35,279 - shimmer_device - ERROR - Error reading data: 'ShimmerBluetooth' object has no attribute 'read'
2025-11-13 11:12:35,281 - shimmer_device - ERROR - Error reading data: 'ShimmerBluetooth' object has no attribute 'read'
2025-11-13 11:12:35,283 - shimmer_device - ERROR - Error reading data: 'ShimmerBluetooth' object has no attribute 'read'
2025-11-13 11:12:35,285 - shimmer_device - ERROR - Error reading data: 'ShimmerBluetooth' object has no attribute 'read'
2025-11-13 11:12:35,286 - shimmer_device - ERROR - Error reading data: 'ShimmerBluetooth' object has no attribute 'read'
2025-11-13 11:12:35,287 - shimmer_device - ERROR - Error reading data: 'ShimmerBluetooth' object has no attribute 'read'
2025-11-13 11:12:35,289 - shimmer_device - ERROR - Error reading data: 'ShimmerBluetooth' object has no attribute 'read'
2025-11-13 11:12:35,291 - shimmer_device - ERROR - Error reading data: 'ShimmerBluetooth' object has no attribute 'read'
2025-11-13 11:12:35,293 - shimmer_device - ERROR - Error reading data: 'ShimmerBluetooth' object has no attribute 'read'
2025-11-13 11:12:35,294 - shimmer_device - ERROR - Error reading data: 'ShimmerBluetooth' object has no attribute 'read'
2025-11-13 11:12:35,295 - shimmer_device - ERROR - Error reading data: 'ShimmerBluetooth' object has no attribute 'read'
2025-11-13 11:12:35,296 - shimmer_device - ERROR - Error reading data: 'ShimmerBluetooth' object has no attribute 'read'
2025-11-13 11:12:35,298 - shimmer_device - ERROR - Error reading data: 'ShimmerBluetooth' object has no attribute 'read'
2025-11-13 11:12:35,299 - shimmer_device - ERROR - Error reading data: 'ShimmerBluetooth' object has no attribute 'read'
2025-11-13 11:12:35,301 - shimmer_device - ERROR - Error reading data: 'ShimmerBluetooth' object has no attribute 'read'
2025-11-13 11:12:35,302 - shimmer_device - ERROR - Error reading data: 'ShimmerBluetooth' object has no attribute 'read'
2025-11-13 11:12:35,303 - shimmer_device - ERROR - Error reading data: 'ShimmerBluetooth' object has no attribute 'read'
2025-11-13 11:12:35,304 - shimmer_device - ERROR - Error reading data: 'ShimmerBluetooth' object has no attribute 'read'
2025-11-13 11:12:35,305 - shimmer_device - ERROR - Error reading data: 'ShimmerBluetooth' object has no attribute 'read'
2025-11-13 11:12:35,306 - shimmer_device - ERROR - Error reading data: 'ShimmerBluetooth' object has no attribute 'read'
2025-11-13 11:12:35,307 - shimmer_device - ERROR - Error reading data: 'ShimmerBluetooth' object has no attribute 'read'
2025-11-13 11:12:35,308 - shimmer_device - ERROR - Error reading data: 'ShimmerBluetooth' object has no attribute 'read'
2025-11-13 11:12:35,309 - shimmer_device - ERROR - Error reading data: 'ShimmerBluetooth' object has no attribute 'read'
2025-11-13 11:12:35,310 - shimmer_device - ERROR - Error reading data: 'ShimmerBluetooth' object has no attribute 'read'
2025-11-13 11:12:35,311 - shimmer_device - ERROR - Error reading data: 'ShimmerBluetooth' object has no attribute 'read'
2025-11-13 11:12:35,313 - shimmer_device - ERROR - Error reading data: 'ShimmerBluetooth' object has no attribute 'read'
2025-11-13 11:12:35,314 - shimmer_device - ERROR - Error reading data: 'ShimmerBluetooth' object has no attribute 'read'
2025-11-13 11:12:35,316 - shimmer_device - ERROR - Error reading data: 'ShimmerBluetooth' object has no attribute 'read'
2025-11-13 11:12:35,317 - shimmer_device - ERROR - Error reading data: 'ShimmerBluetooth' object has no attribute 'read'
2025-11-13 11:12:35,319 - shimmer_device - ERROR - Error reading data: 'ShimmerBluetooth' object has no attribute 'read'
2025-11-13 11:12:35,320 - shimmer_device - ERROR - Error reading data: 'ShimmerBluetooth' object has no attribute 'read'
2025-11-13 11:12:35,321 - shimmer_device - ERROR - Error reading data: 'ShimmerBluetooth' object has no attribute 'read'
2025-11-13 11:12:35,322 - shimmer_device - ERROR - Error reading data: 'ShimmerBluetooth' object has no attribute 'read'
2025-11-13 11:12:35,323 - shimmer_device - ERROR - Error reading data: 'ShimmerBluetooth' object has no attribute 'read'
2025-11-13 11:12:35,324 - shimmer_device - ERROR - Error reading data: 'ShimmerBluetooth' object has no attribute 'read'
2025-11-13 11:12:35,326 - shimmer_device - ERROR - Error reading data: 'ShimmerBluetooth' object has no attribute 'read'
2025-11-13 11:12:35,328 - shimmer_device - ERROR - Error reading data: 'ShimmerBluetooth' object has no attribute 'read'
2025-11-13 11:12:35,330 - shimmer_device - ERROR - Error reading data: 'ShimmerBluetooth' object has no attribute 'read'
2025-11-13 11:12:35,331 - shimmer_device - ERROR - Error reading data: 'ShimmerBluetooth' object has no attribute 'read'
2025-11-13 11:12:35,333 - shimmer_device - ERROR - Error reading data: 'ShimmerBluetooth' object has no attribute 'read'
2025-11-13 11:12:35,334 - shimmer_device - ERROR - Error reading data: 'ShimmerBluetooth' object has no attribute 'read'
2025-11-13 11:12:35,336 - shimmer_device - ERROR - Error reading data: 'ShimmerBluetooth' object has no attribute 'read'
2025-11-13 11:12:35,337 - shimmer_device - ERROR - Error reading data: 'ShimmerBluetooth' object has no attribute 'read'
2025-11-13 11:12:35,339 - shimmer_device - ERROR - Error reading data: 'ShimmerBluetooth' object has no attribute 'read'
2025-11-13 11:12:35,340 - shimmer_device - ERROR - Error reading data: 'ShimmerBluetooth' object has no attribute 'read'
2025-11-13 11:12:35,341 - shimmer_device - ERROR - Error reading data: 'ShimmerBluetooth' object has no attribute 'read'
2025-11-13 11:12:35,343 - shimmer_device - ERROR - Error reading data: 'ShimmerBluetooth' object has no attribute 'read'
2025-11-13 11:12:35,344 - shimmer_device - ERROR - Error reading data: 'ShimmerBluetooth' object has no attribute 'read'
2025-11-13 11:12:35,345 - shimmer_device - ERROR - Error reading data: 'ShimmerBluetooth' object has no attribute 'read'
2025-11-13 11:12:35,346 - shimmer_device - ERROR - Error reading data: 'ShimmerBluetooth' object has no attribute 'read'
2025-11-13 11:12:35,348 - shimmer_device - ERROR - Error reading data: 'ShimmerBluetooth' object has no attribute 'read'
2025-11-13 11:12:35,350 - shimmer_device - ERROR - Error reading data: 'ShimmerBluetooth' object has no attribute 'read'
2025-11-13 11:12:35,351 - shimmer_device - ERROR - Error reading data: 'ShimmerBluetooth' object has no attribute 'read'
2025-11-13 11:12:35,353 - shimmer_device - ERROR - Error reading data: 'ShimmerBluetooth' object has no attribute 'read'
2025-11-13 11:12:35,355 - shimmer_device - ERROR - Error reading data: 'ShimmerBluetooth' object has no attribute 'read'
2025-11-13 11:12:35,356 - shimmer_device - ERROR - Error reading data: 'ShimmerBluetooth' object has no attribute 'read'
2025-11-13 11:12:35,357 - shimmer_device - ERROR - Error reading data: 'ShimmerBluetooth' object has no attribute 'read'
2025-11-13 11:12:35,359 - shimmer_device - ERROR - Error reading data: 'ShimmerBluetooth' object has no attribute 'read'
2025-11-13 11:12:35,360 - shimmer_device - ERROR - Error reading data: 'ShimmerBluetooth' object has no attribute 'read'
2025-11-13 11:12:35,362 - shimmer_device - ERROR - Error reading data: 'ShimmerBluetooth' object has no attribute 'read'
2025-11-13 11:12:35,363 - shimmer_device - ERROR - Error reading data: 'ShimmerBluetooth' object has no attribute 'read'
2025-11-13 11:12:35,366 - shimmer_device - ERROR - Error reading data: 'ShimmerBluetooth' object has no attribute 'read'
2025-11-13 11:12:35,367 - shimmer_device - ERROR - Error reading data: 'ShimmerBluetooth' object has no attribute 'read'
2025-11-13 11:12:35,369 - shimmer_device - ERROR - Error reading data: 'ShimmerBluetooth' object has no attribute 'read'
2025-11-13 11:12:35,371 - shimmer_device - ERROR - Error reading data: 'ShimmerBluetooth' object has no attribute 'read'
2025-11-13 11:12:35,372 - shimmer_device - ERROR - Error reading data: 'ShimmerBluetooth' object has no attribute 'read'
2025-11-13 11:12:35,374 - shimmer_device - ERROR - Error reading data: 'ShimmerBluetooth' object has no attribute 'read'
2025-11-13 11:12:35,375 - shimmer_device - ERROR - Error reading data: 'ShimmerBluetooth' object has no attribute 'read'
2025-11-13 11:12:35,377 - shimmer_device - ERROR - Error reading data: 'ShimmerBluetooth' object has no attribute 'read'
2025-11-13 11:12:35,378 - shimmer_device - ERROR - Error reading data: 'ShimmerBluetooth' object has no attribute 'read'
2025-11-13 11:12:35,379 - shimmer_device - ERROR - Error reading data: 'ShimmerBluetooth' object has no attribute 'read'
2025-11-13 11:12:35,381 - shimmer_device - ERROR - Error reading data: 'ShimmerBluetooth' object has no attribute 'read'
2025-11-13 11:12:35,383 - shimmer_device - ERROR - Error reading data: 'ShimmerBluetooth' object has no attribute 'read'
2025-11-13 11:12:35,385 - shimmer_device - ERROR - Error reading data: 'ShimmerBluetooth' object has no attribute 'read'
2025-11-13 11:12:35,386 - shimmer_device - ERROR - Error reading data: 'ShimmerBluetooth' object has no attribute 'read'
2025-11-13 11:12:35,388 - shimmer_device - ERROR - Error reading data: 'ShimmerBluetooth' object has no attribute 'read'
2025-11-13 11:12:35,389 - shimmer_device - ERROR - Error reading data: 'ShimmerBluetooth' object has no attribute 'read'
2025-11-13 11:12:35,391 - shimmer_device - ERROR - Error reading data: 'ShimmerBluetooth' object has no attribute 'read'
2025-11-13 11:12:35,393 - shimmer_device - ERROR - Error reading data: 'ShimmerBluetooth' object has no attribute 'read'
2025-11-13 11:12:35,394 - shimmer_device - ERROR - Error reading data: 'ShimmerBluetooth' object has no attribute 'read'
2025-11-13 11:12:35,395 - shimmer_device - ERROR - Error reading data: 'ShimmerBluetooth' object has no attribute 'read'
2025-11-13 11:12:35,396 - shimmer_device - ERROR - Error reading data: 'ShimmerBluetooth' object has no attribute 'read'
2025-11-13 11:12:35,398 - shimmer_device - ERROR - Error reading data: 'ShimmerBluetooth' object has no attribute 'read'
2025-11-13 11:12:35,399 - shimmer_device - ERROR - Error reading data: 'ShimmerBluetooth' object has no attribute 'read'
2025-11-13 11:12:35,401 - shimmer_device - ERROR - Error reading data: 'ShimmerBluetooth' object has no attribute 'read'
2025-11-13 11:12:35,402 - shimmer_device - ERROR - Error reading data: 'ShimmerBluetooth' object has no attribute 'read'
2025-11-13 11:12:35,403 - shimmer_device - ERROR - Error reading data: 'ShimmerBluetooth' object has no attribute 'read'
2025-11-13 11:12:35,405 - shimmer_device - ERROR - Error reading data: 'ShimmerBluetooth' object has no attribute 'read'
2025-11-13 11:12:35,406 - shimmer_device - ERROR - Error reading data: 'ShimmerBluetooth' object has no attribute 'read'
2025-11-13 11:12:35,408 - shimmer_device - ERROR - Error reading data: 'ShimmerBluetooth' object has no attribute 'read'
2025-11-13 11:12:35,410 - shimmer_device - ERROR - Error reading data: 'ShimmerBluetooth' object has no attribute 'read'
2025-11-13 11:12:35,411 - shimmer_device - ERROR - Error reading data: 'ShimmerBluetooth' object has no attribute 'read'
2025-11-13 11:12:35,412 - shimmer_device - ERROR - Error reading data: 'ShimmerBluetooth' object has no attribute 'read'
2025-11-13 11:12:35,414 - shimmer_device - ERROR - Error reading data: 'ShimmerBluetooth' object has no attribute 'read'
2025-11-13 11:12:35,416 - shimmer_device - ERROR - Error reading data: 'ShimmerBluetooth' object has no attribute 'read'
2025-11-13 11:12:35,417 - shimmer_device - ERROR - Error reading data: 'ShimmerBluetooth' object has no attribute 'read'
2025-11-13 11:12:35,419 - shimmer_device - ERROR - Error reading data: 'ShimmerBluetooth' object has no attribute 'read'
2025-11-13 11:12:35,420 - shimmer_device - ERROR - Error reading data: 'ShimmerBluetooth' object has no attribute 'read'
2025-11-13 11:12:35,422 - shimmer_device - ERROR - Error reading data: 'ShimmerBluetooth' object has no attribute 'read'
2025-11-13 11:12:35,424 - shimmer_device - ERROR - Error reading data: 'ShimmerBluetooth' object has no attribute 'read'
2025-11-13 11:12:35,425 - shimmer_device - ERROR - Error reading data: 'ShimmerBluetooth' object has no attribute 'read'
2025-11-13 11:12:35,426 - shimmer_device - ERROR - Error reading data: 'ShimmerBluetooth' object has no attribute 'read'
2025-11-13 11:12:35,428 - shimmer_device - ERROR - Error reading data: 'ShimmerBluetooth' object has no attribute 'read'
2025-11-13 11:12:35,429 - shimmer_device - ERROR - Error reading data: 'ShimmerBluetooth' object has no attribute 'read'
2025-11-13 11:12:35,430 - shimmer_device - ERROR - Error reading data: 'ShimmerBluetooth' object has no attribute 'read'
2025-11-13 11:12:35,432 - shimmer_device - ERROR - Error reading data: 'ShimmerBluetooth' object has no attribute 'read'
2025-11-13 11:12:35,433 - shimmer_device - ERROR - Error reading data: 'ShimmerBluetooth' object has no attribute 'read'
2025-11-13 11:12:35,434 - shimmer_device - ERROR - Error reading data: 'ShimmerBluetooth' object has no attribute 'read'
2025-11-13 11:12:35,436 - shimmer_device - ERROR - Error reading data: 'ShimmerBluetooth' object has no attribute 'read'
2025-11-13 11:12:35,438 - shimmer_device - ERROR - Error reading data: 'ShimmerBluetooth' object has no attribute 'read'
2025-11-13 11:12:35,439 - shimmer_device - ERROR - Error reading data: 'ShimmerBluetooth' object has no attribute 'read'
2025-11-13 11:12:35,440 - shimmer_device - ERROR - Error reading data: 'ShimmerBluetooth' object has no attribute 'read'
2025-11-13 11:12:35,441 - shimmer_device - ERROR - Error reading data: 'ShimmerBluetooth' object has no attribute 'read'
2025-11-13 11:12:35,442 - shimmer_device - ERROR - Error reading data: 'ShimmerBluetooth' object has no attribute 'read'
2025-11-13 11:12:35,444 - shimmer_device - ERROR - Error reading data: 'ShimmerBluetooth' object has no attribute 'read'
2025-11-13 11:12:35,447 - shimmer_device - ERROR - Error reading data: 'ShimmerBluetooth' object has no attribute 'read'
2025-11-13 11:12:35,448 - shimmer_device - ERROR - Error reading data: 'ShimmerBluetooth' object has no attribute 'read'
2025-11-13 11:12:35,449 - shimmer_device - ERROR - Error reading data: 'ShimmerBluetooth' object has no attribute 'read'
2025-11-13 11:12:35,450 - shimmer_device - ERROR - Error reading data: 'ShimmerBluetooth' object has no attribute 'read'
2025-11-13 11:12:35,451 - shimmer_device - ERROR - Error reading data: 'ShimmerBluetooth' object has no attribute 'read'
2025-11-13 11:12:35,453 - shimmer_device - ERROR - Error reading data: 'ShimmerBluetooth' object has no attribute 'read'
2025-11-13 11:12:35,454 - shimmer_device - ERROR - Error reading data: 'ShimmerBluetooth' object has no attribute 'read'
2025-11-13 11:12:35,455 - shimmer_device - ERROR - Error reading data: 'ShimmerBluetooth' object has no attribute 'read'
2025-11-13 11:12:35,457 - shimmer_device - ERROR - Error reading data: 'ShimmerBluetooth' object has no attribute 'read'
2025-11-13 11:12:35,458 - shimmer_device - ERROR - Error reading data: 'ShimmerBluetooth' object has no attribute 'read'
2025-11-13 11:12:35,460 - shimmer_device - ERROR - Error reading data: 'ShimmerBluetooth' object has no attribute 'read'
2025-11-13 11:12:35,461 - shimmer_device - ERROR - Error reading data: 'ShimmerBluetooth' object has no attribute 'read'
2025-11-13 11:12:35,462 - shimmer_device - ERROR - Error reading data: 'ShimmerBluetooth' object has no attribute 'read'
2025-11-13 11:12:35,463 - shimmer_device - ERROR - Error reading data: 'ShimmerBluetooth' object has no attribute 'read'
2025-11-13 11:12:35,465 - shimmer_device - ERROR - Error reading data: 'ShimmerBluetooth' object has no attribute 'read'
2025-11-13 11:12:35,467 - shimmer_device - ERROR - Error reading data: 'ShimmerBluetooth' object has no attribute 'read'
2025-11-13 11:12:35,468 - shimmer_device - ERROR - Error reading data: 'ShimmerBluetooth' object has no attribute 'read'
2025-11-13 11:12:35,470 - shimmer_device - ERROR - Error reading data: 'ShimmerBluetooth' object has no attribute 'read'
2025-11-13 11:12:35,471 - shimmer_device - ERROR - Error reading data: 'ShimmerBluetooth' object has no attribute 'read'
2025-11-13 11:12:35,473 - shimmer_device - ERROR - Error reading data: 'ShimmerBluetooth' object has no attribute 'read'
2025-11-13 11:12:35,474 - shimmer_device - ERROR - Error reading data: 'ShimmerBluetooth' object has no attribute 'read'
2025-11-13 11:12:35,475 - shimmer_device - ERROR - Error reading data: 'ShimmerBluetooth' object has no attribute 'read'
2025-11-13 11:12:35,477 - shimmer_device - ERROR - Error reading data: 'ShimmerBluetooth' object has no attribute 'read'
2025-11-13 11:12:35,479 - shimmer_device - ERROR - Error reading data: 'ShimmerBluetooth' object has no attribute 'read'
2025-11-13 11:12:35,480 - shimmer_device - ERROR - Error reading data: 'ShimmerBluetooth' object has no attribute 'read'
2025-11-13 11:12:35,482 - shimmer_device - ERROR - Error reading data: 'ShimmerBluetooth' object has no attribute 'read'
2025-11-13 11:12:35,484 - shimmer_device - ERROR - Error reading data: 'ShimmerBluetooth' object has no attribute 'read'
2025-11-13 11:12:35,486 - shimmer_device - ERROR - Error reading data: 'ShimmerBluetooth' object has no attribute 'read'
2025-11-13 11:12:35,487 - shimmer_device - ERROR - Error reading data: 'ShimmerBluetooth' object has no attribute 'read'
2025-11-13 11:12:35,488 - shimmer_device - ERROR - Error reading data: 'ShimmerBluetooth' object has no attribute 'read'
2025-11-13 11:12:35,490 - shimmer_device - ERROR - Error reading data: 'ShimmerBluetooth' object has no attribute 'read'
2025-11-13 11:12:35,491 - shimmer_device - ERROR - Error reading data: 'ShimmerBluetooth' object has no attribute 'read'
2025-11-13 11:12:35,493 - shimmer_device - ERROR - Error reading data: 'ShimmerBluetooth' object has no attribute 'read'
2025-11-13 11:12:35,494 - shimmer_device - ERROR - Error reading data: 'ShimmerBluetooth' object has no attribute 'read'
2025-11-13 11:12:35,495 - shimmer_device - ERROR - Error reading data: 'ShimmerBluetooth' object has no attribute 'read'
2025-11-13 11:12:35,497 - shimmer_device - ERROR - Error reading data: 'ShimmerBluetooth' object has no attribute 'read'
2025-11-13 11:12:35,499 - shimmer_device - ERROR - Error reading data: 'ShimmerBluetooth' object has no attribute 'read'
2025-11-13 11:12:35,500 - shimmer_device - ERROR - Error reading data: 'ShimmerBluetooth' object has no attribute 'read'
2025-11-13 11:12:35,502 - shimmer_device - ERROR - Error reading data: 'ShimmerBluetooth' object has no attribute 'read'
2025-11-13 11:12:35,503 - shimmer_device - ERROR - Error reading data: 'ShimmerBluetooth' object has no attribute 'read'
2025-11-13 11:12:35,505 - shimmer_device - ERROR - Error reading data: 'ShimmerBluetooth' object has no attribute 'read'
2025-11-13 11:12:35,506 - shimmer_device - ERROR - Error reading data: 'ShimmerBluetooth' object has no attribute 'read'
2025-11-13 11:12:35,508 - shimmer_device - ERROR - Error reading data: 'ShimmerBluetooth' object has no attribute 'read'
2025-11-13 11:12:35,509 - shimmer_device - ERROR - Error reading data: 'ShimmerBluetooth' object has no attribute 'read'
2025-11-13 11:12:35,511 - shimmer_device - ERROR - Error reading data: 'ShimmerBluetooth' object has no attribute 'read'
2025-11-13 11:12:35,513 - shimmer_device - ERROR - Error reading data: 'ShimmerBluetooth' object has no attribute 'read'
2025-11-13 11:12:35,514 - shimmer_device - ERROR - Error reading data: 'ShimmerBluetooth' object has no attribute 'read'
2025-11-13 11:12:35,515 - shimmer_device - ERROR - Error reading data: 'ShimmerBluetooth' object has no attribute 'read'
2025-11-13 11:12:35,516 - shimmer_device - ERROR - Error reading data: 'ShimmerBluetooth' object has no attribute 'read'
2025-11-13 11:12:35,518 - shimmer_device - ERROR - Error reading data: 'ShimmerBluetooth' object has no attribute 'read'
2025-11-13 11:12:35,519 - shimmer_device - ERROR - Error reading data: 'ShimmerBluetooth' object has no attribute 'read'
2025-11-13 11:12:35,521 - shimmer_device - ERROR - Error reading data: 'ShimmerBluetooth' object has no attribute 'read'
2025-11-13 11:12:35,522 - shimmer_device - ERROR - Error reading data: 'ShimmerBluetooth' object has no attribute 'read'
2025-11-13 11:12:35,523 - shimmer_device - ERROR - Error reading data: 'ShimmerBluetooth' object has no attribute 'read'
2025-11-13 11:12:35,524 - shimmer_device - ERROR - Error reading data: 'ShimmerBluetooth' object has no attribute 'read'
2025-11-13 11:12:35,525 - shimmer_device - ERROR - Error reading data: 'ShimmerBluetooth' object has no attribute 'read'
2025-11-13 11:12:35,527 - shimmer_device - ERROR - Error reading data: 'ShimmerBluetooth' object has no attribute 'read'
2025-11-13 11:12:35,529 - shimmer_device - ERROR - Error reading data: 'ShimmerBluetooth' object has no attribute 'read'
2025-11-13 11:12:35,531 - shimmer_device - ERROR - Error reading data: 'ShimmerBluetooth' object has no attribute 'read'
2025-11-13 11:12:35,533 - shimmer_device - ERROR - Error reading data: 'ShimmerBluetooth' object has no attribute 'read'
2025-11-13 11:12:35,534 - shimmer_device - ERROR - Error reading data: 'ShimmerBluetooth' object has no attribute 'read'
2025-11-13 11:12:35,536 - shimmer_device - ERROR - Error reading data: 'ShimmerBluetooth' object has no attribute 'read'
2025-11-13 11:12:35,538 - shimmer_device - ERROR - Error reading data: 'ShimmerBluetooth' object has no attribute 'read'
2025-11-13 11:12:35,539 - shimmer_device - ERROR - Error reading data: 'ShimmerBluetooth' object has no attribute 'read'
2025-11-13 11:12:35,540 - shimmer_device - ERROR - Error reading data: 'ShimmerBluetooth' object has no attribute 'read'
2025-11-13 11:12:35,541 - shimmer_device - ERROR - Error reading data: 'ShimmerBluetooth' object has no attribute 'read'
2025-11-13 11:12:35,542 - shimmer_device - ERROR - Error reading data: 'ShimmerBluetooth' object has no attribute 'read'
2025-11-13 11:12:35,544 - shimmer_device - ERROR - Error reading data: 'ShimmerBluetooth' object has no attribute 'read'
2025-11-13 11:12:35,545 - shimmer_device - ERROR - Error reading data: 'ShimmerBluetooth' object has no attribute 'read'
2025-11-13 11:12:35,546 - shimmer_device - ERROR - Error reading data: 'ShimmerBluetooth' object has no attribute 'read'
2025-11-13 11:12:35,548 - shimmer_device - ERROR - Error reading data: 'ShimmerBluetooth' object has no attribute 'read'
2025-11-13 11:12:35,549 - shimmer_device - ERROR - Error reading data: 'ShimmerBluetooth' object has no attribute 'read'
2025-11-13 11:12:35,550 - shimmer_device - ERROR - Error reading data: 'ShimmerBluetooth' object has no attribute 'read'
2025-11-13 11:12:35,551 - shimmer_device - ERROR - Error reading data: 'ShimmerBluetooth' object has no attribute 'read'
2025-11-13 11:12:35,553 - shimmer_device - ERROR - Error reading data: 'ShimmerBluetooth' object has no attribute 'read'
2025-11-13 11:12:35,556 - shimmer_device - ERROR - Error reading data: 'ShimmerBluetooth' object has no attribute 'read'
2025-11-13 11:12:35,557 - shimmer_device - ERROR - Error reading data: 'ShimmerBluetooth' object has no attribute 'read'
2025-11-13 11:12:35,559 - shimmer_device - ERROR - Error reading data: 'ShimmerBluetooth' object has no attribute 'read'
2025-11-13 11:12:35,560 - shimmer_device - ERROR - Error reading data: 'ShimmerBluetooth' object has no attribute 'read'
2025-11-13 11:12:35,561 - shimmer_device - ERROR - Error reading data: 'ShimmerBluetooth' object has no attribute 'read'
2025-11-13 11:12:35,563 - shimmer_device - ERROR - Error reading data: 'ShimmerBluetooth' object has no attribute 'read'
2025-11-13 11:12:35,564 - shimmer_device - ERROR - Error reading data: 'ShimmerBluetooth' object has no attribute 'read'
2025-11-13 11:12:35,565 - shimmer_device - ERROR - Error reading data: 'ShimmerBluetooth' object has no attribute 'read'
2025-11-13 11:12:35,567 - shimmer_device - ERROR - Error reading data: 'ShimmerBluetooth' object has no attribute 'read'
2025-11-13 11:12:35,569 - shimmer_device - ERROR - Error reading data: 'ShimmerBluetooth' object has no attribute 'read'
2025-11-13 11:12:35,571 - shimmer_device - ERROR - Error reading data: 'ShimmerBluetooth' object has no attribute 'read'
2025-11-13 11:12:35,572 - shimmer_device - ERROR - Error reading data: 'ShimmerBluetooth' object has no attribute 'read'
2025-11-13 11:12:35,574 - shimmer_device - ERROR - Error reading data: 'ShimmerBluetooth' object has no attribute 'read'
2025-11-13 11:12:35,575 - shimmer_device - ERROR - Error reading data: 'ShimmerBluetooth' object has no attribute 'read'
2025-11-13 11:12:35,576 - shimmer_device - ERROR - Error reading data: 'ShimmerBluetooth' object has no attribute 'read'
2025-11-13 11:12:35,579 - shimmer_device - ERROR - Error reading data: 'ShimmerBluetooth' object has no attribute 'read'
2025-11-13 11:12:35,580 - shimmer_device - ERROR - Error reading data: 'ShimmerBluetooth' object has no attribute 'read'
2025-11-13 11:12:35,582 - shimmer_device - ERROR - Error reading data: 'ShimmerBluetooth' object has no attribute 'read'
2025-11-13 11:12:35,584 - shimmer_device - ERROR - Error reading data: 'ShimmerBluetooth' object has no attribute 'read'
2025-11-13 11:12:35,586 - shimmer_device - ERROR - Error reading data: 'ShimmerBluetooth' object has no attribute 'read'
2025-11-13 11:12:35,588 - shimmer_device - ERROR - Error reading data: 'ShimmerBluetooth' object has no attribute 'read'
2025-11-13 11:12:35,589 - shimmer_device - ERROR - Error reading data: 'ShimmerBluetooth' object has no attribute 'read'
2025-11-13 11:12:35,591 - shimmer_device - ERROR - Error reading data: 'ShimmerBluetooth' object has no attribute 'read'
2025-11-13 11:12:35,592 - shimmer_device - ERROR - Error reading data: 'ShimmerBluetooth' object has no attribute 'read'
2025-11-13 11:12:35,593 - shimmer_device - ERROR - Error reading data: 'ShimmerBluetooth' object has no attribute 'read'
2025-11-13 11:12:35,594 - shimmer_device - ERROR - Error reading data: 'ShimmerBluetooth' object has no attribute 'read'
2025-11-13 11:12:35,596 - shimmer_device - ERROR - Error reading data: 'ShimmerBluetooth' object has no attribute 'read'
2025-11-13 11:12:35,597 - shimmer_device - ERROR - Error reading data: 'ShimmerBluetooth' object has no attribute 'read'
2025-11-13 11:12:35,599 - shimmer_device - ERROR - Error reading data: 'ShimmerBluetooth' object has no attribute 'read'
2025-11-13 11:12:35,600 - shimmer_device - ERROR - Error reading data: 'ShimmerBluetooth' object has no attribute 'read'
2025-11-13 11:12:35,601 - shimmer_device - ERROR - Error reading data: 'ShimmerBluetooth' object has no attribute 'read'
2025-11-13 11:12:35,602 - shimmer_device - ERROR - Error reading data: 'ShimmerBluetooth' object has no attribute 'read'
2025-11-13 11:12:35,604 - shimmer_device - ERROR - Error reading data: 'ShimmerBluetooth' object has no attribute 'read'
2025-11-13 11:12:35,605 - shimmer_device - ERROR - Error reading data: 'ShimmerBluetooth' object has no attribute 'read'
2025-11-13 11:12:35,607 - shimmer_device - ERROR - Error reading data: 'ShimmerBluetooth' object has no attribute 'read'
2025-11-13 11:12:35,608 - shimmer_device - ERROR - Error reading data: 'ShimmerBluetooth' object has no attribute 'read'
2025-11-13 11:12:35,609 - shimmer_device - ERROR - Error reading data: 'ShimmerBluetooth' object has no attribute 'read'
2025-11-13 11:12:35,611 - shimmer_device - ERROR - Error reading data: 'ShimmerBluetooth' object has no attribute 'read'
2025-11-13 11:12:35,613 - shimmer_device - ERROR - Error reading data: 'ShimmerBluetooth' object has no attribute 'read'
2025-11-13 11:12:35,615 - shimmer_device - ERROR - Error reading data: 'ShimmerBluetooth' object has no attribute 'read'
2025-11-13 11:12:35,616 - shimmer_device - ERROR - Error reading data: 'ShimmerBluetooth' object has no attribute 'read'
2025-11-13 11:12:35,618 - shimmer_device - ERROR - Error reading data: 'ShimmerBluetooth' object has no attribute 'read'
2025-11-13 11:12:35,620 - shimmer_device - ERROR - Error reading data: 'ShimmerBluetooth' object has no attribute 'read'
2025-11-13 11:12:35,621 - shimmer_device - ERROR - Error reading data: 'ShimmerBluetooth' object has no attribute 'read'
2025-11-13 11:12:35,622 - shimmer_device - ERROR - Error reading data: 'ShimmerBluetooth' object has no attribute 'read'
2025-11-13 11:12:35,624 - shimmer_device - ERROR - Error reading data: 'ShimmerBluetooth' object has no attribute 'read'
2025-11-13 11:12:35,625 - shimmer_device - ERROR - Error reading data: 'ShimmerBluetooth' object has no attribute 'read'
2025-11-13 11:12:35,626 - shimmer_device - ERROR - Error reading data: 'ShimmerBluetooth' object has no attribute 'read'
2025-11-13 11:12:35,627 - shimmer_device - ERROR - Error reading data: 'ShimmerBluetooth' object has no attribute 'read'
2025-11-13 11:12:35,629 - shimmer_device - ERROR - Error reading data: 'ShimmerBluetooth' object has no attribute 'read'
2025-11-13 11:12:35,631 - shimmer_device - ERROR - Error reading data: 'ShimmerBluetooth' object has no attribute 'read'
2025-11-13 11:12:35,632 - shimmer_device - ERROR - Error reading data: 'ShimmerBluetooth' object has no attribute 'read'
2025-11-13 11:12:35,633 - shimmer_device - ERROR - Error reading data: 'ShimmerBluetooth' object has no attribute 'read'
2025-11-13 11:12:35,634 - shimmer_device - ERROR - Error reading data: 'ShimmerBluetooth' object has no attribute 'read'
2025-11-13 11:12:35,635 - shimmer_device - ERROR - Error reading data: 'ShimmerBluetooth' object has no attribute 'read'
2025-11-13 11:12:35,636 - shimmer_device - ERROR - Error reading data: 'ShimmerBluetooth' object has no attribute 'read'
2025-11-13 11:12:35,637 - shimmer_device - ERROR - Error reading data: 'ShimmerBluetooth' object has no attribute 'read'
2025-11-13 11:12:35,638 - shimmer_device - ERROR - Error reading data: 'ShimmerBluetooth' object has no attribute 'read'
2025-11-13 11:12:35,639 - shimmer_device - ERROR - Error reading data: 'ShimmerBluetooth' object has no attribute 'read'
2025-11-13 11:12:35,641 - shimmer_device - ERROR - Error reading data: 'ShimmerBluetooth' object has no attribute 'read'
2025-11-13 11:12:35,642 - shimmer_device - ERROR - Error reading data: 'ShimmerBluetooth' object has no attribute 'read'
2025-11-13 11:12:35,643 - shimmer_device - ERROR - Error reading data: 'ShimmerBluetooth' object has no attribute 'read'
2025-11-13 11:12:35,645 - shimmer_device - ERROR - Error reading data: 'ShimmerBluetooth' object has no attribute 'read'
2025-11-13 11:12:35,646 - shimmer_device - ERROR - Error reading data: 'ShimmerBluetooth' object has no attribute 'read'
2025-11-13 11:12:35,648 - shimmer_device - ERROR - Error reading data: 'ShimmerBluetooth' object has no attribute 'read'
2025-11-13 11:12:35,650 - shimmer_device - ERROR - Error reading data: 'ShimmerBluetooth' object has no attribute 'read'
2025-11-13 11:12:35,651 - shimmer_device - ERROR - Error reading data: 'ShimmerBluetooth' object has no attribute 'read'
2025-11-13 11:12:35,652 - shimmer_device - ERROR - Error reading data: 'ShimmerBluetooth' object has no attribute 'read'
2025-11-13 11:12:35,654 - shimmer_device - ERROR - Error reading data: 'ShimmerBluetooth' object has no attribute 'read'
2025-11-13 11:12:35,655 - shimmer_device - ERROR - Error reading data: 'ShimmerBluetooth' object has no attribute 'read'
2025-11-13 11:12:35,657 - shimmer_device - ERROR - Error reading data: 'ShimmerBluetooth' object has no attribute 'read'
2025-11-13 11:12:35,658 - shimmer_device - ERROR - Error reading data: 'ShimmerBluetooth' object has no attribute 'read'
2025-11-13 11:12:35,660 - shimmer_device - ERROR - Error reading data: 'ShimmerBluetooth' object has no attribute 'read'
2025-11-13 11:12:35,662 - shimmer_device - ERROR - Error reading data: 'ShimmerBluetooth' object has no attribute 'read'
2025-11-13 11:12:35,663 - shimmer_device - ERROR - Error reading data: 'ShimmerBluetooth' object has no attribute 'read'
2025-11-13 11:12:35,664 - shimmer_device - ERROR - Error reading data: 'ShimmerBluetooth' object has no attribute 'read'
2025-11-13 11:12:35,666 - shimmer_device - ERROR - Error reading data: 'ShimmerBluetooth' object has no attribute 'read'
2025-11-13 11:12:35,667 - shimmer_device - ERROR - Error reading data: 'ShimmerBluetooth' object has no attribute 'read'
2025-11-13 11:12:35,668 - shimmer_device - ERROR - Error reading data: 'ShimmerBluetooth' object has no attribute 'read'
2025-11-13 11:12:35,670 - shimmer_device - ERROR - Error reading data: 'ShimmerBluetooth' object has no attribute 'read'
2025-11-13 11:12:35,671 - shimmer_device - ERROR - Error reading data: 'ShimmerBluetooth' object has no attribute 'read'
2025-11-13 11:12:35,672 - shimmer_device - ERROR - Error reading data: 'ShimmerBluetooth' object has no attribute 'read'
2025-11-13 11:12:35,673 - shimmer_device - ERROR - Error reading data: 'ShimmerBluetooth' object has no attribute 'read'
2025-11-13 11:12:35,675 - shimmer_device - ERROR - Error reading data: 'ShimmerBluetooth' object has no attribute 'read'
2025-11-13 11:12:35,676 - shimmer_device - ERROR - Error reading data: 'ShimmerBluetooth' object has no attribute 'read'
2025-11-13 11:12:35,678 - shimmer_device - ERROR - Error reading data: 'ShimmerBluetooth' object has no attribute 'read'
2025-11-13 11:12:35,679 - shimmer_device - ERROR - Error reading data: 'ShimmerBluetooth' object has no attribute 'read'
2025-11-13 11:12:35,680 - shimmer_device - ERROR - Error reading data: 'ShimmerBluetooth' object has no attribute 'read'
2025-11-13 11:12:35,681 - shimmer_device - ERROR - Error reading data: 'ShimmerBluetooth' object has no attribute 'read'
2025-11-13 11:12:35,683 - shimmer_device - ERROR - Error reading data: 'ShimmerBluetooth' object has no attribute 'read'
2025-11-13 11:12:35,685 - shimmer_device - ERROR - Error reading data: 'ShimmerBluetooth' object has no attribute 'read'
2025-11-13 11:12:35,687 - shimmer_device - ERROR - Error reading data: 'ShimmerBluetooth' object has no attribute 'read'
2025-11-13 11:12:35,688 - shimmer_device - ERROR - Error reading data: 'ShimmerBluetooth' object has no attribute 'read'
2025-11-13 11:12:35,689 - shimmer_device - ERROR - Error reading data: 'ShimmerBluetooth' object has no attribute 'read'
2025-11-13 11:12:35,690 - shimmer_device - ERROR - Error reading data: 'ShimmerBluetooth' object has no attribute 'read'
2025-11-13 11:12:35,692 - shimmer_device - ERROR - Error reading data: 'ShimmerBluetooth' object has no attribute 'read'
2025-11-13 11:12:35,695 - shimmer_device - ERROR - Error reading data: 'ShimmerBluetooth' object has no attribute 'read'
2025-11-13 11:12:35,696 - shimmer_device - ERROR - Error reading data: 'ShimmerBluetooth' object has no attribute 'read'
2025-11-13 11:12:35,698 - shimmer_device - ERROR - Error reading data: 'ShimmerBluetooth' object has no attribute 'read'
2025-11-13 11:12:35,699 - shimmer_device - ERROR - Error reading data: 'ShimmerBluetooth' object has no attribute 'read'
2025-11-13 11:12:35,700 - shimmer_device - ERROR - Error reading data: 'ShimmerBluetooth' object has no attribute 'read'
2025-11-13 11:12:35,702 - shimmer_device - ERROR - Error reading data: 'ShimmerBluetooth' object has no attribute 'read'
2025-11-13 11:12:35,704 - shimmer_device - ERROR - Error reading data: 'ShimmerBluetooth' object has no attribute 'read'
2025-11-13 11:12:35,705 - shimmer_device - ERROR - Error reading data: 'ShimmerBluetooth' object has no attribute 'read'
2025-11-13 11:12:35,707 - shimmer_device - ERROR - Error reading data: 'ShimmerBluetooth' object has no attribute 'read'
2025-11-13 11:12:35,709 - shimmer_device - ERROR - Error reading data: 'ShimmerBluetooth' object has no attribute 'read'
2025-11-13 11:12:35,710 - shimmer_device - ERROR - Error reading data: 'ShimmerBluetooth' object has no attribute 'read'
2025-11-13 11:12:35,712 - shimmer_device - ERROR - Error reading data: 'ShimmerBluetooth' object has no attribute 'read'
2025-11-13 11:12:35,713 - shimmer_device - ERROR - Error reading data: 'ShimmerBluetooth' object has no attribute 'read'
2025-11-13 11:12:35,715 - shimmer_device - ERROR - Error reading data: 'ShimmerBluetooth' object has no attribute 'read'
2025-11-13 11:12:35,716 - shimmer_device - ERROR - Error reading data: 'ShimmerBluetooth' object has no attribute 'read'
2025-11-13 11:12:35,717 - shimmer_device - ERROR - Error reading data: 'ShimmerBluetooth' object has no attribute 'read'
2025-11-13 11:12:35,719 - shimmer_device - ERROR - Error reading data: 'ShimmerBluetooth' object has no attribute 'read'
2025-11-13 11:12:35,721 - shimmer_device - ERROR - Error reading data: 'ShimmerBluetooth' object has no attribute 'read'
2025-11-13 11:12:35,722 - shimmer_device - ERROR - Error reading data: 'ShimmerBluetooth' object has no attribute 'read'
2025-11-13 11:12:35,724 - shimmer_device - ERROR - Error reading data: 'ShimmerBluetooth' object has no attribute 'read'
2025-11-13 11:12:35,725 - shimmer_device - ERROR - Error reading data: 'ShimmerBluetooth' object has no attribute 'read'
2025-11-13 11:12:35,726 - shimmer_device - ERROR - Error reading data: 'ShimmerBluetooth' object has no attribute 'read'
2025-11-13 11:12:35,728 - shimmer_device - ERROR - Error reading data: 'ShimmerBluetooth' object has no attribute 'read'
2025-11-13 11:12:35,729 - shimmer_device - ERROR - Error reading data: 'ShimmerBluetooth' object has no attribute 'read'
2025-11-13 11:12:35,731 - shimmer_device - ERROR - Error reading data: 'ShimmerBluetooth' object has no attribute 'read'
2025-11-13 11:12:35,732 - shimmer_device - ERROR - Error reading data: 'ShimmerBluetooth' object has no attribute 'read'
2025-11-13 11:12:35,734 - shimmer_device - ERROR - Error reading data: 'ShimmerBluetooth' object has no attribute 'read'
2025-11-13 11:12:35,736 - shimmer_device - ERROR - Error reading data: 'ShimmerBluetooth' object has no attribute 'read'
2025-11-13 11:12:35,737 - shimmer_device - ERROR - Error reading data: 'ShimmerBluetooth' object has no attribute 'read'
2025-11-13 11:12:35,738 - shimmer_device - ERROR - Error reading data: 'ShimmerBluetooth' object has no attribute 'read'
2025-11-13 11:12:35,739 - shimmer_device - ERROR - Error reading data: 'ShimmerBluetooth' object has no attribute 'read'
2025-11-13 11:12:35,740 - shimmer_device - ERROR - Error reading data: 'ShimmerBluetooth' object has no attribute 'read'
2025-11-13 11:12:35,741 - shimmer_device - ERROR - Error reading data: 'ShimmerBluetooth' object has no attribute 'read'
2025-11-13 11:12:35,742 - shimmer_device - ERROR - Error reading data: 'ShimmerBluetooth' object has no attribute 'read'
2025-11-13 11:12:35,743 - shimmer_device - ERROR - Error reading data: 'ShimmerBluetooth' object has no attribute 'read'
2025-11-13 11:12:35,745 - shimmer_device - ERROR - Error reading data: 'ShimmerBluetooth' object has no attribute 'read'
2025-11-13 11:12:35,746 - shimmer_device - ERROR - Error reading data: 'ShimmerBluetooth' object has no attribute 'read'
2025-11-13 11:12:35,747 - shimmer_device - ERROR - Error reading data: 'ShimmerBluetooth' object has no attribute 'read'
2025-11-13 11:12:35,748 - shimmer_device - ERROR - Error reading data: 'ShimmerBluetooth' object has no attribute 'read'
2025-11-13 11:12:35,749 - shimmer_device - ERROR - Error reading data: 'ShimmerBluetooth' object has no attribute 'read'
2025-11-13 11:12:35,751 - shimmer_device - ERROR - Error reading data: 'ShimmerBluetooth' object has no attribute 'read'
2025-11-13 11:12:35,753 - shimmer_device - ERROR - Error reading data: 'ShimmerBluetooth' object has no attribute 'read'
2025-11-13 11:12:35,754 - shimmer_device - ERROR - Error reading data: 'ShimmerBluetooth' object has no attribute 'read'
2025-11-13 11:12:35,755 - shimmer_device - ERROR - Error reading data: 'ShimmerBluetooth' object has no attribute 'read'
2025-11-13 11:12:35,757 - shimmer_device - ERROR - Error reading data: 'ShimmerBluetooth' object has no attribute 'read'
2025-11-13 11:12:35,759 - shimmer_device - ERROR - Error reading data: 'ShimmerBluetooth' object has no attribute 'read'
2025-11-13 11:12:35,760 - shimmer_device - ERROR - Error reading data: 'ShimmerBluetooth' object has no attribute 'read'
2025-11-13 11:12:35,761 - shimmer_device - ERROR - Error reading data: 'ShimmerBluetooth' object has no attribute 'read'
2025-11-13 11:12:35,762 - shimmer_device - ERROR - Error reading data: 'ShimmerBluetooth' object has no attribute 'read'
2025-11-13 11:12:35,763 - shimmer_device - ERROR - Error reading data: 'ShimmerBluetooth' object has no attribute 'read'
2025-11-13 11:12:35,765 - shimmer_device - ERROR - Error reading data: 'ShimmerBluetooth' object has no attribute 'read'
2025-11-13 11:12:35,766 - shimmer_device - ERROR - Error reading data: 'ShimmerBluetooth' object has no attribute 'read'
2025-11-13 11:12:35,768 - shimmer_device - ERROR - Error reading data: 'ShimmerBluetooth' object has no attribute 'read'
2025-11-13 11:12:35,769 - shimmer_device - ERROR - Error reading data: 'ShimmerBluetooth' object has no attribute 'read'
2025-11-13 11:12:35,770 - shimmer_device - ERROR - Error reading data: 'ShimmerBluetooth' object has no attribute 'read'
2025-11-13 11:12:35,772 - shimmer_device - ERROR - Error reading data: 'ShimmerBluetooth' object has no attribute 'read'
2025-11-13 11:12:35,773 - shimmer_device - ERROR - Error reading data: 'ShimmerBluetooth' object has no attribute 'read'
2025-11-13 11:12:35,774 - shimmer_device - ERROR - Error reading data: 'ShimmerBluetooth' object has no attribute 'read'
2025-11-13 11:12:35,775 - shimmer_device - ERROR - Error reading data: 'ShimmerBluetooth' object has no attribute 'read'
2025-11-13 11:12:35,788 - shimmer_device - ERROR - Error reading data: 'ShimmerBluetooth' object has no attribute 'read'
2025-11-13 11:12:35,789 - shimmer_device - ERROR - Error reading data: 'ShimmerBluetooth' object has no attribute 'read'
2025-11-13 11:12:35,790 - shimmer_device - ERROR - Error reading data: 'ShimmerBluetooth' object has no attribute 'read'
2025-11-13 11:12:35,792 - shimmer_device - ERROR - Error reading data: 'ShimmerBluetooth' object has no attribute 'read'
2025-11-13 11:12:35,794 - shimmer_device - ERROR - Error reading data: 'ShimmerBluetooth' object has no attribute 'read'
2025-11-13 11:12:35,795 - shimmer_device - ERROR - Error reading data: 'ShimmerBluetooth' object has no attribute 'read'
2025-11-13 11:12:35,796 - shimmer_device - ERROR - Error reading data: 'ShimmerBluetooth' object has no attribute 'read'
2025-11-13 11:12:35,798 - shimmer_device - ERROR - Error reading data: 'ShimmerBluetooth' object has no attribute 'read'
2025-11-13 11:12:35,799 - shimmer_device - ERROR - Error reading data: 'ShimmerBluetooth' object has no attribute 'read'
2025-11-13 11:12:35,801 - shimmer_device - ERROR - Error reading data: 'ShimmerBluetooth' object has no attribute 'read'
2025-11-13 11:12:35,803 - shimmer_device - ERROR - Error reading data: 'ShimmerBluetooth' object has no attribute 'read'
2025-11-13 11:12:35,805 - shimmer_device - ERROR - Error reading data: 'ShimmerBluetooth' object has no attribute 'read'
2025-11-13 11:12:35,807 - shimmer_device - ERROR - Error reading data: 'ShimmerBluetooth' object has no attribute 'read'
2025-11-13 11:12:35,808 - shimmer_device - ERROR - Error reading data: 'ShimmerBluetooth' object has no attribute 'read'
2025-11-13 11:12:35,809 - shimmer_device - ERROR - Error reading data: 'ShimmerBluetooth' object has no attribute 'read'
2025-11-13 11:12:35,811 - shimmer_device - ERROR - Error reading data: 'ShimmerBluetooth' object has no attribute 'read'
2025-11-13 11:12:35,812 - shimmer_device - ERROR - Error reading data: 'ShimmerBluetooth' object has no attribute 'read'
2025-11-13 11:12:35,813 - shimmer_device - ERROR - Error reading data: 'ShimmerBluetooth' object has no attribute 'read'
2025-11-13 11:12:35,815 - shimmer_device - ERROR - Error reading data: 'ShimmerBluetooth' object has no attribute 'read'
2025-11-13 11:12:35,817 - shimmer_device - ERROR - Error reading data: 'ShimmerBluetooth' object has no attribute 'read'
2025-11-13 11:12:35,819 - shimmer_device - ERROR - Error reading data: 'ShimmerBluetooth' object has no attribute 'read'
2025-11-13 11:12:35,821 - shimmer_device - ERROR - Error reading data: 'ShimmerBluetooth' object has no attribute 'read'
2025-11-13 11:12:35,823 - shimmer_device - ERROR - Error reading data: 'ShimmerBluetooth' object has no attribute 'read'
2025-11-13 11:12:35,825 - shimmer_device - ERROR - Error reading data: 'ShimmerBluetooth' object has no attribute 'read'
2025-11-13 11:12:35,826 - shimmer_device - ERROR - Error reading data: 'ShimmerBluetooth' object has no attribute 'read'
2025-11-13 11:12:35,827 - shimmer_device - ERROR - Error reading data: 'ShimmerBluetooth' object has no attribute 'read'
2025-11-13 11:12:35,829 - shimmer_device - ERROR - Error reading data: 'ShimmerBluetooth' object has no attribute 'read'
2025-11-13 11:12:35,830 - shimmer_device - ERROR - Error reading data: 'ShimmerBluetooth' object has no attribute 'read'
2025-11-13 11:12:35,832 - shimmer_device - ERROR - Error reading data: 'ShimmerBluetooth' object has no attribute 'read'
2025-11-13 11:12:35,834 - shimmer_device - ERROR - Error reading data: 'ShimmerBluetooth' object has no attribute 'read'
2025-11-13 11:12:35,836 - shimmer_device - ERROR - Error reading data: 'ShimmerBluetooth' object has no attribute 'read'
2025-11-13 11:12:35,838 - shimmer_device - ERROR - Error reading data: 'ShimmerBluetooth' object has no attribute 'read'
2025-11-13 11:12:35,839 - shimmer_device - ERROR - Error reading data: 'ShimmerBluetooth' object has no attribute 'read'
2025-11-13 11:12:35,841 - shimmer_device - ERROR - Error reading data: 'ShimmerBluetooth' object has no attribute 'read'
2025-11-13 11:12:35,843 - shimmer_device - ERROR - Error reading data: 'ShimmerBluetooth' object has no attribute 'read'
2025-11-13 11:12:35,844 - shimmer_device - ERROR - Error reading data: 'ShimmerBluetooth' object has no attribute 'read'
2025-11-13 11:12:35,846 - shimmer_device - ERROR - Error reading data: 'ShimmerBluetooth' object has no attribute 'read'
2025-11-13 11:12:35,847 - shimmer_device - ERROR - Error reading data: 'ShimmerBluetooth' object has no attribute 'read'
2025-11-13 11:12:35,849 - shimmer_device - ERROR - Error reading data: 'ShimmerBluetooth' object has no attribute 'read'
2025-11-13 11:12:35,850 - shimmer_device - ERROR - Error reading data: 'ShimmerBluetooth' object has no attribute 'read'
2025-11-13 11:12:35,852 - shimmer_device - ERROR - Error reading data: 'ShimmerBluetooth' object has no attribute 'read'
2025-11-13 11:12:35,853 - shimmer_device - ERROR - Error reading data: 'ShimmerBluetooth' object has no attribute 'read'
2025-11-13 11:12:35,855 - shimmer_device - ERROR - Error reading data: 'ShimmerBluetooth' object has no attribute 'read'
2025-11-13 11:12:35,856 - shimmer_device - ERROR - Error reading data: 'ShimmerBluetooth' object has no attribute 'read'
2025-11-13 11:12:35,857 - shimmer_device - ERROR - Error reading data: 'ShimmerBluetooth' object has no attribute 'read'
2025-11-13 11:12:35,859 - shimmer_device - ERROR - Error reading data: 'ShimmerBluetooth' object has no attribute 'read'
2025-11-13 11:12:35,860 - shimmer_device - ERROR - Error reading data: 'ShimmerBluetooth' object has no attribute 'read'
2025-11-13 11:12:35,862 - shimmer_device - ERROR - Error reading data: 'ShimmerBluetooth' object has no attribute 'read'
2025-11-13 11:12:35,863 - shimmer_device - ERROR - Error reading data: 'ShimmerBluetooth' object has no attribute 'read'
2025-11-13 11:12:35,864 - shimmer_device - ERROR - Error reading data: 'ShimmerBluetooth' object has no attribute 'read'
2025-11-13 11:12:35,865 - shimmer_device - ERROR - Error reading data: 'ShimmerBluetooth' object has no attribute 'read'
2025-11-13 11:12:35,867 - shimmer_device - ERROR - Error reading data: 'ShimmerBluetooth' object has no attribute 'read'
2025-11-13 11:12:35,869 - shimmer_device - ERROR - Error reading data: 'ShimmerBluetooth' object has no attribute 'read'
2025-11-13 11:12:35,871 - shimmer_device - ERROR - Error reading data: 'ShimmerBluetooth' object has no attribute 'read'
2025-11-13 11:12:35,872 - shimmer_device - ERROR - Error reading data: 'ShimmerBluetooth' object has no attribute 'read'
2025-11-13 11:12:35,873 - shimmer_device - ERROR - Error reading data: 'ShimmerBluetooth' object has no attribute 'read'
2025-11-13 11:12:35,875 - shimmer_device - ERROR - Error reading data: 'ShimmerBluetooth' object has no attribute 'read'
2025-11-13 11:12:35,876 - shimmer_device - ERROR - Error reading data: 'ShimmerBluetooth' object has no attribute 'read'
2025-11-13 11:12:35,877 - shimmer_device - ERROR - Error reading data: 'ShimmerBluetooth' object has no attribute 'read'
2025-11-13 11:12:35,879 - shimmer_device - ERROR - Error reading data: 'ShimmerBluetooth' object has no attribute 'read'
2025-11-13 11:12:35,880 - shimmer_device - ERROR - Error reading data: 'ShimmerBluetooth' object has no attribute 'read'
2025-11-13 11:12:35,882 - shimmer_device - ERROR - Error reading data: 'ShimmerBluetooth' object has no attribute 'read'
2025-11-13 11:12:35,884 - shimmer_device - ERROR - Error reading data: 'ShimmerBluetooth' object has no attribute 'read'
2025-11-13 11:12:35,885 - shimmer_device - ERROR - Error reading data: 'ShimmerBluetooth' object has no attribute 'read'
2025-11-13 11:12:35,887 - shimmer_device - ERROR - Error reading data: 'ShimmerBluetooth' object has no attribute 'read'
2025-11-13 11:12:35,888 - shimmer_device - ERROR - Error reading data: 'ShimmerBluetooth' object has no attribute 'read'
2025-11-13 11:12:35,890 - shimmer_device - ERROR - Error reading data: 'ShimmerBluetooth' object has no attribute 'read'
2025-11-13 11:12:35,891 - shimmer_device - ERROR - Error reading data: 'ShimmerBluetooth' object has no attribute 'read'
2025-11-13 11:12:35,893 - shimmer_device - ERROR - Error reading data: 'ShimmerBluetooth' object has no attribute 'read'
2025-11-13 11:12:35,894 - shimmer_device - ERROR - Error reading data: 'ShimmerBluetooth' object has no attribute 'read'
2025-11-13 11:12:35,895 - shimmer_device - ERROR - Error reading data: 'ShimmerBluetooth' object has no attribute 'read'
2025-11-13 11:12:35,897 - shimmer_device - ERROR - Error reading data: 'ShimmerBluetooth' object has no attribute 'read'
2025-11-13 11:12:35,898 - shimmer_device - ERROR - Error reading data: 'ShimmerBluetooth' object has no attribute 'read'
2025-11-13 11:12:35,899 - shimmer_device - ERROR - Error reading data: 'ShimmerBluetooth' object has no attribute 'read'
2025-11-13 11:12:35,900 - shimmer_device - ERROR - Error reading data: 'ShimmerBluetooth' object has no attribute 'read'
2025-11-13 11:12:35,901 - shimmer_device - ERROR - Error reading data: 'ShimmerBluetooth' object has no attribute 'read'
2025-11-13 11:12:35,902 - shimmer_device - ERROR - Error reading data: 'ShimmerBluetooth' object has no attribute 'read'
2025-11-13 11:12:35,904 - shimmer_device - ERROR - Error reading data: 'ShimmerBluetooth' object has no attribute 'read'
2025-11-13 11:12:35,905 - shimmer_device - ERROR - Error reading data: 'ShimmerBluetooth' object has no attribute 'read'
2025-11-13 11:12:35,906 - shimmer_device - ERROR - Error reading data: 'ShimmerBluetooth' object has no attribute 'read'
2025-11-13 11:12:35,908 - shimmer_device - ERROR - Error reading data: 'ShimmerBluetooth' object has no attribute 'read'
2025-11-13 11:12:35,910 - shimmer_device - ERROR - Error reading data: 'ShimmerBluetooth' object has no attribute 'read'
2025-11-13 11:12:35,911 - shimmer_device - ERROR - Error reading data: 'ShimmerBluetooth' object has no attribute 'read'
2025-11-13 11:12:35,912 - shimmer_device - ERROR - Error reading data: 'ShimmerBluetooth' object has no attribute 'read'
2025-11-13 11:12:35,913 - shimmer_device - ERROR - Error reading data: 'ShimmerBluetooth' object has no attribute 'read'
2025-11-13 11:12:35,916 - shimmer_device - ERROR - Error reading data: 'ShimmerBluetooth' object has no attribute 'read'
2025-11-13 11:12:35,917 - shimmer_device - ERROR - Error reading data: 'ShimmerBluetooth' object has no attribute 'read'
2025-11-13 11:12:35,918 - shimmer_device - ERROR - Error reading data: 'ShimmerBluetooth' object has no attribute 'read'
2025-11-13 11:12:35,921 - shimmer_device - ERROR - Error reading data: 'ShimmerBluetooth' object has no attribute 'read'
2025-11-13 11:12:35,922 - shimmer_device - ERROR - Error reading data: 'ShimmerBluetooth' object has no attribute 'read'
2025-11-13 11:12:35,924 - shimmer_device - ERROR - Error reading data: 'ShimmerBluetooth' object has no attribute 'read'
2025-11-13 11:12:35,925 - shimmer_device - ERROR - Error reading data: 'ShimmerBluetooth' object has no attribute 'read'
2025-11-13 11:12:35,926 - shimmer_device - ERROR - Error reading data: 'ShimmerBluetooth' object has no attribute 'read'
2025-11-13 11:12:35,928 - shimmer_device - ERROR - Error reading data: 'ShimmerBluetooth' object has no attribute 'read'
2025-11-13 11:12:35,929 - shimmer_device - ERROR - Error reading data: 'ShimmerBluetooth' object has no attribute 'read'
2025-11-13 11:12:35,931 - shimmer_device - ERROR - Error reading data: 'ShimmerBluetooth' object has no attribute 'read'
2025-11-13 11:12:35,932 - shimmer_device - ERROR - Error reading data: 'ShimmerBluetooth' object has no attribute 'read'
2025-11-13 11:12:35,934 - shimmer_device - ERROR - Error reading data: 'ShimmerBluetooth' object has no attribute 'read'
2025-11-13 11:12:35,935 - shimmer_device - ERROR - Error reading data: 'ShimmerBluetooth' object has no attribute 'read'
2025-11-13 11:12:35,937 - shimmer_device - ERROR - Error reading data: 'ShimmerBluetooth' object has no attribute 'read'
2025-11-13 11:12:35,939 - shimmer_device - ERROR - Error reading data: 'ShimmerBluetooth' object has no attribute 'read'
2025-11-13 11:12:35,940 - shimmer_device - ERROR - Error reading data: 'ShimmerBluetooth' object has no attribute 'read'
2025-11-13 11:12:35,941 - shimmer_device - ERROR - Error reading data: 'ShimmerBluetooth' object has no attribute 'read'
2025-11-13 11:12:35,943 - shimmer_device - ERROR - Error reading data: 'ShimmerBluetooth' object has no attribute 'read'
2025-11-13 11:12:35,944 - shimmer_device - ERROR - Error reading data: 'ShimmerBluetooth' object has no attribute 'read'
2025-11-13 11:12:35,946 - shimmer_device - ERROR - Error reading data: 'ShimmerBluetooth' object has no attribute 'read'
2025-11-13 11:12:35,948 - shimmer_device - ERROR - Error reading data: 'ShimmerBluetooth' object has no attribute 'read'
2025-11-13 11:12:35,949 - shimmer_device - ERROR - Error reading data: 'ShimmerBluetooth' object has no attribute 'read'
2025-11-13 11:12:35,950 - shimmer_device - ERROR - Error reading data: 'ShimmerBluetooth' object has no attribute 'read'
2025-11-13 11:12:35,952 - shimmer_device - ERROR - Error reading data: 'ShimmerBluetooth' object has no attribute 'read'
2025-11-13 11:12:35,954 - shimmer_device - ERROR - Error reading data: 'ShimmerBluetooth' object has no attribute 'read'
2025-11-13 11:12:35,955 - shimmer_device - ERROR - Error reading data: 'ShimmerBluetooth' object has no attribute 'read'
2025-11-13 11:12:35,957 - shimmer_device - ERROR - Error reading data: 'ShimmerBluetooth' object has no attribute 'read'
2025-11-13 11:12:35,958 - shimmer_device - ERROR - Error reading data: 'ShimmerBluetooth' object has no attribute 'read'
2025-11-13 11:12:35,959 - shimmer_device - ERROR - Error reading data: 'ShimmerBluetooth' object has no attribute 'read'
2025-11-13 11:12:35,960 - shimmer_device - ERROR - Error reading data: 'ShimmerBluetooth' object has no attribute 'read'
2025-11-13 11:12:35,962 - shimmer_device - ERROR - Error reading data: 'ShimmerBluetooth' object has no attribute 'read'
2025-11-13 11:12:35,964 - shimmer_device - ERROR - Error reading data: 'ShimmerBluetooth' object has no attribute 'read'
2025-11-13 11:12:35,965 - shimmer_device - ERROR - Error reading data: 'ShimmerBluetooth' object has no attribute 'read'
2025-11-13 11:12:35,967 - shimmer_device - ERROR - Error reading data: 'ShimmerBluetooth' object has no attribute 'read'
2025-11-13 11:12:35,969 - shimmer_device - ERROR - Error reading data: 'ShimmerBluetooth' object has no attribute 'read'
2025-11-13 11:12:35,971 - shimmer_device - ERROR - Error reading data: 'ShimmerBluetooth' object has no attribute 'read'
2025-11-13 11:12:35,972 - shimmer_device - ERROR - Error reading data: 'ShimmerBluetooth' object has no attribute 'read'
2025-11-13 11:12:35,974 - shimmer_device - ERROR - Error reading data: 'ShimmerBluetooth' object has no attribute 'read'
2025-11-13 11:12:35,975 - shimmer_device - ERROR - Error reading data: 'ShimmerBluetooth' object has no attribute 'read'
2025-11-13 11:12:35,976 - shimmer_device - ERROR - Error reading data: 'ShimmerBluetooth' object has no attribute 'read'
2025-11-13 11:12:35,977 - shimmer_device - ERROR - Error reading data: 'ShimmerBluetooth' object has no attribute 'read'
2025-11-13 11:12:35,979 - shimmer_device - ERROR - Error reading data: 'ShimmerBluetooth' object has no attribute 'read'
2025-11-13 11:12:35,981 - shimmer_device - ERROR - Error reading data: 'ShimmerBluetooth' object has no attribute 'read'
2025-11-13 11:12:35,982 - shimmer_device - ERROR - Error reading data: 'ShimmerBluetooth' object has no attribute 'read'
2025-11-13 11:12:35,984 - shimmer_device - ERROR - Error reading data: 'ShimmerBluetooth' object has no attribute 'read'
2025-11-13 11:12:35,986 - shimmer_device - ERROR - Error reading data: 'ShimmerBluetooth' object has no attribute 'read'
2025-11-13 11:12:35,987 - shimmer_device - ERROR - Error reading data: 'ShimmerBluetooth' object has no attribute 'read'
2025-11-13 11:12:35,989 - shimmer_device - ERROR - Error reading data: 'ShimmerBluetooth' object has no attribute 'read'
2025-11-13 11:12:35,991 - shimmer_device - ERROR - Error reading data: 'ShimmerBluetooth' object has no attribute 'read'
2025-11-13 11:12:35,993 - shimmer_device - ERROR - Error reading data: 'ShimmerBluetooth' object has no attribute 'read'
2025-11-13 11:12:35,994 - shimmer_device - ERROR - Error reading data: 'ShimmerBluetooth' object has no attribute 'read'
2025-11-13 11:12:35,996 - shimmer_device - ERROR - Error reading data: 'ShimmerBluetooth' object has no attribute 'read'
2025-11-13 11:12:35,997 - shimmer_device - ERROR - Error reading data: 'ShimmerBluetooth' object has no attribute 'read'
2025-11-13 11:12:35,999 - shimmer_device - ERROR - Error reading data: 'ShimmerBluetooth' object has no attribute 'read'
2025-11-13 11:12:36,000 - shimmer_device - ERROR - Error reading data: 'ShimmerBluetooth' object has no attribute 'read'
2025-11-13 11:12:36,002 - shimmer_device - ERROR - Error reading data: 'ShimmerBluetooth' object has no attribute 'read'
2025-11-13 11:12:36,003 - shimmer_device - ERROR - Error reading data: 'ShimmerBluetooth' object has no attribute 'read'
2025-11-13 11:12:36,004 - shimmer_device - ERROR - Error reading data: 'ShimmerBluetooth' object has no attribute 'read'
2025-11-13 11:12:36,006 - shimmer_device - ERROR - Error reading data: 'ShimmerBluetooth' object has no attribute 'read'
2025-11-13 11:12:36,007 - shimmer_device - ERROR - Error reading data: 'ShimmerBluetooth' object has no attribute 'read'
2025-11-13 11:12:36,008 - shimmer_device - ERROR - Error reading data: 'ShimmerBluetooth' object has no attribute 'read'
2025-11-13 11:12:36,009 - shimmer_device - ERROR - Error reading data: 'ShimmerBluetooth' object has no attribute 'read'
2025-11-13 11:12:36,010 - shimmer_device - ERROR - Error reading data: 'ShimmerBluetooth' object has no attribute 'read'
2025-11-13 11:12:36,011 - shimmer_device - ERROR - Error reading data: 'ShimmerBluetooth' object has no attribute 'read'
2025-11-13 11:12:36,013 - shimmer_device - ERROR - Error reading data: 'ShimmerBluetooth' object has no attribute 'read'
2025-11-13 11:12:36,014 - shimmer_device - ERROR - Error reading data: 'ShimmerBluetooth' object has no attribute 'read'
2025-11-13 11:12:36,015 - shimmer_device - ERROR - Error reading data: 'ShimmerBluetooth' object has no attribute 'read'
2025-11-13 11:12:36,017 - shimmer_device - ERROR - Error reading data: 'ShimmerBluetooth' object has no attribute 'read'
2025-11-13 11:12:36,018 - shimmer_device - ERROR - Error reading data: 'ShimmerBluetooth' object has no attribute 'read'
2025-11-13 11:12:36,019 - shimmer_device - ERROR - Error reading data: 'ShimmerBluetooth' object has no attribute 'read'
2025-11-13 11:12:36,021 - shimmer_device - ERROR - Error reading data: 'ShimmerBluetooth' object has no attribute 'read'
2025-11-13 11:12:36,022 - shimmer_device - ERROR - Error reading data: 'ShimmerBluetooth' object has no attribute 'read'
2025-11-13 11:12:36,023 - shimmer_device - ERROR - Error reading data: 'ShimmerBluetooth' object has no attribute 'read'
2025-11-13 11:12:36,024 - shimmer_device - ERROR - Error reading data: 'ShimmerBluetooth' object has no attribute 'read'
2025-11-13 11:12:36,025 - shimmer_device - ERROR - Error reading data: 'ShimmerBluetooth' object has no attribute 'read'
2025-11-13 11:12:36,026 - shimmer_device - ERROR - Error reading data: 'ShimmerBluetooth' object has no attribute 'read'
2025-11-13 11:12:36,028 - shimmer_device - ERROR - Error reading data: 'ShimmerBluetooth' object has no attribute 'read'
2025-11-13 11:12:36,030 - shimmer_device - ERROR - Error reading data: 'ShimmerBluetooth' object has no attribute 'read'
2025-11-13 11:12:36,032 - shimmer_device - ERROR - Error reading data: 'ShimmerBluetooth' object has no attribute 'read'
2025-11-13 11:12:36,033 - shimmer_device - ERROR - Error reading data: 'ShimmerBluetooth' object has no attribute 'read'
2025-11-13 11:12:36,034 - shimmer_device - ERROR - Error reading data: 'ShimmerBluetooth' object has no attribute 'read'
2025-11-13 11:12:36,036 - shimmer_device - ERROR - Error reading data: 'ShimmerBluetooth' object has no attribute 'read'
2025-11-13 11:12:36,038 - shimmer_device - ERROR - Error reading data: 'ShimmerBluetooth' object has no attribute 'read'
2025-11-13 11:12:36,039 - shimmer_device - ERROR - Error reading data: 'ShimmerBluetooth' object has no attribute 'read'
2025-11-13 11:12:36,040 - shimmer_device - ERROR - Error reading data: 'ShimmerBluetooth' object has no attribute 'read'
2025-11-13 11:12:36,042 - shimmer_device - ERROR - Error reading data: 'ShimmerBluetooth' object has no attribute 'read'
2025-11-13 11:12:36,043 - shimmer_device - ERROR - Error reading data: 'ShimmerBluetooth' object has no attribute 'read'
2025-11-13 11:12:36,044 - shimmer_device - ERROR - Error reading data: 'ShimmerBluetooth' object has no attribute 'read'
2025-11-13 11:12:36,046 - shimmer_device - ERROR - Error reading data: 'ShimmerBluetooth' object has no attribute 'read'
2025-11-13 11:12:36,047 - shimmer_device - ERROR - Error reading data: 'ShimmerBluetooth' object has no attribute 'read'
2025-11-13 11:12:36,048 - shimmer_device - ERROR - Error reading data: 'ShimmerBluetooth' object has no attribute 'read'
2025-11-13 11:12:36,050 - shimmer_device - ERROR - Error reading data: 'ShimmerBluetooth' object has no attribute 'read'
2025-11-13 11:12:36,051 - shimmer_device - ERROR - Error reading data: 'ShimmerBluetooth' object has no attribute 'read'
2025-11-13 11:12:36,053 - shimmer_device - ERROR - Error reading data: 'ShimmerBluetooth' object has no attribute 'read'
2025-11-13 11:12:36,054 - shimmer_device - ERROR - Error reading data: 'ShimmerBluetooth' object has no attribute 'read'
2025-11-13 11:12:36,056 - shimmer_device - ERROR - Error reading data: 'ShimmerBluetooth' object has no attribute 'read'
2025-11-13 11:12:36,057 - shimmer_device - ERROR - Error reading data: 'ShimmerBluetooth' object has no attribute 'read'
2025-11-13 11:12:36,059 - shimmer_device - ERROR - Error reading data: 'ShimmerBluetooth' object has no attribute 'read'
2025-11-13 11:12:36,061 - shimmer_device - ERROR - Error reading data: 'ShimmerBluetooth' object has no attribute 'read'
2025-11-13 11:12:36,062 - shimmer_device - ERROR - Error reading data: 'ShimmerBluetooth' object has no attribute 'read'
2025-11-13 11:12:36,063 - shimmer_device - ERROR - Error reading data: 'ShimmerBluetooth' object has no attribute 'read'
2025-11-13 11:12:36,064 - shimmer_device - ERROR - Error reading data: 'ShimmerBluetooth' object has no attribute 'read'
2025-11-13 11:12:36,065 - shimmer_device - ERROR - Error reading data: 'ShimmerBluetooth' object has no attribute 'read'
2025-11-13 11:12:36,067 - shimmer_device - ERROR - Error reading data: 'ShimmerBluetooth' object has no attribute 'read'
2025-11-13 11:12:36,068 - shimmer_device - ERROR - Error reading data: 'ShimmerBluetooth' object has no attribute 'read'
2025-11-13 11:12:36,069 - shimmer_device - ERROR - Error reading data: 'ShimmerBluetooth' object has no attribute 'read'
2025-11-13 11:12:36,071 - shimmer_device - ERROR - Error reading data: 'ShimmerBluetooth' object has no attribute 'read'
2025-11-13 11:12:36,073 - shimmer_device - ERROR - Error reading data: 'ShimmerBluetooth' object has no attribute 'read'
2025-11-13 11:12:36,074 - shimmer_device - ERROR - Error reading data: 'ShimmerBluetooth' object has no attribute 'read'
2025-11-13 11:12:36,075 - shimmer_device - ERROR - Error reading data: 'ShimmerBluetooth' object has no attribute 'read'
2025-11-13 11:12:36,075 - __main__ - INFO - 
============================================================
2025-11-13 11:12:36,075 - __main__ - INFO - Total samples: 0
2025-11-13 11:12:36,075 - __main__ - INFO - LSL pushed: 0
2025-11-13 11:12:36,075 - __main__ - INFO - LSL rate: 0.00 Hz (0.0% of nominal)
2025-11-13 11:12:36,075 - __main__ - INFO - Saved: 0
2025-11-13 11:12:36,075 - __main__ - INFO - Buffer: 0
2025-11-13 11:12:36,075 - __main__ - INFO - ============================================================
2025-11-13 11:12:36,076 - shimmer_device - ERROR - Error reading data: 'ShimmerBluetooth' object has no attribute 'read'
2025-11-13 11:12:36,078 - shimmer_device - ERROR - Error reading data: 'ShimmerBluetooth' object has no attribute 'read'
2025-11-13 11:12:36,079 - shimmer_device - ERROR - Error reading data: 'ShimmerBluetooth' object has no attribute 'read'
2025-11-13 11:12:36,080 - shimmer_device - ERROR - Error reading data: 'ShimmerBluetooth' object has no attribute 'read'
2025-11-13 11:12:36,082 - shimmer_device - ERROR - Error reading data: 'ShimmerBluetooth' object has no attribute 'read'
2025-11-13 11:12:36,084 - shimmer_device - ERROR - Error reading data: 'ShimmerBluetooth' object has no attribute 'read'
2025-11-13 11:12:36,086 - shimmer_device - ERROR - Error reading data: 'ShimmerBluetooth' object has no attribute 'read'
2025-11-13 11:12:36,087 - shimmer_device - ERROR - Error reading data: 'ShimmerBluetooth' object has no attribute 'read'
2025-11-13 11:12:36,088 - shimmer_device - ERROR - Error reading data: 'ShimmerBluetooth' object has no attribute 'read'
2025-11-13 11:12:36,089 - shimmer_device - ERROR - Error reading data: 'ShimmerBluetooth' object has no attribute 'read'
2025-11-13 11:12:36,091 - shimmer_device - ERROR - Error reading data: 'ShimmerBluetooth' object has no attribute 'read'
2025-11-13 11:12:36,093 - shimmer_device - ERROR - Error reading data: 'ShimmerBluetooth' object has no attribute 'read'
2025-11-13 11:12:36,094 - shimmer_device - ERROR - Error reading data: 'ShimmerBluetooth' object has no attribute 'read'
2025-11-13 11:12:36,096 - shimmer_device - ERROR - Error reading data: 'ShimmerBluetooth' object has no attribute 'read'
2025-11-13 11:12:36,097 - shimmer_device - ERROR - Error reading data: 'ShimmerBluetooth' object has no attribute 'read'
2025-11-13 11:12:36,099 - shimmer_device - ERROR - Error reading data: 'ShimmerBluetooth' object has no attribute 'read'
2025-11-13 11:12:36,100 - shimmer_device - ERROR - Error reading data: 'ShimmerBluetooth' object has no attribute 'read'
2025-11-13 11:12:36,101 - shimmer_device - ERROR - Error reading data: 'ShimmerBluetooth' object has no attribute 'read'
2025-11-13 11:12:36,102 - shimmer_device - ERROR - Error reading data: 'ShimmerBluetooth' object has no attribute 'read'
2025-11-13 11:12:36,103 - shimmer_device - ERROR - Error reading data: 'ShimmerBluetooth' object has no attribute 'read'
2025-11-13 11:12:36,104 - shimmer_device - ERROR - Error reading data: 'ShimmerBluetooth' object has no attribute 'read'
2025-11-13 11:12:36,105 - shimmer_device - ERROR - Error reading data: 'ShimmerBluetooth' object has no attribute 'read'
2025-11-13 11:12:36,106 - shimmer_device - ERROR - Error reading data: 'ShimmerBluetooth' object has no attribute 'read'
2025-11-13 11:12:36,107 - shimmer_device - ERROR - Error reading data: 'ShimmerBluetooth' object has no attribute 'read'
2025-11-13 11:12:36,109 - shimmer_device - ERROR - Error reading data: 'ShimmerBluetooth' object has no attribute 'read'
2025-11-13 11:12:36,110 - shimmer_device - ERROR - Error reading data: 'ShimmerBluetooth' object has no attribute 'read'
2025-11-13 11:12:36,111 - shimmer_device - ERROR - Error reading data: 'ShimmerBluetooth' object has no attribute 'read'
2025-11-13 11:12:36,112 - shimmer_device - ERROR - Error reading data: 'ShimmerBluetooth' object has no attribute 'read'
2025-11-13 11:12:36,113 - shimmer_device - ERROR - Error reading data: 'ShimmerBluetooth' object has no attribute 'read'
2025-11-13 11:12:36,114 - shimmer_device - ERROR - Error reading data: 'ShimmerBluetooth' object has no attribute 'read'
2025-11-13 11:12:36,115 - shimmer_device - ERROR - Error reading data: 'ShimmerBluetooth' object has no attribute 'read'
2025-11-13 11:12:36,116 - shimmer_device - ERROR - Error reading data: 'ShimmerBluetooth' object has no attribute 'read'
2025-11-13 11:12:36,117 - shimmer_device - ERROR - Error reading data: 'ShimmerBluetooth' object has no attribute 'read'
2025-11-13 11:12:36,118 - shimmer_device - ERROR - Error reading data: 'ShimmerBluetooth' object has no attribute 'read'
2025-11-13 11:12:36,119 - shimmer_device - ERROR - Error reading data: 'ShimmerBluetooth' object has no attribute 'read'
2025-11-13 11:12:36,120 - shimmer_device - ERROR - Error reading data: 'ShimmerBluetooth' object has no attribute 'read'
2025-11-13 11:12:36,121 - shimmer_device - ERROR - Error reading data: 'ShimmerBluetooth' object has no attribute 'read'
2025-11-13 11:12:36,123 - shimmer_device - ERROR - Error reading data: 'ShimmerBluetooth' object has no attribute 'read'
2025-11-13 11:12:36,124 - shimmer_device - ERROR - Error reading data: 'ShimmerBluetooth' object has no attribute 'read'
2025-11-13 11:12:36,125 - shimmer_device - ERROR - Error reading data: 'ShimmerBluetooth' object has no attribute 'read'
2025-11-13 11:12:36,127 - shimmer_device - ERROR - Error reading data: 'ShimmerBluetooth' object has no attribute 'read'
2025-11-13 11:12:36,128 - shimmer_device - ERROR - Error reading data: 'ShimmerBluetooth' object has no attribute 'read'
2025-11-13 11:12:36,129 - shimmer_device - ERROR - Error reading data: 'ShimmerBluetooth' object has no attribute 'read'
2025-11-13 11:12:36,130 - shimmer_device - ERROR - Error reading data: 'ShimmerBluetooth' object has no attribute 'read'
2025-11-13 11:12:36,131 - shimmer_device - ERROR - Error reading data: 'ShimmerBluetooth' object has no attribute 'read'
2025-11-13 11:12:36,132 - shimmer_device - ERROR - Error reading data: 'ShimmerBluetooth' object has no attribute 'read'
2025-11-13 11:12:36,133 - shimmer_device - ERROR - Error reading data: 'ShimmerBluetooth' object has no attribute 'read'
2025-11-13 11:12:36,134 - shimmer_device - ERROR - Error reading data: 'ShimmerBluetooth' object has no attribute 'read'
2025-11-13 11:12:36,135 - shimmer_device - ERROR - Error reading data: 'ShimmerBluetooth' object has no attribute 'read'
2025-11-13 11:12:36,137 - shimmer_device - ERROR - Error reading data: 'ShimmerBluetooth' object has no attribute 'read'
2025-11-13 11:12:36,138 - shimmer_device - ERROR - Error reading data: 'ShimmerBluetooth' object has no attribute 'read'
2025-11-13 11:12:36,140 - shimmer_device - ERROR - Error reading data: 'ShimmerBluetooth' object has no attribute 'read'
2025-11-13 11:12:36,141 - shimmer_device - ERROR - Error reading data: 'ShimmerBluetooth' object has no attribute 'read'
2025-11-13 11:12:36,142 - shimmer_device - ERROR - Error reading data: 'ShimmerBluetooth' object has no attribute 'read'
2025-11-13 11:12:36,143 - shimmer_device - ERROR - Error reading data: 'ShimmerBluetooth' object has no attribute 'read'
2025-11-13 11:12:36,145 - shimmer_device - ERROR - Error reading data: 'ShimmerBluetooth' object has no attribute 'read'
2025-11-13 11:12:36,146 - shimmer_device - ERROR - Error reading data: 'ShimmerBluetooth' object has no attribute 'read'
2025-11-13 11:12:36,148 - shimmer_device - ERROR - Error reading data: 'ShimmerBluetooth' object has no attribute 'read'
2025-11-13 11:12:36,149 - shimmer_device - ERROR - Error reading data: 'ShimmerBluetooth' object has no attribute 'read'
2025-11-13 11:12:36,150 - shimmer_device - ERROR - Error reading data: 'ShimmerBluetooth' object has no attribute 'read'
2025-11-13 11:12:36,152 - shimmer_device - ERROR - Error reading data: 'ShimmerBluetooth' object has no attribute 'read'
2025-11-13 11:12:36,153 - shimmer_device - ERROR - Error reading data: 'ShimmerBluetooth' object has no attribute 'read'
2025-11-13 11:12:36,155 - shimmer_device - ERROR - Error reading data: 'ShimmerBluetooth' object has no attribute 'read'
2025-11-13 11:12:36,156 - shimmer_device - ERROR - Error reading data: 'ShimmerBluetooth' object has no attribute 'read'
2025-11-13 11:12:36,157 - shimmer_device - ERROR - Error reading data: 'ShimmerBluetooth' object has no attribute 'read'
2025-11-13 11:12:36,159 - shimmer_device - ERROR - Error reading data: 'ShimmerBluetooth' object has no attribute 'read'
2025-11-13 11:12:36,160 - shimmer_device - ERROR - Error reading data: 'ShimmerBluetooth' object has no attribute 'read'
2025-11-13 11:12:36,161 - shimmer_device - ERROR - Error reading data: 'ShimmerBluetooth' object has no attribute 'read'
2025-11-13 11:12:36,162 - shimmer_device - ERROR - Error reading data: 'ShimmerBluetooth' object has no attribute 'read'
2025-11-13 11:12:36,164 - shimmer_device - ERROR - Error reading data: 'ShimmerBluetooth' object has no attribute 'read'
2025-11-13 11:12:36,165 - shimmer_device - ERROR - Error reading data: 'ShimmerBluetooth' object has no attribute 'read'
2025-11-13 11:12:36,167 - shimmer_device - ERROR - Error reading data: 'ShimmerBluetooth' object has no attribute 'read'
2025-11-13 11:12:36,168 - shimmer_device - ERROR - Error reading data: 'ShimmerBluetooth' object has no attribute 'read'
2025-11-13 11:12:36,170 - shimmer_device - ERROR - Error reading data: 'ShimmerBluetooth' object has no attribute 'read'
2025-11-13 11:12:36,172 - shimmer_device - ERROR - Error reading data: 'ShimmerBluetooth' object has no attribute 'read'
2025-11-13 11:12:36,173 - shimmer_device - ERROR - Error reading data: 'ShimmerBluetooth' object has no attribute 'read'
2025-11-13 11:12:36,175 - shimmer_device - ERROR - Error reading data: 'ShimmerBluetooth' object has no attribute 'read'
2025-11-13 11:12:36,176 - shimmer_device - ERROR - Error reading data: 'ShimmerBluetooth' object has no attribute 'read'
2025-11-13 11:12:36,177 - shimmer_device - ERROR - Error reading data: 'ShimmerBluetooth' object has no attribute 'read'
2025-11-13 11:12:36,179 - shimmer_device - ERROR - Error reading data: 'ShimmerBluetooth' object has no attribute 'read'
2025-11-13 11:12:36,181 - shimmer_device - ERROR - Error reading data: 'ShimmerBluetooth' object has no attribute 'read'
2025-11-13 11:12:36,182 - shimmer_device - ERROR - Error reading data: 'ShimmerBluetooth' object has no attribute 'read'
2025-11-13 11:12:36,183 - shimmer_device - ERROR - Error reading data: 'ShimmerBluetooth' object has no attribute 'read'
2025-11-13 11:12:36,184 - shimmer_device - ERROR - Error reading data: 'ShimmerBluetooth' object has no attribute 'read'
2025-11-13 11:12:36,185 - shimmer_device - ERROR - Error reading data: 'ShimmerBluetooth' object has no attribute 'read'
2025-11-13 11:12:36,186 - shimmer_device - ERROR - Error reading data: 'ShimmerBluetooth' object has no attribute 'read'
2025-11-13 11:12:36,187 - shimmer_device - ERROR - Error reading data: 'ShimmerBluetooth' object has no attribute 'read'
2025-11-13 11:12:36,189 - shimmer_device - ERROR - Error reading data: 'ShimmerBluetooth' object has no attribute 'read'
2025-11-13 11:12:36,190 - shimmer_device - ERROR - Error reading data: 'ShimmerBluetooth' object has no attribute 'read'
2025-11-13 11:12:36,192 - shimmer_device - ERROR - Error reading data: 'ShimmerBluetooth' object has no attribute 'read'
2025-11-13 11:12:36,193 - shimmer_device - ERROR - Error reading data: 'ShimmerBluetooth' object has no attribute 'read'
2025-11-13 11:12:36,195 - shimmer_device - ERROR - Error reading data: 'ShimmerBluetooth' object has no attribute 'read'
2025-11-13 11:12:36,196 - shimmer_device - ERROR - Error reading data: 'ShimmerBluetooth' object has no attribute 'read'
2025-11-13 11:12:36,198 - shimmer_device - ERROR - Error reading data: 'ShimmerBluetooth' object has no attribute 'read'
2025-11-13 11:12:36,199 - shimmer_device - ERROR - Error reading data: 'ShimmerBluetooth' object has no attribute 'read'
2025-11-13 11:12:36,200 - shimmer_device - ERROR - Error reading data: 'ShimmerBluetooth' object has no attribute 'read'
2025-11-13 11:12:36,202 - shimmer_device - ERROR - Error reading data: 'ShimmerBluetooth' object has no attribute 'read'
2025-11-13 11:12:36,203 - shimmer_device - ERROR - Error reading data: 'ShimmerBluetooth' object has no attribute 'read'
2025-11-13 11:12:36,204 - shimmer_device - ERROR - Error reading data: 'ShimmerBluetooth' object has no attribute 'read'
2025-11-13 11:12:36,206 - shimmer_device - ERROR - Error reading data: 'ShimmerBluetooth' object has no attribute 'read'
2025-11-13 11:12:36,208 - shimmer_device - ERROR - Error reading data: 'ShimmerBluetooth' object has no attribute 'read'
2025-11-13 11:12:36,209 - shimmer_device - ERROR - Error reading data: 'ShimmerBluetooth' object has no attribute 'read'
2025-11-13 11:12:36,210 - shimmer_device - ERROR - Error reading data: 'ShimmerBluetooth' object has no attribute 'read'
2025-11-13 11:12:36,211 - shimmer_device - ERROR - Error reading data: 'ShimmerBluetooth' object has no attribute 'read'
2025-11-13 11:12:36,213 - shimmer_device - ERROR - Error reading data: 'ShimmerBluetooth' object has no attribute 'read'
2025-11-13 11:12:36,214 - shimmer_device - ERROR - Error reading data: 'ShimmerBluetooth' object has no attribute 'read'
2025-11-13 11:12:36,216 - shimmer_device - ERROR - Error reading data: 'ShimmerBluetooth' object has no attribute 'read'
2025-11-13 11:12:36,218 - shimmer_device - ERROR - Error reading data: 'ShimmerBluetooth' object has no attribute 'read'
2025-11-13 11:12:36,219 - shimmer_device - ERROR - Error reading data: 'ShimmerBluetooth' object has no attribute 'read'
2025-11-13 11:12:36,220 - shimmer_device - ERROR - Error reading data: 'ShimmerBluetooth' object has no attribute 'read'
2025-11-13 11:12:36,222 - shimmer_device - ERROR - Error reading data: 'ShimmerBluetooth' object has no attribute 'read'
2025-11-13 11:12:36,223 - shimmer_device - ERROR - Error reading data: 'ShimmerBluetooth' object has no attribute 'read'
2025-11-13 11:12:36,225 - shimmer_device - ERROR - Error reading data: 'ShimmerBluetooth' object has no attribute 'read'
2025-11-13 11:12:36,227 - shimmer_device - ERROR - Error reading data: 'ShimmerBluetooth' object has no attribute 'read'
2025-11-13 11:12:36,228 - shimmer_device - ERROR - Error reading data: 'ShimmerBluetooth' object has no attribute 'read'
2025-11-13 11:12:36,230 - shimmer_device - ERROR - Error reading data: 'ShimmerBluetooth' object has no attribute 'read'
2025-11-13 11:12:36,232 - shimmer_device - ERROR - Error reading data: 'ShimmerBluetooth' object has no attribute 'read'
2025-11-13 11:12:36,233 - shimmer_device - ERROR - Error reading data: 'ShimmerBluetooth' object has no attribute 'read'
2025-11-13 11:12:36,234 - shimmer_device - ERROR - Error reading data: 'ShimmerBluetooth' object has no attribute 'read'
2025-11-13 11:12:36,235 - shimmer_device - ERROR - Error reading data: 'ShimmerBluetooth' object has no attribute 'read'
2025-11-13 11:12:36,237 - shimmer_device - ERROR - Error reading data: 'ShimmerBluetooth' object has no attribute 'read'
2025-11-13 11:12:36,238 - shimmer_device - ERROR - Error reading data: 'ShimmerBluetooth' object has no attribute 'read'
2025-11-13 11:12:36,240 - shimmer_device - ERROR - Error reading data: 'ShimmerBluetooth' object has no attribute 'read'
2025-11-13 11:12:36,241 - shimmer_device - ERROR - Error reading data: 'ShimmerBluetooth' object has no attribute 'read'
2025-11-13 11:12:36,242 - shimmer_device - ERROR - Error reading data: 'ShimmerBluetooth' object has no attribute 'read'
2025-11-13 11:12:36,243 - shimmer_device - ERROR - Error reading data: 'ShimmerBluetooth' object has no attribute 'read'
2025-11-13 11:12:36,245 - shimmer_device - ERROR - Error reading data: 'ShimmerBluetooth' object has no attribute 'read'
2025-11-13 11:12:36,246 - shimmer_device - ERROR - Error reading data: 'ShimmerBluetooth' object has no attribute 'read'
2025-11-13 11:12:36,248 - shimmer_device - ERROR - Error reading data: 'ShimmerBluetooth' object has no attribute 'read'
2025-11-13 11:12:36,250 - shimmer_device - ERROR - Error reading data: 'ShimmerBluetooth' object has no attribute 'read'
2025-11-13 11:12:36,251 - shimmer_device - ERROR - Error reading data: 'ShimmerBluetooth' object has no attribute 'read'
2025-11-13 11:12:36,252 - shimmer_device - ERROR - Error reading data: 'ShimmerBluetooth' object has no attribute 'read'
2025-11-13 11:12:36,253 - shimmer_device - ERROR - Error reading data: 'ShimmerBluetooth' object has no attribute 'read'
2025-11-13 11:12:36,254 - shimmer_device - ERROR - Error reading data: 'ShimmerBluetooth' object has no attribute 'read'
2025-11-13 11:12:36,256 - shimmer_device - ERROR - Error reading data: 'ShimmerBluetooth' object has no attribute 'read'
2025-11-13 11:12:36,258 - shimmer_device - ERROR - Error reading data: 'ShimmerBluetooth' object has no attribute 'read'
2025-11-13 11:12:36,259 - shimmer_device - ERROR - Error reading data: 'ShimmerBluetooth' object has no attribute 'read'
2025-11-13 11:12:36,261 - shimmer_device - ERROR - Error reading data: 'ShimmerBluetooth' object has no attribute 'read'
2025-11-13 11:12:36,262 - shimmer_device - ERROR - Error reading data: 'ShimmerBluetooth' object has no attribute 'read'
2025-11-13 11:12:36,263 - shimmer_device - ERROR - Error reading data: 'ShimmerBluetooth' object has no attribute 'read'
2025-11-13 11:12:36,265 - shimmer_device - ERROR - Error reading data: 'ShimmerBluetooth' object has no attribute 'read'
2025-11-13 11:12:36,267 - shimmer_device - ERROR - Error reading data: 'ShimmerBluetooth' object has no attribute 'read'
2025-11-13 11:12:36,268 - shimmer_device - ERROR - Error reading data: 'ShimmerBluetooth' object has no attribute 'read'
2025-11-13 11:12:36,270 - shimmer_device - ERROR - Error reading data: 'ShimmerBluetooth' object has no attribute 'read'
2025-11-13 11:12:36,271 - shimmer_device - ERROR - Error reading data: 'ShimmerBluetooth' object has no attribute 'read'
2025-11-13 11:12:36,272 - shimmer_device - ERROR - Error reading data: 'ShimmerBluetooth' object has no attribute 'read'
2025-11-13 11:12:36,273 - shimmer_device - ERROR - Error reading data: 'ShimmerBluetooth' object has no attribute 'read'
2025-11-13 11:12:36,275 - shimmer_device - ERROR - Error reading data: 'ShimmerBluetooth' object has no attribute 'read'
2025-11-13 11:12:36,276 - shimmer_device - ERROR - Error reading data: 'ShimmerBluetooth' object has no attribute 'read'
2025-11-13 11:12:36,277 - shimmer_device - ERROR - Error reading data: 'ShimmerBluetooth' object has no attribute 'read'
2025-11-13 11:12:36,279 - shimmer_device - ERROR - Error reading data: 'ShimmerBluetooth' object has no attribute 'read'
2025-11-13 11:12:36,280 - shimmer_device - ERROR - Error reading data: 'ShimmerBluetooth' object has no attribute 'read'
2025-11-13 11:12:36,282 - shimmer_device - ERROR - Error reading data: 'ShimmerBluetooth' object has no attribute 'read'
2025-11-13 11:12:36,284 - shimmer_device - ERROR - Error reading data: 'ShimmerBluetooth' object has no attribute 'read'
2025-11-13 11:12:36,285 - shimmer_device - ERROR - Error reading data: 'ShimmerBluetooth' object has no attribute 'read'
2025-11-13 11:12:36,287 - shimmer_device - ERROR - Error reading data: 'ShimmerBluetooth' object has no attribute 'read'
2025-11-13 11:12:36,288 - shimmer_device - ERROR - Error reading data: 'ShimmerBluetooth' object has no attribute 'read'
2025-11-13 11:12:36,290 - shimmer_device - ERROR - Error reading data: 'ShimmerBluetooth' object has no attribute 'read'
2025-11-13 11:12:36,292 - shimmer_device - ERROR - Error reading data: 'ShimmerBluetooth' object has no attribute 'read'
2025-11-13 11:12:36,293 - shimmer_device - ERROR - Error reading data: 'ShimmerBluetooth' object has no attribute 'read'
2025-11-13 11:12:36,294 - shimmer_device - ERROR - Error reading data: 'ShimmerBluetooth' object has no attribute 'read'
2025-11-13 11:12:36,296 - shimmer_device - ERROR - Error reading data: 'ShimmerBluetooth' object has no attribute 'read'
2025-11-13 11:12:36,298 - shimmer_device - ERROR - Error reading data: 'ShimmerBluetooth' object has no attribute 'read'
2025-11-13 11:12:36,300 - shimmer_device - ERROR - Error reading data: 'ShimmerBluetooth' object has no attribute 'read'
2025-11-13 11:12:36,301 - shimmer_device - ERROR - Error reading data: 'ShimmerBluetooth' object has no attribute 'read'
2025-11-13 11:12:36,302 - shimmer_device - ERROR - Error reading data: 'ShimmerBluetooth' object has no attribute 'read'
2025-11-13 11:12:36,303 - shimmer_device - ERROR - Error reading data: 'ShimmerBluetooth' object has no attribute 'read'
2025-11-13 11:12:36,304 - shimmer_device - ERROR - Error reading data: 'ShimmerBluetooth' object has no attribute 'read'
2025-11-13 11:12:36,305 - shimmer_device - ERROR - Error reading data: 'ShimmerBluetooth' object has no attribute 'read'
2025-11-13 11:12:36,307 - shimmer_device - ERROR - Error reading data: 'ShimmerBluetooth' object has no attribute 'read'
2025-11-13 11:12:36,309 - shimmer_device - ERROR - Error reading data: 'ShimmerBluetooth' object has no attribute 'read'
2025-11-13 11:12:36,311 - shimmer_device - ERROR - Error reading data: 'ShimmerBluetooth' object has no attribute 'read'
2025-11-13 11:12:36,312 - shimmer_device - ERROR - Error reading data: 'ShimmerBluetooth' object has no attribute 'read'
2025-11-13 11:12:36,313 - shimmer_device - ERROR - Error reading data: 'ShimmerBluetooth' object has no attribute 'read'
2025-11-13 11:12:36,315 - shimmer_device - ERROR - Error reading data: 'ShimmerBluetooth' object has no attribute 'read'
2025-11-13 11:12:36,317 - shimmer_device - ERROR - Error reading data: 'ShimmerBluetooth' object has no attribute 'read'
2025-11-13 11:12:36,319 - shimmer_device - ERROR - Error reading data: 'ShimmerBluetooth' object has no attribute 'read'
2025-11-13 11:12:36,320 - shimmer_device - ERROR - Error reading data: 'ShimmerBluetooth' object has no attribute 'read'
2025-11-13 11:12:36,321 - shimmer_device - ERROR - Error reading data: 'ShimmerBluetooth' object has no attribute 'read'
2025-11-13 11:12:36,322 - shimmer_device - ERROR - Error reading data: 'ShimmerBluetooth' object has no attribute 'read'
2025-11-13 11:12:36,323 - shimmer_device - ERROR - Error reading data: 'ShimmerBluetooth' object has no attribute 'read'
2025-11-13 11:12:36,325 - shimmer_device - ERROR - Error reading data: 'ShimmerBluetooth' object has no attribute 'read'
2025-11-13 11:12:36,326 - shimmer_device - ERROR - Error reading data: 'ShimmerBluetooth' object has no attribute 'read'
2025-11-13 11:12:36,327 - shimmer_device - ERROR - Error reading data: 'ShimmerBluetooth' object has no attribute 'read'
2025-11-13 11:12:36,329 - shimmer_device - ERROR - Error reading data: 'ShimmerBluetooth' object has no attribute 'read'
2025-11-13 11:12:36,331 - shimmer_device - ERROR - Error reading data: 'ShimmerBluetooth' object has no attribute 'read'
2025-11-13 11:12:36,332 - shimmer_device - ERROR - Error reading data: 'ShimmerBluetooth' object has no attribute 'read'
2025-11-13 11:12:36,334 - shimmer_device - ERROR - Error reading data: 'ShimmerBluetooth' object has no attribute 'read'
2025-11-13 11:12:36,335 - shimmer_device - ERROR - Error reading data: 'ShimmerBluetooth' object has no attribute 'read'
2025-11-13 11:12:36,336 - shimmer_device - ERROR - Error reading data: 'ShimmerBluetooth' object has no attribute 'read'
2025-11-13 11:12:36,337 - shimmer_device - ERROR - Error reading data: 'ShimmerBluetooth' object has no attribute 'read'
2025-11-13 11:12:36,339 - shimmer_device - ERROR - Error reading data: 'ShimmerBluetooth' object has no attribute 'read'
2025-11-13 11:12:36,340 - shimmer_device - ERROR - Error reading data: 'ShimmerBluetooth' object has no attribute 'read'
2025-11-13 11:12:36,341 - shimmer_device - ERROR - Error reading data: 'ShimmerBluetooth' object has no attribute 'read'
2025-11-13 11:12:36,343 - shimmer_device - ERROR - Error reading data: 'ShimmerBluetooth' object has no attribute 'read'
2025-11-13 11:12:36,344 - shimmer_device - ERROR - Error reading data: 'ShimmerBluetooth' object has no attribute 'read'
2025-11-13 11:12:36,346 - shimmer_device - ERROR - Error reading data: 'ShimmerBluetooth' object has no attribute 'read'
2025-11-13 11:12:36,347 - shimmer_device - ERROR - Error reading data: 'ShimmerBluetooth' object has no attribute 'read'
2025-11-13 11:12:36,349 - shimmer_device - ERROR - Error reading data: 'ShimmerBluetooth' object has no attribute 'read'
2025-11-13 11:12:36,350 - shimmer_device - ERROR - Error reading data: 'ShimmerBluetooth' object has no attribute 'read'
2025-11-13 11:12:36,352 - shimmer_device - ERROR - Error reading data: 'ShimmerBluetooth' object has no attribute 'read'
2025-11-13 11:12:36,353 - shimmer_device - ERROR - Error reading data: 'ShimmerBluetooth' object has no attribute 'read'
2025-11-13 11:12:36,355 - shimmer_device - ERROR - Error reading data: 'ShimmerBluetooth' object has no attribute 'read'
2025-11-13 11:12:36,357 - shimmer_device - ERROR - Error reading data: 'ShimmerBluetooth' object has no attribute 'read'
2025-11-13 11:12:36,358 - shimmer_device - ERROR - Error reading data: 'ShimmerBluetooth' object has no attribute 'read'
2025-11-13 11:12:36,359 - shimmer_device - ERROR - Error reading data: 'ShimmerBluetooth' object has no attribute 'read'
2025-11-13 11:12:36,360 - shimmer_device - ERROR - Error reading data: 'ShimmerBluetooth' object has no attribute 'read'
2025-11-13 11:12:36,362 - shimmer_device - ERROR - Error reading data: 'ShimmerBluetooth' object has no attribute 'read'
2025-11-13 11:12:36,364 - shimmer_device - ERROR - Error reading data: 'ShimmerBluetooth' object has no attribute 'read'
2025-11-13 11:12:36,365 - shimmer_device - ERROR - Error reading data: 'ShimmerBluetooth' object has no attribute 'read'
2025-11-13 11:12:36,367 - shimmer_device - ERROR - Error reading data: 'ShimmerBluetooth' object has no attribute 'read'
2025-11-13 11:12:36,368 - shimmer_device - ERROR - Error reading data: 'ShimmerBluetooth' object has no attribute 'read'
2025-11-13 11:12:36,370 - shimmer_device - ERROR - Error reading data: 'ShimmerBluetooth' object has no attribute 'read'
2025-11-13 11:12:36,372 - shimmer_device - ERROR - Error reading data: 'ShimmerBluetooth' object has no attribute 'read'
2025-11-13 11:12:36,374 - shimmer_device - ERROR - Error reading data: 'ShimmerBluetooth' object has no attribute 'read'
2025-11-13 11:12:36,375 - shimmer_device - ERROR - Error reading data: 'ShimmerBluetooth' object has no attribute 'read'
2025-11-13 11:12:36,377 - shimmer_device - ERROR - Error reading data: 'ShimmerBluetooth' object has no attribute 'read'
2025-11-13 11:12:36,378 - shimmer_device - ERROR - Error reading data: 'ShimmerBluetooth' object has no attribute 'read'
2025-11-13 11:12:36,379 - shimmer_device - ERROR - Error reading data: 'ShimmerBluetooth' object has no attribute 'read'
2025-11-13 11:12:36,381 - shimmer_device - ERROR - Error reading data: 'ShimmerBluetooth' object has no attribute 'read'
2025-11-13 11:12:36,382 - shimmer_device - ERROR - Error reading data: 'ShimmerBluetooth' object has no attribute 'read'
2025-11-13 11:12:36,383 - shimmer_device - ERROR - Error reading data: 'ShimmerBluetooth' object has no attribute 'read'
2025-11-13 11:12:36,384 - shimmer_device - ERROR - Error reading data: 'ShimmerBluetooth' object has no attribute 'read'
2025-11-13 11:12:36,386 - shimmer_device - ERROR - Error reading data: 'ShimmerBluetooth' object has no attribute 'read'
2025-11-13 11:12:36,388 - shimmer_device - ERROR - Error reading data: 'ShimmerBluetooth' object has no attribute 'read'
2025-11-13 11:12:36,390 - shimmer_device - ERROR - Error reading data: 'ShimmerBluetooth' object has no attribute 'read'
2025-11-13 11:12:36,391 - shimmer_device - ERROR - Error reading data: 'ShimmerBluetooth' object has no attribute 'read'
2025-11-13 11:12:36,392 - shimmer_device - ERROR - Error reading data: 'ShimmerBluetooth' object has no attribute 'read'
2025-11-13 11:12:36,393 - shimmer_device - ERROR - Error reading data: 'ShimmerBluetooth' object has no attribute 'read'
2025-11-13 11:12:36,394 - shimmer_device - ERROR - Error reading data: 'ShimmerBluetooth' object has no attribute 'read'
2025-11-13 11:12:36,396 - shimmer_device - ERROR - Error reading data: 'ShimmerBluetooth' object has no attribute 'read'
2025-11-13 11:12:36,397 - shimmer_device - ERROR - Error reading data: 'ShimmerBluetooth' object has no attribute 'read'
2025-11-13 11:12:36,398 - shimmer_device - ERROR - Error reading data: 'ShimmerBluetooth' object has no attribute 'read'
2025-11-13 11:12:36,399 - shimmer_device - ERROR - Error reading data: 'ShimmerBluetooth' object has no attribute 'read'
2025-11-13 11:12:36,401 - shimmer_device - ERROR - Error reading data: 'ShimmerBluetooth' object has no attribute 'read'
2025-11-13 11:12:36,403 - shimmer_device - ERROR - Error reading data: 'ShimmerBluetooth' object has no attribute 'read'
2025-11-13 11:12:36,404 - shimmer_device - ERROR - Error reading data: 'ShimmerBluetooth' object has no attribute 'read'
2025-11-13 11:12:36,406 - shimmer_device - ERROR - Error reading data: 'ShimmerBluetooth' object has no attribute 'read'
2025-11-13 11:12:36,407 - shimmer_device - ERROR - Error reading data: 'ShimmerBluetooth' object has no attribute 'read'
2025-11-13 11:12:36,408 - shimmer_device - ERROR - Error reading data: 'ShimmerBluetooth' object has no attribute 'read'
2025-11-13 11:12:36,409 - shimmer_device - ERROR - Error reading data: 'ShimmerBluetooth' object has no attribute 'read'
2025-11-13 11:12:36,412 - shimmer_device - ERROR - Error reading data: 'ShimmerBluetooth' object has no attribute 'read'
2025-11-13 11:12:36,413 - shimmer_device - ERROR - Error reading data: 'ShimmerBluetooth' object has no attribute 'read'
2025-11-13 11:12:36,415 - shimmer_device - ERROR - Error reading data: 'ShimmerBluetooth' object has no attribute 'read'
2025-11-13 11:12:36,416 - shimmer_device - ERROR - Error reading data: 'ShimmerBluetooth' object has no attribute 'read'
2025-11-13 11:12:36,417 - shimmer_device - ERROR - Error reading data: 'ShimmerBluetooth' object has no attribute 'read'
2025-11-13 11:12:36,418 - shimmer_device - ERROR - Error reading data: 'ShimmerBluetooth' object has no attribute 'read'
2025-11-13 11:12:36,420 - shimmer_device - ERROR - Error reading data: 'ShimmerBluetooth' object has no attribute 'read'
2025-11-13 11:12:36,421 - shimmer_device - ERROR - Error reading data: 'ShimmerBluetooth' object has no attribute 'read'
2025-11-13 11:12:36,422 - shimmer_device - ERROR - Error reading data: 'ShimmerBluetooth' object has no attribute 'read'
2025-11-13 11:12:36,423 - shimmer_device - ERROR - Error reading data: 'ShimmerBluetooth' object has no attribute 'read'
2025-11-13 11:12:36,425 - shimmer_device - ERROR - Error reading data: 'ShimmerBluetooth' object has no attribute 'read'
2025-11-13 11:12:36,426 - shimmer_device - ERROR - Error reading data: 'ShimmerBluetooth' object has no attribute 'read'
2025-11-13 11:12:36,427 - shimmer_device - ERROR - Error reading data: 'ShimmerBluetooth' object has no attribute 'read'
2025-11-13 11:12:36,428 - shimmer_device - ERROR - Error reading data: 'ShimmerBluetooth' object has no attribute 'read'
2025-11-13 11:12:36,430 - shimmer_device - ERROR - Error reading data: 'ShimmerBluetooth' object has no attribute 'read'
2025-11-13 11:12:36,431 - shimmer_device - ERROR - Error reading data: 'ShimmerBluetooth' object has no attribute 'read'
2025-11-13 11:12:36,432 - shimmer_device - ERROR - Error reading data: 'ShimmerBluetooth' object has no attribute 'read'
2025-11-13 11:12:36,433 - shimmer_device - ERROR - Error reading data: 'ShimmerBluetooth' object has no attribute 'read'
2025-11-13 11:12:36,434 - shimmer_device - ERROR - Error reading data: 'ShimmerBluetooth' object has no attribute 'read'
2025-11-13 11:12:36,436 - shimmer_device - ERROR - Error reading data: 'ShimmerBluetooth' object has no attribute 'read'
2025-11-13 11:12:36,437 - shimmer_device - ERROR - Error reading data: 'ShimmerBluetooth' object has no attribute 'read'
2025-11-13 11:12:36,439 - shimmer_device - ERROR - Error reading data: 'ShimmerBluetooth' object has no attribute 'read'
2025-11-13 11:12:36,440 - shimmer_device - ERROR - Error reading data: 'ShimmerBluetooth' object has no attribute 'read'
2025-11-13 11:12:36,441 - shimmer_device - ERROR - Error reading data: 'ShimmerBluetooth' object has no attribute 'read'
2025-11-13 11:12:36,442 - shimmer_device - ERROR - Error reading data: 'ShimmerBluetooth' object has no attribute 'read'
2025-11-13 11:12:36,443 - shimmer_device - ERROR - Error reading data: 'ShimmerBluetooth' object has no attribute 'read'
2025-11-13 11:12:36,444 - shimmer_device - ERROR - Error reading data: 'ShimmerBluetooth' object has no attribute 'read'
2025-11-13 11:12:36,446 - shimmer_device - ERROR - Error reading data: 'ShimmerBluetooth' object has no attribute 'read'
2025-11-13 11:12:36,447 - shimmer_device - ERROR - Error reading data: 'ShimmerBluetooth' object has no attribute 'read'
2025-11-13 11:12:36,449 - shimmer_device - ERROR - Error reading data: 'ShimmerBluetooth' object has no attribute 'read'
2025-11-13 11:12:36,450 - shimmer_device - ERROR - Error reading data: 'ShimmerBluetooth' object has no attribute 'read'
2025-11-13 11:12:36,452 - shimmer_device - ERROR - Error reading data: 'ShimmerBluetooth' object has no attribute 'read'
2025-11-13 11:12:36,453 - shimmer_device - ERROR - Error reading data: 'ShimmerBluetooth' object has no attribute 'read'
2025-11-13 11:12:36,454 - shimmer_device - ERROR - Error reading data: 'ShimmerBluetooth' object has no attribute 'read'
2025-11-13 11:12:36,456 - shimmer_device - ERROR - Error reading data: 'ShimmerBluetooth' object has no attribute 'read'
2025-11-13 11:12:36,458 - shimmer_device - ERROR - Error reading data: 'ShimmerBluetooth' object has no attribute 'read'
2025-11-13 11:12:36,459 - shimmer_device - ERROR - Error reading data: 'ShimmerBluetooth' object has no attribute 'read'
2025-11-13 11:12:36,461 - shimmer_device - ERROR - Error reading data: 'ShimmerBluetooth' object has no attribute 'read'
2025-11-13 11:12:36,462 - shimmer_device - ERROR - Error reading data: 'ShimmerBluetooth' object has no attribute 'read'
2025-11-13 11:12:36,463 - shimmer_device - ERROR - Error reading data: 'ShimmerBluetooth' object has no attribute 'read'
2025-11-13 11:12:36,465 - shimmer_device - ERROR - Error reading data: 'ShimmerBluetooth' object has no attribute 'read'
2025-11-13 11:12:36,467 - shimmer_device - ERROR - Error reading data: 'ShimmerBluetooth' object has no attribute 'read'
2025-11-13 11:12:36,469 - shimmer_device - ERROR - Error reading data: 'ShimmerBluetooth' object has no attribute 'read'
2025-11-13 11:12:36,470 - shimmer_device - ERROR - Error reading data: 'ShimmerBluetooth' object has no attribute 'read'
2025-11-13 11:12:36,472 - shimmer_device - ERROR - Error reading data: 'ShimmerBluetooth' object has no attribute 'read'
2025-11-13 11:12:36,474 - shimmer_device - ERROR - Error reading data: 'ShimmerBluetooth' object has no attribute 'read'
2025-11-13 11:12:36,475 - shimmer_device - ERROR - Error reading data: 'ShimmerBluetooth' object has no attribute 'read'
2025-11-13 11:12:36,477 - shimmer_device - ERROR - Error reading data: 'ShimmerBluetooth' object has no attribute 'read'
2025-11-13 11:12:36,478 - shimmer_device - ERROR - Error reading data: 'ShimmerBluetooth' object has no attribute 'read'
2025-11-13 11:12:36,480 - shimmer_device - ERROR - Error reading data: 'ShimmerBluetooth' object has no attribute 'read'
2025-11-13 11:12:36,481 - shimmer_device - ERROR - Error reading data: 'ShimmerBluetooth' object has no attribute 'read'
2025-11-13 11:12:36,483 - shimmer_device - ERROR - Error reading data: 'ShimmerBluetooth' object has no attribute 'read'
2025-11-13 11:12:36,484 - shimmer_device - ERROR - Error reading data: 'ShimmerBluetooth' object has no attribute 'read'
2025-11-13 11:12:36,485 - shimmer_device - ERROR - Error reading data: 'ShimmerBluetooth' object has no attribute 'read'
2025-11-13 11:12:36,486 - shimmer_device - ERROR - Error reading data: 'ShimmerBluetooth' object has no attribute 'read'
2025-11-13 11:12:36,488 - shimmer_device - ERROR - Error reading data: 'ShimmerBluetooth' object has no attribute 'read'
2025-11-13 11:12:36,489 - shimmer_device - ERROR - Error reading data: 'ShimmerBluetooth' object has no attribute 'read'
2025-11-13 11:12:36,490 - shimmer_device - ERROR - Error reading data: 'ShimmerBluetooth' object has no attribute 'read'
2025-11-13 11:12:36,492 - shimmer_device - ERROR - Error reading data: 'ShimmerBluetooth' object has no attribute 'read'
2025-11-13 11:12:36,493 - shimmer_device - ERROR - Error reading data: 'ShimmerBluetooth' object has no attribute 'read'
2025-11-13 11:12:36,495 - shimmer_device - ERROR - Error reading data: 'ShimmerBluetooth' object has no attribute 'read'
2025-11-13 11:12:36,496 - shimmer_device - ERROR - Error reading data: 'ShimmerBluetooth' object has no attribute 'read'
2025-11-13 11:12:36,497 - shimmer_device - ERROR - Error reading data: 'ShimmerBluetooth' object has no attribute 'read'
2025-11-13 11:12:36,499 - shimmer_device - ERROR - Error reading data: 'ShimmerBluetooth' object has no attribute 'read'
2025-11-13 11:12:36,500 - shimmer_device - ERROR - Error reading data: 'ShimmerBluetooth' object has no attribute 'read'
2025-11-13 11:12:36,501 - shimmer_device - ERROR - Error reading data: 'ShimmerBluetooth' object has no attribute 'read'
2025-11-13 11:12:36,502 - shimmer_device - ERROR - Error reading data: 'ShimmerBluetooth' object has no attribute 'read'
2025-11-13 11:12:36,504 - shimmer_device - ERROR - Error reading data: 'ShimmerBluetooth' object has no attribute 'read'
2025-11-13 11:12:36,505 - shimmer_device - ERROR - Error reading data: 'ShimmerBluetooth' object has no attribute 'read'
2025-11-13 11:12:36,506 - shimmer_device - ERROR - Error reading data: 'ShimmerBluetooth' object has no attribute 'read'
2025-11-13 11:12:36,507 - shimmer_device - ERROR - Error reading data: 'ShimmerBluetooth' object has no attribute 'read'
2025-11-13 11:12:36,509 - shimmer_device - ERROR - Error reading data: 'ShimmerBluetooth' object has no attribute 'read'
2025-11-13 11:12:36,510 - shimmer_device - ERROR - Error reading data: 'ShimmerBluetooth' object has no attribute 'read'
2025-11-13 11:12:36,511 - shimmer_device - ERROR - Error reading data: 'ShimmerBluetooth' object has no attribute 'read'
2025-11-13 11:12:36,513 - shimmer_device - ERROR - Error reading data: 'ShimmerBluetooth' object has no attribute 'read'
2025-11-13 11:12:36,514 - shimmer_device - ERROR - Error reading data: 'ShimmerBluetooth' object has no attribute 'read'
2025-11-13 11:12:36,516 - shimmer_device - ERROR - Error reading data: 'ShimmerBluetooth' object has no attribute 'read'
2025-11-13 11:12:36,517 - shimmer_device - ERROR - Error reading data: 'ShimmerBluetooth' object has no attribute 'read'
2025-11-13 11:12:36,519 - shimmer_device - ERROR - Error reading data: 'ShimmerBluetooth' object has no attribute 'read'
2025-11-13 11:12:36,520 - shimmer_device - ERROR - Error reading data: 'ShimmerBluetooth' object has no attribute 'read'
2025-11-13 11:12:36,522 - shimmer_device - ERROR - Error reading data: 'ShimmerBluetooth' object has no attribute 'read'
2025-11-13 11:12:36,523 - shimmer_device - ERROR - Error reading data: 'ShimmerBluetooth' object has no attribute 'read'
2025-11-13 11:12:36,525 - shimmer_device - ERROR - Error reading data: 'ShimmerBluetooth' object has no attribute 'read'
2025-11-13 11:12:36,526 - shimmer_device - ERROR - Error reading data: 'ShimmerBluetooth' object has no attribute 'read'
2025-11-13 11:12:36,527 - shimmer_device - ERROR - Error reading data: 'ShimmerBluetooth' object has no attribute 'read'
2025-11-13 11:12:36,528 - shimmer_device - ERROR - Error reading data: 'ShimmerBluetooth' object has no attribute 'read'
2025-11-13 11:12:36,529 - shimmer_device - ERROR - Error reading data: 'ShimmerBluetooth' object has no attribute 'read'
2025-11-13 11:12:36,530 - shimmer_device - ERROR - Error reading data: 'ShimmerBluetooth' object has no attribute 'read'
2025-11-13 11:12:36,531 - shimmer_device - ERROR - Error reading data: 'ShimmerBluetooth' object has no attribute 'read'
2025-11-13 11:12:36,533 - shimmer_device - ERROR - Error reading data: 'ShimmerBluetooth' object has no attribute 'read'
2025-11-13 11:12:36,534 - shimmer_device - ERROR - Error reading data: 'ShimmerBluetooth' object has no attribute 'read'
2025-11-13 11:12:36,535 - shimmer_device - ERROR - Error reading data: 'ShimmerBluetooth' object has no attribute 'read'
2025-11-13 11:12:36,536 - shimmer_device - ERROR - Error reading data: 'ShimmerBluetooth' object has no attribute 'read'
2025-11-13 11:12:36,538 - shimmer_device - ERROR - Error reading data: 'ShimmerBluetooth' object has no attribute 'read'
2025-11-13 11:12:36,539 - shimmer_device - ERROR - Error reading data: 'ShimmerBluetooth' object has no attribute 'read'
2025-11-13 11:12:36,540 - shimmer_device - ERROR - Error reading data: 'ShimmerBluetooth' object has no attribute 'read'
2025-11-13 11:12:36,542 - shimmer_device - ERROR - Error reading data: 'ShimmerBluetooth' object has no attribute 'read'
2025-11-13 11:12:36,544 - shimmer_device - ERROR - Error reading data: 'ShimmerBluetooth' object has no attribute 'read'
2025-11-13 11:12:36,545 - shimmer_device - ERROR - Error reading data: 'ShimmerBluetooth' object has no attribute 'read'
2025-11-13 11:12:36,547 - shimmer_device - ERROR - Error reading data: 'ShimmerBluetooth' object has no attribute 'read'
2025-11-13 11:12:36,549 - shimmer_device - ERROR - Error reading data: 'ShimmerBluetooth' object has no attribute 'read'
2025-11-13 11:12:36,550 - shimmer_device - ERROR - Error reading data: 'ShimmerBluetooth' object has no attribute 'read'
2025-11-13 11:12:36,551 - shimmer_device - ERROR - Error reading data: 'ShimmerBluetooth' object has no attribute 'read'
2025-11-13 11:12:36,553 - shimmer_device - ERROR - Error reading data: 'ShimmerBluetooth' object has no attribute 'read'
2025-11-13 11:12:36,554 - shimmer_device - ERROR - Error reading data: 'ShimmerBluetooth' object has no attribute 'read'
2025-11-13 11:12:36,555 - shimmer_device - ERROR - Error reading data: 'ShimmerBluetooth' object has no attribute 'read'
2025-11-13 11:12:36,557 - shimmer_device - ERROR - Error reading data: 'ShimmerBluetooth' object has no attribute 'read'
2025-11-13 11:12:36,558 - shimmer_device - ERROR - Error reading data: 'ShimmerBluetooth' object has no attribute 'read'
2025-11-13 11:12:36,560 - shimmer_device - ERROR - Error reading data: 'ShimmerBluetooth' object has no attribute 'read'
2025-11-13 11:12:36,561 - shimmer_device - ERROR - Error reading data: 'ShimmerBluetooth' object has no attribute 'read'
2025-11-13 11:12:36,562 - shimmer_device - ERROR - Error reading data: 'ShimmerBluetooth' object has no attribute 'read'
2025-11-13 11:12:36,564 - shimmer_device - ERROR - Error reading data: 'ShimmerBluetooth' object has no attribute 'read'
2025-11-13 11:12:36,565 - shimmer_device - ERROR - Error reading data: 'ShimmerBluetooth' object has no attribute 'read'
2025-11-13 11:12:36,567 - shimmer_device - ERROR - Error reading data: 'ShimmerBluetooth' object has no attribute 'read'
2025-11-13 11:12:36,568 - shimmer_device - ERROR - Error reading data: 'ShimmerBluetooth' object has no attribute 'read'
2025-11-13 11:12:36,570 - shimmer_device - ERROR - Error reading data: 'ShimmerBluetooth' object has no attribute 'read'
2025-11-13 11:12:36,572 - shimmer_device - ERROR - Error reading data: 'ShimmerBluetooth' object has no attribute 'read'
2025-11-13 11:12:36,574 - shimmer_device - ERROR - Error reading data: 'ShimmerBluetooth' object has no attribute 'read'
2025-11-13 11:12:36,576 - shimmer_device - ERROR - Error reading data: 'ShimmerBluetooth' object has no attribute 'read'
2025-11-13 11:12:36,577 - shimmer_device - ERROR - Error reading data: 'ShimmerBluetooth' object has no attribute 'read'
2025-11-13 11:12:36,579 - shimmer_device - ERROR - Error reading data: 'ShimmerBluetooth' object has no attribute 'read'
2025-11-13 11:12:36,580 - shimmer_device - ERROR - Error reading data: 'ShimmerBluetooth' object has no attribute 'read'
2025-11-13 11:12:36,582 - shimmer_device - ERROR - Error reading data: 'ShimmerBluetooth' object has no attribute 'read'
2025-11-13 11:12:36,584 - shimmer_device - ERROR - Error reading data: 'ShimmerBluetooth' object has no attribute 'read'
2025-11-13 11:12:36,586 - shimmer_device - ERROR - Error reading data: 'ShimmerBluetooth' object has no attribute 'read'
2025-11-13 11:12:36,587 - shimmer_device - ERROR - Error reading data: 'ShimmerBluetooth' object has no attribute 'read'
2025-11-13 11:12:36,589 - shimmer_device - ERROR - Error reading data: 'ShimmerBluetooth' object has no attribute 'read'
2025-11-13 11:12:36,590 - shimmer_device - ERROR - Error reading data: 'ShimmerBluetooth' object has no attribute 'read'
2025-11-13 11:12:36,591 - shimmer_device - ERROR - Error reading data: 'ShimmerBluetooth' object has no attribute 'read'
2025-11-13 11:12:36,593 - shimmer_device - ERROR - Error reading data: 'ShimmerBluetooth' object has no attribute 'read'
2025-11-13 11:12:36,594 - shimmer_device - ERROR - Error reading data: 'ShimmerBluetooth' object has no attribute 'read'
2025-11-13 11:12:36,595 - shimmer_device - ERROR - Error reading data: 'ShimmerBluetooth' object has no attribute 'read'
2025-11-13 11:12:36,597 - shimmer_device - ERROR - Error reading data: 'ShimmerBluetooth' object has no attribute 'read'
2025-11-13 11:12:36,599 - shimmer_device - ERROR - Error reading data: 'ShimmerBluetooth' object has no attribute 'read'
2025-11-13 11:12:36,601 - shimmer_device - ERROR - Error reading data: 'ShimmerBluetooth' object has no attribute 'read'
2025-11-13 11:12:36,602 - shimmer_device - ERROR - Error reading data: 'ShimmerBluetooth' object has no attribute 'read'
2025-11-13 11:12:36,603 - shimmer_device - ERROR - Error reading data: 'ShimmerBluetooth' object has no attribute 'read'
2025-11-13 11:12:36,605 - shimmer_device - ERROR - Error reading data: 'ShimmerBluetooth' object has no attribute 'read'
2025-11-13 11:12:36,607 - shimmer_device - ERROR - Error reading data: 'ShimmerBluetooth' object has no attribute 'read'
2025-11-13 11:12:36,608 - shimmer_device - ERROR - Error reading data: 'ShimmerBluetooth' object has no attribute 'read'
2025-11-13 11:12:36,610 - shimmer_device - ERROR - Error reading data: 'ShimmerBluetooth' object has no attribute 'read'
2025-11-13 11:12:36,611 - shimmer_device - ERROR - Error reading data: 'ShimmerBluetooth' object has no attribute 'read'
2025-11-13 11:12:36,612 - shimmer_device - ERROR - Error reading data: 'ShimmerBluetooth' object has no attribute 'read'
2025-11-13 11:12:36,613 - shimmer_device - ERROR - Error reading data: 'ShimmerBluetooth' object has no attribute 'read'
2025-11-13 11:12:36,615 - shimmer_device - ERROR - Error reading data: 'ShimmerBluetooth' object has no attribute 'read'
2025-11-13 11:12:36,616 - shimmer_device - ERROR - Error reading data: 'ShimmerBluetooth' object has no attribute 'read'
2025-11-13 11:12:36,617 - shimmer_device - ERROR - Error reading data: 'ShimmerBluetooth' object has no attribute 'read'
2025-11-13 11:12:36,618 - shimmer_device - ERROR - Error reading data: 'ShimmerBluetooth' object has no attribute 'read'
2025-11-13 11:12:36,620 - shimmer_device - ERROR - Error reading data: 'ShimmerBluetooth' object has no attribute 'read'
2025-11-13 11:12:36,621 - shimmer_device - ERROR - Error reading data: 'ShimmerBluetooth' object has no attribute 'read'
2025-11-13 11:12:36,623 - shimmer_device - ERROR - Error reading data: 'ShimmerBluetooth' object has no attribute 'read'
2025-11-13 11:12:36,624 - shimmer_device - ERROR - Error reading data: 'ShimmerBluetooth' object has no attribute 'read'
2025-11-13 11:12:36,626 - shimmer_device - ERROR - Error reading data: 'ShimmerBluetooth' object has no attribute 'read'
2025-11-13 11:12:36,627 - shimmer_device - ERROR - Error reading data: 'ShimmerBluetooth' object has no attribute 'read'
2025-11-13 11:12:36,628 - shimmer_device - ERROR - Error reading data: 'ShimmerBluetooth' object has no attribute 'read'
2025-11-13 11:12:36,629 - shimmer_device - ERROR - Error reading data: 'ShimmerBluetooth' object has no attribute 'read'
2025-11-13 11:12:36,631 - shimmer_device - ERROR - Error reading data: 'ShimmerBluetooth' object has no attribute 'read'
2025-11-13 11:12:36,632 - shimmer_device - ERROR - Error reading data: 'ShimmerBluetooth' object has no attribute 'read'
2025-11-13 11:12:36,634 - shimmer_device - ERROR - Error reading data: 'ShimmerBluetooth' object has no attribute 'read'
2025-11-13 11:12:36,636 - shimmer_device - ERROR - Error reading data: 'ShimmerBluetooth' object has no attribute 'read'
2025-11-13 11:12:36,637 - shimmer_device - ERROR - Error reading data: 'ShimmerBluetooth' object has no attribute 'read'
2025-11-13 11:12:36,638 - shimmer_device - ERROR - Error reading data: 'ShimmerBluetooth' object has no attribute 'read'
2025-11-13 11:12:36,640 - shimmer_device - ERROR - Error reading data: 'ShimmerBluetooth' object has no attribute 'read'
2025-11-13 11:12:36,642 - shimmer_device - ERROR - Error reading data: 'ShimmerBluetooth' object has no attribute 'read'
2025-11-13 11:12:36,643 - shimmer_device - ERROR - Error reading data: 'ShimmerBluetooth' object has no attribute 'read'
2025-11-13 11:12:36,644 - shimmer_device - ERROR - Error reading data: 'ShimmerBluetooth' object has no attribute 'read'
2025-11-13 11:12:36,646 - shimmer_device - ERROR - Error reading data: 'ShimmerBluetooth' object has no attribute 'read'
2025-11-13 11:12:36,647 - shimmer_device - ERROR - Error reading data: 'ShimmerBluetooth' object has no attribute 'read'
2025-11-13 11:12:36,648 - shimmer_device - ERROR - Error reading data: 'ShimmerBluetooth' object has no attribute 'read'
2025-11-13 11:12:36,650 - shimmer_device - ERROR - Error reading data: 'ShimmerBluetooth' object has no attribute 'read'
2025-11-13 11:12:36,651 - shimmer_device - ERROR - Error reading data: 'ShimmerBluetooth' object has no attribute 'read'
2025-11-13 11:12:36,652 - shimmer_device - ERROR - Error reading data: 'ShimmerBluetooth' object has no attribute 'read'
2025-11-13 11:12:36,654 - shimmer_device - ERROR - Error reading data: 'ShimmerBluetooth' object has no attribute 'read'
2025-11-13 11:12:36,655 - shimmer_device - ERROR - Error reading data: 'ShimmerBluetooth' object has no attribute 'read'
2025-11-13 11:12:36,656 - shimmer_device - ERROR - Error reading data: 'ShimmerBluetooth' object has no attribute 'read'
2025-11-13 11:12:36,657 - shimmer_device - ERROR - Error reading data: 'ShimmerBluetooth' object has no attribute 'read'
2025-11-13 11:12:36,658 - shimmer_device - ERROR - Error reading data: 'ShimmerBluetooth' object has no attribute 'read'
2025-11-13 11:12:36,660 - shimmer_device - ERROR - Error reading data: 'ShimmerBluetooth' object has no attribute 'read'
2025-11-13 11:12:36,661 - shimmer_device - ERROR - Error reading data: 'ShimmerBluetooth' object has no attribute 'read'
2025-11-13 11:12:36,663 - shimmer_device - ERROR - Error reading data: 'ShimmerBluetooth' object has no attribute 'read'
2025-11-13 11:12:36,665 - shimmer_device - ERROR - Error reading data: 'ShimmerBluetooth' object has no attribute 'read'
2025-11-13 11:12:36,666 - shimmer_device - ERROR - Error reading data: 'ShimmerBluetooth' object has no attribute 'read'
2025-11-13 11:12:36,667 - shimmer_device - ERROR - Error reading data: 'ShimmerBluetooth' object has no attribute 'read'
2025-11-13 11:12:36,669 - shimmer_device - ERROR - Error reading data: 'ShimmerBluetooth' object has no attribute 'read'
2025-11-13 11:12:36,670 - shimmer_device - ERROR - Error reading data: 'ShimmerBluetooth' object has no attribute 'read'
2025-11-13 11:12:36,671 - shimmer_device - ERROR - Error reading data: 'ShimmerBluetooth' object has no attribute 'read'
2025-11-13 11:12:36,673 - shimmer_device - ERROR - Error reading data: 'ShimmerBluetooth' object has no attribute 'read'
2025-11-13 11:12:36,674 - shimmer_device - ERROR - Error reading data: 'ShimmerBluetooth' object has no attribute 'read'
2025-11-13 11:12:36,676 - shimmer_device - ERROR - Error reading data: 'ShimmerBluetooth' object has no attribute 'read'
2025-11-13 11:12:36,677 - shimmer_device - ERROR - Error reading data: 'ShimmerBluetooth' object has no attribute 'read'
2025-11-13 11:12:36,679 - shimmer_device - ERROR - Error reading data: 'ShimmerBluetooth' object has no attribute 'read'
2025-11-13 11:12:36,680 - shimmer_device - ERROR - Error reading data: 'ShimmerBluetooth' object has no attribute 'read'
2025-11-13 11:12:36,682 - shimmer_device - ERROR - Error reading data: 'ShimmerBluetooth' object has no attribute 'read'
2025-11-13 11:12:36,684 - shimmer_device - ERROR - Error reading data: 'ShimmerBluetooth' object has no attribute 'read'
2025-11-13 11:12:36,686 - shimmer_device - ERROR - Error reading data: 'ShimmerBluetooth' object has no attribute 'read'
2025-11-13 11:12:36,687 - shimmer_device - ERROR - Error reading data: 'ShimmerBluetooth' object has no attribute 'read'
2025-11-13 11:12:36,688 - shimmer_device - ERROR - Error reading data: 'ShimmerBluetooth' object has no attribute 'read'
2025-11-13 11:12:36,690 - shimmer_device - ERROR - Error reading data: 'ShimmerBluetooth' object has no attribute 'read'
2025-11-13 11:12:36,691 - shimmer_device - ERROR - Error reading data: 'ShimmerBluetooth' object has no attribute 'read'
2025-11-13 11:12:36,692 - shimmer_device - ERROR - Error reading data: 'ShimmerBluetooth' object has no attribute 'read'
2025-11-13 11:12:36,694 - shimmer_device - ERROR - Error reading data: 'ShimmerBluetooth' object has no attribute 'read'
2025-11-13 11:12:36,696 - shimmer_device - ERROR - Error reading data: 'ShimmerBluetooth' object has no attribute 'read'
2025-11-13 11:12:36,698 - shimmer_device - ERROR - Error reading data: 'ShimmerBluetooth' object has no attribute 'read'
2025-11-13 11:12:36,699 - shimmer_device - ERROR - Error reading data: 'ShimmerBluetooth' object has no attribute 'read'
2025-11-13 11:12:36,700 - shimmer_device - ERROR - Error reading data: 'ShimmerBluetooth' object has no attribute 'read'
2025-11-13 11:12:36,701 - shimmer_device - ERROR - Error reading data: 'ShimmerBluetooth' object has no attribute 'read'
2025-11-13 11:12:36,703 - shimmer_device - ERROR - Error reading data: 'ShimmerBluetooth' object has no attribute 'read'
2025-11-13 11:12:36,705 - shimmer_device - ERROR - Error reading data: 'ShimmerBluetooth' object has no attribute 'read'
2025-11-13 11:12:36,706 - shimmer_device - ERROR - Error reading data: 'ShimmerBluetooth' object has no attribute 'read'
2025-11-13 11:12:36,708 - shimmer_device - ERROR - Error reading data: 'ShimmerBluetooth' object has no attribute 'read'
2025-11-13 11:12:36,709 - shimmer_device - ERROR - Error reading data: 'ShimmerBluetooth' object has no attribute 'read'
2025-11-13 11:12:36,710 - shimmer_device - ERROR - Error reading data: 'ShimmerBluetooth' object has no attribute 'read'
2025-11-13 11:12:36,711 - shimmer_device - ERROR - Error reading data: 'ShimmerBluetooth' object has no attribute 'read'
2025-11-13 11:12:36,712 - shimmer_device - ERROR - Error reading data: 'ShimmerBluetooth' object has no attribute 'read'
2025-11-13 11:12:36,714 - shimmer_device - ERROR - Error reading data: 'ShimmerBluetooth' object has no attribute 'read'
2025-11-13 11:12:36,715 - shimmer_device - ERROR - Error reading data: 'ShimmerBluetooth' object has no attribute 'read'
2025-11-13 11:12:36,716 - shimmer_device - ERROR - Error reading data: 'ShimmerBluetooth' object has no attribute 'read'
2025-11-13 11:12:36,718 - shimmer_device - ERROR - Error reading data: 'ShimmerBluetooth' object has no attribute 'read'
2025-11-13 11:12:36,719 - shimmer_device - ERROR - Error reading data: 'ShimmerBluetooth' object has no attribute 'read'
2025-11-13 11:12:36,720 - shimmer_device - ERROR - Error reading data: 'ShimmerBluetooth' object has no attribute 'read'
2025-11-13 11:12:36,721 - shimmer_device - ERROR - Error reading data: 'ShimmerBluetooth' object has no attribute 'read'
2025-11-13 11:12:36,722 - shimmer_device - ERROR - Error reading data: 'ShimmerBluetooth' object has no attribute 'read'
2025-11-13 11:12:36,724 - shimmer_device - ERROR - Error reading data: 'ShimmerBluetooth' object has no attribute 'read'
2025-11-13 11:12:36,726 - shimmer_device - ERROR - Error reading data: 'ShimmerBluetooth' object has no attribute 'read'
2025-11-13 11:12:36,727 - shimmer_device - ERROR - Error reading data: 'ShimmerBluetooth' object has no attribute 'read'
2025-11-13 11:12:36,728 - shimmer_device - ERROR - Error reading data: 'ShimmerBluetooth' object has no attribute 'read'
2025-11-13 11:12:36,729 - shimmer_device - ERROR - Error reading data: 'ShimmerBluetooth' object has no attribute 'read'
2025-11-13 11:12:36,731 - shimmer_device - ERROR - Error reading data: 'ShimmerBluetooth' object has no attribute 'read'
2025-11-13 11:12:36,732 - shimmer_device - ERROR - Error reading data: 'ShimmerBluetooth' object has no attribute 'read'
2025-11-13 11:12:36,733 - shimmer_device - ERROR - Error reading data: 'ShimmerBluetooth' object has no attribute 'read'
2025-11-13 11:12:36,734 - shimmer_device - ERROR - Error reading data: 'ShimmerBluetooth' object has no attribute 'read'
2025-11-13 11:12:36,735 - shimmer_device - ERROR - Error reading data: 'ShimmerBluetooth' object has no attribute 'read'
2025-11-13 11:12:36,737 - shimmer_device - ERROR - Error reading data: 'ShimmerBluetooth' object has no attribute 'read'
2025-11-13 11:12:36,738 - shimmer_device - ERROR - Error reading data: 'ShimmerBluetooth' object has no attribute 'read'
2025-11-13 11:12:36,739 - shimmer_device - ERROR - Error reading data: 'ShimmerBluetooth' object has no attribute 'read'
2025-11-13 11:12:36,741 - shimmer_device - ERROR - Error reading data: 'ShimmerBluetooth' object has no attribute 'read'
2025-11-13 11:12:36,742 - shimmer_device - ERROR - Error reading data: 'ShimmerBluetooth' object has no attribute 'read'
2025-11-13 11:12:36,743 - shimmer_device - ERROR - Error reading data: 'ShimmerBluetooth' object has no attribute 'read'
2025-11-13 11:12:36,744 - shimmer_device - ERROR - Error reading data: 'ShimmerBluetooth' object has no attribute 'read'
2025-11-13 11:12:36,746 - shimmer_device - ERROR - Error reading data: 'ShimmerBluetooth' object has no attribute 'read'
2025-11-13 11:12:36,747 - shimmer_device - ERROR - Error reading data: 'ShimmerBluetooth' object has no attribute 'read'
2025-11-13 11:12:36,748 - shimmer_device - ERROR - Error reading data: 'ShimmerBluetooth' object has no attribute 'read'
2025-11-13 11:12:36,750 - shimmer_device - ERROR - Error reading data: 'ShimmerBluetooth' object has no attribute 'read'
2025-11-13 11:12:36,751 - shimmer_device - ERROR - Error reading data: 'ShimmerBluetooth' object has no attribute 'read'
2025-11-13 11:12:36,752 - shimmer_device - ERROR - Error reading data: 'ShimmerBluetooth' object has no attribute 'read'
2025-11-13 11:12:36,754 - shimmer_device - ERROR - Error reading data: 'ShimmerBluetooth' object has no attribute 'read'
2025-11-13 11:12:36,755 - shimmer_device - ERROR - Error reading data: 'ShimmerBluetooth' object has no attribute 'read'
2025-11-13 11:12:36,757 - shimmer_device - ERROR - Error reading data: 'ShimmerBluetooth' object has no attribute 'read'
2025-11-13 11:12:36,759 - shimmer_device - ERROR - Error reading data: 'ShimmerBluetooth' object has no attribute 'read'
2025-11-13 11:12:36,760 - shimmer_device - ERROR - Error reading data: 'ShimmerBluetooth' object has no attribute 'read'
2025-11-13 11:12:36,762 - shimmer_device - ERROR - Error reading data: 'ShimmerBluetooth' object has no attribute 'read'
2025-11-13 11:12:36,764 - shimmer_device - ERROR - Error reading data: 'ShimmerBluetooth' object has no attribute 'read'
2025-11-13 11:12:36,766 - shimmer_device - ERROR - Error reading data: 'ShimmerBluetooth' object has no attribute 'read'
2025-11-13 11:12:36,767 - shimmer_device - ERROR - Error reading data: 'ShimmerBluetooth' object has no attribute 'read'
2025-11-13 11:12:36,768 - shimmer_device - ERROR - Error reading data: 'ShimmerBluetooth' object has no attribute 'read'
2025-11-13 11:12:36,769 - shimmer_device - ERROR - Error reading data: 'ShimmerBluetooth' object has no attribute 'read'
2025-11-13 11:12:36,771 - shimmer_device - ERROR - Error reading data: 'ShimmerBluetooth' object has no attribute 'read'
2025-11-13 11:12:36,772 - shimmer_device - ERROR - Error reading data: 'ShimmerBluetooth' object has no attribute 'read'
2025-11-13 11:12:36,773 - shimmer_device - ERROR - Error reading data: 'ShimmerBluetooth' object has no attribute 'read'
2025-11-13 11:12:36,774 - shimmer_device - ERROR - Error reading data: 'ShimmerBluetooth' object has no attribute 'read'
2025-11-13 11:12:36,775 - shimmer_device - ERROR - Error reading data: 'ShimmerBluetooth' object has no attribute 'read'
2025-11-13 11:12:36,777 - shimmer_device - ERROR - Error reading data: 'ShimmerBluetooth' object has no attribute 'read'
2025-11-13 11:12:36,779 - shimmer_device - ERROR - Error reading data: 'ShimmerBluetooth' object has no attribute 'read'
2025-11-13 11:12:36,781 - shimmer_device - ERROR - Error reading data: 'ShimmerBluetooth' object has no attribute 'read'
2025-11-13 11:12:36,783 - shimmer_device - ERROR - Error reading data: 'ShimmerBluetooth' object has no attribute 'read'
2025-11-13 11:12:36,785 - shimmer_device - ERROR - Error reading data: 'ShimmerBluetooth' object has no attribute 'read'
2025-11-13 11:12:36,787 - shimmer_device - ERROR - Error reading data: 'ShimmerBluetooth' object has no attribute 'read'
2025-11-13 11:12:36,789 - shimmer_device - ERROR - Error reading data: 'ShimmerBluetooth' object has no attribute 'read'
2025-11-13 11:12:36,791 - shimmer_device - ERROR - Error reading data: 'ShimmerBluetooth' object has no attribute 'read'
2025-11-13 11:12:36,793 - shimmer_device - ERROR - Error reading data: 'ShimmerBluetooth' object has no attribute 'read'
2025-11-13 11:12:36,795 - shimmer_device - ERROR - Error reading data: 'ShimmerBluetooth' object has no attribute 'read'
2025-11-13 11:12:36,796 - shimmer_device - ERROR - Error reading data: 'ShimmerBluetooth' object has no attribute 'read'
2025-11-13 11:12:36,798 - shimmer_device - ERROR - Error reading data: 'ShimmerBluetooth' object has no attribute 'read'
2025-11-13 11:12:36,800 - shimmer_device - ERROR - Error reading data: 'ShimmerBluetooth' object has no attribute 'read'
2025-11-13 11:12:36,802 - shimmer_device - ERROR - Error reading data: 'ShimmerBluetooth' object has no attribute 'read'
2025-11-13 11:12:36,804 - shimmer_device - ERROR - Error reading data: 'ShimmerBluetooth' object has no attribute 'read'
2025-11-13 11:12:36,806 - shimmer_device - ERROR - Error reading data: 'ShimmerBluetooth' object has no attribute 'read'
2025-11-13 11:12:36,807 - shimmer_device - ERROR - Error reading data: 'ShimmerBluetooth' object has no attribute 'read'
2025-11-13 11:12:36,809 - shimmer_device - ERROR - Error reading data: 'ShimmerBluetooth' object has no attribute 'read'
2025-11-13 11:12:36,811 - shimmer_device - ERROR - Error reading data: 'ShimmerBluetooth' object has no attribute 'read'
2025-11-13 11:12:36,812 - shimmer_device - ERROR - Error reading data: 'ShimmerBluetooth' object has no attribute 'read'
2025-11-13 11:12:36,814 - shimmer_device - ERROR - Error reading data: 'ShimmerBluetooth' object has no attribute 'read'
2025-11-13 11:12:36,815 - shimmer_device - ERROR - Error reading data: 'ShimmerBluetooth' object has no attribute 'read'
2025-11-13 11:12:36,817 - shimmer_device - ERROR - Error reading data: 'ShimmerBluetooth' object has no attribute 'read'
2025-11-13 11:12:36,818 - shimmer_device - ERROR - Error reading data: 'ShimmerBluetooth' object has no attribute 'read'
2025-11-13 11:12:36,819 - shimmer_device - ERROR - Error reading data: 'ShimmerBluetooth' object has no attribute 'read'
2025-11-13 11:12:36,820 - shimmer_device - ERROR - Error reading data: 'ShimmerBluetooth' object has no attribute 'read'
2025-11-13 11:12:36,821 - shimmer_device - ERROR - Error reading data: 'ShimmerBluetooth' object has no attribute 'read'
2025-11-13 11:12:36,823 - shimmer_device - ERROR - Error reading data: 'ShimmerBluetooth' object has no attribute 'read'
2025-11-13 11:12:36,824 - shimmer_device - ERROR - Error reading data: 'ShimmerBluetooth' object has no attribute 'read'
2025-11-13 11:12:36,825 - shimmer_device - ERROR - Error reading data: 'ShimmerBluetooth' object has no attribute 'read'
2025-11-13 11:12:36,826 - shimmer_device - ERROR - Error reading data: 'ShimmerBluetooth' object has no attribute 'read'
2025-11-13 11:12:36,827 - shimmer_device - ERROR - Error reading data: 'ShimmerBluetooth' object has no attribute 'read'
2025-11-13 11:12:36,829 - shimmer_device - ERROR - Error reading data: 'ShimmerBluetooth' object has no attribute 'read'
2025-11-13 11:12:36,830 - shimmer_device - ERROR - Error reading data: 'ShimmerBluetooth' object has no attribute 'read'
2025-11-13 11:12:36,832 - shimmer_device - ERROR - Error reading data: 'ShimmerBluetooth' object has no attribute 'read'
2025-11-13 11:12:36,834 - shimmer_device - ERROR - Error reading data: 'ShimmerBluetooth' object has no attribute 'read'
2025-11-13 11:12:36,835 - shimmer_device - ERROR - Error reading data: 'ShimmerBluetooth' object has no attribute 'read'
2025-11-13 11:12:36,836 - shimmer_device - ERROR - Error reading data: 'ShimmerBluetooth' object has no attribute 'read'
2025-11-13 11:12:36,838 - shimmer_device - ERROR - Error reading data: 'ShimmerBluetooth' object has no attribute 'read'
2025-11-13 11:12:36,839 - shimmer_device - ERROR - Error reading data: 'ShimmerBluetooth' object has no attribute 'read'
2025-11-13 11:12:36,840 - shimmer_device - ERROR - Error reading data: 'ShimmerBluetooth' object has no attribute 'read'
2025-11-13 11:12:36,841 - shimmer_device - ERROR - Error reading data: 'ShimmerBluetooth' object has no attribute 'read'
2025-11-13 11:12:36,842 - shimmer_device - ERROR - Error reading data: 'ShimmerBluetooth' object has no attribute 'read'
2025-11-13 11:12:36,844 - shimmer_device - ERROR - Error reading data: 'ShimmerBluetooth' object has no attribute 'read'
2025-11-13 11:12:36,846 - shimmer_device - ERROR - Error reading data: 'ShimmerBluetooth' object has no attribute 'read'
2025-11-13 11:12:36,848 - shimmer_device - ERROR - Error reading data: 'ShimmerBluetooth' object has no attribute 'read'
2025-11-13 11:12:36,850 - shimmer_device - ERROR - Error reading data: 'ShimmerBluetooth' object has no attribute 'read'
2025-11-13 11:12:36,851 - shimmer_device - ERROR - Error reading data: 'ShimmerBluetooth' object has no attribute 'read'
2025-11-13 11:12:36,852 - shimmer_device - ERROR - Error reading data: 'ShimmerBluetooth' object has no attribute 'read'
2025-11-13 11:12:36,854 - shimmer_device - ERROR - Error reading data: 'ShimmerBluetooth' object has no attribute 'read'
2025-11-13 11:12:36,856 - shimmer_device - ERROR - Error reading data: 'ShimmerBluetooth' object has no attribute 'read'
2025-11-13 11:12:36,858 - shimmer_device - ERROR - Error reading data: 'ShimmerBluetooth' object has no attribute 'read'
2025-11-13 11:12:36,859 - shimmer_device - ERROR - Error reading data: 'ShimmerBluetooth' object has no attribute 'read'
2025-11-13 11:12:36,861 - shimmer_device - ERROR - Error reading data: 'ShimmerBluetooth' object has no attribute 'read'
2025-11-13 11:12:36,862 - shimmer_device - ERROR - Error reading data: 'ShimmerBluetooth' object has no attribute 'read'
2025-11-13 11:12:36,863 - shimmer_device - ERROR - Error reading data: 'ShimmerBluetooth' object has no attribute 'read'
2025-11-13 11:12:36,865 - shimmer_device - ERROR - Error reading data: 'ShimmerBluetooth' object has no attribute 'read'
2025-11-13 11:12:36,866 - shimmer_device - ERROR - Error reading data: 'ShimmerBluetooth' object has no attribute 'read'
2025-11-13 11:12:36,867 - shimmer_device - ERROR - Error reading data: 'ShimmerBluetooth' object has no attribute 'read'
2025-11-13 11:12:36,868 - shimmer_device - ERROR - Error reading data: 'ShimmerBluetooth' object has no attribute 'read'
2025-11-13 11:12:36,870 - shimmer_device - ERROR - Error reading data: 'ShimmerBluetooth' object has no attribute 'read'
2025-11-13 11:12:36,871 - shimmer_device - ERROR - Error reading data: 'ShimmerBluetooth' object has no attribute 'read'
2025-11-13 11:12:36,873 - shimmer_device - ERROR - Error reading data: 'ShimmerBluetooth' object has no attribute 'read'
2025-11-13 11:12:36,874 - shimmer_device - ERROR - Error reading data: 'ShimmerBluetooth' object has no attribute 'read'
2025-11-13 11:12:36,876 - shimmer_device - ERROR - Error reading data: 'ShimmerBluetooth' object has no attribute 'read'
2025-11-13 11:12:36,877 - shimmer_device - ERROR - Error reading data: 'ShimmerBluetooth' object has no attribute 'read'
2025-11-13 11:12:36,878 - shimmer_device - ERROR - Error reading data: 'ShimmerBluetooth' object has no attribute 'read'
2025-11-13 11:12:36,879 - shimmer_device - ERROR - Error reading data: 'ShimmerBluetooth' object has no attribute 'read'
2025-11-13 11:12:36,881 - shimmer_device - ERROR - Error reading data: 'ShimmerBluetooth' object has no attribute 'read'
2025-11-13 11:12:36,882 - shimmer_device - ERROR - Error reading data: 'ShimmerBluetooth' object has no attribute 'read'
2025-11-13 11:12:36,883 - shimmer_device - ERROR - Error reading data: 'ShimmerBluetooth' object has no attribute 'read'
2025-11-13 11:12:36,884 - shimmer_device - ERROR - Error reading data: 'ShimmerBluetooth' object has no attribute 'read'
2025-11-13 11:12:36,885 - shimmer_device - ERROR - Error reading data: 'ShimmerBluetooth' object has no attribute 'read'
2025-11-13 11:12:36,887 - shimmer_device - ERROR - Error reading data: 'ShimmerBluetooth' object has no attribute 'read'
2025-11-13 11:12:36,888 - shimmer_device - ERROR - Error reading data: 'ShimmerBluetooth' object has no attribute 'read'
2025-11-13 11:12:36,890 - shimmer_device - ERROR - Error reading data: 'ShimmerBluetooth' object has no attribute 'read'
2025-11-13 11:12:36,891 - shimmer_device - ERROR - Error reading data: 'ShimmerBluetooth' object has no attribute 'read'
2025-11-13 11:12:36,893 - shimmer_device - ERROR - Error reading data: 'ShimmerBluetooth' object has no attribute 'read'
2025-11-13 11:12:36,894 - shimmer_device - ERROR - Error reading data: 'ShimmerBluetooth' object has no attribute 'read'
2025-11-13 11:12:36,895 - shimmer_device - ERROR - Error reading data: 'ShimmerBluetooth' object has no attribute 'read'
2025-11-13 11:12:36,896 - shimmer_device - ERROR - Error reading data: 'ShimmerBluetooth' object has no attribute 'read'
2025-11-13 11:12:36,897 - shimmer_device - ERROR - Error reading data: 'ShimmerBluetooth' object has no attribute 'read'
2025-11-13 11:12:36,900 - shimmer_device - ERROR - Error reading data: 'ShimmerBluetooth' object has no attribute 'read'
2025-11-13 11:12:36,901 - shimmer_device - ERROR - Error reading data: 'ShimmerBluetooth' object has no attribute 'read'
2025-11-13 11:12:36,902 - shimmer_device - ERROR - Error reading data: 'ShimmerBluetooth' object has no attribute 'read'
2025-11-13 11:12:36,903 - shimmer_device - ERROR - Error reading data: 'ShimmerBluetooth' object has no attribute 'read'
2025-11-13 11:12:36,905 - shimmer_device - ERROR - Error reading data: 'ShimmerBluetooth' object has no attribute 'read'
2025-11-13 11:12:36,907 - shimmer_device - ERROR - Error reading data: 'ShimmerBluetooth' object has no attribute 'read'
2025-11-13 11:12:36,909 - shimmer_device - ERROR - Error reading data: 'ShimmerBluetooth' object has no attribute 'read'
2025-11-13 11:12:36,910 - shimmer_device - ERROR - Error reading data: 'ShimmerBluetooth' object has no attribute 'read'
2025-11-13 11:12:36,911 - shimmer_device - ERROR - Error reading data: 'ShimmerBluetooth' object has no attribute 'read'
2025-11-13 11:12:36,912 - shimmer_device - ERROR - Error reading data: 'ShimmerBluetooth' object has no attribute 'read'
2025-11-13 11:12:36,913 - shimmer_device - ERROR - Error reading data: 'ShimmerBluetooth' object has no attribute 'read'
2025-11-13 11:12:36,914 - shimmer_device - ERROR - Error reading data: 'ShimmerBluetooth' object has no attribute 'read'
2025-11-13 11:12:36,915 - shimmer_device - ERROR - Error reading data: 'ShimmerBluetooth' object has no attribute 'read'
2025-11-13 11:12:36,917 - shimmer_device - ERROR - Error reading data: 'ShimmerBluetooth' object has no attribute 'read'
2025-11-13 11:12:36,918 - shimmer_device - ERROR - Error reading data: 'ShimmerBluetooth' object has no attribute 'read'
2025-11-13 11:12:36,919 - shimmer_device - ERROR - Error reading data: 'ShimmerBluetooth' object has no attribute 'read'
2025-11-13 11:12:36,921 - shimmer_device - ERROR - Error reading data: 'ShimmerBluetooth' object has no attribute 'read'
2025-11-13 11:12:36,922 - shimmer_device - ERROR - Error reading data: 'ShimmerBluetooth' object has no attribute 'read'
2025-11-13 11:12:36,923 - shimmer_device - ERROR - Error reading data: 'ShimmerBluetooth' object has no attribute 'read'
2025-11-13 11:12:36,925 - shimmer_device - ERROR - Error reading data: 'ShimmerBluetooth' object has no attribute 'read'
2025-11-13 11:12:36,926 - shimmer_device - ERROR - Error reading data: 'ShimmerBluetooth' object has no attribute 'read'
2025-11-13 11:12:36,927 - shimmer_device - ERROR - Error reading data: 'ShimmerBluetooth' object has no attribute 'read'
2025-11-13 11:12:36,928 - shimmer_device - ERROR - Error reading data: 'ShimmerBluetooth' object has no attribute 'read'
2025-11-13 11:12:36,929 - shimmer_device - ERROR - Error reading data: 'ShimmerBluetooth' object has no attribute 'read'
2025-11-13 11:12:36,931 - shimmer_device - ERROR - Error reading data: 'ShimmerBluetooth' object has no attribute 'read'
2025-11-13 11:12:36,932 - shimmer_device - ERROR - Error reading data: 'ShimmerBluetooth' object has no attribute 'read'
2025-11-13 11:12:36,935 - shimmer_device - ERROR - Error reading data: 'ShimmerBluetooth' object has no attribute 'read'
2025-11-13 11:12:36,936 - shimmer_device - ERROR - Error reading data: 'ShimmerBluetooth' object has no attribute 'read'
2025-11-13 11:12:36,937 - shimmer_device - ERROR - Error reading data: 'ShimmerBluetooth' object has no attribute 'read'
2025-11-13 11:12:36,938 - shimmer_device - ERROR - Error reading data: 'ShimmerBluetooth' object has no attribute 'read'
2025-11-13 11:12:36,941 - shimmer_device - ERROR - Error reading data: 'ShimmerBluetooth' object has no attribute 'read'
2025-11-13 11:12:36,942 - shimmer_device - ERROR - Error reading data: 'ShimmerBluetooth' object has no attribute 'read'
2025-11-13 11:12:36,943 - shimmer_device - ERROR - Error reading data: 'ShimmerBluetooth' object has no attribute 'read'
2025-11-13 11:12:36,945 - shimmer_device - ERROR - Error reading data: 'ShimmerBluetooth' object has no attribute 'read'
2025-11-13 11:12:36,946 - shimmer_device - ERROR - Error reading data: 'ShimmerBluetooth' object has no attribute 'read'
2025-11-13 11:12:36,947 - shimmer_device - ERROR - Error reading data: 'ShimmerBluetooth' object has no attribute 'read'
2025-11-13 11:12:36,949 - shimmer_device - ERROR - Error reading data: 'ShimmerBluetooth' object has no attribute 'read'
2025-11-13 11:12:36,950 - shimmer_device - ERROR - Error reading data: 'ShimmerBluetooth' object has no attribute 'read'
2025-11-13 11:12:36,951 - shimmer_device - ERROR - Error reading data: 'ShimmerBluetooth' object has no attribute 'read'
2025-11-13 11:12:36,952 - shimmer_device - ERROR - Error reading data: 'ShimmerBluetooth' object has no attribute 'read'
2025-11-13 11:12:36,953 - shimmer_device - ERROR - Error reading data: 'ShimmerBluetooth' object has no attribute 'read'
2025-11-13 11:12:36,955 - shimmer_device - ERROR - Error reading data: 'ShimmerBluetooth' object has no attribute 'read'
2025-11-13 11:12:36,956 - shimmer_device - ERROR - Error reading data: 'ShimmerBluetooth' object has no attribute 'read'
2025-11-13 11:12:36,958 - shimmer_device - ERROR - Error reading data: 'ShimmerBluetooth' object has no attribute 'read'
2025-11-13 11:12:36,960 - shimmer_device - ERROR - Error reading data: 'ShimmerBluetooth' object has no attribute 'read'
2025-11-13 11:12:36,961 - shimmer_device - ERROR - Error reading data: 'ShimmerBluetooth' object has no attribute 'read'
2025-11-13 11:12:36,962 - shimmer_device - ERROR - Error reading data: 'ShimmerBluetooth' object has no attribute 'read'
2025-11-13 11:12:36,964 - shimmer_device - ERROR - Error reading data: 'ShimmerBluetooth' object has no attribute 'read'
2025-11-13 11:12:36,967 - shimmer_device - ERROR - Error reading data: 'ShimmerBluetooth' object has no attribute 'read'
2025-11-13 11:12:36,968 - shimmer_device - ERROR - Error reading data: 'ShimmerBluetooth' object has no attribute 'read'
2025-11-13 11:12:36,969 - shimmer_device - ERROR - Error reading data: 'ShimmerBluetooth' object has no attribute 'read'
2025-11-13 11:12:36,970 - shimmer_device - ERROR - Error reading data: 'ShimmerBluetooth' object has no attribute 'read'
2025-11-13 11:12:36,971 - shimmer_device - ERROR - Error reading data: 'ShimmerBluetooth' object has no attribute 'read'
2025-11-13 11:12:36,973 - shimmer_device - ERROR - Error reading data: 'ShimmerBluetooth' object has no attribute 'read'
2025-11-13 11:12:36,975 - shimmer_device - ERROR - Error reading data: 'ShimmerBluetooth' object has no attribute 'read'
2025-11-13 11:12:36,976 - shimmer_device - ERROR - Error reading data: 'ShimmerBluetooth' object has no attribute 'read'
2025-11-13 11:12:36,977 - shimmer_device - ERROR - Error reading data: 'ShimmerBluetooth' object has no attribute 'read'
2025-11-13 11:12:36,978 - shimmer_device - ERROR - Error reading data: 'ShimmerBluetooth' object has no attribute 'read'
2025-11-13 11:12:36,979 - shimmer_device - ERROR - Error reading data: 'ShimmerBluetooth' object has no attribute 'read'
2025-11-13 11:12:36,980 - shimmer_device - ERROR - Error reading data: 'ShimmerBluetooth' object has no attribute 'read'
2025-11-13 11:12:36,981 - shimmer_device - ERROR - Error reading data: 'ShimmerBluetooth' object has no attribute 'read'
2025-11-13 11:12:36,983 - shimmer_device - ERROR - Error reading data: 'ShimmerBluetooth' object has no attribute 'read'
2025-11-13 11:12:36,984 - shimmer_device - ERROR - Error reading data: 'ShimmerBluetooth' object has no attribute 'read'
2025-11-13 11:12:36,986 - shimmer_device - ERROR - Error reading data: 'ShimmerBluetooth' object has no attribute 'read'
2025-11-13 11:12:36,987 - shimmer_device - ERROR - Error reading data: 'ShimmerBluetooth' object has no attribute 'read'
2025-11-13 11:12:36,988 - shimmer_device - ERROR - Error reading data: 'ShimmerBluetooth' object has no attribute 'read'
2025-11-13 11:12:36,990 - shimmer_device - ERROR - Error reading data: 'ShimmerBluetooth' object has no attribute 'read'
2025-11-13 11:12:36,991 - shimmer_device - ERROR - Error reading data: 'ShimmerBluetooth' object has no attribute 'read'
2025-11-13 11:12:36,992 - shimmer_device - ERROR - Error reading data: 'ShimmerBluetooth' object has no attribute 'read'
2025-11-13 11:12:36,994 - shimmer_device - ERROR - Error reading data: 'ShimmerBluetooth' object has no attribute 'read'
2025-11-13 11:12:36,995 - shimmer_device - ERROR - Error reading data: 'ShimmerBluetooth' object has no attribute 'read'
2025-11-13 11:12:36,996 - shimmer_device - ERROR - Error reading data: 'ShimmerBluetooth' object has no attribute 'read'
2025-11-13 11:12:36,997 - shimmer_device - ERROR - Error reading data: 'ShimmerBluetooth' object has no attribute 'read'
2025-11-13 11:12:36,999 - shimmer_device - ERROR - Error reading data: 'ShimmerBluetooth' object has no attribute 'read'
2025-11-13 11:12:37,000 - shimmer_device - ERROR - Error reading data: 'ShimmerBluetooth' object has no attribute 'read'
2025-11-13 11:12:37,001 - shimmer_device - ERROR - Error reading data: 'ShimmerBluetooth' object has no attribute 'read'
2025-11-13 11:12:37,003 - shimmer_device - ERROR - Error reading data: 'ShimmerBluetooth' object has no attribute 'read'
2025-11-13 11:12:37,004 - shimmer_device - ERROR - Error reading data: 'ShimmerBluetooth' object has no attribute 'read'
2025-11-13 11:12:37,005 - shimmer_device - ERROR - Error reading data: 'ShimmerBluetooth' object has no attribute 'read'
2025-11-13 11:12:37,007 - shimmer_device - ERROR - Error reading data: 'ShimmerBluetooth' object has no attribute 'read'
2025-11-13 11:12:37,008 - shimmer_device - ERROR - Error reading data: 'ShimmerBluetooth' object has no attribute 'read'
2025-11-13 11:12:37,009 - shimmer_device - ERROR - Error reading data: 'ShimmerBluetooth' object has no attribute 'read'
2025-11-13 11:12:37,011 - shimmer_device - ERROR - Error reading data: 'ShimmerBluetooth' object has no attribute 'read'
2025-11-13 11:12:37,012 - shimmer_device - ERROR - Error reading data: 'ShimmerBluetooth' object has no attribute 'read'
2025-11-13 11:12:37,014 - shimmer_device - ERROR - Error reading data: 'ShimmerBluetooth' object has no attribute 'read'
2025-11-13 11:12:37,015 - shimmer_device - ERROR - Error reading data: 'ShimmerBluetooth' object has no attribute 'read'
2025-11-13 11:12:37,016 - shimmer_device - ERROR - Error reading data: 'ShimmerBluetooth' object has no attribute 'read'
2025-11-13 11:12:37,017 - shimmer_device - ERROR - Error reading data: 'ShimmerBluetooth' object has no attribute 'read'
2025-11-13 11:12:37,018 - shimmer_device - ERROR - Error reading data: 'ShimmerBluetooth' object has no attribute 'read'
2025-11-13 11:12:37,021 - shimmer_device - ERROR - Error reading data: 'ShimmerBluetooth' object has no attribute 'read'
2025-11-13 11:12:37,022 - shimmer_device - ERROR - Error reading data: 'ShimmerBluetooth' object has no attribute 'read'
2025-11-13 11:12:37,023 - shimmer_device - ERROR - Error reading data: 'ShimmerBluetooth' object has no attribute 'read'
2025-11-13 11:12:37,024 - shimmer_device - ERROR - Error reading data: 'ShimmerBluetooth' object has no attribute 'read'
2025-11-13 11:12:37,026 - shimmer_device - ERROR - Error reading data: 'ShimmerBluetooth' object has no attribute 'read'
2025-11-13 11:12:37,027 - shimmer_device - ERROR - Error reading data: 'ShimmerBluetooth' object has no attribute 'read'
2025-11-13 11:12:37,028 - shimmer_device - ERROR - Error reading data: 'ShimmerBluetooth' object has no attribute 'read'
2025-11-13 11:12:37,032 - shimmer_device - ERROR - Error reading data: 'ShimmerBluetooth' object has no attribute 'read'
2025-11-13 11:12:37,033 - shimmer_device - ERROR - Error reading data: 'ShimmerBluetooth' object has no attribute 'read'
2025-11-13 11:12:37,035 - shimmer_device - ERROR - Error reading data: 'ShimmerBluetooth' object has no attribute 'read'
2025-11-13 11:12:37,036 - shimmer_device - ERROR - Error reading data: 'ShimmerBluetooth' object has no attribute 'read'
2025-11-13 11:12:37,037 - shimmer_device - ERROR - Error reading data: 'ShimmerBluetooth' object has no attribute 'read'
2025-11-13 11:12:37,038 - shimmer_device - ERROR - Error reading data: 'ShimmerBluetooth' object has no attribute 'read'
2025-11-13 11:12:37,039 - shimmer_device - ERROR - Error reading data: 'ShimmerBluetooth' object has no attribute 'read'
2025-11-13 11:12:37,040 - shimmer_device - ERROR - Error reading data: 'ShimmerBluetooth' object has no attribute 'read'
2025-11-13 11:12:37,041 - shimmer_device - ERROR - Error reading data: 'ShimmerBluetooth' object has no attribute 'read'
2025-11-13 11:12:37,042 - shimmer_device - ERROR - Error reading data: 'ShimmerBluetooth' object has no attribute 'read'
2025-11-13 11:12:37,044 - shimmer_device - ERROR - Error reading data: 'ShimmerBluetooth' object has no attribute 'read'
2025-11-13 11:12:37,046 - shimmer_device - ERROR - Error reading data: 'ShimmerBluetooth' object has no attribute 'read'
2025-11-13 11:12:37,047 - shimmer_device - ERROR - Error reading data: 'ShimmerBluetooth' object has no attribute 'read'
2025-11-13 11:12:37,049 - shimmer_device - ERROR - Error reading data: 'ShimmerBluetooth' object has no attribute 'read'
2025-11-13 11:12:37,050 - shimmer_device - ERROR - Error reading data: 'ShimmerBluetooth' object has no attribute 'read'
2025-11-13 11:12:37,051 - shimmer_device - ERROR - Error reading data: 'ShimmerBluetooth' object has no attribute 'read'
2025-11-13 11:12:37,052 - shimmer_device - ERROR - Error reading data: 'ShimmerBluetooth' object has no attribute 'read'
2025-11-13 11:12:37,053 - shimmer_device - ERROR - Error reading data: 'ShimmerBluetooth' object has no attribute 'read'
2025-11-13 11:12:37,055 - shimmer_device - ERROR - Error reading data: 'ShimmerBluetooth' object has no attribute 'read'
2025-11-13 11:12:37,056 - shimmer_device - ERROR - Error reading data: 'ShimmerBluetooth' object has no attribute 'read'
2025-11-13 11:12:37,058 - shimmer_device - ERROR - Error reading data: 'ShimmerBluetooth' object has no attribute 'read'
2025-11-13 11:12:37,059 - shimmer_device - ERROR - Error reading data: 'ShimmerBluetooth' object has no attribute 'read'
2025-11-13 11:12:37,061 - shimmer_device - ERROR - Error reading data: 'ShimmerBluetooth' object has no attribute 'read'
2025-11-13 11:12:37,062 - shimmer_device - ERROR - Error reading data: 'ShimmerBluetooth' object has no attribute 'read'
2025-11-13 11:12:37,064 - shimmer_device - ERROR - Error reading data: 'ShimmerBluetooth' object has no attribute 'read'
2025-11-13 11:12:37,065 - shimmer_device - ERROR - Error reading data: 'ShimmerBluetooth' object has no attribute 'read'
2025-11-13 11:12:37,066 - shimmer_device - ERROR - Error reading data: 'ShimmerBluetooth' object has no attribute 'read'
2025-11-13 11:12:37,067 - shimmer_device - ERROR - Error reading data: 'ShimmerBluetooth' object has no attribute 'read'
2025-11-13 11:12:37,069 - shimmer_device - ERROR - Error reading data: 'ShimmerBluetooth' object has no attribute 'read'
2025-11-13 11:12:37,071 - shimmer_device - ERROR - Error reading data: 'ShimmerBluetooth' object has no attribute 'read'
2025-11-13 11:12:37,072 - shimmer_device - ERROR - Error reading data: 'ShimmerBluetooth' object has no attribute 'read'
2025-11-13 11:12:37,074 - shimmer_device - ERROR - Error reading data: 'ShimmerBluetooth' object has no attribute 'read'
2025-11-13 11:12:37,075 - shimmer_device - ERROR - Error reading data: 'ShimmerBluetooth' object has no attribute 'read'
2025-11-13 11:12:37,077 - shimmer_device - ERROR - Error reading data: 'ShimmerBluetooth' object has no attribute 'read'
2025-11-13 11:12:37,077 - __main__ - INFO - 
============================================================
2025-11-13 11:12:37,077 - __main__ - INFO - Total samples: 0
2025-11-13 11:12:37,077 - __main__ - INFO - LSL pushed: 0
2025-11-13 11:12:37,077 - __main__ - INFO - LSL rate: 0.00 Hz (0.0% of nominal)
2025-11-13 11:12:37,077 - __main__ - INFO - Saved: 0
2025-11-13 11:12:37,077 - __main__ - INFO - Buffer: 0
2025-11-13 11:12:37,077 - __main__ - INFO - ============================================================
2025-11-13 11:12:37,078 - shimmer_device - ERROR - Error reading data: 'ShimmerBluetooth' object has no attribute 'read'
2025-11-13 11:12:37,079 - shimmer_device - ERROR - Error reading data: 'ShimmerBluetooth' object has no attribute 'read'
2025-11-13 11:12:37,081 - shimmer_device - ERROR - Error reading data: 'ShimmerBluetooth' object has no attribute 'read'
2025-11-13 11:12:37,082 - shimmer_device - ERROR - Error reading data: 'ShimmerBluetooth' object has no attribute 'read'
2025-11-13 11:12:37,084 - shimmer_device - ERROR - Error reading data: 'ShimmerBluetooth' object has no attribute 'read'
2025-11-13 11:12:37,085 - shimmer_device - ERROR - Error reading data: 'ShimmerBluetooth' object has no attribute 'read'
2025-11-13 11:12:37,087 - shimmer_device - ERROR - Error reading data: 'ShimmerBluetooth' object has no attribute 'read'
2025-11-13 11:12:37,088 - shimmer_device - ERROR - Error reading data: 'ShimmerBluetooth' object has no attribute 'read'
2025-11-13 11:12:37,090 - shimmer_device - ERROR - Error reading data: 'ShimmerBluetooth' object has no attribute 'read'
2025-11-13 11:12:37,092 - shimmer_device - ERROR - Error reading data: 'ShimmerBluetooth' object has no attribute 'read'
2025-11-13 11:12:37,093 - shimmer_device - ERROR - Error reading data: 'ShimmerBluetooth' object has no attribute 'read'
2025-11-13 11:12:37,095 - shimmer_device - ERROR - Error reading data: 'ShimmerBluetooth' object has no attribute 'read'
2025-11-13 11:12:37,097 - shimmer_device - ERROR - Error reading data: 'ShimmerBluetooth' object has no attribute 'read'
2025-11-13 11:12:37,098 - shimmer_device - ERROR - Error reading data: 'ShimmerBluetooth' object has no attribute 'read'
2025-11-13 11:12:37,099 - shimmer_device - ERROR - Error reading data: 'ShimmerBluetooth' object has no attribute 'read'
2025-11-13 11:12:37,101 - shimmer_device - ERROR - Error reading data: 'ShimmerBluetooth' object has no attribute 'read'
2025-11-13 11:12:37,103 - shimmer_device - ERROR - Error reading data: 'ShimmerBluetooth' object has no attribute 'read'
2025-11-13 11:12:37,104 - shimmer_device - ERROR - Error reading data: 'ShimmerBluetooth' object has no attribute 'read'
2025-11-13 11:12:37,106 - shimmer_device - ERROR - Error reading data: 'ShimmerBluetooth' object has no attribute 'read'
2025-11-13 11:12:37,107 - shimmer_device - ERROR - Error reading data: 'ShimmerBluetooth' object has no attribute 'read'
2025-11-13 11:12:37,108 - shimmer_device - ERROR - Error reading data: 'ShimmerBluetooth' object has no attribute 'read'
2025-11-13 11:12:37,109 - shimmer_device - ERROR - Error reading data: 'ShimmerBluetooth' object has no attribute 'read'
2025-11-13 11:12:37,111 - shimmer_device - ERROR - Error reading data: 'ShimmerBluetooth' object has no attribute 'read'
2025-11-13 11:12:37,112 - shimmer_device - ERROR - Error reading data: 'ShimmerBluetooth' object has no attribute 'read'
2025-11-13 11:12:37,113 - shimmer_device - ERROR - Error reading data: 'ShimmerBluetooth' object has no attribute 'read'
2025-11-13 11:12:37,114 - shimmer_device - ERROR - Error reading data: 'ShimmerBluetooth' object has no attribute 'read'
2025-11-13 11:12:37,115 - shimmer_device - ERROR - Error reading data: 'ShimmerBluetooth' object has no attribute 'read'
2025-11-13 11:12:37,116 - shimmer_device - ERROR - Error reading data: 'ShimmerBluetooth' object has no attribute 'read'
2025-11-13 11:12:37,117 - shimmer_device - ERROR - Error reading data: 'ShimmerBluetooth' object has no attribute 'read'
2025-11-13 11:12:37,118 - shimmer_device - ERROR - Error reading data: 'ShimmerBluetooth' object has no attribute 'read'
2025-11-13 11:12:37,119 - shimmer_device - ERROR - Error reading data: 'ShimmerBluetooth' object has no attribute 'read'
2025-11-13 11:12:37,120 - shimmer_device - ERROR - Error reading data: 'ShimmerBluetooth' object has no attribute 'read'
2025-11-13 11:12:37,122 - shimmer_device - ERROR - Error reading data: 'ShimmerBluetooth' object has no attribute 'read'
2025-11-13 11:12:37,123 - shimmer_device - ERROR - Error reading data: 'ShimmerBluetooth' object has no attribute 'read'
2025-11-13 11:12:37,124 - shimmer_device - ERROR - Error reading data: 'ShimmerBluetooth' object has no attribute 'read'
2025-11-13 11:12:37,125 - shimmer_device - ERROR - Error reading data: 'ShimmerBluetooth' object has no attribute 'read'
2025-11-13 11:12:37,126 - shimmer_device - ERROR - Error reading data: 'ShimmerBluetooth' object has no attribute 'read'
2025-11-13 11:12:37,127 - shimmer_device - ERROR - Error reading data: 'ShimmerBluetooth' object has no attribute 'read'
2025-11-13 11:12:37,128 - shimmer_device - ERROR - Error reading data: 'ShimmerBluetooth' object has no attribute 'read'
2025-11-13 11:12:37,129 - shimmer_device - ERROR - Error reading data: 'ShimmerBluetooth' object has no attribute 'read'
2025-11-13 11:12:37,130 - shimmer_device - ERROR - Error reading data: 'ShimmerBluetooth' object has no attribute 'read'
2025-11-13 11:12:37,131 - shimmer_device - ERROR - Error reading data: 'ShimmerBluetooth' object has no attribute 'read'
2025-11-13 11:12:37,133 - shimmer_device - ERROR - Error reading data: 'ShimmerBluetooth' object has no attribute 'read'
2025-11-13 11:12:37,134 - shimmer_device - ERROR - Error reading data: 'ShimmerBluetooth' object has no attribute 'read'
2025-11-13 11:12:37,135 - shimmer_device - ERROR - Error reading data: 'ShimmerBluetooth' object has no attribute 'read'
2025-11-13 11:12:37,136 - shimmer_device - ERROR - Error reading data: 'ShimmerBluetooth' object has no attribute 'read'
2025-11-13 11:12:37,137 - shimmer_device - ERROR - Error reading data: 'ShimmerBluetooth' object has no attribute 'read'
2025-11-13 11:12:37,138 - shimmer_device - ERROR - Error reading data: 'ShimmerBluetooth' object has no attribute 'read'
2025-11-13 11:12:37,140 - shimmer_device - ERROR - Error reading data: 'ShimmerBluetooth' object has no attribute 'read'
2025-11-13 11:12:37,141 - shimmer_device - ERROR - Error reading data: 'ShimmerBluetooth' object has no attribute 'read'
2025-11-13 11:12:37,142 - shimmer_device - ERROR - Error reading data: 'ShimmerBluetooth' object has no attribute 'read'
2025-11-13 11:12:37,143 - shimmer_device - ERROR - Error reading data: 'ShimmerBluetooth' object has no attribute 'read'
2025-11-13 11:12:37,144 - shimmer_device - ERROR - Error reading data: 'ShimmerBluetooth' object has no attribute 'read'
2025-11-13 11:12:37,145 - shimmer_device - ERROR - Error reading data: 'ShimmerBluetooth' object has no attribute 'read'
2025-11-13 11:12:37,146 - shimmer_device - ERROR - Error reading data: 'ShimmerBluetooth' object has no attribute 'read'
2025-11-13 11:12:37,147 - shimmer_device - ERROR - Error reading data: 'ShimmerBluetooth' object has no attribute 'read'
2025-11-13 11:12:37,148 - shimmer_device - ERROR - Error reading data: 'ShimmerBluetooth' object has no attribute 'read'
2025-11-13 11:12:37,149 - shimmer_device - ERROR - Error reading data: 'ShimmerBluetooth' object has no attribute 'read'
2025-11-13 11:12:37,151 - shimmer_device - ERROR - Error reading data: 'ShimmerBluetooth' object has no attribute 'read'
2025-11-13 11:12:37,153 - shimmer_device - ERROR - Error reading data: 'ShimmerBluetooth' object has no attribute 'read'
2025-11-13 11:12:37,154 - shimmer_device - ERROR - Error reading data: 'ShimmerBluetooth' object has no attribute 'read'
2025-11-13 11:12:37,156 - shimmer_device - ERROR - Error reading data: 'ShimmerBluetooth' object has no attribute 'read'
2025-11-13 11:12:37,159 - shimmer_device - ERROR - Error reading data: 'ShimmerBluetooth' object has no attribute 'read'
2025-11-13 11:12:37,160 - shimmer_device - ERROR - Error reading data: 'ShimmerBluetooth' object has no attribute 'read'
2025-11-13 11:12:37,161 - shimmer_device - ERROR - Error reading data: 'ShimmerBluetooth' object has no attribute 'read'
2025-11-13 11:12:37,163 - shimmer_device - ERROR - Error reading data: 'ShimmerBluetooth' object has no attribute 'read'
2025-11-13 11:12:37,164 - shimmer_device - ERROR - Error reading data: 'ShimmerBluetooth' object has no attribute 'read'
2025-11-13 11:12:37,165 - shimmer_device - ERROR - Error reading data: 'ShimmerBluetooth' object has no attribute 'read'
2025-11-13 11:12:37,167 - shimmer_device - ERROR - Error reading data: 'ShimmerBluetooth' object has no attribute 'read'
2025-11-13 11:12:37,169 - shimmer_device - ERROR - Error reading data: 'ShimmerBluetooth' object has no attribute 'read'
2025-11-13 11:12:37,171 - shimmer_device - ERROR - Error reading data: 'ShimmerBluetooth' object has no attribute 'read'
2025-11-13 11:12:37,172 - shimmer_device - ERROR - Error reading data: 'ShimmerBluetooth' object has no attribute 'read'
2025-11-13 11:12:37,173 - shimmer_device - ERROR - Error reading data: 'ShimmerBluetooth' object has no attribute 'read'
2025-11-13 11:12:37,174 - shimmer_device - ERROR - Error reading data: 'ShimmerBluetooth' object has no attribute 'read'
2025-11-13 11:12:37,175 - shimmer_device - ERROR - Error reading data: 'ShimmerBluetooth' object has no attribute 'read'
2025-11-13 11:12:37,176 - shimmer_device - ERROR - Error reading data: 'ShimmerBluetooth' object has no attribute 'read'
2025-11-13 11:12:37,178 - shimmer_device - ERROR - Error reading data: 'ShimmerBluetooth' object has no attribute 'read'
2025-11-13 11:12:37,179 - shimmer_device - ERROR - Error reading data: 'ShimmerBluetooth' object has no attribute 'read'
2025-11-13 11:12:37,181 - shimmer_device - ERROR - Error reading data: 'ShimmerBluetooth' object has no attribute 'read'
2025-11-13 11:12:37,183 - shimmer_device - ERROR - Error reading data: 'ShimmerBluetooth' object has no attribute 'read'
2025-11-13 11:12:37,184 - shimmer_device - ERROR - Error reading data: 'ShimmerBluetooth' object has no attribute 'read'
2025-11-13 11:12:37,186 - shimmer_device - ERROR - Error reading data: 'ShimmerBluetooth' object has no attribute 'read'
2025-11-13 11:12:37,187 - shimmer_device - ERROR - Error reading data: 'ShimmerBluetooth' object has no attribute 'read'
2025-11-13 11:12:37,189 - shimmer_device - ERROR - Error reading data: 'ShimmerBluetooth' object has no attribute 'read'
2025-11-13 11:12:37,191 - shimmer_device - ERROR - Error reading data: 'ShimmerBluetooth' object has no attribute 'read'
2025-11-13 11:12:37,192 - shimmer_device - ERROR - Error reading data: 'ShimmerBluetooth' object has no attribute 'read'
2025-11-13 11:12:37,194 - shimmer_device - ERROR - Error reading data: 'ShimmerBluetooth' object has no attribute 'read'
2025-11-13 11:12:37,195 - shimmer_device - ERROR - Error reading data: 'ShimmerBluetooth' object has no attribute 'read'
2025-11-13 11:12:37,196 - shimmer_device - ERROR - Error reading data: 'ShimmerBluetooth' object has no attribute 'read'
2025-11-13 11:12:37,197 - shimmer_device - ERROR - Error reading data: 'ShimmerBluetooth' object has no attribute 'read'
2025-11-13 11:12:37,198 - shimmer_device - ERROR - Error reading data: 'ShimmerBluetooth' object has no attribute 'read'
2025-11-13 11:12:37,200 - shimmer_device - ERROR - Error reading data: 'ShimmerBluetooth' object has no attribute 'read'
2025-11-13 11:12:37,201 - shimmer_device - ERROR - Error reading data: 'ShimmerBluetooth' object has no attribute 'read'
2025-11-13 11:12:37,202 - shimmer_device - ERROR - Error reading data: 'ShimmerBluetooth' object has no attribute 'read'
2025-11-13 11:12:37,203 - shimmer_device - ERROR - Error reading data: 'ShimmerBluetooth' object has no attribute 'read'
2025-11-13 11:12:37,204 - shimmer_device - ERROR - Error reading data: 'ShimmerBluetooth' object has no attribute 'read'
2025-11-13 11:12:37,205 - shimmer_device - ERROR - Error reading data: 'ShimmerBluetooth' object has no attribute 'read'
2025-11-13 11:12:37,207 - shimmer_device - ERROR - Error reading data: 'ShimmerBluetooth' object has no attribute 'read'
2025-11-13 11:12:37,210 - shimmer_device - ERROR - Error reading data: 'ShimmerBluetooth' object has no attribute 'read'
2025-11-13 11:12:37,211 - shimmer_device - ERROR - Error reading data: 'ShimmerBluetooth' object has no attribute 'read'
2025-11-13 11:12:37,212 - shimmer_device - ERROR - Error reading data: 'ShimmerBluetooth' object has no attribute 'read'
2025-11-13 11:12:37,213 - shimmer_device - ERROR - Error reading data: 'ShimmerBluetooth' object has no attribute 'read'
2025-11-13 11:12:37,214 - shimmer_device - ERROR - Error reading data: 'ShimmerBluetooth' object has no attribute 'read'
2025-11-13 11:12:37,215 - shimmer_device - ERROR - Error reading data: 'ShimmerBluetooth' object has no attribute 'read'
2025-11-13 11:12:37,216 - shimmer_device - ERROR - Error reading data: 'ShimmerBluetooth' object has no attribute 'read'
2025-11-13 11:12:37,218 - shimmer_device - ERROR - Error reading data: 'ShimmerBluetooth' object has no attribute 'read'
2025-11-13 11:12:37,219 - shimmer_device - ERROR - Error reading data: 'ShimmerBluetooth' object has no attribute 'read'
2025-11-13 11:12:37,220 - shimmer_device - ERROR - Error reading data: 'ShimmerBluetooth' object has no attribute 'read'
2025-11-13 11:12:37,222 - shimmer_device - ERROR - Error reading data: 'ShimmerBluetooth' object has no attribute 'read'
2025-11-13 11:12:37,223 - shimmer_device - ERROR - Error reading data: 'ShimmerBluetooth' object has no attribute 'read'
2025-11-13 11:12:37,225 - shimmer_device - ERROR - Error reading data: 'ShimmerBluetooth' object has no attribute 'read'
2025-11-13 11:12:37,226 - shimmer_device - ERROR - Error reading data: 'ShimmerBluetooth' object has no attribute 'read'
2025-11-13 11:12:37,227 - shimmer_device - ERROR - Error reading data: 'ShimmerBluetooth' object has no attribute 'read'
2025-11-13 11:12:37,229 - shimmer_device - ERROR - Error reading data: 'ShimmerBluetooth' object has no attribute 'read'
2025-11-13 11:12:37,230 - shimmer_device - ERROR - Error reading data: 'ShimmerBluetooth' object has no attribute 'read'
2025-11-13 11:12:37,231 - shimmer_device - ERROR - Error reading data: 'ShimmerBluetooth' object has no attribute 'read'
2025-11-13 11:12:37,233 - shimmer_device - ERROR - Error reading data: 'ShimmerBluetooth' object has no attribute 'read'
2025-11-13 11:12:37,234 - shimmer_device - ERROR - Error reading data: 'ShimmerBluetooth' object has no attribute 'read'
2025-11-13 11:12:37,235 - shimmer_device - ERROR - Error reading data: 'ShimmerBluetooth' object has no attribute 'read'
2025-11-13 11:12:37,236 - shimmer_device - ERROR - Error reading data: 'ShimmerBluetooth' object has no attribute 'read'
2025-11-13 11:12:37,237 - shimmer_device - ERROR - Error reading data: 'ShimmerBluetooth' object has no attribute 'read'
2025-11-13 11:12:37,239 - shimmer_device - ERROR - Error reading data: 'ShimmerBluetooth' object has no attribute 'read'
2025-11-13 11:12:37,240 - shimmer_device - ERROR - Error reading data: 'ShimmerBluetooth' object has no attribute 'read'
2025-11-13 11:12:37,242 - shimmer_device - ERROR - Error reading data: 'ShimmerBluetooth' object has no attribute 'read'
2025-11-13 11:12:37,243 - shimmer_device - ERROR - Error reading data: 'ShimmerBluetooth' object has no attribute 'read'
2025-11-13 11:12:37,244 - shimmer_device - ERROR - Error reading data: 'ShimmerBluetooth' object has no attribute 'read'
2025-11-13 11:12:37,245 - shimmer_device - ERROR - Error reading data: 'ShimmerBluetooth' object has no attribute 'read'
2025-11-13 11:12:37,246 - shimmer_device - ERROR - Error reading data: 'ShimmerBluetooth' object has no attribute 'read'
2025-11-13 11:12:37,247 - shimmer_device - ERROR - Error reading data: 'ShimmerBluetooth' object has no attribute 'read'
2025-11-13 11:12:37,248 - shimmer_device - ERROR - Error reading data: 'ShimmerBluetooth' object has no attribute 'read'
2025-11-13 11:12:37,250 - shimmer_device - ERROR - Error reading data: 'ShimmerBluetooth' object has no attribute 'read'
2025-11-13 11:12:37,251 - shimmer_device - ERROR - Error reading data: 'ShimmerBluetooth' object has no attribute 'read'
2025-11-13 11:12:37,253 - shimmer_device - ERROR - Error reading data: 'ShimmerBluetooth' object has no attribute 'read'
2025-11-13 11:12:37,254 - shimmer_device - ERROR - Error reading data: 'ShimmerBluetooth' object has no attribute 'read'
2025-11-13 11:12:37,255 - shimmer_device - ERROR - Error reading data: 'ShimmerBluetooth' object has no attribute 'read'
2025-11-13 11:12:37,256 - shimmer_device - ERROR - Error reading data: 'ShimmerBluetooth' object has no attribute 'read'
2025-11-13 11:12:37,258 - shimmer_device - ERROR - Error reading data: 'ShimmerBluetooth' object has no attribute 'read'
2025-11-13 11:12:37,259 - shimmer_device - ERROR - Error reading data: 'ShimmerBluetooth' object has no attribute 'read'
2025-11-13 11:12:37,260 - shimmer_device - ERROR - Error reading data: 'ShimmerBluetooth' object has no attribute 'read'
2025-11-13 11:12:37,262 - shimmer_device - ERROR - Error reading data: 'ShimmerBluetooth' object has no attribute 'read'
2025-11-13 11:12:37,263 - shimmer_device - ERROR - Error reading data: 'ShimmerBluetooth' object has no attribute 'read'
2025-11-13 11:12:37,265 - shimmer_device - ERROR - Error reading data: 'ShimmerBluetooth' object has no attribute 'read'
2025-11-13 11:12:37,266 - shimmer_device - ERROR - Error reading data: 'ShimmerBluetooth' object has no attribute 'read'
2025-11-13 11:12:37,267 - shimmer_device - ERROR - Error reading data: 'ShimmerBluetooth' object has no attribute 'read'
2025-11-13 11:12:37,269 - shimmer_device - ERROR - Error reading data: 'ShimmerBluetooth' object has no attribute 'read'
2025-11-13 11:12:37,270 - shimmer_device - ERROR - Error reading data: 'ShimmerBluetooth' object has no attribute 'read'
2025-11-13 11:12:37,271 - shimmer_device - ERROR - Error reading data: 'ShimmerBluetooth' object has no attribute 'read'
2025-11-13 11:12:37,273 - shimmer_device - ERROR - Error reading data: 'ShimmerBluetooth' object has no attribute 'read'
2025-11-13 11:12:37,274 - shimmer_device - ERROR - Error reading data: 'ShimmerBluetooth' object has no attribute 'read'
2025-11-13 11:12:37,275 - shimmer_device - ERROR - Error reading data: 'ShimmerBluetooth' object has no attribute 'read'
2025-11-13 11:12:37,276 - shimmer_device - ERROR - Error reading data: 'ShimmerBluetooth' object has no attribute 'read'
2025-11-13 11:12:37,277 - shimmer_device - ERROR - Error reading data: 'ShimmerBluetooth' object has no attribute 'read'
2025-11-13 11:12:37,279 - shimmer_device - ERROR - Error reading data: 'ShimmerBluetooth' object has no attribute 'read'
2025-11-13 11:12:37,280 - shimmer_device - ERROR - Error reading data: 'ShimmerBluetooth' object has no attribute 'read'
2025-11-13 11:12:37,282 - shimmer_device - ERROR - Error reading data: 'ShimmerBluetooth' object has no attribute 'read'
2025-11-13 11:12:37,283 - shimmer_device - ERROR - Error reading data: 'ShimmerBluetooth' object has no attribute 'read'
2025-11-13 11:12:37,285 - shimmer_device - ERROR - Error reading data: 'ShimmerBluetooth' object has no attribute 'read'
2025-11-13 11:12:37,287 - shimmer_device - ERROR - Error reading data: 'ShimmerBluetooth' object has no attribute 'read'
2025-11-13 11:12:37,289 - shimmer_device - ERROR - Error reading data: 'ShimmerBluetooth' object has no attribute 'read'
2025-11-13 11:12:37,290 - shimmer_device - ERROR - Error reading data: 'ShimmerBluetooth' object has no attribute 'read'
2025-11-13 11:12:37,292 - shimmer_device - ERROR - Error reading data: 'ShimmerBluetooth' object has no attribute 'read'
2025-11-13 11:12:37,293 - shimmer_device - ERROR - Error reading data: 'ShimmerBluetooth' object has no attribute 'read'
2025-11-13 11:12:37,295 - shimmer_device - ERROR - Error reading data: 'ShimmerBluetooth' object has no attribute 'read'
2025-11-13 11:12:37,296 - shimmer_device - ERROR - Error reading data: 'ShimmerBluetooth' object has no attribute 'read'
2025-11-13 11:12:37,298 - shimmer_device - ERROR - Error reading data: 'ShimmerBluetooth' object has no attribute 'read'
2025-11-13 11:12:37,299 - shimmer_device - ERROR - Error reading data: 'ShimmerBluetooth' object has no attribute 'read'
2025-11-13 11:12:37,301 - shimmer_device - ERROR - Error reading data: 'ShimmerBluetooth' object has no attribute 'read'
2025-11-13 11:12:37,302 - shimmer_device - ERROR - Error reading data: 'ShimmerBluetooth' object has no attribute 'read'
2025-11-13 11:12:37,305 - shimmer_device - ERROR - Error reading data: 'ShimmerBluetooth' object has no attribute 'read'
2025-11-13 11:12:37,306 - shimmer_device - ERROR - Error reading data: 'ShimmerBluetooth' object has no attribute 'read'
2025-11-13 11:12:37,307 - shimmer_device - ERROR - Error reading data: 'ShimmerBluetooth' object has no attribute 'read'
2025-11-13 11:12:37,309 - shimmer_device - ERROR - Error reading data: 'ShimmerBluetooth' object has no attribute 'read'
2025-11-13 11:12:37,311 - shimmer_device - ERROR - Error reading data: 'ShimmerBluetooth' object has no attribute 'read'
2025-11-13 11:12:37,312 - shimmer_device - ERROR - Error reading data: 'ShimmerBluetooth' object has no attribute 'read'
2025-11-13 11:12:37,314 - shimmer_device - ERROR - Error reading data: 'ShimmerBluetooth' object has no attribute 'read'
2025-11-13 11:12:37,315 - shimmer_device - ERROR - Error reading data: 'ShimmerBluetooth' object has no attribute 'read'
2025-11-13 11:12:37,316 - shimmer_device - ERROR - Error reading data: 'ShimmerBluetooth' object has no attribute 'read'
2025-11-13 11:12:37,317 - shimmer_device - ERROR - Error reading data: 'ShimmerBluetooth' object has no attribute 'read'
2025-11-13 11:12:37,318 - shimmer_device - ERROR - Error reading data: 'ShimmerBluetooth' object has no attribute 'read'
2025-11-13 11:12:37,320 - shimmer_device - ERROR - Error reading data: 'ShimmerBluetooth' object has no attribute 'read'
2025-11-13 11:12:37,321 - shimmer_device - ERROR - Error reading data: 'ShimmerBluetooth' object has no attribute 'read'
2025-11-13 11:12:37,322 - shimmer_device - ERROR - Error reading data: 'ShimmerBluetooth' object has no attribute 'read'
2025-11-13 11:12:37,325 - shimmer_device - ERROR - Error reading data: 'ShimmerBluetooth' object has no attribute 'read'
2025-11-13 11:12:37,326 - shimmer_device - ERROR - Error reading data: 'ShimmerBluetooth' object has no attribute 'read'
2025-11-13 11:12:37,327 - shimmer_device - ERROR - Error reading data: 'ShimmerBluetooth' object has no attribute 'read'
2025-11-13 11:12:37,328 - shimmer_device - ERROR - Error reading data: 'ShimmerBluetooth' object has no attribute 'read'
2025-11-13 11:12:37,329 - shimmer_device - ERROR - Error reading data: 'ShimmerBluetooth' object has no attribute 'read'
2025-11-13 11:12:37,331 - shimmer_device - ERROR - Error reading data: 'ShimmerBluetooth' object has no attribute 'read'
2025-11-13 11:12:37,332 - shimmer_device - ERROR - Error reading data: 'ShimmerBluetooth' object has no attribute 'read'
2025-11-13 11:12:37,333 - shimmer_device - ERROR - Error reading data: 'ShimmerBluetooth' object has no attribute 'read'
2025-11-13 11:12:37,334 - shimmer_device - ERROR - Error reading data: 'ShimmerBluetooth' object has no attribute 'read'
2025-11-13 11:12:37,336 - shimmer_device - ERROR - Error reading data: 'ShimmerBluetooth' object has no attribute 'read'
2025-11-13 11:12:37,337 - shimmer_device - ERROR - Error reading data: 'ShimmerBluetooth' object has no attribute 'read'
2025-11-13 11:12:37,339 - shimmer_device - ERROR - Error reading data: 'ShimmerBluetooth' object has no attribute 'read'
2025-11-13 11:12:37,340 - shimmer_device - ERROR - Error reading data: 'ShimmerBluetooth' object has no attribute 'read'
2025-11-13 11:12:37,341 - shimmer_device - ERROR - Error reading data: 'ShimmerBluetooth' object has no attribute 'read'
2025-11-13 11:12:37,342 - shimmer_device - ERROR - Error reading data: 'ShimmerBluetooth' object has no attribute 'read'
2025-11-13 11:12:37,344 - shimmer_device - ERROR - Error reading data: 'ShimmerBluetooth' object has no attribute 'read'
2025-11-13 11:12:37,346 - shimmer_device - ERROR - Error reading data: 'ShimmerBluetooth' object has no attribute 'read'
2025-11-13 11:12:37,348 - shimmer_device - ERROR - Error reading data: 'ShimmerBluetooth' object has no attribute 'read'
2025-11-13 11:12:37,351 - shimmer_device - ERROR - Error reading data: 'ShimmerBluetooth' object has no attribute 'read'
2025-11-13 11:12:37,352 - shimmer_device - ERROR - Error reading data: 'ShimmerBluetooth' object has no attribute 'read'
2025-11-13 11:12:37,354 - shimmer_device - ERROR - Error reading data: 'ShimmerBluetooth' object has no attribute 'read'
2025-11-13 11:12:37,355 - shimmer_device - ERROR - Error reading data: 'ShimmerBluetooth' object has no attribute 'read'
2025-11-13 11:12:37,356 - shimmer_device - ERROR - Error reading data: 'ShimmerBluetooth' object has no attribute 'read'
2025-11-13 11:12:37,357 - shimmer_device - ERROR - Error reading data: 'ShimmerBluetooth' object has no attribute 'read'
2025-11-13 11:12:37,358 - shimmer_device - ERROR - Error reading data: 'ShimmerBluetooth' object has no attribute 'read'
2025-11-13 11:12:37,360 - shimmer_device - ERROR - Error reading data: 'ShimmerBluetooth' object has no attribute 'read'
2025-11-13 11:12:37,362 - shimmer_device - ERROR - Error reading data: 'ShimmerBluetooth' object has no attribute 'read'
2025-11-13 11:12:37,364 - shimmer_device - ERROR - Error reading data: 'ShimmerBluetooth' object has no attribute 'read'
2025-11-13 11:12:37,366 - shimmer_device - ERROR - Error reading data: 'ShimmerBluetooth' object has no attribute 'read'
2025-11-13 11:12:37,367 - shimmer_device - ERROR - Error reading data: 'ShimmerBluetooth' object has no attribute 'read'
2025-11-13 11:12:37,369 - shimmer_device - ERROR - Error reading data: 'ShimmerBluetooth' object has no attribute 'read'
2025-11-13 11:12:37,371 - shimmer_device - ERROR - Error reading data: 'ShimmerBluetooth' object has no attribute 'read'
2025-11-13 11:12:37,373 - shimmer_device - ERROR - Error reading data: 'ShimmerBluetooth' object has no attribute 'read'
2025-11-13 11:12:37,374 - shimmer_device - ERROR - Error reading data: 'ShimmerBluetooth' object has no attribute 'read'
2025-11-13 11:12:37,375 - shimmer_device - ERROR - Error reading data: 'ShimmerBluetooth' object has no attribute 'read'
2025-11-13 11:12:37,376 - shimmer_device - ERROR - Error reading data: 'ShimmerBluetooth' object has no attribute 'read'
2025-11-13 11:12:37,377 - shimmer_device - ERROR - Error reading data: 'ShimmerBluetooth' object has no attribute 'read'
2025-11-13 11:12:37,378 - shimmer_device - ERROR - Error reading data: 'ShimmerBluetooth' object has no attribute 'read'
2025-11-13 11:12:37,379 - shimmer_device - ERROR - Error reading data: 'ShimmerBluetooth' object has no attribute 'read'
2025-11-13 11:12:37,381 - shimmer_device - ERROR - Error reading data: 'ShimmerBluetooth' object has no attribute 'read'
2025-11-13 11:12:37,383 - shimmer_device - ERROR - Error reading data: 'ShimmerBluetooth' object has no attribute 'read'
2025-11-13 11:12:37,385 - shimmer_device - ERROR - Error reading data: 'ShimmerBluetooth' object has no attribute 'read'
2025-11-13 11:12:37,387 - shimmer_device - ERROR - Error reading data: 'ShimmerBluetooth' object has no attribute 'read'
2025-11-13 11:12:37,389 - shimmer_device - ERROR - Error reading data: 'ShimmerBluetooth' object has no attribute 'read'
2025-11-13 11:12:37,390 - shimmer_device - ERROR - Error reading data: 'ShimmerBluetooth' object has no attribute 'read'
2025-11-13 11:12:37,391 - shimmer_device - ERROR - Error reading data: 'ShimmerBluetooth' object has no attribute 'read'
2025-11-13 11:12:37,393 - shimmer_device - ERROR - Error reading data: 'ShimmerBluetooth' object has no attribute 'read'
2025-11-13 11:12:37,394 - shimmer_device - ERROR - Error reading data: 'ShimmerBluetooth' object has no attribute 'read'
2025-11-13 11:12:37,396 - shimmer_device - ERROR - Error reading data: 'ShimmerBluetooth' object has no attribute 'read'
2025-11-13 11:12:37,398 - shimmer_device - ERROR - Error reading data: 'ShimmerBluetooth' object has no attribute 'read'
2025-11-13 11:12:37,399 - shimmer_device - ERROR - Error reading data: 'ShimmerBluetooth' object has no attribute 'read'
2025-11-13 11:12:37,401 - shimmer_device - ERROR - Error reading data: 'ShimmerBluetooth' object has no attribute 'read'
2025-11-13 11:12:37,403 - shimmer_device - ERROR - Error reading data: 'ShimmerBluetooth' object has no attribute 'read'
2025-11-13 11:12:37,404 - shimmer_device - ERROR - Error reading data: 'ShimmerBluetooth' object has no attribute 'read'
2025-11-13 11:12:37,405 - shimmer_device - ERROR - Error reading data: 'ShimmerBluetooth' object has no attribute 'read'
2025-11-13 11:12:37,406 - shimmer_device - ERROR - Error reading data: 'ShimmerBluetooth' object has no attribute 'read'
2025-11-13 11:12:37,407 - shimmer_device - ERROR - Error reading data: 'ShimmerBluetooth' object has no attribute 'read'
2025-11-13 11:12:37,409 - shimmer_device - ERROR - Error reading data: 'ShimmerBluetooth' object has no attribute 'read'
2025-11-13 11:12:37,410 - shimmer_device - ERROR - Error reading data: 'ShimmerBluetooth' object has no attribute 'read'
2025-11-13 11:12:37,411 - shimmer_device - ERROR - Error reading data: 'ShimmerBluetooth' object has no attribute 'read'
2025-11-13 11:12:37,413 - shimmer_device - ERROR - Error reading data: 'ShimmerBluetooth' object has no attribute 'read'
2025-11-13 11:12:37,414 - shimmer_device - ERROR - Error reading data: 'ShimmerBluetooth' object has no attribute 'read'
2025-11-13 11:12:37,416 - shimmer_device - ERROR - Error reading data: 'ShimmerBluetooth' object has no attribute 'read'
2025-11-13 11:12:37,418 - shimmer_device - ERROR - Error reading data: 'ShimmerBluetooth' object has no attribute 'read'
2025-11-13 11:12:37,423 - shimmer_device - ERROR - Error reading data: 'ShimmerBluetooth' object has no attribute 'read'
2025-11-13 11:12:37,428 - shimmer_device - ERROR - Error reading data: 'ShimmerBluetooth' object has no attribute 'read'
2025-11-13 11:12:37,432 - shimmer_device - ERROR - Error reading data: 'ShimmerBluetooth' object has no attribute 'read'
2025-11-13 11:12:37,435 - shimmer_device - ERROR - Error reading data: 'ShimmerBluetooth' object has no attribute 'read'
2025-11-13 11:12:37,437 - shimmer_device - ERROR - Error reading data: 'ShimmerBluetooth' object has no attribute 'read'
2025-11-13 11:12:37,440 - shimmer_device - ERROR - Error reading data: 'ShimmerBluetooth' object has no attribute 'read'
2025-11-13 11:12:37,441 - shimmer_device - ERROR - Error reading data: 'ShimmerBluetooth' object has no attribute 'read'
2025-11-13 11:12:37,443 - shimmer_device - ERROR - Error reading data: 'ShimmerBluetooth' object has no attribute 'read'
2025-11-13 11:12:37,444 - shimmer_device - ERROR - Error reading data: 'ShimmerBluetooth' object has no attribute 'read'
2025-11-13 11:12:37,446 - shimmer_device - ERROR - Error reading data: 'ShimmerBluetooth' object has no attribute 'read'
2025-11-13 11:12:37,451 - shimmer_device - ERROR - Error reading data: 'ShimmerBluetooth' object has no attribute 'read'
2025-11-13 11:12:37,453 - shimmer_device - ERROR - Error reading data: 'ShimmerBluetooth' object has no attribute 'read'
2025-11-13 11:12:37,458 - shimmer_device - ERROR - Error reading data: 'ShimmerBluetooth' object has no attribute 'read'
2025-11-13 11:12:37,462 - shimmer_device - ERROR - Error reading data: 'ShimmerBluetooth' object has no attribute 'read'
2025-11-13 11:12:37,464 - shimmer_device - ERROR - Error reading data: 'ShimmerBluetooth' object has no attribute 'read'
2025-11-13 11:12:37,470 - shimmer_device - ERROR - Error reading data: 'ShimmerBluetooth' object has no attribute 'read'
2025-11-13 11:12:37,472 - shimmer_device - ERROR - Error reading data: 'ShimmerBluetooth' object has no attribute 'read'
2025-11-13 11:12:37,475 - shimmer_device - ERROR - Error reading data: 'ShimmerBluetooth' object has no attribute 'read'
2025-11-13 11:12:37,478 - shimmer_device - ERROR - Error reading data: 'ShimmerBluetooth' object has no attribute 'read'
2025-11-13 11:12:37,483 - shimmer_device - ERROR - Error reading data: 'ShimmerBluetooth' object has no attribute 'read'
2025-11-13 11:12:37,485 - shimmer_device - ERROR - Error reading data: 'ShimmerBluetooth' object has no attribute 'read'
2025-11-13 11:12:37,486 - shimmer_device - ERROR - Error reading data: 'ShimmerBluetooth' object has no attribute 'read'
2025-11-13 11:12:37,487 - shimmer_device - ERROR - Error reading data: 'ShimmerBluetooth' object has no attribute 'read'
2025-11-13 11:12:37,490 - shimmer_device - ERROR - Error reading data: 'ShimmerBluetooth' object has no attribute 'read'
2025-11-13 11:12:37,493 - shimmer_device - ERROR - Error reading data: 'ShimmerBluetooth' object has no attribute 'read'
2025-11-13 11:12:37,499 - shimmer_device - ERROR - Error reading data: 'ShimmerBluetooth' object has no attribute 'read'
2025-11-13 11:12:37,502 - shimmer_device - ERROR - Error reading data: 'ShimmerBluetooth' object has no attribute 'read'
2025-11-13 11:12:37,504 - shimmer_device - ERROR - Error reading data: 'ShimmerBluetooth' object has no attribute 'read'
2025-11-13 11:12:37,505 - shimmer_device - ERROR - Error reading data: 'ShimmerBluetooth' object has no attribute 'read'
2025-11-13 11:12:37,510 - shimmer_device - ERROR - Error reading data: 'ShimmerBluetooth' object has no attribute 'read'
2025-11-13 11:12:37,513 - shimmer_device - ERROR - Error reading data: 'ShimmerBluetooth' object has no attribute 'read'
2025-11-13 11:12:37,515 - shimmer_device - ERROR - Error reading data: 'ShimmerBluetooth' object has no attribute 'read'
2025-11-13 11:12:37,516 - shimmer_device - ERROR - Error reading data: 'ShimmerBluetooth' object has no attribute 'read'
2025-11-13 11:12:37,521 - shimmer_device - ERROR - Error reading data: 'ShimmerBluetooth' object has no attribute 'read'
2025-11-13 11:12:37,523 - shimmer_device - ERROR - Error reading data: 'ShimmerBluetooth' object has no attribute 'read'
2025-11-13 11:12:37,526 - shimmer_device - ERROR - Error reading data: 'ShimmerBluetooth' object has no attribute 'read'
2025-11-13 11:12:37,527 - shimmer_device - ERROR - Error reading data: 'ShimmerBluetooth' object has no attribute 'read'
2025-11-13 11:12:37,528 - shimmer_device - ERROR - Error reading data: 'ShimmerBluetooth' object has no attribute 'read'
2025-11-13 11:12:37,531 - shimmer_device - ERROR - Error reading data: 'ShimmerBluetooth' object has no attribute 'read'
2025-11-13 11:12:37,532 - shimmer_device - ERROR - Error reading data: 'ShimmerBluetooth' object has no attribute 'read'
2025-11-13 11:12:37,536 - shimmer_device - ERROR - Error reading data: 'ShimmerBluetooth' object has no attribute 'read'
2025-11-13 11:12:37,538 - shimmer_device - ERROR - Error reading data: 'ShimmerBluetooth' object has no attribute 'read'
2025-11-13 11:12:37,540 - shimmer_device - ERROR - Error reading data: 'ShimmerBluetooth' object has no attribute 'read'
2025-11-13 11:12:37,541 - shimmer_device - ERROR - Error reading data: 'ShimmerBluetooth' object has no attribute 'read'
2025-11-13 11:12:37,544 - shimmer_device - ERROR - Error reading data: 'ShimmerBluetooth' object has no attribute 'read'
2025-11-13 11:12:37,549 - shimmer_device - ERROR - Error reading data: 'ShimmerBluetooth' object has no attribute 'read'
2025-11-13 11:12:37,551 - shimmer_device - ERROR - Error reading data: 'ShimmerBluetooth' object has no attribute 'read'
2025-11-13 11:12:37,556 - shimmer_device - ERROR - Error reading data: 'ShimmerBluetooth' object has no attribute 'read'
2025-11-13 11:12:37,560 - shimmer_device - ERROR - Error reading data: 'ShimmerBluetooth' object has no attribute 'read'
2025-11-13 11:12:37,574 - shimmer_device - ERROR - Error reading data: 'ShimmerBluetooth' object has no attribute 'read'
2025-11-13 11:12:37,577 - shimmer_device - ERROR - Error reading data: 'ShimmerBluetooth' object has no attribute 'read'
2025-11-13 11:12:37,593 - shimmer_device - ERROR - Error reading data: 'ShimmerBluetooth' object has no attribute 'read'
2025-11-13 11:12:37,594 - shimmer_device - ERROR - Error reading data: 'ShimmerBluetooth' object has no attribute 'read'
2025-11-13 11:12:37,614 - shimmer_device - ERROR - Error reading data: 'ShimmerBluetooth' object has no attribute 'read'
2025-11-13 11:12:37,616 - shimmer_device - ERROR - Error reading data: 'ShimmerBluetooth' object has no attribute 'read'
2025-11-13 11:12:37,620 - shimmer_device - ERROR - Error reading data: 'ShimmerBluetooth' object has no attribute 'read'
2025-11-13 11:12:37,622 - shimmer_device - ERROR - Error reading data: 'ShimmerBluetooth' object has no attribute 'read'
2025-11-13 11:12:37,623 - shimmer_device - ERROR - Error reading data: 'ShimmerBluetooth' object has no attribute 'read'
2025-11-13 11:12:37,633 - shimmer_device - ERROR - Error reading data: 'ShimmerBluetooth' object has no attribute 'read'
2025-11-13 11:12:37,634 - shimmer_device - ERROR - Error reading data: 'ShimmerBluetooth' object has no attribute 'read'
2025-11-13 11:12:37,638 - shimmer_device - ERROR - Error reading data: 'ShimmerBluetooth' object has no attribute 'read'
2025-11-13 11:12:37,641 - shimmer_device - ERROR - Error reading data: 'ShimmerBluetooth' object has no attribute 'read'
2025-11-13 11:12:37,642 - shimmer_device - ERROR - Error reading data: 'ShimmerBluetooth' object has no attribute 'read'
2025-11-13 11:12:37,643 - shimmer_device - ERROR - Error reading data: 'ShimmerBluetooth' object has no attribute 'read'
2025-11-13 11:12:37,651 - shimmer_device - ERROR - Error reading data: 'ShimmerBluetooth' object has no attribute 'read'
2025-11-13 11:12:37,652 - shimmer_device - ERROR - Error reading data: 'ShimmerBluetooth' object has no attribute 'read'
2025-11-13 11:12:37,670 - shimmer_device - ERROR - Error reading data: 'ShimmerBluetooth' object has no attribute 'read'
2025-11-13 11:12:37,695 - shimmer_device - ERROR - Error reading data: 'ShimmerBluetooth' object has no attribute 'read'
2025-11-13 11:12:37,696 - shimmer_device - ERROR - Error reading data: 'ShimmerBluetooth' object has no attribute 'read'
2025-11-13 11:12:37,706 - shimmer_device - ERROR - Error reading data: 'ShimmerBluetooth' object has no attribute 'read'
2025-11-13 11:12:37,708 - shimmer_device - ERROR - Error reading data: 'ShimmerBluetooth' object has no attribute 'read'
2025-11-13 11:12:37,710 - shimmer_device - ERROR - Error reading data: 'ShimmerBluetooth' object has no attribute 'read'
2025-11-13 11:12:37,719 - shimmer_device - ERROR - Error reading data: 'ShimmerBluetooth' object has no attribute 'read'
2025-11-13 11:12:37,728 - shimmer_device - ERROR - Error reading data: 'ShimmerBluetooth' object has no attribute 'read'
2025-11-13 11:12:37,729 - shimmer_device - ERROR - Error reading data: 'ShimmerBluetooth' object has no attribute 'read'
2025-11-13 11:12:37,741 - shimmer_device - ERROR - Error reading data: 'ShimmerBluetooth' object has no attribute 'read'
2025-11-13 11:12:37,742 - shimmer_device - ERROR - Error reading data: 'ShimmerBluetooth' object has no attribute 'read'
2025-11-13 11:12:37,750 - shimmer_device - ERROR - Error reading data: 'ShimmerBluetooth' object has no attribute 'read'
2025-11-13 11:12:37,751 - shimmer_device - ERROR - Error reading data: 'ShimmerBluetooth' object has no attribute 'read'
2025-11-13 11:12:37,752 - shimmer_device - ERROR - Error reading data: 'ShimmerBluetooth' object has no attribute 'read'
2025-11-13 11:12:37,755 - shimmer_device - ERROR - Error reading data: 'ShimmerBluetooth' object has no attribute 'read'
2025-11-13 11:12:37,756 - shimmer_device - ERROR - Error reading data: 'ShimmerBluetooth' object has no attribute 'read'
2025-11-13 11:12:37,758 - shimmer_device - ERROR - Error reading data: 'ShimmerBluetooth' object has no attribute 'read'
2025-11-13 11:12:37,760 - shimmer_device - ERROR - Error reading data: 'ShimmerBluetooth' object has no attribute 'read'
2025-11-13 11:12:37,762 - shimmer_device - ERROR - Error reading data: 'ShimmerBluetooth' object has no attribute 'read'
2025-11-13 11:12:37,763 - shimmer_device - ERROR - Error reading data: 'ShimmerBluetooth' object has no attribute 'read'
2025-11-13 11:12:37,765 - shimmer_device - ERROR - Error reading data: 'ShimmerBluetooth' object has no attribute 'read'
2025-11-13 11:12:37,766 - shimmer_device - ERROR - Error reading data: 'ShimmerBluetooth' object has no attribute 'read'
2025-11-13 11:12:37,768 - shimmer_device - ERROR - Error reading data: 'ShimmerBluetooth' object has no attribute 'read'
2025-11-13 11:12:37,770 - shimmer_device - ERROR - Error reading data: 'ShimmerBluetooth' object has no attribute 'read'
2025-11-13 11:12:37,771 - shimmer_device - ERROR - Error reading data: 'ShimmerBluetooth' object has no attribute 'read'
2025-11-13 11:12:37,772 - shimmer_device - ERROR - Error reading data: 'ShimmerBluetooth' object has no attribute 'read'
2025-11-13 11:12:37,774 - shimmer_device - ERROR - Error reading data: 'ShimmerBluetooth' object has no attribute 'read'
2025-11-13 11:12:37,775 - shimmer_device - ERROR - Error reading data: 'ShimmerBluetooth' object has no attribute 'read'
2025-11-13 11:12:37,776 - shimmer_device - ERROR - Error reading data: 'ShimmerBluetooth' object has no attribute 'read'
2025-11-13 11:12:37,778 - shimmer_device - ERROR - Error reading data: 'ShimmerBluetooth' object has no attribute 'read'
2025-11-13 11:12:37,779 - shimmer_device - ERROR - Error reading data: 'ShimmerBluetooth' object has no attribute 'read'
2025-11-13 11:12:37,780 - shimmer_device - ERROR - Error reading data: 'ShimmerBluetooth' object has no attribute 'read'
2025-11-13 11:12:37,782 - shimmer_device - ERROR - Error reading data: 'ShimmerBluetooth' object has no attribute 'read'
2025-11-13 11:12:37,783 - shimmer_device - ERROR - Error reading data: 'ShimmerBluetooth' object has no attribute 'read'
2025-11-13 11:12:37,784 - shimmer_device - ERROR - Error reading data: 'ShimmerBluetooth' object has no attribute 'read'
2025-11-13 11:12:37,786 - shimmer_device - ERROR - Error reading data: 'ShimmerBluetooth' object has no attribute 'read'
2025-11-13 11:12:37,789 - shimmer_device - ERROR - Error reading data: 'ShimmerBluetooth' object has no attribute 'read'
2025-11-13 11:12:37,792 - shimmer_device - ERROR - Error reading data: 'ShimmerBluetooth' object has no attribute 'read'
2025-11-13 11:12:37,794 - shimmer_device - ERROR - Error reading data: 'ShimmerBluetooth' object has no attribute 'read'
2025-11-13 11:12:37,796 - shimmer_device - ERROR - Error reading data: 'ShimmerBluetooth' object has no attribute 'read'
2025-11-13 11:12:37,798 - shimmer_device - ERROR - Error reading data: 'ShimmerBluetooth' object has no attribute 'read'
2025-11-13 11:12:37,799 - shimmer_device - ERROR - Error reading data: 'ShimmerBluetooth' object has no attribute 'read'
2025-11-13 11:12:37,800 - shimmer_device - ERROR - Error reading data: 'ShimmerBluetooth' object has no attribute 'read'
2025-11-13 11:12:37,801 - shimmer_device - ERROR - Error reading data: 'ShimmerBluetooth' object has no attribute 'read'
2025-11-13 11:12:37,808 - shimmer_device - ERROR - Error reading data: 'ShimmerBluetooth' object has no attribute 'read'
2025-11-13 11:12:37,810 - shimmer_device - ERROR - Error reading data: 'ShimmerBluetooth' object has no attribute 'read'
2025-11-13 11:12:37,812 - shimmer_device - ERROR - Error reading data: 'ShimmerBluetooth' object has no attribute 'read'
2025-11-13 11:12:37,813 - shimmer_device - ERROR - Error reading data: 'ShimmerBluetooth' object has no attribute 'read'
2025-11-13 11:12:37,822 - shimmer_device - ERROR - Error reading data: 'ShimmerBluetooth' object has no attribute 'read'
2025-11-13 11:12:37,823 - shimmer_device - ERROR - Error reading data: 'ShimmerBluetooth' object has no attribute 'read'
2025-11-13 11:12:37,824 - shimmer_device - ERROR - Error reading data: 'ShimmerBluetooth' object has no attribute 'read'
2025-11-13 11:12:37,826 - shimmer_device - ERROR - Error reading data: 'ShimmerBluetooth' object has no attribute 'read'
2025-11-13 11:12:37,827 - shimmer_device - ERROR - Error reading data: 'ShimmerBluetooth' object has no attribute 'read'
2025-11-13 11:12:37,830 - shimmer_device - ERROR - Error reading data: 'ShimmerBluetooth' object has no attribute 'read'
2025-11-13 11:12:37,834 - shimmer_device - ERROR - Error reading data: 'ShimmerBluetooth' object has no attribute 'read'
2025-11-13 11:12:37,838 - shimmer_device - ERROR - Error reading data: 'ShimmerBluetooth' object has no attribute 'read'
2025-11-13 11:12:37,839 - shimmer_device - ERROR - Error reading data: 'ShimmerBluetooth' object has no attribute 'read'
2025-11-13 11:12:37,841 - shimmer_device - ERROR - Error reading data: 'ShimmerBluetooth' object has no attribute 'read'
2025-11-13 11:12:37,842 - shimmer_device - ERROR - Error reading data: 'ShimmerBluetooth' object has no attribute 'read'
2025-11-13 11:12:37,843 - shimmer_device - ERROR - Error reading data: 'ShimmerBluetooth' object has no attribute 'read'
2025-11-13 11:12:37,844 - shimmer_device - ERROR - Error reading data: 'ShimmerBluetooth' object has no attribute 'read'
2025-11-13 11:12:37,847 - shimmer_device - ERROR - Error reading data: 'ShimmerBluetooth' object has no attribute 'read'
2025-11-13 11:12:37,848 - shimmer_device - ERROR - Error reading data: 'ShimmerBluetooth' object has no attribute 'read'
2025-11-13 11:12:37,849 - shimmer_device - ERROR - Error reading data: 'ShimmerBluetooth' object has no attribute 'read'
2025-11-13 11:12:37,850 - shimmer_device - ERROR - Error reading data: 'ShimmerBluetooth' object has no attribute 'read'
2025-11-13 11:12:37,851 - shimmer_device - ERROR - Error reading data: 'ShimmerBluetooth' object has no attribute 'read'
2025-11-13 11:12:37,853 - shimmer_device - ERROR - Error reading data: 'ShimmerBluetooth' object has no attribute 'read'
2025-11-13 11:12:37,854 - shimmer_device - ERROR - Error reading data: 'ShimmerBluetooth' object has no attribute 'read'
2025-11-13 11:12:37,856 - shimmer_device - ERROR - Error reading data: 'ShimmerBluetooth' object has no attribute 'read'
2025-11-13 11:12:37,857 - shimmer_device - ERROR - Error reading data: 'ShimmerBluetooth' object has no attribute 'read'
2025-11-13 11:12:37,859 - shimmer_device - ERROR - Error reading data: 'ShimmerBluetooth' object has no attribute 'read'
2025-11-13 11:12:37,860 - shimmer_device - ERROR - Error reading data: 'ShimmerBluetooth' object has no attribute 'read'
2025-11-13 11:12:37,861 - shimmer_device - ERROR - Error reading data: 'ShimmerBluetooth' object has no attribute 'read'
2025-11-13 11:12:37,862 - shimmer_device - ERROR - Error reading data: 'ShimmerBluetooth' object has no attribute 'read'
2025-11-13 11:12:37,864 - shimmer_device - ERROR - Error reading data: 'ShimmerBluetooth' object has no attribute 'read'
2025-11-13 11:12:37,866 - shimmer_device - ERROR - Error reading data: 'ShimmerBluetooth' object has no attribute 'read'
2025-11-13 11:12:37,867 - shimmer_device - ERROR - Error reading data: 'ShimmerBluetooth' object has no attribute 'read'
2025-11-13 11:12:37,869 - shimmer_device - ERROR - Error reading data: 'ShimmerBluetooth' object has no attribute 'read'
2025-11-13 11:12:37,870 - shimmer_device - ERROR - Error reading data: 'ShimmerBluetooth' object has no attribute 'read'
2025-11-13 11:12:37,872 - shimmer_device - ERROR - Error reading data: 'ShimmerBluetooth' object has no attribute 'read'
2025-11-13 11:12:37,874 - shimmer_device - ERROR - Error reading data: 'ShimmerBluetooth' object has no attribute 'read'
2025-11-13 11:12:37,876 - shimmer_device - ERROR - Error reading data: 'ShimmerBluetooth' object has no attribute 'read'
2025-11-13 11:12:37,878 - shimmer_device - ERROR - Error reading data: 'ShimmerBluetooth' object has no attribute 'read'
2025-11-13 11:12:37,880 - shimmer_device - ERROR - Error reading data: 'ShimmerBluetooth' object has no attribute 'read'
2025-11-13 11:12:37,882 - shimmer_device - ERROR - Error reading data: 'ShimmerBluetooth' object has no attribute 'read'
2025-11-13 11:12:37,883 - shimmer_device - ERROR - Error reading data: 'ShimmerBluetooth' object has no attribute 'read'
2025-11-13 11:12:37,885 - shimmer_device - ERROR - Error reading data: 'ShimmerBluetooth' object has no attribute 'read'
2025-11-13 11:12:37,887 - shimmer_device - ERROR - Error reading data: 'ShimmerBluetooth' object has no attribute 'read'
2025-11-13 11:12:37,889 - shimmer_device - ERROR - Error reading data: 'ShimmerBluetooth' object has no attribute 'read'
2025-11-13 11:12:37,890 - shimmer_device - ERROR - Error reading data: 'ShimmerBluetooth' object has no attribute 'read'
2025-11-13 11:12:37,892 - shimmer_device - ERROR - Error reading data: 'ShimmerBluetooth' object has no attribute 'read'
2025-11-13 11:12:37,893 - shimmer_device - ERROR - Error reading data: 'ShimmerBluetooth' object has no attribute 'read'
2025-11-13 11:12:37,895 - shimmer_device - ERROR - Error reading data: 'ShimmerBluetooth' object has no attribute 'read'
2025-11-13 11:12:37,896 - shimmer_device - ERROR - Error reading data: 'ShimmerBluetooth' object has no attribute 'read'
2025-11-13 11:12:37,898 - shimmer_device - ERROR - Error reading data: 'ShimmerBluetooth' object has no attribute 'read'
2025-11-13 11:12:37,899 - shimmer_device - ERROR - Error reading data: 'ShimmerBluetooth' object has no attribute 'read'
2025-11-13 11:12:37,900 - shimmer_device - ERROR - Error reading data: 'ShimmerBluetooth' object has no attribute 'read'
2025-11-13 11:12:37,901 - shimmer_device - ERROR - Error reading data: 'ShimmerBluetooth' object has no attribute 'read'
2025-11-13 11:12:37,903 - shimmer_device - ERROR - Error reading data: 'ShimmerBluetooth' object has no attribute 'read'
2025-11-13 11:12:37,904 - shimmer_device - ERROR - Error reading data: 'ShimmerBluetooth' object has no attribute 'read'
2025-11-13 11:12:37,905 - shimmer_device - ERROR - Error reading data: 'ShimmerBluetooth' object has no attribute 'read'
2025-11-13 11:12:37,907 - shimmer_device - ERROR - Error reading data: 'ShimmerBluetooth' object has no attribute 'read'
2025-11-13 11:12:37,908 - shimmer_device - ERROR - Error reading data: 'ShimmerBluetooth' object has no attribute 'read'
2025-11-13 11:12:37,910 - shimmer_device - ERROR - Error reading data: 'ShimmerBluetooth' object has no attribute 'read'
2025-11-13 11:12:37,911 - shimmer_device - ERROR - Error reading data: 'ShimmerBluetooth' object has no attribute 'read'
2025-11-13 11:12:37,913 - shimmer_device - ERROR - Error reading data: 'ShimmerBluetooth' object has no attribute 'read'
2025-11-13 11:12:37,914 - shimmer_device - ERROR - Error reading data: 'ShimmerBluetooth' object has no attribute 'read'
2025-11-13 11:12:37,915 - shimmer_device - ERROR - Error reading data: 'ShimmerBluetooth' object has no attribute 'read'
2025-11-13 11:12:37,916 - shimmer_device - ERROR - Error reading data: 'ShimmerBluetooth' object has no attribute 'read'
2025-11-13 11:12:37,917 - shimmer_device - ERROR - Error reading data: 'ShimmerBluetooth' object has no attribute 'read'
2025-11-13 11:12:37,918 - shimmer_device - ERROR - Error reading data: 'ShimmerBluetooth' object has no attribute 'read'
2025-11-13 11:12:37,920 - shimmer_device - ERROR - Error reading data: 'ShimmerBluetooth' object has no attribute 'read'
2025-11-13 11:12:37,921 - shimmer_device - ERROR - Error reading data: 'ShimmerBluetooth' object has no attribute 'read'
2025-11-13 11:12:37,922 - shimmer_device - ERROR - Error reading data: 'ShimmerBluetooth' object has no attribute 'read'
2025-11-13 11:12:37,924 - shimmer_device - ERROR - Error reading data: 'ShimmerBluetooth' object has no attribute 'read'
2025-11-13 11:12:37,925 - shimmer_device - ERROR - Error reading data: 'ShimmerBluetooth' object has no attribute 'read'
2025-11-13 11:12:37,926 - shimmer_device - ERROR - Error reading data: 'ShimmerBluetooth' object has no attribute 'read'
2025-11-13 11:12:37,928 - shimmer_device - ERROR - Error reading data: 'ShimmerBluetooth' object has no attribute 'read'
2025-11-13 11:12:37,929 - shimmer_device - ERROR - Error reading data: 'ShimmerBluetooth' object has no attribute 'read'
2025-11-13 11:12:37,930 - shimmer_device - ERROR - Error reading data: 'ShimmerBluetooth' object has no attribute 'read'
2025-11-13 11:12:37,932 - shimmer_device - ERROR - Error reading data: 'ShimmerBluetooth' object has no attribute 'read'
2025-11-13 11:12:37,933 - shimmer_device - ERROR - Error reading data: 'ShimmerBluetooth' object has no attribute 'read'
2025-11-13 11:12:37,935 - shimmer_device - ERROR - Error reading data: 'ShimmerBluetooth' object has no attribute 'read'
2025-11-13 11:12:37,936 - shimmer_device - ERROR - Error reading data: 'ShimmerBluetooth' object has no attribute 'read'
2025-11-13 11:12:37,938 - shimmer_device - ERROR - Error reading data: 'ShimmerBluetooth' object has no attribute 'read'
2025-11-13 11:12:37,940 - shimmer_device - ERROR - Error reading data: 'ShimmerBluetooth' object has no attribute 'read'
2025-11-13 11:12:37,941 - shimmer_device - ERROR - Error reading data: 'ShimmerBluetooth' object has no attribute 'read'
2025-11-13 11:12:37,942 - shimmer_device - ERROR - Error reading data: 'ShimmerBluetooth' object has no attribute 'read'
2025-11-13 11:12:37,943 - shimmer_device - ERROR - Error reading data: 'ShimmerBluetooth' object has no attribute 'read'
2025-11-13 11:12:37,944 - shimmer_device - ERROR - Error reading data: 'ShimmerBluetooth' object has no attribute 'read'
2025-11-13 11:12:37,946 - shimmer_device - ERROR - Error reading data: 'ShimmerBluetooth' object has no attribute 'read'
2025-11-13 11:12:37,948 - shimmer_device - ERROR - Error reading data: 'ShimmerBluetooth' object has no attribute 'read'
2025-11-13 11:12:37,950 - shimmer_device - ERROR - Error reading data: 'ShimmerBluetooth' object has no attribute 'read'
2025-11-13 11:12:37,951 - shimmer_device - ERROR - Error reading data: 'ShimmerBluetooth' object has no attribute 'read'
2025-11-13 11:12:37,953 - shimmer_device - ERROR - Error reading data: 'ShimmerBluetooth' object has no attribute 'read'
2025-11-13 11:12:37,955 - shimmer_device - ERROR - Error reading data: 'ShimmerBluetooth' object has no attribute 'read'
2025-11-13 11:12:37,956 - shimmer_device - ERROR - Error reading data: 'ShimmerBluetooth' object has no attribute 'read'
2025-11-13 11:12:37,957 - shimmer_device - ERROR - Error reading data: 'ShimmerBluetooth' object has no attribute 'read'
2025-11-13 11:12:37,959 - shimmer_device - ERROR - Error reading data: 'ShimmerBluetooth' object has no attribute 'read'
2025-11-13 11:12:37,960 - shimmer_device - ERROR - Error reading data: 'ShimmerBluetooth' object has no attribute 'read'
2025-11-13 11:12:37,962 - shimmer_device - ERROR - Error reading data: 'ShimmerBluetooth' object has no attribute 'read'
2025-11-13 11:12:37,963 - shimmer_device - ERROR - Error reading data: 'ShimmerBluetooth' object has no attribute 'read'
2025-11-13 11:12:37,965 - shimmer_device - ERROR - Error reading data: 'ShimmerBluetooth' object has no attribute 'read'
2025-11-13 11:12:37,967 - shimmer_device - ERROR - Error reading data: 'ShimmerBluetooth' object has no attribute 'read'
2025-11-13 11:12:37,968 - shimmer_device - ERROR - Error reading data: 'ShimmerBluetooth' object has no attribute 'read'
2025-11-13 11:12:37,969 - shimmer_device - ERROR - Error reading data: 'ShimmerBluetooth' object has no attribute 'read'
2025-11-13 11:12:37,970 - shimmer_device - ERROR - Error reading data: 'ShimmerBluetooth' object has no attribute 'read'
2025-11-13 11:12:37,971 - shimmer_device - ERROR - Error reading data: 'ShimmerBluetooth' object has no attribute 'read'
2025-11-13 11:12:37,973 - shimmer_device - ERROR - Error reading data: 'ShimmerBluetooth' object has no attribute 'read'
2025-11-13 11:12:37,974 - shimmer_device - ERROR - Error reading data: 'ShimmerBluetooth' object has no attribute 'read'
2025-11-13 11:12:37,975 - shimmer_device - ERROR - Error reading data: 'ShimmerBluetooth' object has no attribute 'read'
2025-11-13 11:12:37,976 - shimmer_device - ERROR - Error reading data: 'ShimmerBluetooth' object has no attribute 'read'
2025-11-13 11:12:37,978 - shimmer_device - ERROR - Error reading data: 'ShimmerBluetooth' object has no attribute 'read'
2025-11-13 11:12:37,980 - shimmer_device - ERROR - Error reading data: 'ShimmerBluetooth' object has no attribute 'read'
2025-11-13 11:12:37,981 - shimmer_device - ERROR - Error reading data: 'ShimmerBluetooth' object has no attribute 'read'
2025-11-13 11:12:37,983 - shimmer_device - ERROR - Error reading data: 'ShimmerBluetooth' object has no attribute 'read'
2025-11-13 11:12:37,984 - shimmer_device - ERROR - Error reading data: 'ShimmerBluetooth' object has no attribute 'read'
2025-11-13 11:12:37,986 - shimmer_device - ERROR - Error reading data: 'ShimmerBluetooth' object has no attribute 'read'
2025-11-13 11:12:37,987 - shimmer_device - ERROR - Error reading data: 'ShimmerBluetooth' object has no attribute 'read'
2025-11-13 11:12:37,988 - shimmer_device - ERROR - Error reading data: 'ShimmerBluetooth' object has no attribute 'read'
2025-11-13 11:12:37,990 - shimmer_device - ERROR - Error reading data: 'ShimmerBluetooth' object has no attribute 'read'
2025-11-13 11:12:37,991 - shimmer_device - ERROR - Error reading data: 'ShimmerBluetooth' object has no attribute 'read'
2025-11-13 11:12:37,993 - shimmer_device - ERROR - Error reading data: 'ShimmerBluetooth' object has no attribute 'read'
2025-11-13 11:12:37,994 - shimmer_device - ERROR - Error reading data: 'ShimmerBluetooth' object has no attribute 'read'
2025-11-13 11:12:37,996 - shimmer_device - ERROR - Error reading data: 'ShimmerBluetooth' object has no attribute 'read'
2025-11-13 11:12:37,998 - shimmer_device - ERROR - Error reading data: 'ShimmerBluetooth' object has no attribute 'read'
2025-11-13 11:12:37,999 - shimmer_device - ERROR - Error reading data: 'ShimmerBluetooth' object has no attribute 'read'
2025-11-13 11:12:38,000 - shimmer_device - ERROR - Error reading data: 'ShimmerBluetooth' object has no attribute 'read'
2025-11-13 11:12:38,002 - shimmer_device - ERROR - Error reading data: 'ShimmerBluetooth' object has no attribute 'read'
2025-11-13 11:12:38,003 - shimmer_device - ERROR - Error reading data: 'ShimmerBluetooth' object has no attribute 'read'
2025-11-13 11:12:38,004 - shimmer_device - ERROR - Error reading data: 'ShimmerBluetooth' object has no attribute 'read'
2025-11-13 11:12:38,006 - shimmer_device - ERROR - Error reading data: 'ShimmerBluetooth' object has no attribute 'read'
2025-11-13 11:12:38,007 - shimmer_device - ERROR - Error reading data: 'ShimmerBluetooth' object has no attribute 'read'
2025-11-13 11:12:38,008 - shimmer_device - ERROR - Error reading data: 'ShimmerBluetooth' object has no attribute 'read'
2025-11-13 11:12:38,010 - shimmer_device - ERROR - Error reading data: 'ShimmerBluetooth' object has no attribute 'read'
2025-11-13 11:12:38,011 - shimmer_device - ERROR - Error reading data: 'ShimmerBluetooth' object has no attribute 'read'
2025-11-13 11:12:38,012 - shimmer_device - ERROR - Error reading data: 'ShimmerBluetooth' object has no attribute 'read'
2025-11-13 11:12:38,013 - shimmer_device - ERROR - Error reading data: 'ShimmerBluetooth' object has no attribute 'read'
2025-11-13 11:12:38,015 - shimmer_device - ERROR - Error reading data: 'ShimmerBluetooth' object has no attribute 'read'
2025-11-13 11:12:38,016 - shimmer_device - ERROR - Error reading data: 'ShimmerBluetooth' object has no attribute 'read'
2025-11-13 11:12:38,018 - shimmer_device - ERROR - Error reading data: 'ShimmerBluetooth' object has no attribute 'read'
2025-11-13 11:12:38,019 - shimmer_device - ERROR - Error reading data: 'ShimmerBluetooth' object has no attribute 'read'
2025-11-13 11:12:38,021 - shimmer_device - ERROR - Error reading data: 'ShimmerBluetooth' object has no attribute 'read'
2025-11-13 11:12:38,022 - shimmer_device - ERROR - Error reading data: 'ShimmerBluetooth' object has no attribute 'read'
2025-11-13 11:12:38,023 - shimmer_device - ERROR - Error reading data: 'ShimmerBluetooth' object has no attribute 'read'
2025-11-13 11:12:38,024 - shimmer_device - ERROR - Error reading data: 'ShimmerBluetooth' object has no attribute 'read'
2025-11-13 11:12:38,025 - shimmer_device - ERROR - Error reading data: 'ShimmerBluetooth' object has no attribute 'read'
2025-11-13 11:12:38,027 - shimmer_device - ERROR - Error reading data: 'ShimmerBluetooth' object has no attribute 'read'
2025-11-13 11:12:38,028 - shimmer_device - ERROR - Error reading data: 'ShimmerBluetooth' object has no attribute 'read'
2025-11-13 11:12:38,030 - shimmer_device - ERROR - Error reading data: 'ShimmerBluetooth' object has no attribute 'read'
2025-11-13 11:12:38,031 - shimmer_device - ERROR - Error reading data: 'ShimmerBluetooth' object has no attribute 'read'
2025-11-13 11:12:38,032 - shimmer_device - ERROR - Error reading data: 'ShimmerBluetooth' object has no attribute 'read'
2025-11-13 11:12:38,033 - shimmer_device - ERROR - Error reading data: 'ShimmerBluetooth' object has no attribute 'read'
2025-11-13 11:12:38,035 - shimmer_device - ERROR - Error reading data: 'ShimmerBluetooth' object has no attribute 'read'
2025-11-13 11:12:38,036 - shimmer_device - ERROR - Error reading data: 'ShimmerBluetooth' object has no attribute 'read'
2025-11-13 11:12:38,038 - shimmer_device - ERROR - Error reading data: 'ShimmerBluetooth' object has no attribute 'read'
2025-11-13 11:12:38,040 - shimmer_device - ERROR - Error reading data: 'ShimmerBluetooth' object has no attribute 'read'
2025-11-13 11:12:38,041 - shimmer_device - ERROR - Error reading data: 'ShimmerBluetooth' object has no attribute 'read'
2025-11-13 11:12:38,043 - shimmer_device - ERROR - Error reading data: 'ShimmerBluetooth' object has no attribute 'read'
2025-11-13 11:12:38,045 - shimmer_device - ERROR - Error reading data: 'ShimmerBluetooth' object has no attribute 'read'
2025-11-13 11:12:38,047 - shimmer_device - ERROR - Error reading data: 'ShimmerBluetooth' object has no attribute 'read'
2025-11-13 11:12:38,049 - shimmer_device - ERROR - Error reading data: 'ShimmerBluetooth' object has no attribute 'read'
2025-11-13 11:12:38,051 - shimmer_device - ERROR - Error reading data: 'ShimmerBluetooth' object has no attribute 'read'
2025-11-13 11:12:38,052 - shimmer_device - ERROR - Error reading data: 'ShimmerBluetooth' object has no attribute 'read'
2025-11-13 11:12:38,054 - shimmer_device - ERROR - Error reading data: 'ShimmerBluetooth' object has no attribute 'read'
2025-11-13 11:12:38,056 - shimmer_device - ERROR - Error reading data: 'ShimmerBluetooth' object has no attribute 'read'
2025-11-13 11:12:38,058 - shimmer_device - ERROR - Error reading data: 'ShimmerBluetooth' object has no attribute 'read'
2025-11-13 11:12:38,060 - shimmer_device - ERROR - Error reading data: 'ShimmerBluetooth' object has no attribute 'read'
2025-11-13 11:12:38,061 - shimmer_device - ERROR - Error reading data: 'ShimmerBluetooth' object has no attribute 'read'
2025-11-13 11:12:38,063 - shimmer_device - ERROR - Error reading data: 'ShimmerBluetooth' object has no attribute 'read'
2025-11-13 11:12:38,064 - shimmer_device - ERROR - Error reading data: 'ShimmerBluetooth' object has no attribute 'read'
2025-11-13 11:12:38,065 - shimmer_device - ERROR - Error reading data: 'ShimmerBluetooth' object has no attribute 'read'
2025-11-13 11:12:38,066 - shimmer_device - ERROR - Error reading data: 'ShimmerBluetooth' object has no attribute 'read'
2025-11-13 11:12:38,068 - shimmer_device - ERROR - Error reading data: 'ShimmerBluetooth' object has no attribute 'read'
2025-11-13 11:12:38,069 - shimmer_device - ERROR - Error reading data: 'ShimmerBluetooth' object has no attribute 'read'
2025-11-13 11:12:38,070 - shimmer_device - ERROR - Error reading data: 'ShimmerBluetooth' object has no attribute 'read'
2025-11-13 11:12:38,071 - shimmer_device - ERROR - Error reading data: 'ShimmerBluetooth' object has no attribute 'read'
2025-11-13 11:12:38,073 - shimmer_device - ERROR - Error reading data: 'ShimmerBluetooth' object has no attribute 'read'
2025-11-13 11:12:38,074 - shimmer_device - ERROR - Error reading data: 'ShimmerBluetooth' object has no attribute 'read'
2025-11-13 11:12:38,076 - shimmer_device - ERROR - Error reading data: 'ShimmerBluetooth' object has no attribute 'read'
2025-11-13 11:12:38,077 - shimmer_device - ERROR - Error reading data: 'ShimmerBluetooth' object has no attribute 'read'
2025-11-13 11:12:38,077 - __main__ - INFO - 
============================================================
2025-11-13 11:12:38,077 - __main__ - INFO - Total samples: 0
2025-11-13 11:12:38,077 - __main__ - INFO - LSL pushed: 0
2025-11-13 11:12:38,077 - __main__ - INFO - LSL rate: 0.00 Hz (0.0% of nominal)
2025-11-13 11:12:38,077 - __main__ - INFO - Saved: 0
2025-11-13 11:12:38,077 - __main__ - INFO - Buffer: 0
2025-11-13 11:12:38,077 - __main__ - INFO - ============================================================
2025-11-13 11:12:38,078 - shimmer_device - ERROR - Error reading data: 'ShimmerBluetooth' object has no attribute 'read'
2025-11-13 11:12:38,079 - shimmer_device - ERROR - Error reading data: 'ShimmerBluetooth' object has no attribute 'read'
2025-11-13 11:12:38,081 - shimmer_device - ERROR - Error reading data: 'ShimmerBluetooth' object has no attribute 'read'
2025-11-13 11:12:38,083 - shimmer_device - ERROR - Error reading data: 'ShimmerBluetooth' object has no attribute 'read'
2025-11-13 11:12:38,084 - shimmer_device - ERROR - Error reading data: 'ShimmerBluetooth' object has no attribute 'read'
2025-11-13 11:12:38,085 - shimmer_device - ERROR - Error reading data: 'ShimmerBluetooth' object has no attribute 'read'
2025-11-13 11:12:38,086 - shimmer_device - ERROR - Error reading data: 'ShimmerBluetooth' object has no attribute 'read'
2025-11-13 11:12:38,088 - shimmer_device - ERROR - Error reading data: 'ShimmerBluetooth' object has no attribute 'read'
2025-11-13 11:12:38,090 - shimmer_device - ERROR - Error reading data: 'ShimmerBluetooth' object has no attribute 'read'
2025-11-13 11:12:38,091 - shimmer_device - ERROR - Error reading data: 'ShimmerBluetooth' object has no attribute 'read'
2025-11-13 11:12:38,092 - shimmer_device - ERROR - Error reading data: 'ShimmerBluetooth' object has no attribute 'read'
2025-11-13 11:12:38,093 - shimmer_device - ERROR - Error reading data: 'ShimmerBluetooth' object has no attribute 'read'
2025-11-13 11:12:38,094 - shimmer_device - ERROR - Error reading data: 'ShimmerBluetooth' object has no attribute 'read'
2025-11-13 11:12:38,095 - shimmer_device - ERROR - Error reading data: 'ShimmerBluetooth' object has no attribute 'read'
2025-11-13 11:12:38,097 - shimmer_device - ERROR - Error reading data: 'ShimmerBluetooth' object has no attribute 'read'
2025-11-13 11:12:38,099 - shimmer_device - ERROR - Error reading data: 'ShimmerBluetooth' object has no attribute 'read'
2025-11-13 11:12:38,101 - shimmer_device - ERROR - Error reading data: 'ShimmerBluetooth' object has no attribute 'read'
2025-11-13 11:12:38,102 - shimmer_device - ERROR - Error reading data: 'ShimmerBluetooth' object has no attribute 'read'
2025-11-13 11:12:38,104 - shimmer_device - ERROR - Error reading data: 'ShimmerBluetooth' object has no attribute 'read'
2025-11-13 11:12:38,105 - shimmer_device - ERROR - Error reading data: 'ShimmerBluetooth' object has no attribute 'read'
2025-11-13 11:12:38,106 - shimmer_device - ERROR - Error reading data: 'ShimmerBluetooth' object has no attribute 'read'
2025-11-13 11:12:38,107 - shimmer_device - ERROR - Error reading data: 'ShimmerBluetooth' object has no attribute 'read'
2025-11-13 11:12:38,109 - shimmer_device - ERROR - Error reading data: 'ShimmerBluetooth' object has no attribute 'read'
2025-11-13 11:12:38,111 - shimmer_device - ERROR - Error reading data: 'ShimmerBluetooth' object has no attribute 'read'
2025-11-13 11:12:38,112 - shimmer_device - ERROR - Error reading data: 'ShimmerBluetooth' object has no attribute 'read'
2025-11-13 11:12:38,113 - shimmer_device - ERROR - Error reading data: 'ShimmerBluetooth' object has no attribute 'read'
2025-11-13 11:12:38,114 - shimmer_device - ERROR - Error reading data: 'ShimmerBluetooth' object has no attribute 'read'
2025-11-13 11:12:38,115 - shimmer_device - ERROR - Error reading data: 'ShimmerBluetooth' object has no attribute 'read'
2025-11-13 11:12:38,116 - shimmer_device - ERROR - Error reading data: 'ShimmerBluetooth' object has no attribute 'read'
2025-11-13 11:12:38,117 - shimmer_device - ERROR - Error reading data: 'ShimmerBluetooth' object has no attribute 'read'
2025-11-13 11:12:38,118 - shimmer_device - ERROR - Error reading data: 'ShimmerBluetooth' object has no attribute 'read'
2025-11-13 11:12:38,119 - shimmer_device - ERROR - Error reading data: 'ShimmerBluetooth' object has no attribute 'read'
2025-11-13 11:12:38,121 - shimmer_device - ERROR - Error reading data: 'ShimmerBluetooth' object has no attribute 'read'
2025-11-13 11:12:38,122 - shimmer_device - ERROR - Error reading data: 'ShimmerBluetooth' object has no attribute 'read'
2025-11-13 11:12:38,123 - shimmer_device - ERROR - Error reading data: 'ShimmerBluetooth' object has no attribute 'read'
2025-11-13 11:12:38,124 - shimmer_device - ERROR - Error reading data: 'ShimmerBluetooth' object has no attribute 'read'
2025-11-13 11:12:38,125 - shimmer_device - ERROR - Error reading data: 'ShimmerBluetooth' object has no attribute 'read'
2025-11-13 11:12:38,126 - shimmer_device - ERROR - Error reading data: 'ShimmerBluetooth' object has no attribute 'read'
2025-11-13 11:12:38,127 - shimmer_device - ERROR - Error reading data: 'ShimmerBluetooth' object has no attribute 'read'
2025-11-13 11:12:38,128 - shimmer_device - ERROR - Error reading data: 'ShimmerBluetooth' object has no attribute 'read'
2025-11-13 11:12:38,130 - shimmer_device - ERROR - Error reading data: 'ShimmerBluetooth' object has no attribute 'read'
2025-11-13 11:12:38,132 - shimmer_device - ERROR - Error reading data: 'ShimmerBluetooth' object has no attribute 'read'
2025-11-13 11:12:38,133 - shimmer_device - ERROR - Error reading data: 'ShimmerBluetooth' object has no attribute 'read'
2025-11-13 11:12:38,135 - shimmer_device - ERROR - Error reading data: 'ShimmerBluetooth' object has no attribute 'read'
2025-11-13 11:12:38,136 - shimmer_device - ERROR - Error reading data: 'ShimmerBluetooth' object has no attribute 'read'
2025-11-13 11:12:38,138 - shimmer_device - ERROR - Error reading data: 'ShimmerBluetooth' object has no attribute 'read'
2025-11-13 11:12:38,139 - shimmer_device - ERROR - Error reading data: 'ShimmerBluetooth' object has no attribute 'read'
2025-11-13 11:12:38,140 - shimmer_device - ERROR - Error reading data: 'ShimmerBluetooth' object has no attribute 'read'
2025-11-13 11:12:38,141 - shimmer_device - ERROR - Error reading data: 'ShimmerBluetooth' object has no attribute 'read'
2025-11-13 11:12:38,143 - shimmer_device - ERROR - Error reading data: 'ShimmerBluetooth' object has no attribute 'read'
2025-11-13 11:12:38,144 - shimmer_device - ERROR - Error reading data: 'ShimmerBluetooth' object has no attribute 'read'
2025-11-13 11:12:38,145 - shimmer_device - ERROR - Error reading data: 'ShimmerBluetooth' object has no attribute 'read'
2025-11-13 11:12:38,146 - shimmer_device - ERROR - Error reading data: 'ShimmerBluetooth' object has no attribute 'read'
2025-11-13 11:12:38,147 - shimmer_device - ERROR - Error reading data: 'ShimmerBluetooth' object has no attribute 'read'
2025-11-13 11:12:38,148 - shimmer_device - ERROR - Error reading data: 'ShimmerBluetooth' object has no attribute 'read'
2025-11-13 11:12:38,149 - shimmer_device - ERROR - Error reading data: 'ShimmerBluetooth' object has no attribute 'read'
2025-11-13 11:12:38,150 - shimmer_device - ERROR - Error reading data: 'ShimmerBluetooth' object has no attribute 'read'
2025-11-13 11:12:38,151 - shimmer_device - ERROR - Error reading data: 'ShimmerBluetooth' object has no attribute 'read'
2025-11-13 11:12:38,152 - shimmer_device - ERROR - Error reading data: 'ShimmerBluetooth' object has no attribute 'read'
2025-11-13 11:12:38,154 - shimmer_device - ERROR - Error reading data: 'ShimmerBluetooth' object has no attribute 'read'
2025-11-13 11:12:38,155 - shimmer_device - ERROR - Error reading data: 'ShimmerBluetooth' object has no attribute 'read'
2025-11-13 11:12:38,157 - shimmer_device - ERROR - Error reading data: 'ShimmerBluetooth' object has no attribute 'read'
2025-11-13 11:12:38,159 - shimmer_device - ERROR - Error reading data: 'ShimmerBluetooth' object has no attribute 'read'
2025-11-13 11:12:38,161 - shimmer_device - ERROR - Error reading data: 'ShimmerBluetooth' object has no attribute 'read'
2025-11-13 11:12:38,162 - shimmer_device - ERROR - Error reading data: 'ShimmerBluetooth' object has no attribute 'read'
2025-11-13 11:12:38,164 - shimmer_device - ERROR - Error reading data: 'ShimmerBluetooth' object has no attribute 'read'
2025-11-13 11:12:38,166 - shimmer_device - ERROR - Error reading data: 'ShimmerBluetooth' object has no attribute 'read'
2025-11-13 11:12:38,167 - shimmer_device - ERROR - Error reading data: 'ShimmerBluetooth' object has no attribute 'read'
2025-11-13 11:12:38,169 - shimmer_device - ERROR - Error reading data: 'ShimmerBluetooth' object has no attribute 'read'
2025-11-13 11:12:38,170 - shimmer_device - ERROR - Error reading data: 'ShimmerBluetooth' object has no attribute 'read'
2025-11-13 11:12:38,171 - shimmer_device - ERROR - Error reading data: 'ShimmerBluetooth' object has no attribute 'read'
2025-11-13 11:12:38,173 - shimmer_device - ERROR - Error reading data: 'ShimmerBluetooth' object has no attribute 'read'
2025-11-13 11:12:38,174 - shimmer_device - ERROR - Error reading data: 'ShimmerBluetooth' object has no attribute 'read'
2025-11-13 11:12:38,175 - shimmer_device - ERROR - Error reading data: 'ShimmerBluetooth' object has no attribute 'read'
2025-11-13 11:12:38,176 - shimmer_device - ERROR - Error reading data: 'ShimmerBluetooth' object has no attribute 'read'
2025-11-13 11:12:38,177 - shimmer_device - ERROR - Error reading data: 'ShimmerBluetooth' object has no attribute 'read'
2025-11-13 11:12:38,178 - shimmer_device - ERROR - Error reading data: 'ShimmerBluetooth' object has no attribute 'read'
2025-11-13 11:12:38,179 - shimmer_device - ERROR - Error reading data: 'ShimmerBluetooth' object has no attribute 'read'
2025-11-13 11:12:38,180 - shimmer_device - ERROR - Error reading data: 'ShimmerBluetooth' object has no attribute 'read'
2025-11-13 11:12:38,182 - shimmer_device - ERROR - Error reading data: 'ShimmerBluetooth' object has no attribute 'read'
2025-11-13 11:12:38,183 - shimmer_device - ERROR - Error reading data: 'ShimmerBluetooth' object has no attribute 'read'
2025-11-13 11:12:38,185 - shimmer_device - ERROR - Error reading data: 'ShimmerBluetooth' object has no attribute 'read'
2025-11-13 11:12:38,187 - shimmer_device - ERROR - Error reading data: 'ShimmerBluetooth' object has no attribute 'read'
2025-11-13 11:12:38,188 - shimmer_device - ERROR - Error reading data: 'ShimmerBluetooth' object has no attribute 'read'
2025-11-13 11:12:38,190 - shimmer_device - ERROR - Error reading data: 'ShimmerBluetooth' object has no attribute 'read'
2025-11-13 11:12:38,192 - shimmer_device - ERROR - Error reading data: 'ShimmerBluetooth' object has no attribute 'read'
2025-11-13 11:12:38,193 - shimmer_device - ERROR - Error reading data: 'ShimmerBluetooth' object has no attribute 'read'
2025-11-13 11:12:38,194 - shimmer_device - ERROR - Error reading data: 'ShimmerBluetooth' object has no attribute 'read'
2025-11-13 11:12:38,196 - shimmer_device - ERROR - Error reading data: 'ShimmerBluetooth' object has no attribute 'read'
2025-11-13 11:12:38,197 - shimmer_device - ERROR - Error reading data: 'ShimmerBluetooth' object has no attribute 'read'
2025-11-13 11:12:38,198 - shimmer_device - ERROR - Error reading data: 'ShimmerBluetooth' object has no attribute 'read'
2025-11-13 11:12:38,200 - shimmer_device - ERROR - Error reading data: 'ShimmerBluetooth' object has no attribute 'read'
2025-11-13 11:12:38,201 - shimmer_device - ERROR - Error reading data: 'ShimmerBluetooth' object has no attribute 'read'
2025-11-13 11:12:38,202 - shimmer_device - ERROR - Error reading data: 'ShimmerBluetooth' object has no attribute 'read'
2025-11-13 11:12:38,203 - shimmer_device - ERROR - Error reading data: 'ShimmerBluetooth' object has no attribute 'read'
2025-11-13 11:12:38,204 - shimmer_device - ERROR - Error reading data: 'ShimmerBluetooth' object has no attribute 'read'
2025-11-13 11:12:38,205 - shimmer_device - ERROR - Error reading data: 'ShimmerBluetooth' object has no attribute 'read'
2025-11-13 11:12:38,207 - shimmer_device - ERROR - Error reading data: 'ShimmerBluetooth' object has no attribute 'read'
2025-11-13 11:12:38,208 - shimmer_device - ERROR - Error reading data: 'ShimmerBluetooth' object has no attribute 'read'
2025-11-13 11:12:38,209 - shimmer_device - ERROR - Error reading data: 'ShimmerBluetooth' object has no attribute 'read'
2025-11-13 11:12:38,211 - shimmer_device - ERROR - Error reading data: 'ShimmerBluetooth' object has no attribute 'read'
2025-11-13 11:12:38,212 - shimmer_device - ERROR - Error reading data: 'ShimmerBluetooth' object has no attribute 'read'
2025-11-13 11:12:38,213 - shimmer_device - ERROR - Error reading data: 'ShimmerBluetooth' object has no attribute 'read'
2025-11-13 11:12:38,215 - shimmer_device - ERROR - Error reading data: 'ShimmerBluetooth' object has no attribute 'read'
2025-11-13 11:12:38,216 - shimmer_device - ERROR - Error reading data: 'ShimmerBluetooth' object has no attribute 'read'
2025-11-13 11:12:38,217 - shimmer_device - ERROR - Error reading data: 'ShimmerBluetooth' object has no attribute 'read'
2025-11-13 11:12:38,218 - shimmer_device - ERROR - Error reading data: 'ShimmerBluetooth' object has no attribute 'read'
2025-11-13 11:12:38,220 - shimmer_device - ERROR - Error reading data: 'ShimmerBluetooth' object has no attribute 'read'
2025-11-13 11:12:38,221 - shimmer_device - ERROR - Error reading data: 'ShimmerBluetooth' object has no attribute 'read'
2025-11-13 11:12:38,222 - shimmer_device - ERROR - Error reading data: 'ShimmerBluetooth' object has no attribute 'read'
2025-11-13 11:12:38,223 - shimmer_device - ERROR - Error reading data: 'ShimmerBluetooth' object has no attribute 'read'
2025-11-13 11:12:38,225 - shimmer_device - ERROR - Error reading data: 'ShimmerBluetooth' object has no attribute 'read'
2025-11-13 11:12:38,227 - shimmer_device - ERROR - Error reading data: 'ShimmerBluetooth' object has no attribute 'read'
2025-11-13 11:12:38,228 - shimmer_device - ERROR - Error reading data: 'ShimmerBluetooth' object has no attribute 'read'
2025-11-13 11:12:38,230 - shimmer_device - ERROR - Error reading data: 'ShimmerBluetooth' object has no attribute 'read'
2025-11-13 11:12:38,231 - shimmer_device - ERROR - Error reading data: 'ShimmerBluetooth' object has no attribute 'read'
2025-11-13 11:12:38,233 - shimmer_device - ERROR - Error reading data: 'ShimmerBluetooth' object has no attribute 'read'
2025-11-13 11:12:38,235 - shimmer_device - ERROR - Error reading data: 'ShimmerBluetooth' object has no attribute 'read'
2025-11-13 11:12:38,237 - shimmer_device - ERROR - Error reading data: 'ShimmerBluetooth' object has no attribute 'read'
2025-11-13 11:12:38,238 - shimmer_device - ERROR - Error reading data: 'ShimmerBluetooth' object has no attribute 'read'
2025-11-13 11:12:38,239 - shimmer_device - ERROR - Error reading data: 'ShimmerBluetooth' object has no attribute 'read'
2025-11-13 11:12:38,240 - shimmer_device - ERROR - Error reading data: 'ShimmerBluetooth' object has no attribute 'read'
2025-11-13 11:12:38,242 - shimmer_device - ERROR - Error reading data: 'ShimmerBluetooth' object has no attribute 'read'
2025-11-13 11:12:38,243 - shimmer_device - ERROR - Error reading data: 'ShimmerBluetooth' object has no attribute 'read'
2025-11-13 11:12:38,244 - shimmer_device - ERROR - Error reading data: 'ShimmerBluetooth' object has no attribute 'read'
2025-11-13 11:12:38,245 - shimmer_device - ERROR - Error reading data: 'ShimmerBluetooth' object has no attribute 'read'
2025-11-13 11:12:38,246 - shimmer_device - ERROR - Error reading data: 'ShimmerBluetooth' object has no attribute 'read'
2025-11-13 11:12:38,248 - shimmer_device - ERROR - Error reading data: 'ShimmerBluetooth' object has no attribute 'read'
2025-11-13 11:12:38,249 - shimmer_device - ERROR - Error reading data: 'ShimmerBluetooth' object has no attribute 'read'
2025-11-13 11:12:38,250 - shimmer_device - ERROR - Error reading data: 'ShimmerBluetooth' object has no attribute 'read'
2025-11-13 11:12:38,251 - shimmer_device - ERROR - Error reading data: 'ShimmerBluetooth' object has no attribute 'read'
2025-11-13 11:12:38,253 - shimmer_device - ERROR - Error reading data: 'ShimmerBluetooth' object has no attribute 'read'
2025-11-13 11:12:38,254 - shimmer_device - ERROR - Error reading data: 'ShimmerBluetooth' object has no attribute 'read'
2025-11-13 11:12:38,256 - shimmer_device - ERROR - Error reading data: 'ShimmerBluetooth' object has no attribute 'read'
2025-11-13 11:12:38,258 - shimmer_device - ERROR - Error reading data: 'ShimmerBluetooth' object has no attribute 'read'
2025-11-13 11:12:38,260 - shimmer_device - ERROR - Error reading data: 'ShimmerBluetooth' object has no attribute 'read'
2025-11-13 11:12:38,261 - shimmer_device - ERROR - Error reading data: 'ShimmerBluetooth' object has no attribute 'read'
2025-11-13 11:12:38,262 - shimmer_device - ERROR - Error reading data: 'ShimmerBluetooth' object has no attribute 'read'
2025-11-13 11:12:38,263 - shimmer_device - ERROR - Error reading data: 'ShimmerBluetooth' object has no attribute 'read'
2025-11-13 11:12:38,265 - shimmer_device - ERROR - Error reading data: 'ShimmerBluetooth' object has no attribute 'read'
2025-11-13 11:12:38,267 - shimmer_device - ERROR - Error reading data: 'ShimmerBluetooth' object has no attribute 'read'
2025-11-13 11:12:38,268 - shimmer_device - ERROR - Error reading data: 'ShimmerBluetooth' object has no attribute 'read'
2025-11-13 11:12:38,270 - shimmer_device - ERROR - Error reading data: 'ShimmerBluetooth' object has no attribute 'read'
2025-11-13 11:12:38,271 - shimmer_device - ERROR - Error reading data: 'ShimmerBluetooth' object has no attribute 'read'
2025-11-13 11:12:38,272 - shimmer_device - ERROR - Error reading data: 'ShimmerBluetooth' object has no attribute 'read'
2025-11-13 11:12:38,273 - shimmer_device - ERROR - Error reading data: 'ShimmerBluetooth' object has no attribute 'read'
2025-11-13 11:12:38,275 - shimmer_device - ERROR - Error reading data: 'ShimmerBluetooth' object has no attribute 'read'
2025-11-13 11:12:38,276 - shimmer_device - ERROR - Error reading data: 'ShimmerBluetooth' object has no attribute 'read'
2025-11-13 11:12:38,278 - shimmer_device - ERROR - Error reading data: 'ShimmerBluetooth' object has no attribute 'read'
2025-11-13 11:12:38,279 - shimmer_device - ERROR - Error reading data: 'ShimmerBluetooth' object has no attribute 'read'
2025-11-13 11:12:38,281 - shimmer_device - ERROR - Error reading data: 'ShimmerBluetooth' object has no attribute 'read'
2025-11-13 11:12:38,282 - shimmer_device - ERROR - Error reading data: 'ShimmerBluetooth' object has no attribute 'read'
2025-11-13 11:12:38,284 - shimmer_device - ERROR - Error reading data: 'ShimmerBluetooth' object has no attribute 'read'
2025-11-13 11:12:38,285 - shimmer_device - ERROR - Error reading data: 'ShimmerBluetooth' object has no attribute 'read'
2025-11-13 11:12:38,286 - shimmer_device - ERROR - Error reading data: 'ShimmerBluetooth' object has no attribute 'read'
2025-11-13 11:12:38,287 - shimmer_device - ERROR - Error reading data: 'ShimmerBluetooth' object has no attribute 'read'
2025-11-13 11:12:38,288 - shimmer_device - ERROR - Error reading data: 'ShimmerBluetooth' object has no attribute 'read'
2025-11-13 11:12:38,289 - shimmer_device - ERROR - Error reading data: 'ShimmerBluetooth' object has no attribute 'read'
2025-11-13 11:12:38,290 - shimmer_device - ERROR - Error reading data: 'ShimmerBluetooth' object has no attribute 'read'
2025-11-13 11:12:38,291 - shimmer_device - ERROR - Error reading data: 'ShimmerBluetooth' object has no attribute 'read'
2025-11-13 11:12:38,292 - shimmer_device - ERROR - Error reading data: 'ShimmerBluetooth' object has no attribute 'read'
2025-11-13 11:12:38,293 - shimmer_device - ERROR - Error reading data: 'ShimmerBluetooth' object has no attribute 'read'
2025-11-13 11:12:38,294 - shimmer_device - ERROR - Error reading data: 'ShimmerBluetooth' object has no attribute 'read'
2025-11-13 11:12:38,296 - shimmer_device - ERROR - Error reading data: 'ShimmerBluetooth' object has no attribute 'read'
2025-11-13 11:12:38,298 - shimmer_device - ERROR - Error reading data: 'ShimmerBluetooth' object has no attribute 'read'
2025-11-13 11:12:38,299 - shimmer_device - ERROR - Error reading data: 'ShimmerBluetooth' object has no attribute 'read'
2025-11-13 11:12:38,300 - shimmer_device - ERROR - Error reading data: 'ShimmerBluetooth' object has no attribute 'read'
2025-11-13 11:12:38,301 - shimmer_device - ERROR - Error reading data: 'ShimmerBluetooth' object has no attribute 'read'
2025-11-13 11:12:38,303 - shimmer_device - ERROR - Error reading data: 'ShimmerBluetooth' object has no attribute 'read'
2025-11-13 11:12:38,304 - shimmer_device - ERROR - Error reading data: 'ShimmerBluetooth' object has no attribute 'read'
2025-11-13 11:12:38,305 - shimmer_device - ERROR - Error reading data: 'ShimmerBluetooth' object has no attribute 'read'
2025-11-13 11:12:38,306 - shimmer_device - ERROR - Error reading data: 'ShimmerBluetooth' object has no attribute 'read'
2025-11-13 11:12:38,308 - shimmer_device - ERROR - Error reading data: 'ShimmerBluetooth' object has no attribute 'read'
2025-11-13 11:12:38,309 - shimmer_device - ERROR - Error reading data: 'ShimmerBluetooth' object has no attribute 'read'
2025-11-13 11:12:38,311 - shimmer_device - ERROR - Error reading data: 'ShimmerBluetooth' object has no attribute 'read'
2025-11-13 11:12:38,312 - shimmer_device - ERROR - Error reading data: 'ShimmerBluetooth' object has no attribute 'read'
2025-11-13 11:12:38,313 - shimmer_device - ERROR - Error reading data: 'ShimmerBluetooth' object has no attribute 'read'
2025-11-13 11:12:38,315 - shimmer_device - ERROR - Error reading data: 'ShimmerBluetooth' object has no attribute 'read'
2025-11-13 11:12:38,317 - shimmer_device - ERROR - Error reading data: 'ShimmerBluetooth' object has no attribute 'read'
2025-11-13 11:12:38,318 - shimmer_device - ERROR - Error reading data: 'ShimmerBluetooth' object has no attribute 'read'
2025-11-13 11:12:38,320 - shimmer_device - ERROR - Error reading data: 'ShimmerBluetooth' object has no attribute 'read'
2025-11-13 11:12:38,322 - shimmer_device - ERROR - Error reading data: 'ShimmerBluetooth' object has no attribute 'read'
2025-11-13 11:12:38,323 - shimmer_device - ERROR - Error reading data: 'ShimmerBluetooth' object has no attribute 'read'
2025-11-13 11:12:38,325 - shimmer_device - ERROR - Error reading data: 'ShimmerBluetooth' object has no attribute 'read'
2025-11-13 11:12:38,326 - shimmer_device - ERROR - Error reading data: 'ShimmerBluetooth' object has no attribute 'read'
2025-11-13 11:12:38,328 - shimmer_device - ERROR - Error reading data: 'ShimmerBluetooth' object has no attribute 'read'
2025-11-13 11:12:38,329 - shimmer_device - ERROR - Error reading data: 'ShimmerBluetooth' object has no attribute 'read'
2025-11-13 11:12:38,331 - shimmer_device - ERROR - Error reading data: 'ShimmerBluetooth' object has no attribute 'read'
2025-11-13 11:12:38,333 - shimmer_device - ERROR - Error reading data: 'ShimmerBluetooth' object has no attribute 'read'
2025-11-13 11:12:38,334 - shimmer_device - ERROR - Error reading data: 'ShimmerBluetooth' object has no attribute 'read'
2025-11-13 11:12:38,335 - shimmer_device - ERROR - Error reading data: 'ShimmerBluetooth' object has no attribute 'read'
2025-11-13 11:12:38,337 - shimmer_device - ERROR - Error reading data: 'ShimmerBluetooth' object has no attribute 'read'
2025-11-13 11:12:38,338 - shimmer_device - ERROR - Error reading data: 'ShimmerBluetooth' object has no attribute 'read'
2025-11-13 11:12:38,339 - shimmer_device - ERROR - Error reading data: 'ShimmerBluetooth' object has no attribute 'read'
2025-11-13 11:12:38,341 - shimmer_device - ERROR - Error reading data: 'ShimmerBluetooth' object has no attribute 'read'
2025-11-13 11:12:38,342 - shimmer_device - ERROR - Error reading data: 'ShimmerBluetooth' object has no attribute 'read'
2025-11-13 11:12:38,344 - shimmer_device - ERROR - Error reading data: 'ShimmerBluetooth' object has no attribute 'read'
2025-11-13 11:12:38,346 - shimmer_device - ERROR - Error reading data: 'ShimmerBluetooth' object has no attribute 'read'
2025-11-13 11:12:38,359 - shimmer_device - ERROR - Error reading data: 'ShimmerBluetooth' object has no attribute 'read'
2025-11-13 11:12:38,360 - shimmer_device - ERROR - Error reading data: 'ShimmerBluetooth' object has no attribute 'read'
2025-11-13 11:12:38,362 - shimmer_device - ERROR - Error reading data: 'ShimmerBluetooth' object has no attribute 'read'
2025-11-13 11:12:38,364 - shimmer_device - ERROR - Error reading data: 'ShimmerBluetooth' object has no attribute 'read'
2025-11-13 11:12:38,366 - shimmer_device - ERROR - Error reading data: 'ShimmerBluetooth' object has no attribute 'read'
2025-11-13 11:12:38,367 - shimmer_device - ERROR - Error reading data: 'ShimmerBluetooth' object has no attribute 'read'
2025-11-13 11:12:38,368 - shimmer_device - ERROR - Error reading data: 'ShimmerBluetooth' object has no attribute 'read'
2025-11-13 11:12:38,369 - shimmer_device - ERROR - Error reading data: 'ShimmerBluetooth' object has no attribute 'read'
2025-11-13 11:12:38,371 - shimmer_device - ERROR - Error reading data: 'ShimmerBluetooth' object has no attribute 'read'
2025-11-13 11:12:38,372 - shimmer_device - ERROR - Error reading data: 'ShimmerBluetooth' object has no attribute 'read'
2025-11-13 11:12:38,373 - shimmer_device - ERROR - Error reading data: 'ShimmerBluetooth' object has no attribute 'read'
2025-11-13 11:12:38,375 - shimmer_device - ERROR - Error reading data: 'ShimmerBluetooth' object has no attribute 'read'
2025-11-13 11:12:38,376 - shimmer_device - ERROR - Error reading data: 'ShimmerBluetooth' object has no attribute 'read'
2025-11-13 11:12:38,378 - shimmer_device - ERROR - Error reading data: 'ShimmerBluetooth' object has no attribute 'read'
2025-11-13 11:12:38,380 - shimmer_device - ERROR - Error reading data: 'ShimmerBluetooth' object has no attribute 'read'
2025-11-13 11:12:38,382 - shimmer_device - ERROR - Error reading data: 'ShimmerBluetooth' object has no attribute 'read'
2025-11-13 11:12:38,383 - shimmer_device - ERROR - Error reading data: 'ShimmerBluetooth' object has no attribute 'read'
2025-11-13 11:12:38,385 - shimmer_device - ERROR - Error reading data: 'ShimmerBluetooth' object has no attribute 'read'
2025-11-13 11:12:38,386 - shimmer_device - ERROR - Error reading data: 'ShimmerBluetooth' object has no attribute 'read'
2025-11-13 11:12:38,388 - shimmer_device - ERROR - Error reading data: 'ShimmerBluetooth' object has no attribute 'read'
2025-11-13 11:12:38,389 - shimmer_device - ERROR - Error reading data: 'ShimmerBluetooth' object has no attribute 'read'
2025-11-13 11:12:38,390 - shimmer_device - ERROR - Error reading data: 'ShimmerBluetooth' object has no attribute 'read'
2025-11-13 11:12:38,391 - shimmer_device - ERROR - Error reading data: 'ShimmerBluetooth' object has no attribute 'read'
2025-11-13 11:12:38,393 - shimmer_device - ERROR - Error reading data: 'ShimmerBluetooth' object has no attribute 'read'
2025-11-13 11:12:38,394 - shimmer_device - ERROR - Error reading data: 'ShimmerBluetooth' object has no attribute 'read'
2025-11-13 11:12:38,395 - shimmer_device - ERROR - Error reading data: 'ShimmerBluetooth' object has no attribute 'read'
2025-11-13 11:12:38,397 - shimmer_device - ERROR - Error reading data: 'ShimmerBluetooth' object has no attribute 'read'
2025-11-13 11:12:38,398 - shimmer_device - ERROR - Error reading data: 'ShimmerBluetooth' object has no attribute 'read'
2025-11-13 11:12:38,400 - shimmer_device - ERROR - Error reading data: 'ShimmerBluetooth' object has no attribute 'read'
2025-11-13 11:12:38,401 - shimmer_device - ERROR - Error reading data: 'ShimmerBluetooth' object has no attribute 'read'
2025-11-13 11:12:38,403 - shimmer_device - ERROR - Error reading data: 'ShimmerBluetooth' object has no attribute 'read'
2025-11-13 11:12:38,404 - shimmer_device - ERROR - Error reading data: 'ShimmerBluetooth' object has no attribute 'read'
2025-11-13 11:12:38,406 - shimmer_device - ERROR - Error reading data: 'ShimmerBluetooth' object has no attribute 'read'
2025-11-13 11:12:38,407 - shimmer_device - ERROR - Error reading data: 'ShimmerBluetooth' object has no attribute 'read'
2025-11-13 11:12:38,409 - shimmer_device - ERROR - Error reading data: 'ShimmerBluetooth' object has no attribute 'read'
2025-11-13 11:12:38,410 - shimmer_device - ERROR - Error reading data: 'ShimmerBluetooth' object has no attribute 'read'
2025-11-13 11:12:38,412 - shimmer_device - ERROR - Error reading data: 'ShimmerBluetooth' object has no attribute 'read'
2025-11-13 11:12:38,413 - shimmer_device - ERROR - Error reading data: 'ShimmerBluetooth' object has no attribute 'read'
2025-11-13 11:12:38,414 - shimmer_device - ERROR - Error reading data: 'ShimmerBluetooth' object has no attribute 'read'
2025-11-13 11:12:38,416 - shimmer_device - ERROR - Error reading data: 'ShimmerBluetooth' object has no attribute 'read'
2025-11-13 11:12:38,417 - shimmer_device - ERROR - Error reading data: 'ShimmerBluetooth' object has no attribute 'read'
2025-11-13 11:12:38,419 - shimmer_device - ERROR - Error reading data: 'ShimmerBluetooth' object has no attribute 'read'
2025-11-13 11:12:38,420 - shimmer_device - ERROR - Error reading data: 'ShimmerBluetooth' object has no attribute 'read'
2025-11-13 11:12:38,421 - shimmer_device - ERROR - Error reading data: 'ShimmerBluetooth' object has no attribute 'read'
2025-11-13 11:12:38,422 - shimmer_device - ERROR - Error reading data: 'ShimmerBluetooth' object has no attribute 'read'
2025-11-13 11:12:38,424 - shimmer_device - ERROR - Error reading data: 'ShimmerBluetooth' object has no attribute 'read'
2025-11-13 11:12:38,425 - shimmer_device - ERROR - Error reading data: 'ShimmerBluetooth' object has no attribute 'read'
2025-11-13 11:12:38,426 - shimmer_device - ERROR - Error reading data: 'ShimmerBluetooth' object has no attribute 'read'
2025-11-13 11:12:38,428 - shimmer_device - ERROR - Error reading data: 'ShimmerBluetooth' object has no attribute 'read'
2025-11-13 11:12:38,430 - shimmer_device - ERROR - Error reading data: 'ShimmerBluetooth' object has no attribute 'read'
2025-11-13 11:12:38,432 - shimmer_device - ERROR - Error reading data: 'ShimmerBluetooth' object has no attribute 'read'
2025-11-13 11:12:38,434 - shimmer_device - ERROR - Error reading data: 'ShimmerBluetooth' object has no attribute 'read'
2025-11-13 11:12:38,436 - shimmer_device - ERROR - Error reading data: 'ShimmerBluetooth' object has no attribute 'read'
2025-11-13 11:12:38,437 - shimmer_device - ERROR - Error reading data: 'ShimmerBluetooth' object has no attribute 'read'
2025-11-13 11:12:38,439 - shimmer_device - ERROR - Error reading data: 'ShimmerBluetooth' object has no attribute 'read'
2025-11-13 11:12:38,440 - shimmer_device - ERROR - Error reading data: 'ShimmerBluetooth' object has no attribute 'read'
2025-11-13 11:12:38,441 - shimmer_device - ERROR - Error reading data: 'ShimmerBluetooth' object has no attribute 'read'
2025-11-13 11:12:38,443 - shimmer_device - ERROR - Error reading data: 'ShimmerBluetooth' object has no attribute 'read'
2025-11-13 11:12:38,444 - shimmer_device - ERROR - Error reading data: 'ShimmerBluetooth' object has no attribute 'read'
2025-11-13 11:12:38,446 - shimmer_device - ERROR - Error reading data: 'ShimmerBluetooth' object has no attribute 'read'
2025-11-13 11:12:38,447 - shimmer_device - ERROR - Error reading data: 'ShimmerBluetooth' object has no attribute 'read'
2025-11-13 11:12:38,448 - shimmer_device - ERROR - Error reading data: 'ShimmerBluetooth' object has no attribute 'read'
2025-11-13 11:12:38,449 - shimmer_device - ERROR - Error reading data: 'ShimmerBluetooth' object has no attribute 'read'
2025-11-13 11:12:38,451 - shimmer_device - ERROR - Error reading data: 'ShimmerBluetooth' object has no attribute 'read'
2025-11-13 11:12:38,453 - shimmer_device - ERROR - Error reading data: 'ShimmerBluetooth' object has no attribute 'read'
2025-11-13 11:12:38,455 - shimmer_device - ERROR - Error reading data: 'ShimmerBluetooth' object has no attribute 'read'
2025-11-13 11:12:38,457 - shimmer_device - ERROR - Error reading data: 'ShimmerBluetooth' object has no attribute 'read'
2025-11-13 11:12:38,458 - shimmer_device - ERROR - Error reading data: 'ShimmerBluetooth' object has no attribute 'read'
2025-11-13 11:12:38,459 - shimmer_device - ERROR - Error reading data: 'ShimmerBluetooth' object has no attribute 'read'
2025-11-13 11:12:38,461 - shimmer_device - ERROR - Error reading data: 'ShimmerBluetooth' object has no attribute 'read'
2025-11-13 11:12:38,462 - shimmer_device - ERROR - Error reading data: 'ShimmerBluetooth' object has no attribute 'read'
2025-11-13 11:12:38,463 - shimmer_device - ERROR - Error reading data: 'ShimmerBluetooth' object has no attribute 'read'
2025-11-13 11:12:38,464 - shimmer_device - ERROR - Error reading data: 'ShimmerBluetooth' object has no attribute 'read'
2025-11-13 11:12:38,466 - shimmer_device - ERROR - Error reading data: 'ShimmerBluetooth' object has no attribute 'read'
2025-11-13 11:12:38,467 - shimmer_device - ERROR - Error reading data: 'ShimmerBluetooth' object has no attribute 'read'
2025-11-13 11:12:38,469 - shimmer_device - ERROR - Error reading data: 'ShimmerBluetooth' object has no attribute 'read'
2025-11-13 11:12:38,471 - shimmer_device - ERROR - Error reading data: 'ShimmerBluetooth' object has no attribute 'read'
2025-11-13 11:12:38,473 - shimmer_device - ERROR - Error reading data: 'ShimmerBluetooth' object has no attribute 'read'
2025-11-13 11:12:38,474 - shimmer_device - ERROR - Error reading data: 'ShimmerBluetooth' object has no attribute 'read'
2025-11-13 11:12:38,476 - shimmer_device - ERROR - Error reading data: 'ShimmerBluetooth' object has no attribute 'read'
2025-11-13 11:12:38,478 - shimmer_device - ERROR - Error reading data: 'ShimmerBluetooth' object has no attribute 'read'
2025-11-13 11:12:38,480 - shimmer_device - ERROR - Error reading data: 'ShimmerBluetooth' object has no attribute 'read'
2025-11-13 11:12:38,481 - shimmer_device - ERROR - Error reading data: 'ShimmerBluetooth' object has no attribute 'read'
2025-11-13 11:12:38,483 - shimmer_device - ERROR - Error reading data: 'ShimmerBluetooth' object has no attribute 'read'
2025-11-13 11:12:38,484 - shimmer_device - ERROR - Error reading data: 'ShimmerBluetooth' object has no attribute 'read'
2025-11-13 11:12:38,485 - shimmer_device - ERROR - Error reading data: 'ShimmerBluetooth' object has no attribute 'read'
2025-11-13 11:12:38,486 - shimmer_device - ERROR - Error reading data: 'ShimmerBluetooth' object has no attribute 'read'
2025-11-13 11:12:38,488 - shimmer_device - ERROR - Error reading data: 'ShimmerBluetooth' object has no attribute 'read'
2025-11-13 11:12:38,489 - shimmer_device - ERROR - Error reading data: 'ShimmerBluetooth' object has no attribute 'read'
2025-11-13 11:12:38,491 - shimmer_device - ERROR - Error reading data: 'ShimmerBluetooth' object has no attribute 'read'
2025-11-13 11:12:38,492 - shimmer_device - ERROR - Error reading data: 'ShimmerBluetooth' object has no attribute 'read'
2025-11-13 11:12:38,493 - shimmer_device - ERROR - Error reading data: 'ShimmerBluetooth' object has no attribute 'read'
2025-11-13 11:12:38,495 - shimmer_device - ERROR - Error reading data: 'ShimmerBluetooth' object has no attribute 'read'
2025-11-13 11:12:38,497 - shimmer_device - ERROR - Error reading data: 'ShimmerBluetooth' object has no attribute 'read'
2025-11-13 11:12:38,499 - shimmer_device - ERROR - Error reading data: 'ShimmerBluetooth' object has no attribute 'read'
2025-11-13 11:12:38,500 - shimmer_device - ERROR - Error reading data: 'ShimmerBluetooth' object has no attribute 'read'
2025-11-13 11:12:38,502 - shimmer_device - ERROR - Error reading data: 'ShimmerBluetooth' object has no attribute 'read'
2025-11-13 11:12:38,503 - shimmer_device - ERROR - Error reading data: 'ShimmerBluetooth' object has no attribute 'read'
2025-11-13 11:12:38,505 - shimmer_device - ERROR - Error reading data: 'ShimmerBluetooth' object has no attribute 'read'
2025-11-13 11:12:38,506 - shimmer_device - ERROR - Error reading data: 'ShimmerBluetooth' object has no attribute 'read'
2025-11-13 11:12:38,507 - shimmer_device - ERROR - Error reading data: 'ShimmerBluetooth' object has no attribute 'read'
2025-11-13 11:12:38,508 - shimmer_device - ERROR - Error reading data: 'ShimmerBluetooth' object has no attribute 'read'
2025-11-13 11:12:38,509 - shimmer_device - ERROR - Error reading data: 'ShimmerBluetooth' object has no attribute 'read'
2025-11-13 11:12:38,511 - shimmer_device - ERROR - Error reading data: 'ShimmerBluetooth' object has no attribute 'read'
2025-11-13 11:12:38,512 - shimmer_device - ERROR - Error reading data: 'ShimmerBluetooth' object has no attribute 'read'
2025-11-13 11:12:38,515 - shimmer_device - ERROR - Error reading data: 'ShimmerBluetooth' object has no attribute 'read'
2025-11-13 11:12:38,516 - shimmer_device - ERROR - Error reading data: 'ShimmerBluetooth' object has no attribute 'read'
2025-11-13 11:12:38,518 - shimmer_device - ERROR - Error reading data: 'ShimmerBluetooth' object has no attribute 'read'
2025-11-13 11:12:38,519 - shimmer_device - ERROR - Error reading data: 'ShimmerBluetooth' object has no attribute 'read'
2025-11-13 11:12:38,521 - shimmer_device - ERROR - Error reading data: 'ShimmerBluetooth' object has no attribute 'read'
2025-11-13 11:12:38,523 - shimmer_device - ERROR - Error reading data: 'ShimmerBluetooth' object has no attribute 'read'
2025-11-13 11:12:38,524 - shimmer_device - ERROR - Error reading data: 'ShimmerBluetooth' object has no attribute 'read'
2025-11-13 11:12:38,525 - shimmer_device - ERROR - Error reading data: 'ShimmerBluetooth' object has no attribute 'read'
2025-11-13 11:12:38,526 - shimmer_device - ERROR - Error reading data: 'ShimmerBluetooth' object has no attribute 'read'
2025-11-13 11:12:38,527 - shimmer_device - ERROR - Error reading data: 'ShimmerBluetooth' object has no attribute 'read'
2025-11-13 11:12:38,528 - shimmer_device - ERROR - Error reading data: 'ShimmerBluetooth' object has no attribute 'read'
2025-11-13 11:12:38,529 - shimmer_device - ERROR - Error reading data: 'ShimmerBluetooth' object has no attribute 'read'
2025-11-13 11:12:38,531 - shimmer_device - ERROR - Error reading data: 'ShimmerBluetooth' object has no attribute 'read'
2025-11-13 11:12:38,533 - shimmer_device - ERROR - Error reading data: 'ShimmerBluetooth' object has no attribute 'read'
2025-11-13 11:12:38,535 - shimmer_device - ERROR - Error reading data: 'ShimmerBluetooth' object has no attribute 'read'
2025-11-13 11:12:38,536 - shimmer_device - ERROR - Error reading data: 'ShimmerBluetooth' object has no attribute 'read'
2025-11-13 11:12:38,538 - shimmer_device - ERROR - Error reading data: 'ShimmerBluetooth' object has no attribute 'read'
2025-11-13 11:12:38,540 - shimmer_device - ERROR - Error reading data: 'ShimmerBluetooth' object has no attribute 'read'
2025-11-13 11:12:38,542 - shimmer_device - ERROR - Error reading data: 'ShimmerBluetooth' object has no attribute 'read'
2025-11-13 11:12:38,543 - shimmer_device - ERROR - Error reading data: 'ShimmerBluetooth' object has no attribute 'read'
2025-11-13 11:12:38,544 - shimmer_device - ERROR - Error reading data: 'ShimmerBluetooth' object has no attribute 'read'
2025-11-13 11:12:38,546 - shimmer_device - ERROR - Error reading data: 'ShimmerBluetooth' object has no attribute 'read'
2025-11-13 11:12:38,547 - shimmer_device - ERROR - Error reading data: 'ShimmerBluetooth' object has no attribute 'read'
2025-11-13 11:12:38,548 - shimmer_device - ERROR - Error reading data: 'ShimmerBluetooth' object has no attribute 'read'
2025-11-13 11:12:38,550 - shimmer_device - ERROR - Error reading data: 'ShimmerBluetooth' object has no attribute 'read'
2025-11-13 11:12:38,552 - shimmer_device - ERROR - Error reading data: 'ShimmerBluetooth' object has no attribute 'read'
2025-11-13 11:12:38,553 - shimmer_device - ERROR - Error reading data: 'ShimmerBluetooth' object has no attribute 'read'
2025-11-13 11:12:38,555 - shimmer_device - ERROR - Error reading data: 'ShimmerBluetooth' object has no attribute 'read'
2025-11-13 11:12:38,556 - shimmer_device - ERROR - Error reading data: 'ShimmerBluetooth' object has no attribute 'read'
2025-11-13 11:12:38,557 - shimmer_device - ERROR - Error reading data: 'ShimmerBluetooth' object has no attribute 'read'
2025-11-13 11:12:38,559 - shimmer_device - ERROR - Error reading data: 'ShimmerBluetooth' object has no attribute 'read'
2025-11-13 11:12:38,561 - shimmer_device - ERROR - Error reading data: 'ShimmerBluetooth' object has no attribute 'read'
2025-11-13 11:12:38,563 - shimmer_device - ERROR - Error reading data: 'ShimmerBluetooth' object has no attribute 'read'
2025-11-13 11:12:38,564 - shimmer_device - ERROR - Error reading data: 'ShimmerBluetooth' object has no attribute 'read'
2025-11-13 11:12:38,566 - shimmer_device - ERROR - Error reading data: 'ShimmerBluetooth' object has no attribute 'read'
2025-11-13 11:12:38,567 - shimmer_device - ERROR - Error reading data: 'ShimmerBluetooth' object has no attribute 'read'
2025-11-13 11:12:38,569 - shimmer_device - ERROR - Error reading data: 'ShimmerBluetooth' object has no attribute 'read'
2025-11-13 11:12:38,571 - shimmer_device - ERROR - Error reading data: 'ShimmerBluetooth' object has no attribute 'read'
2025-11-13 11:12:38,572 - shimmer_device - ERROR - Error reading data: 'ShimmerBluetooth' object has no attribute 'read'
2025-11-13 11:12:38,573 - shimmer_device - ERROR - Error reading data: 'ShimmerBluetooth' object has no attribute 'read'
2025-11-13 11:12:38,575 - shimmer_device - ERROR - Error reading data: 'ShimmerBluetooth' object has no attribute 'read'
2025-11-13 11:12:38,577 - shimmer_device - ERROR - Error reading data: 'ShimmerBluetooth' object has no attribute 'read'
2025-11-13 11:12:38,579 - shimmer_device - ERROR - Error reading data: 'ShimmerBluetooth' object has no attribute 'read'
2025-11-13 11:12:38,581 - shimmer_device - ERROR - Error reading data: 'ShimmerBluetooth' object has no attribute 'read'
2025-11-13 11:12:38,582 - shimmer_device - ERROR - Error reading data: 'ShimmerBluetooth' object has no attribute 'read'
2025-11-13 11:12:38,584 - shimmer_device - ERROR - Error reading data: 'ShimmerBluetooth' object has no attribute 'read'
2025-11-13 11:12:38,585 - shimmer_device - ERROR - Error reading data: 'ShimmerBluetooth' object has no attribute 'read'
2025-11-13 11:12:38,586 - shimmer_device - ERROR - Error reading data: 'ShimmerBluetooth' object has no attribute 'read'
2025-11-13 11:12:38,588 - shimmer_device - ERROR - Error reading data: 'ShimmerBluetooth' object has no attribute 'read'
2025-11-13 11:12:38,589 - shimmer_device - ERROR - Error reading data: 'ShimmerBluetooth' object has no attribute 'read'
2025-11-13 11:12:38,590 - shimmer_device - ERROR - Error reading data: 'ShimmerBluetooth' object has no attribute 'read'
2025-11-13 11:12:38,591 - shimmer_device - ERROR - Error reading data: 'ShimmerBluetooth' object has no attribute 'read'
2025-11-13 11:12:38,593 - shimmer_device - ERROR - Error reading data: 'ShimmerBluetooth' object has no attribute 'read'
2025-11-13 11:12:38,594 - shimmer_device - ERROR - Error reading data: 'ShimmerBluetooth' object has no attribute 'read'
2025-11-13 11:12:38,596 - shimmer_device - ERROR - Error reading data: 'ShimmerBluetooth' object has no attribute 'read'
2025-11-13 11:12:38,597 - shimmer_device - ERROR - Error reading data: 'ShimmerBluetooth' object has no attribute 'read'
2025-11-13 11:12:38,599 - shimmer_device - ERROR - Error reading data: 'ShimmerBluetooth' object has no attribute 'read'
2025-11-13 11:12:38,600 - shimmer_device - ERROR - Error reading data: 'ShimmerBluetooth' object has no attribute 'read'
2025-11-13 11:12:38,601 - shimmer_device - ERROR - Error reading data: 'ShimmerBluetooth' object has no attribute 'read'
2025-11-13 11:12:38,602 - shimmer_device - ERROR - Error reading data: 'ShimmerBluetooth' object has no attribute 'read'
2025-11-13 11:12:38,604 - shimmer_device - ERROR - Error reading data: 'ShimmerBluetooth' object has no attribute 'read'
2025-11-13 11:12:38,605 - shimmer_device - ERROR - Error reading data: 'ShimmerBluetooth' object has no attribute 'read'
2025-11-13 11:12:38,607 - shimmer_device - ERROR - Error reading data: 'ShimmerBluetooth' object has no attribute 'read'
2025-11-13 11:12:38,608 - shimmer_device - ERROR - Error reading data: 'ShimmerBluetooth' object has no attribute 'read'
2025-11-13 11:12:38,609 - shimmer_device - ERROR - Error reading data: 'ShimmerBluetooth' object has no attribute 'read'
2025-11-13 11:12:38,612 - shimmer_device - ERROR - Error reading data: 'ShimmerBluetooth' object has no attribute 'read'
2025-11-13 11:12:38,613 - shimmer_device - ERROR - Error reading data: 'ShimmerBluetooth' object has no attribute 'read'
2025-11-13 11:12:38,615 - shimmer_device - ERROR - Error reading data: 'ShimmerBluetooth' object has no attribute 'read'
2025-11-13 11:12:38,616 - shimmer_device - ERROR - Error reading data: 'ShimmerBluetooth' object has no attribute 'read'
2025-11-13 11:12:38,618 - shimmer_device - ERROR - Error reading data: 'ShimmerBluetooth' object has no attribute 'read'
2025-11-13 11:12:38,619 - shimmer_device - ERROR - Error reading data: 'ShimmerBluetooth' object has no attribute 'read'
2025-11-13 11:12:38,621 - shimmer_device - ERROR - Error reading data: 'ShimmerBluetooth' object has no attribute 'read'
2025-11-13 11:12:38,622 - shimmer_device - ERROR - Error reading data: 'ShimmerBluetooth' object has no attribute 'read'
2025-11-13 11:12:38,623 - shimmer_device - ERROR - Error reading data: 'ShimmerBluetooth' object has no attribute 'read'
2025-11-13 11:12:38,624 - shimmer_device - ERROR - Error reading data: 'ShimmerBluetooth' object has no attribute 'read'
2025-11-13 11:12:38,625 - shimmer_device - ERROR - Error reading data: 'ShimmerBluetooth' object has no attribute 'read'
2025-11-13 11:12:38,626 - shimmer_device - ERROR - Error reading data: 'ShimmerBluetooth' object has no attribute 'read'
2025-11-13 11:12:38,627 - shimmer_device - ERROR - Error reading data: 'ShimmerBluetooth' object has no attribute 'read'
2025-11-13 11:12:38,629 - shimmer_device - ERROR - Error reading data: 'ShimmerBluetooth' object has no attribute 'read'
2025-11-13 11:12:38,631 - shimmer_device - ERROR - Error reading data: 'ShimmerBluetooth' object has no attribute 'read'
2025-11-13 11:12:38,633 - shimmer_device - ERROR - Error reading data: 'ShimmerBluetooth' object has no attribute 'read'
2025-11-13 11:12:38,634 - shimmer_device - ERROR - Error reading data: 'ShimmerBluetooth' object has no attribute 'read'
2025-11-13 11:12:38,636 - shimmer_device - ERROR - Error reading data: 'ShimmerBluetooth' object has no attribute 'read'
2025-11-13 11:12:38,637 - shimmer_device - ERROR - Error reading data: 'ShimmerBluetooth' object has no attribute 'read'
2025-11-13 11:12:38,638 - shimmer_device - ERROR - Error reading data: 'ShimmerBluetooth' object has no attribute 'read'
2025-11-13 11:12:38,640 - shimmer_device - ERROR - Error reading data: 'ShimmerBluetooth' object has no attribute 'read'
2025-11-13 11:12:38,642 - shimmer_device - ERROR - Error reading data: 'ShimmerBluetooth' object has no attribute 'read'
2025-11-13 11:12:38,643 - shimmer_device - ERROR - Error reading data: 'ShimmerBluetooth' object has no attribute 'read'
2025-11-13 11:12:38,644 - shimmer_device - ERROR - Error reading data: 'ShimmerBluetooth' object has no attribute 'read'
2025-11-13 11:12:38,645 - shimmer_device - ERROR - Error reading data: 'ShimmerBluetooth' object has no attribute 'read'
2025-11-13 11:12:38,647 - shimmer_device - ERROR - Error reading data: 'ShimmerBluetooth' object has no attribute 'read'
2025-11-13 11:12:38,648 - shimmer_device - ERROR - Error reading data: 'ShimmerBluetooth' object has no attribute 'read'
2025-11-13 11:12:38,649 - shimmer_device - ERROR - Error reading data: 'ShimmerBluetooth' object has no attribute 'read'
2025-11-13 11:12:38,651 - shimmer_device - ERROR - Error reading data: 'ShimmerBluetooth' object has no attribute 'read'
2025-11-13 11:12:38,653 - shimmer_device - ERROR - Error reading data: 'ShimmerBluetooth' object has no attribute 'read'
2025-11-13 11:12:38,654 - shimmer_device - ERROR - Error reading data: 'ShimmerBluetooth' object has no attribute 'read'
2025-11-13 11:12:38,655 - shimmer_device - ERROR - Error reading data: 'ShimmerBluetooth' object has no attribute 'read'
2025-11-13 11:12:38,656 - shimmer_device - ERROR - Error reading data: 'ShimmerBluetooth' object has no attribute 'read'
2025-11-13 11:12:38,658 - shimmer_device - ERROR - Error reading data: 'ShimmerBluetooth' object has no attribute 'read'
2025-11-13 11:12:38,660 - shimmer_device - ERROR - Error reading data: 'ShimmerBluetooth' object has no attribute 'read'
2025-11-13 11:12:38,661 - shimmer_device - ERROR - Error reading data: 'ShimmerBluetooth' object has no attribute 'read'
2025-11-13 11:12:38,662 - shimmer_device - ERROR - Error reading data: 'ShimmerBluetooth' object has no attribute 'read'
2025-11-13 11:12:38,663 - shimmer_device - ERROR - Error reading data: 'ShimmerBluetooth' object has no attribute 'read'
2025-11-13 11:12:38,665 - shimmer_device - ERROR - Error reading data: 'ShimmerBluetooth' object has no attribute 'read'
2025-11-13 11:12:38,667 - shimmer_device - ERROR - Error reading data: 'ShimmerBluetooth' object has no attribute 'read'
2025-11-13 11:12:38,668 - shimmer_device - ERROR - Error reading data: 'ShimmerBluetooth' object has no attribute 'read'
2025-11-13 11:12:38,670 - shimmer_device - ERROR - Error reading data: 'ShimmerBluetooth' object has no attribute 'read'
2025-11-13 11:12:38,671 - shimmer_device - ERROR - Error reading data: 'ShimmerBluetooth' object has no attribute 'read'
2025-11-13 11:12:38,673 - shimmer_device - ERROR - Error reading data: 'ShimmerBluetooth' object has no attribute 'read'
2025-11-13 11:12:38,674 - shimmer_device - ERROR - Error reading data: 'ShimmerBluetooth' object has no attribute 'read'
2025-11-13 11:12:38,676 - shimmer_device - ERROR - Error reading data: 'ShimmerBluetooth' object has no attribute 'read'
2025-11-13 11:12:38,677 - shimmer_device - ERROR - Error reading data: 'ShimmerBluetooth' object has no attribute 'read'
2025-11-13 11:12:38,679 - shimmer_device - ERROR - Error reading data: 'ShimmerBluetooth' object has no attribute 'read'
2025-11-13 11:12:38,680 - shimmer_device - ERROR - Error reading data: 'ShimmerBluetooth' object has no attribute 'read'
2025-11-13 11:12:38,682 - shimmer_device - ERROR - Error reading data: 'ShimmerBluetooth' object has no attribute 'read'
2025-11-13 11:12:38,683 - shimmer_device - ERROR - Error reading data: 'ShimmerBluetooth' object has no attribute 'read'
2025-11-13 11:12:38,685 - shimmer_device - ERROR - Error reading data: 'ShimmerBluetooth' object has no attribute 'read'
2025-11-13 11:12:38,687 - shimmer_device - ERROR - Error reading data: 'ShimmerBluetooth' object has no attribute 'read'
2025-11-13 11:12:38,688 - shimmer_device - ERROR - Error reading data: 'ShimmerBluetooth' object has no attribute 'read'
2025-11-13 11:12:38,689 - shimmer_device - ERROR - Error reading data: 'ShimmerBluetooth' object has no attribute 'read'
2025-11-13 11:12:38,691 - shimmer_device - ERROR - Error reading data: 'ShimmerBluetooth' object has no attribute 'read'
2025-11-13 11:12:38,692 - shimmer_device - ERROR - Error reading data: 'ShimmerBluetooth' object has no attribute 'read'
2025-11-13 11:12:38,694 - shimmer_device - ERROR - Error reading data: 'ShimmerBluetooth' object has no attribute 'read'
2025-11-13 11:12:38,695 - shimmer_device - ERROR - Error reading data: 'ShimmerBluetooth' object has no attribute 'read'
2025-11-13 11:12:38,696 - shimmer_device - ERROR - Error reading data: 'ShimmerBluetooth' object has no attribute 'read'
2025-11-13 11:12:38,699 - shimmer_device - ERROR - Error reading data: 'ShimmerBluetooth' object has no attribute 'read'
2025-11-13 11:12:38,700 - shimmer_device - ERROR - Error reading data: 'ShimmerBluetooth' object has no attribute 'read'
2025-11-13 11:12:38,702 - shimmer_device - ERROR - Error reading data: 'ShimmerBluetooth' object has no attribute 'read'
2025-11-13 11:12:38,703 - shimmer_device - ERROR - Error reading data: 'ShimmerBluetooth' object has no attribute 'read'
2025-11-13 11:12:38,704 - shimmer_device - ERROR - Error reading data: 'ShimmerBluetooth' object has no attribute 'read'
2025-11-13 11:12:38,705 - shimmer_device - ERROR - Error reading data: 'ShimmerBluetooth' object has no attribute 'read'
2025-11-13 11:12:38,707 - shimmer_device - ERROR - Error reading data: 'ShimmerBluetooth' object has no attribute 'read'
2025-11-13 11:12:38,709 - shimmer_device - ERROR - Error reading data: 'ShimmerBluetooth' object has no attribute 'read'
2025-11-13 11:12:38,710 - shimmer_device - ERROR - Error reading data: 'ShimmerBluetooth' object has no attribute 'read'
2025-11-13 11:12:38,712 - shimmer_device - ERROR - Error reading data: 'ShimmerBluetooth' object has no attribute 'read'
2025-11-13 11:12:38,713 - shimmer_device - ERROR - Error reading data: 'ShimmerBluetooth' object has no attribute 'read'
2025-11-13 11:12:38,715 - shimmer_device - ERROR - Error reading data: 'ShimmerBluetooth' object has no attribute 'read'
2025-11-13 11:12:38,716 - shimmer_device - ERROR - Error reading data: 'ShimmerBluetooth' object has no attribute 'read'
2025-11-13 11:12:38,718 - shimmer_device - ERROR - Error reading data: 'ShimmerBluetooth' object has no attribute 'read'
2025-11-13 11:12:38,720 - shimmer_device - ERROR - Error reading data: 'ShimmerBluetooth' object has no attribute 'read'
2025-11-13 11:12:38,721 - shimmer_device - ERROR - Error reading data: 'ShimmerBluetooth' object has no attribute 'read'
2025-11-13 11:12:38,723 - shimmer_device - ERROR - Error reading data: 'ShimmerBluetooth' object has no attribute 'read'
2025-11-13 11:12:38,724 - shimmer_device - ERROR - Error reading data: 'ShimmerBluetooth' object has no attribute 'read'
2025-11-13 11:12:38,726 - shimmer_device - ERROR - Error reading data: 'ShimmerBluetooth' object has no attribute 'read'
2025-11-13 11:12:38,727 - shimmer_device - ERROR - Error reading data: 'ShimmerBluetooth' object has no attribute 'read'
2025-11-13 11:12:38,728 - shimmer_device - ERROR - Error reading data: 'ShimmerBluetooth' object has no attribute 'read'
2025-11-13 11:12:38,729 - shimmer_device - ERROR - Error reading data: 'ShimmerBluetooth' object has no attribute 'read'
2025-11-13 11:12:38,730 - shimmer_device - ERROR - Error reading data: 'ShimmerBluetooth' object has no attribute 'read'
2025-11-13 11:12:38,731 - shimmer_device - ERROR - Error reading data: 'ShimmerBluetooth' object has no attribute 'read'
2025-11-13 11:12:38,734 - shimmer_device - ERROR - Error reading data: 'ShimmerBluetooth' object has no attribute 'read'
2025-11-13 11:12:38,735 - shimmer_device - ERROR - Error reading data: 'ShimmerBluetooth' object has no attribute 'read'
2025-11-13 11:12:38,736 - shimmer_device - ERROR - Error reading data: 'ShimmerBluetooth' object has no attribute 'read'
2025-11-13 11:12:38,737 - shimmer_device - ERROR - Error reading data: 'ShimmerBluetooth' object has no attribute 'read'
2025-11-13 11:12:38,738 - shimmer_device - ERROR - Error reading data: 'ShimmerBluetooth' object has no attribute 'read'
2025-11-13 11:12:38,739 - shimmer_device - ERROR - Error reading data: 'ShimmerBluetooth' object has no attribute 'read'
2025-11-13 11:12:38,740 - shimmer_device - ERROR - Error reading data: 'ShimmerBluetooth' object has no attribute 'read'
2025-11-13 11:12:38,742 - shimmer_device - ERROR - Error reading data: 'ShimmerBluetooth' object has no attribute 'read'
2025-11-13 11:12:38,743 - shimmer_device - ERROR - Error reading data: 'ShimmerBluetooth' object has no attribute 'read'
2025-11-13 11:12:38,744 - shimmer_device - ERROR - Error reading data: 'ShimmerBluetooth' object has no attribute 'read'
2025-11-13 11:12:38,746 - shimmer_device - ERROR - Error reading data: 'ShimmerBluetooth' object has no attribute 'read'
2025-11-13 11:12:38,747 - shimmer_device - ERROR - Error reading data: 'ShimmerBluetooth' object has no attribute 'read'
2025-11-13 11:12:38,748 - shimmer_device - ERROR - Error reading data: 'ShimmerBluetooth' object has no attribute 'read'
2025-11-13 11:12:38,750 - shimmer_device - ERROR - Error reading data: 'ShimmerBluetooth' object has no attribute 'read'
2025-11-13 11:12:38,752 - shimmer_device - ERROR - Error reading data: 'ShimmerBluetooth' object has no attribute 'read'
2025-11-13 11:12:38,753 - shimmer_device - ERROR - Error reading data: 'ShimmerBluetooth' object has no attribute 'read'
2025-11-13 11:12:38,754 - shimmer_device - ERROR - Error reading data: 'ShimmerBluetooth' object has no attribute 'read'
2025-11-13 11:12:38,755 - shimmer_device - ERROR - Error reading data: 'ShimmerBluetooth' object has no attribute 'read'
2025-11-13 11:12:38,757 - shimmer_device - ERROR - Error reading data: 'ShimmerBluetooth' object has no attribute 'read'
2025-11-13 11:12:38,759 - shimmer_device - ERROR - Error reading data: 'ShimmerBluetooth' object has no attribute 'read'
2025-11-13 11:12:38,761 - shimmer_device - ERROR - Error reading data: 'ShimmerBluetooth' object has no attribute 'read'
2025-11-13 11:12:38,762 - shimmer_device - ERROR - Error reading data: 'ShimmerBluetooth' object has no attribute 'read'
2025-11-13 11:12:38,763 - shimmer_device - ERROR - Error reading data: 'ShimmerBluetooth' object has no attribute 'read'
2025-11-13 11:12:38,765 - shimmer_device - ERROR - Error reading data: 'ShimmerBluetooth' object has no attribute 'read'
2025-11-13 11:12:38,766 - shimmer_device - ERROR - Error reading data: 'ShimmerBluetooth' object has no attribute 'read'
2025-11-13 11:12:38,767 - shimmer_device - ERROR - Error reading data: 'ShimmerBluetooth' object has no attribute 'read'
2025-11-13 11:12:38,769 - shimmer_device - ERROR - Error reading data: 'ShimmerBluetooth' object has no attribute 'read'
2025-11-13 11:12:38,770 - shimmer_device - ERROR - Error reading data: 'ShimmerBluetooth' object has no attribute 'read'
2025-11-13 11:12:38,771 - shimmer_device - ERROR - Error reading data: 'ShimmerBluetooth' object has no attribute 'read'
2025-11-13 11:12:38,772 - shimmer_device - ERROR - Error reading data: 'ShimmerBluetooth' object has no attribute 'read'
2025-11-13 11:12:38,773 - shimmer_device - ERROR - Error reading data: 'ShimmerBluetooth' object has no attribute 'read'
2025-11-13 11:12:38,774 - shimmer_device - ERROR - Error reading data: 'ShimmerBluetooth' object has no attribute 'read'
2025-11-13 11:12:38,775 - shimmer_device - ERROR - Error reading data: 'ShimmerBluetooth' object has no attribute 'read'
2025-11-13 11:12:38,778 - shimmer_device - ERROR - Error reading data: 'ShimmerBluetooth' object has no attribute 'read'
2025-11-13 11:12:38,779 - shimmer_device - ERROR - Error reading data: 'ShimmerBluetooth' object has no attribute 'read'
2025-11-13 11:12:38,780 - shimmer_device - ERROR - Error reading data: 'ShimmerBluetooth' object has no attribute 'read'
2025-11-13 11:12:38,782 - shimmer_device - ERROR - Error reading data: 'ShimmerBluetooth' object has no attribute 'read'
2025-11-13 11:12:38,783 - shimmer_device - ERROR - Error reading data: 'ShimmerBluetooth' object has no attribute 'read'
2025-11-13 11:12:38,785 - shimmer_device - ERROR - Error reading data: 'ShimmerBluetooth' object has no attribute 'read'
2025-11-13 11:12:38,786 - shimmer_device - ERROR - Error reading data: 'ShimmerBluetooth' object has no attribute 'read'
2025-11-13 11:12:38,788 - shimmer_device - ERROR - Error reading data: 'ShimmerBluetooth' object has no attribute 'read'
2025-11-13 11:12:38,791 - shimmer_device - ERROR - Error reading data: 'ShimmerBluetooth' object has no attribute 'read'
2025-11-13 11:12:38,792 - shimmer_device - ERROR - Error reading data: 'ShimmerBluetooth' object has no attribute 'read'
2025-11-13 11:12:38,794 - shimmer_device - ERROR - Error reading data: 'ShimmerBluetooth' object has no attribute 'read'
2025-11-13 11:12:38,795 - shimmer_device - ERROR - Error reading data: 'ShimmerBluetooth' object has no attribute 'read'
2025-11-13 11:12:38,797 - shimmer_device - ERROR - Error reading data: 'ShimmerBluetooth' object has no attribute 'read'
2025-11-13 11:12:38,799 - shimmer_device - ERROR - Error reading data: 'ShimmerBluetooth' object has no attribute 'read'
2025-11-13 11:12:38,800 - shimmer_device - ERROR - Error reading data: 'ShimmerBluetooth' object has no attribute 'read'
2025-11-13 11:12:38,802 - shimmer_device - ERROR - Error reading data: 'ShimmerBluetooth' object has no attribute 'read'
2025-11-13 11:12:38,803 - shimmer_device - ERROR - Error reading data: 'ShimmerBluetooth' object has no attribute 'read'
2025-11-13 11:12:38,804 - shimmer_device - ERROR - Error reading data: 'ShimmerBluetooth' object has no attribute 'read'
2025-11-13 11:12:38,805 - shimmer_device - ERROR - Error reading data: 'ShimmerBluetooth' object has no attribute 'read'
2025-11-13 11:12:38,807 - shimmer_device - ERROR - Error reading data: 'ShimmerBluetooth' object has no attribute 'read'
2025-11-13 11:12:38,808 - shimmer_device - ERROR - Error reading data: 'ShimmerBluetooth' object has no attribute 'read'
2025-11-13 11:12:38,810 - shimmer_device - ERROR - Error reading data: 'ShimmerBluetooth' object has no attribute 'read'
2025-11-13 11:12:38,811 - shimmer_device - ERROR - Error reading data: 'ShimmerBluetooth' object has no attribute 'read'
2025-11-13 11:12:38,813 - shimmer_device - ERROR - Error reading data: 'ShimmerBluetooth' object has no attribute 'read'
2025-11-13 11:12:38,815 - shimmer_device - ERROR - Error reading data: 'ShimmerBluetooth' object has no attribute 'read'
2025-11-13 11:12:38,816 - shimmer_device - ERROR - Error reading data: 'ShimmerBluetooth' object has no attribute 'read'
2025-11-13 11:12:38,817 - shimmer_device - ERROR - Error reading data: 'ShimmerBluetooth' object has no attribute 'read'
2025-11-13 11:12:38,818 - shimmer_device - ERROR - Error reading data: 'ShimmerBluetooth' object has no attribute 'read'
2025-11-13 11:12:38,820 - shimmer_device - ERROR - Error reading data: 'ShimmerBluetooth' object has no attribute 'read'
2025-11-13 11:12:38,821 - shimmer_device - ERROR - Error reading data: 'ShimmerBluetooth' object has no attribute 'read'
2025-11-13 11:12:38,822 - shimmer_device - ERROR - Error reading data: 'ShimmerBluetooth' object has no attribute 'read'
2025-11-13 11:12:38,823 - shimmer_device - ERROR - Error reading data: 'ShimmerBluetooth' object has no attribute 'read'
2025-11-13 11:12:38,824 - shimmer_device - ERROR - Error reading data: 'ShimmerBluetooth' object has no attribute 'read'
2025-11-13 11:12:38,825 - shimmer_device - ERROR - Error reading data: 'ShimmerBluetooth' object has no attribute 'read'
2025-11-13 11:12:38,827 - shimmer_device - ERROR - Error reading data: 'ShimmerBluetooth' object has no attribute 'read'
2025-11-13 11:12:38,828 - shimmer_device - ERROR - Error reading data: 'ShimmerBluetooth' object has no attribute 'read'
2025-11-13 11:12:38,830 - shimmer_device - ERROR - Error reading data: 'ShimmerBluetooth' object has no attribute 'read'
2025-11-13 11:12:38,832 - shimmer_device - ERROR - Error reading data: 'ShimmerBluetooth' object has no attribute 'read'
2025-11-13 11:12:38,833 - shimmer_device - ERROR - Error reading data: 'ShimmerBluetooth' object has no attribute 'read'
2025-11-13 11:12:38,835 - shimmer_device - ERROR - Error reading data: 'ShimmerBluetooth' object has no attribute 'read'
2025-11-13 11:12:38,837 - shimmer_device - ERROR - Error reading data: 'ShimmerBluetooth' object has no attribute 'read'
2025-11-13 11:12:38,839 - shimmer_device - ERROR - Error reading data: 'ShimmerBluetooth' object has no attribute 'read'
2025-11-13 11:12:38,840 - shimmer_device - ERROR - Error reading data: 'ShimmerBluetooth' object has no attribute 'read'
2025-11-13 11:12:38,841 - shimmer_device - ERROR - Error reading data: 'ShimmerBluetooth' object has no attribute 'read'
2025-11-13 11:12:38,843 - shimmer_device - ERROR - Error reading data: 'ShimmerBluetooth' object has no attribute 'read'
2025-11-13 11:12:38,844 - shimmer_device - ERROR - Error reading data: 'ShimmerBluetooth' object has no attribute 'read'
2025-11-13 11:12:38,846 - shimmer_device - ERROR - Error reading data: 'ShimmerBluetooth' object has no attribute 'read'
2025-11-13 11:12:38,847 - shimmer_device - ERROR - Error reading data: 'ShimmerBluetooth' object has no attribute 'read'
2025-11-13 11:12:38,849 - shimmer_device - ERROR - Error reading data: 'ShimmerBluetooth' object has no attribute 'read'
2025-11-13 11:12:38,850 - shimmer_device - ERROR - Error reading data: 'ShimmerBluetooth' object has no attribute 'read'
2025-11-13 11:12:38,852 - shimmer_device - ERROR - Error reading data: 'ShimmerBluetooth' object has no attribute 'read'
2025-11-13 11:12:38,853 - shimmer_device - ERROR - Error reading data: 'ShimmerBluetooth' object has no attribute 'read'
2025-11-13 11:12:38,854 - shimmer_device - ERROR - Error reading data: 'ShimmerBluetooth' object has no attribute 'read'
2025-11-13 11:12:38,855 - shimmer_device - ERROR - Error reading data: 'ShimmerBluetooth' object has no attribute 'read'
2025-11-13 11:12:38,857 - shimmer_device - ERROR - Error reading data: 'ShimmerBluetooth' object has no attribute 'read'
2025-11-13 11:12:38,859 - shimmer_device - ERROR - Error reading data: 'ShimmerBluetooth' object has no attribute 'read'
2025-11-13 11:12:38,861 - shimmer_device - ERROR - Error reading data: 'ShimmerBluetooth' object has no attribute 'read'
2025-11-13 11:12:38,863 - shimmer_device - ERROR - Error reading data: 'ShimmerBluetooth' object has no attribute 'read'
2025-11-13 11:12:38,864 - shimmer_device - ERROR - Error reading data: 'ShimmerBluetooth' object has no attribute 'read'
2025-11-13 11:12:38,866 - shimmer_device - ERROR - Error reading data: 'ShimmerBluetooth' object has no attribute 'read'
2025-11-13 11:12:38,868 - shimmer_device - ERROR - Error reading data: 'ShimmerBluetooth' object has no attribute 'read'
2025-11-13 11:12:38,870 - shimmer_device - ERROR - Error reading data: 'ShimmerBluetooth' object has no attribute 'read'
2025-11-13 11:12:38,871 - shimmer_device - ERROR - Error reading data: 'ShimmerBluetooth' object has no attribute 'read'
2025-11-13 11:12:38,872 - shimmer_device - ERROR - Error reading data: 'ShimmerBluetooth' object has no attribute 'read'
2025-11-13 11:12:38,874 - shimmer_device - ERROR - Error reading data: 'ShimmerBluetooth' object has no attribute 'read'
2025-11-13 11:12:38,875 - shimmer_device - ERROR - Error reading data: 'ShimmerBluetooth' object has no attribute 'read'
2025-11-13 11:12:38,877 - shimmer_device - ERROR - Error reading data: 'ShimmerBluetooth' object has no attribute 'read'
2025-11-13 11:12:38,878 - shimmer_device - ERROR - Error reading data: 'ShimmerBluetooth' object has no attribute 'read'
2025-11-13 11:12:38,880 - shimmer_device - ERROR - Error reading data: 'ShimmerBluetooth' object has no attribute 'read'
2025-11-13 11:12:38,882 - shimmer_device - ERROR - Error reading data: 'ShimmerBluetooth' object has no attribute 'read'
2025-11-13 11:12:38,884 - shimmer_device - ERROR - Error reading data: 'ShimmerBluetooth' object has no attribute 'read'
2025-11-13 11:12:38,885 - shimmer_device - ERROR - Error reading data: 'ShimmerBluetooth' object has no attribute 'read'
2025-11-13 11:12:38,886 - shimmer_device - ERROR - Error reading data: 'ShimmerBluetooth' object has no attribute 'read'
2025-11-13 11:12:38,887 - shimmer_device - ERROR - Error reading data: 'ShimmerBluetooth' object has no attribute 'read'
2025-11-13 11:12:38,888 - shimmer_device - ERROR - Error reading data: 'ShimmerBluetooth' object has no attribute 'read'
2025-11-13 11:12:38,890 - shimmer_device - ERROR - Error reading data: 'ShimmerBluetooth' object has no attribute 'read'
2025-11-13 11:12:38,891 - shimmer_device - ERROR - Error reading data: 'ShimmerBluetooth' object has no attribute 'read'
2025-11-13 11:12:38,893 - shimmer_device - ERROR - Error reading data: 'ShimmerBluetooth' object has no attribute 'read'
2025-11-13 11:12:38,895 - shimmer_device - ERROR - Error reading data: 'ShimmerBluetooth' object has no attribute 'read'
2025-11-13 11:12:38,896 - shimmer_device - ERROR - Error reading data: 'ShimmerBluetooth' object has no attribute 'read'
2025-11-13 11:12:38,898 - shimmer_device - ERROR - Error reading data: 'ShimmerBluetooth' object has no attribute 'read'
2025-11-13 11:12:38,900 - shimmer_device - ERROR - Error reading data: 'ShimmerBluetooth' object has no attribute 'read'
2025-11-13 11:12:38,901 - shimmer_device - ERROR - Error reading data: 'ShimmerBluetooth' object has no attribute 'read'
2025-11-13 11:12:38,903 - shimmer_device - ERROR - Error reading data: 'ShimmerBluetooth' object has no attribute 'read'
2025-11-13 11:12:38,904 - shimmer_device - ERROR - Error reading data: 'ShimmerBluetooth' object has no attribute 'read'
2025-11-13 11:12:38,906 - shimmer_device - ERROR - Error reading data: 'ShimmerBluetooth' object has no attribute 'read'
2025-11-13 11:12:38,907 - shimmer_device - ERROR - Error reading data: 'ShimmerBluetooth' object has no attribute 'read'
2025-11-13 11:12:38,909 - shimmer_device - ERROR - Error reading data: 'ShimmerBluetooth' object has no attribute 'read'
2025-11-13 11:12:38,911 - shimmer_device - ERROR - Error reading data: 'ShimmerBluetooth' object has no attribute 'read'
2025-11-13 11:12:38,913 - shimmer_device - ERROR - Error reading data: 'ShimmerBluetooth' object has no attribute 'read'
2025-11-13 11:12:38,914 - shimmer_device - ERROR - Error reading data: 'ShimmerBluetooth' object has no attribute 'read'
2025-11-13 11:12:38,915 - shimmer_device - ERROR - Error reading data: 'ShimmerBluetooth' object has no attribute 'read'
2025-11-13 11:12:38,916 - shimmer_device - ERROR - Error reading data: 'ShimmerBluetooth' object has no attribute 'read'
2025-11-13 11:12:38,917 - shimmer_device - ERROR - Error reading data: 'ShimmerBluetooth' object has no attribute 'read'
2025-11-13 11:12:38,918 - shimmer_device - ERROR - Error reading data: 'ShimmerBluetooth' object has no attribute 'read'
2025-11-13 11:12:38,920 - shimmer_device - ERROR - Error reading data: 'ShimmerBluetooth' object has no attribute 'read'
2025-11-13 11:12:38,921 - shimmer_device - ERROR - Error reading data: 'ShimmerBluetooth' object has no attribute 'read'
2025-11-13 11:12:38,923 - shimmer_device - ERROR - Error reading data: 'ShimmerBluetooth' object has no attribute 'read'
2025-11-13 11:12:38,924 - shimmer_device - ERROR - Error reading data: 'ShimmerBluetooth' object has no attribute 'read'
2025-11-13 11:12:38,925 - shimmer_device - ERROR - Error reading data: 'ShimmerBluetooth' object has no attribute 'read'
2025-11-13 11:12:38,926 - shimmer_device - ERROR - Error reading data: 'ShimmerBluetooth' object has no attribute 'read'
2025-11-13 11:12:38,927 - shimmer_device - ERROR - Error reading data: 'ShimmerBluetooth' object has no attribute 'read'
2025-11-13 11:12:38,928 - shimmer_device - ERROR - Error reading data: 'ShimmerBluetooth' object has no attribute 'read'
2025-11-13 11:12:38,929 - shimmer_device - ERROR - Error reading data: 'ShimmerBluetooth' object has no attribute 'read'
2025-11-13 11:12:38,931 - shimmer_device - ERROR - Error reading data: 'ShimmerBluetooth' object has no attribute 'read'
2025-11-13 11:12:38,932 - shimmer_device - ERROR - Error reading data: 'ShimmerBluetooth' object has no attribute 'read'
2025-11-13 11:12:38,934 - shimmer_device - ERROR - Error reading data: 'ShimmerBluetooth' object has no attribute 'read'
2025-11-13 11:12:38,935 - shimmer_device - ERROR - Error reading data: 'ShimmerBluetooth' object has no attribute 'read'
2025-11-13 11:12:38,937 - shimmer_device - ERROR - Error reading data: 'ShimmerBluetooth' object has no attribute 'read'
2025-11-13 11:12:38,939 - shimmer_device - ERROR - Error reading data: 'ShimmerBluetooth' object has no attribute 'read'
2025-11-13 11:12:38,941 - shimmer_device - ERROR - Error reading data: 'ShimmerBluetooth' object has no attribute 'read'
2025-11-13 11:12:38,943 - shimmer_device - ERROR - Error reading data: 'ShimmerBluetooth' object has no attribute 'read'
2025-11-13 11:12:38,944 - shimmer_device - ERROR - Error reading data: 'ShimmerBluetooth' object has no attribute 'read'
2025-11-13 11:12:38,946 - shimmer_device - ERROR - Error reading data: 'ShimmerBluetooth' object has no attribute 'read'
2025-11-13 11:12:38,948 - shimmer_device - ERROR - Error reading data: 'ShimmerBluetooth' object has no attribute 'read'
2025-11-13 11:12:38,950 - shimmer_device - ERROR - Error reading data: 'ShimmerBluetooth' object has no attribute 'read'
2025-11-13 11:12:38,951 - shimmer_device - ERROR - Error reading data: 'ShimmerBluetooth' object has no attribute 'read'
2025-11-13 11:12:38,953 - shimmer_device - ERROR - Error reading data: 'ShimmerBluetooth' object has no attribute 'read'
2025-11-13 11:12:38,954 - shimmer_device - ERROR - Error reading data: 'ShimmerBluetooth' object has no attribute 'read'
2025-11-13 11:12:38,955 - shimmer_device - ERROR - Error reading data: 'ShimmerBluetooth' object has no attribute 'read'
2025-11-13 11:12:38,956 - shimmer_device - ERROR - Error reading data: 'ShimmerBluetooth' object has no attribute 'read'
2025-11-13 11:12:38,958 - shimmer_device - ERROR - Error reading data: 'ShimmerBluetooth' object has no attribute 'read'
2025-11-13 11:12:38,959 - shimmer_device - ERROR - Error reading data: 'ShimmerBluetooth' object has no attribute 'read'
2025-11-13 11:12:38,960 - shimmer_device - ERROR - Error reading data: 'ShimmerBluetooth' object has no attribute 'read'
2025-11-13 11:12:38,961 - shimmer_device - ERROR - Error reading data: 'ShimmerBluetooth' object has no attribute 'read'
2025-11-13 11:12:38,963 - shimmer_device - ERROR - Error reading data: 'ShimmerBluetooth' object has no attribute 'read'
2025-11-13 11:12:38,965 - shimmer_device - ERROR - Error reading data: 'ShimmerBluetooth' object has no attribute 'read'
2025-11-13 11:12:38,967 - shimmer_device - ERROR - Error reading data: 'ShimmerBluetooth' object has no attribute 'read'
2025-11-13 11:12:38,968 - shimmer_device - ERROR - Error reading data: 'ShimmerBluetooth' object has no attribute 'read'
2025-11-13 11:12:38,969 - shimmer_device - ERROR - Error reading data: 'ShimmerBluetooth' object has no attribute 'read'
2025-11-13 11:12:38,971 - shimmer_device - ERROR - Error reading data: 'ShimmerBluetooth' object has no attribute 'read'
2025-11-13 11:12:38,972 - shimmer_device - ERROR - Error reading data: 'ShimmerBluetooth' object has no attribute 'read'
2025-11-13 11:12:38,974 - shimmer_device - ERROR - Error reading data: 'ShimmerBluetooth' object has no attribute 'read'
2025-11-13 11:12:38,976 - shimmer_device - ERROR - Error reading data: 'ShimmerBluetooth' object has no attribute 'read'
2025-11-13 11:12:38,977 - shimmer_device - ERROR - Error reading data: 'ShimmerBluetooth' object has no attribute 'read'
2025-11-13 11:12:38,978 - shimmer_device - ERROR - Error reading data: 'ShimmerBluetooth' object has no attribute 'read'
2025-11-13 11:12:38,979 - shimmer_device - ERROR - Error reading data: 'ShimmerBluetooth' object has no attribute 'read'
2025-11-13 11:12:38,981 - shimmer_device - ERROR - Error reading data: 'ShimmerBluetooth' object has no attribute 'read'
2025-11-13 11:12:38,982 - shimmer_device - ERROR - Error reading data: 'ShimmerBluetooth' object has no attribute 'read'
2025-11-13 11:12:38,984 - shimmer_device - ERROR - Error reading data: 'ShimmerBluetooth' object has no attribute 'read'
2025-11-13 11:12:38,985 - shimmer_device - ERROR - Error reading data: 'ShimmerBluetooth' object has no attribute 'read'
2025-11-13 11:12:38,987 - shimmer_device - ERROR - Error reading data: 'ShimmerBluetooth' object has no attribute 'read'
2025-11-13 11:12:38,988 - shimmer_device - ERROR - Error reading data: 'ShimmerBluetooth' object has no attribute 'read'
2025-11-13 11:12:38,990 - shimmer_device - ERROR - Error reading data: 'ShimmerBluetooth' object has no attribute 'read'
2025-11-13 11:12:38,992 - shimmer_device - ERROR - Error reading data: 'ShimmerBluetooth' object has no attribute 'read'
2025-11-13 11:12:38,993 - shimmer_device - ERROR - Error reading data: 'ShimmerBluetooth' object has no attribute 'read'
2025-11-13 11:12:38,995 - shimmer_device - ERROR - Error reading data: 'ShimmerBluetooth' object has no attribute 'read'
2025-11-13 11:12:38,996 - shimmer_device - ERROR - Error reading data: 'ShimmerBluetooth' object has no attribute 'read'
2025-11-13 11:12:38,998 - shimmer_device - ERROR - Error reading data: 'ShimmerBluetooth' object has no attribute 'read'
2025-11-13 11:12:38,999 - shimmer_device - ERROR - Error reading data: 'ShimmerBluetooth' object has no attribute 'read'
2025-11-13 11:12:39,001 - shimmer_device - ERROR - Error reading data: 'ShimmerBluetooth' object has no attribute 'read'
2025-11-13 11:12:39,002 - shimmer_device - ERROR - Error reading data: 'ShimmerBluetooth' object has no attribute 'read'
2025-11-13 11:12:39,003 - shimmer_device - ERROR - Error reading data: 'ShimmerBluetooth' object has no attribute 'read'
2025-11-13 11:12:39,005 - shimmer_device - ERROR - Error reading data: 'ShimmerBluetooth' object has no attribute 'read'
2025-11-13 11:12:39,006 - shimmer_device - ERROR - Error reading data: 'ShimmerBluetooth' object has no attribute 'read'
2025-11-13 11:12:39,007 - shimmer_device - ERROR - Error reading data: 'ShimmerBluetooth' object has no attribute 'read'
2025-11-13 11:12:39,008 - shimmer_device - ERROR - Error reading data: 'ShimmerBluetooth' object has no attribute 'read'
2025-11-13 11:12:39,009 - shimmer_device - ERROR - Error reading data: 'ShimmerBluetooth' object has no attribute 'read'
2025-11-13 11:12:39,010 - shimmer_device - ERROR - Error reading data: 'ShimmerBluetooth' object has no attribute 'read'
2025-11-13 11:12:39,012 - shimmer_device - ERROR - Error reading data: 'ShimmerBluetooth' object has no attribute 'read'
2025-11-13 11:12:39,013 - shimmer_device - ERROR - Error reading data: 'ShimmerBluetooth' object has no attribute 'read'
2025-11-13 11:12:39,015 - shimmer_device - ERROR - Error reading data: 'ShimmerBluetooth' object has no attribute 'read'
2025-11-13 11:12:39,017 - shimmer_device - ERROR - Error reading data: 'ShimmerBluetooth' object has no attribute 'read'
2025-11-13 11:12:39,018 - shimmer_device - ERROR - Error reading data: 'ShimmerBluetooth' object has no attribute 'read'
2025-11-13 11:12:39,019 - shimmer_device - ERROR - Error reading data: 'ShimmerBluetooth' object has no attribute 'read'
2025-11-13 11:12:39,021 - shimmer_device - ERROR - Error reading data: 'ShimmerBluetooth' object has no attribute 'read'
2025-11-13 11:12:39,022 - shimmer_device - ERROR - Error reading data: 'ShimmerBluetooth' object has no attribute 'read'
2025-11-13 11:12:39,024 - shimmer_device - ERROR - Error reading data: 'ShimmerBluetooth' object has no attribute 'read'
2025-11-13 11:12:39,025 - shimmer_device - ERROR - Error reading data: 'ShimmerBluetooth' object has no attribute 'read'
2025-11-13 11:12:39,026 - shimmer_device - ERROR - Error reading data: 'ShimmerBluetooth' object has no attribute 'read'
2025-11-13 11:12:39,028 - shimmer_device - ERROR - Error reading data: 'ShimmerBluetooth' object has no attribute 'read'
2025-11-13 11:12:39,029 - shimmer_device - ERROR - Error reading data: 'ShimmerBluetooth' object has no attribute 'read'
2025-11-13 11:12:39,031 - shimmer_device - ERROR - Error reading data: 'ShimmerBluetooth' object has no attribute 'read'
2025-11-13 11:12:39,033 - shimmer_device - ERROR - Error reading data: 'ShimmerBluetooth' object has no attribute 'read'
2025-11-13 11:12:39,034 - shimmer_device - ERROR - Error reading data: 'ShimmerBluetooth' object has no attribute 'read'
2025-11-13 11:12:39,035 - shimmer_device - ERROR - Error reading data: 'ShimmerBluetooth' object has no attribute 'read'
2025-11-13 11:12:39,036 - shimmer_device - ERROR - Error reading data: 'ShimmerBluetooth' object has no attribute 'read'
2025-11-13 11:12:39,038 - shimmer_device - ERROR - Error reading data: 'ShimmerBluetooth' object has no attribute 'read'
2025-11-13 11:12:39,039 - shimmer_device - ERROR - Error reading data: 'ShimmerBluetooth' object has no attribute 'read'
2025-11-13 11:12:39,041 - shimmer_device - ERROR - Error reading data: 'ShimmerBluetooth' object has no attribute 'read'
2025-11-13 11:12:39,042 - shimmer_device - ERROR - Error reading data: 'ShimmerBluetooth' object has no attribute 'read'
2025-11-13 11:12:39,044 - shimmer_device - ERROR - Error reading data: 'ShimmerBluetooth' object has no attribute 'read'
2025-11-13 11:12:39,045 - shimmer_device - ERROR - Error reading data: 'ShimmerBluetooth' object has no attribute 'read'
2025-11-13 11:12:39,046 - shimmer_device - ERROR - Error reading data: 'ShimmerBluetooth' object has no attribute 'read'
2025-11-13 11:12:39,048 - shimmer_device - ERROR - Error reading data: 'ShimmerBluetooth' object has no attribute 'read'
2025-11-13 11:12:39,049 - shimmer_device - ERROR - Error reading data: 'ShimmerBluetooth' object has no attribute 'read'
2025-11-13 11:12:39,051 - shimmer_device - ERROR - Error reading data: 'ShimmerBluetooth' object has no attribute 'read'
2025-11-13 11:12:39,052 - shimmer_device - ERROR - Error reading data: 'ShimmerBluetooth' object has no attribute 'read'
2025-11-13 11:12:39,053 - shimmer_device - ERROR - Error reading data: 'ShimmerBluetooth' object has no attribute 'read'
2025-11-13 11:12:39,054 - shimmer_device - ERROR - Error reading data: 'ShimmerBluetooth' object has no attribute 'read'
2025-11-13 11:12:39,056 - shimmer_device - ERROR - Error reading data: 'ShimmerBluetooth' object has no attribute 'read'
2025-11-13 11:12:39,057 - shimmer_device - ERROR - Error reading data: 'ShimmerBluetooth' object has no attribute 'read'
2025-11-13 11:12:39,059 - shimmer_device - ERROR - Error reading data: 'ShimmerBluetooth' object has no attribute 'read'
2025-11-13 11:12:39,060 - shimmer_device - ERROR - Error reading data: 'ShimmerBluetooth' object has no attribute 'read'
2025-11-13 11:12:39,062 - shimmer_device - ERROR - Error reading data: 'ShimmerBluetooth' object has no attribute 'read'
2025-11-13 11:12:39,063 - shimmer_device - ERROR - Error reading data: 'ShimmerBluetooth' object has no attribute 'read'
2025-11-13 11:12:39,065 - shimmer_device - ERROR - Error reading data: 'ShimmerBluetooth' object has no attribute 'read'
2025-11-13 11:12:39,066 - shimmer_device - ERROR - Error reading data: 'ShimmerBluetooth' object has no attribute 'read'
2025-11-13 11:12:39,068 - shimmer_device - ERROR - Error reading data: 'ShimmerBluetooth' object has no attribute 'read'
2025-11-13 11:12:39,070 - shimmer_device - ERROR - Error reading data: 'ShimmerBluetooth' object has no attribute 'read'
2025-11-13 11:12:39,071 - shimmer_device - ERROR - Error reading data: 'ShimmerBluetooth' object has no attribute 'read'
2025-11-13 11:12:39,073 - shimmer_device - ERROR - Error reading data: 'ShimmerBluetooth' object has no attribute 'read'
2025-11-13 11:12:39,074 - shimmer_device - ERROR - Error reading data: 'ShimmerBluetooth' object has no attribute 'read'
2025-11-13 11:12:39,076 - shimmer_device - ERROR - Error reading data: 'ShimmerBluetooth' object has no attribute 'read'
2025-11-13 11:12:39,077 - shimmer_device - ERROR - Error reading data: 'ShimmerBluetooth' object has no attribute 'read'
2025-11-13 11:12:39,078 - shimmer_device - ERROR - Error reading data: 'ShimmerBluetooth' object has no attribute 'read'
2025-11-13 11:12:39,078 - __main__ - INFO - 
============================================================
2025-11-13 11:12:39,078 - __main__ - INFO - Total samples: 0
2025-11-13 11:12:39,078 - __main__ - INFO - LSL pushed: 0
2025-11-13 11:12:39,078 - __main__ - INFO - LSL rate: 0.00 Hz (0.0% of nominal)
2025-11-13 11:12:39,078 - __main__ - INFO - Saved: 0
2025-11-13 11:12:39,078 - __main__ - INFO - Buffer: 0
2025-11-13 11:12:39,078 - __main__ - INFO - ============================================================
2025-11-13 11:12:39,079 - shimmer_device - ERROR - Error reading data: 'ShimmerBluetooth' object has no attribute 'read'
2025-11-13 11:12:39,080 - shimmer_device - ERROR - Error reading data: 'ShimmerBluetooth' object has no attribute 'read'
2025-11-13 11:12:39,082 - shimmer_device - ERROR - Error reading data: 'ShimmerBluetooth' object has no attribute 'read'
2025-11-13 11:12:39,083 - shimmer_device - ERROR - Error reading data: 'ShimmerBluetooth' object has no attribute 'read'
2025-11-13 11:12:39,084 - shimmer_device - ERROR - Error reading data: 'ShimmerBluetooth' object has no attribute 'read'
2025-11-13 11:12:39,086 - shimmer_device - ERROR - Error reading data: 'ShimmerBluetooth' object has no attribute 'read'
2025-11-13 11:12:39,088 - shimmer_device - ERROR - Error reading data: 'ShimmerBluetooth' object has no attribute 'read'
2025-11-13 11:12:39,089 - shimmer_device - ERROR - Error reading data: 'ShimmerBluetooth' object has no attribute 'read'
2025-11-13 11:12:39,091 - shimmer_device - ERROR - Error reading data: 'ShimmerBluetooth' object has no attribute 'read'
2025-11-13 11:12:39,093 - shimmer_device - ERROR - Error reading data: 'ShimmerBluetooth' object has no attribute 'read'
2025-11-13 11:12:39,094 - shimmer_device - ERROR - Error reading data: 'ShimmerBluetooth' object has no attribute 'read'
2025-11-13 11:12:39,095 - shimmer_device - ERROR - Error reading data: 'ShimmerBluetooth' object has no attribute 'read'
2025-11-13 11:12:39,097 - shimmer_device - ERROR - Error reading data: 'ShimmerBluetooth' object has no attribute 'read'
2025-11-13 11:12:39,098 - shimmer_device - ERROR - Error reading data: 'ShimmerBluetooth' object has no attribute 'read'
2025-11-13 11:12:39,099 - shimmer_device - ERROR - Error reading data: 'ShimmerBluetooth' object has no attribute 'read'
2025-11-13 11:12:39,101 - shimmer_device - ERROR - Error reading data: 'ShimmerBluetooth' object has no attribute 'read'
2025-11-13 11:12:39,102 - shimmer_device - ERROR - Error reading data: 'ShimmerBluetooth' object has no attribute 'read'
2025-11-13 11:12:39,104 - shimmer_device - ERROR - Error reading data: 'ShimmerBluetooth' object has no attribute 'read'
2025-11-13 11:12:39,105 - shimmer_device - ERROR - Error reading data: 'ShimmerBluetooth' object has no attribute 'read'
2025-11-13 11:12:39,106 - shimmer_device - ERROR - Error reading data: 'ShimmerBluetooth' object has no attribute 'read'
2025-11-13 11:12:39,108 - shimmer_device - ERROR - Error reading data: 'ShimmerBluetooth' object has no attribute 'read'
2025-11-13 11:12:39,109 - shimmer_device - ERROR - Error reading data: 'ShimmerBluetooth' object has no attribute 'read'
2025-11-13 11:12:39,111 - shimmer_device - ERROR - Error reading data: 'ShimmerBluetooth' object has no attribute 'read'
2025-11-13 11:12:39,112 - shimmer_device - ERROR - Error reading data: 'ShimmerBluetooth' object has no attribute 'read'
2025-11-13 11:12:39,114 - shimmer_device - ERROR - Error reading data: 'ShimmerBluetooth' object has no attribute 'read'
2025-11-13 11:12:39,115 - shimmer_device - ERROR - Error reading data: 'ShimmerBluetooth' object has no attribute 'read'
2025-11-13 11:12:39,116 - shimmer_device - ERROR - Error reading data: 'ShimmerBluetooth' object has no attribute 'read'
2025-11-13 11:12:39,117 - shimmer_device - ERROR - Error reading data: 'ShimmerBluetooth' object has no attribute 'read'
2025-11-13 11:12:39,119 - shimmer_device - ERROR - Error reading data: 'ShimmerBluetooth' object has no attribute 'read'
2025-11-13 11:12:39,120 - shimmer_device - ERROR - Error reading data: 'ShimmerBluetooth' object has no attribute 'read'
2025-11-13 11:12:39,122 - shimmer_device - ERROR - Error reading data: 'ShimmerBluetooth' object has no attribute 'read'
2025-11-13 11:12:39,123 - shimmer_device - ERROR - Error reading data: 'ShimmerBluetooth' object has no attribute 'read'
2025-11-13 11:12:39,124 - shimmer_device - ERROR - Error reading data: 'ShimmerBluetooth' object has no attribute 'read'
2025-11-13 11:12:39,126 - shimmer_device - ERROR - Error reading data: 'ShimmerBluetooth' object has no attribute 'read'
2025-11-13 11:12:39,127 - shimmer_device - ERROR - Error reading data: 'ShimmerBluetooth' object has no attribute 'read'
2025-11-13 11:12:39,128 - shimmer_device - ERROR - Error reading data: 'ShimmerBluetooth' object has no attribute 'read'
2025-11-13 11:12:39,130 - shimmer_device - ERROR - Error reading data: 'ShimmerBluetooth' object has no attribute 'read'
2025-11-13 11:12:39,131 - shimmer_device - ERROR - Error reading data: 'ShimmerBluetooth' object has no attribute 'read'
2025-11-13 11:12:39,132 - shimmer_device - ERROR - Error reading data: 'ShimmerBluetooth' object has no attribute 'read'
2025-11-13 11:12:39,134 - shimmer_device - ERROR - Error reading data: 'ShimmerBluetooth' object has no attribute 'read'
2025-11-13 11:12:39,135 - shimmer_device - ERROR - Error reading data: 'ShimmerBluetooth' object has no attribute 'read'
2025-11-13 11:12:39,137 - shimmer_device - ERROR - Error reading data: 'ShimmerBluetooth' object has no attribute 'read'
2025-11-13 11:12:39,138 - shimmer_device - ERROR - Error reading data: 'ShimmerBluetooth' object has no attribute 'read'
2025-11-13 11:12:39,140 - shimmer_device - ERROR - Error reading data: 'ShimmerBluetooth' object has no attribute 'read'
2025-11-13 11:12:39,141 - shimmer_device - ERROR - Error reading data: 'ShimmerBluetooth' object has no attribute 'read'
2025-11-13 11:12:39,142 - shimmer_device - ERROR - Error reading data: 'ShimmerBluetooth' object has no attribute 'read'
2025-11-13 11:12:39,143 - shimmer_device - ERROR - Error reading data: 'ShimmerBluetooth' object has no attribute 'read'
2025-11-13 11:12:39,144 - shimmer_device - ERROR - Error reading data: 'ShimmerBluetooth' object has no attribute 'read'
2025-11-13 11:12:39,145 - shimmer_device - ERROR - Error reading data: 'ShimmerBluetooth' object has no attribute 'read'
2025-11-13 11:12:39,147 - shimmer_device - ERROR - Error reading data: 'ShimmerBluetooth' object has no attribute 'read'
2025-11-13 11:12:39,148 - shimmer_device - ERROR - Error reading data: 'ShimmerBluetooth' object has no attribute 'read'
2025-11-13 11:12:39,149 - shimmer_device - ERROR - Error reading data: 'ShimmerBluetooth' object has no attribute 'read'
2025-11-13 11:12:39,150 - shimmer_device - ERROR - Error reading data: 'ShimmerBluetooth' object has no attribute 'read'
2025-11-13 11:12:39,151 - shimmer_device - ERROR - Error reading data: 'ShimmerBluetooth' object has no attribute 'read'
2025-11-13 11:12:39,152 - shimmer_device - ERROR - Error reading data: 'ShimmerBluetooth' object has no attribute 'read'
2025-11-13 11:12:39,153 - shimmer_device - ERROR - Error reading data: 'ShimmerBluetooth' object has no attribute 'read'
2025-11-13 11:12:39,154 - shimmer_device - ERROR - Error reading data: 'ShimmerBluetooth' object has no attribute 'read'
2025-11-13 11:12:39,155 - shimmer_device - ERROR - Error reading data: 'ShimmerBluetooth' object has no attribute 'read'
2025-11-13 11:12:39,156 - shimmer_device - ERROR - Error reading data: 'ShimmerBluetooth' object has no attribute 'read'
2025-11-13 11:12:39,157 - shimmer_device - ERROR - Error reading data: 'ShimmerBluetooth' object has no attribute 'read'
2025-11-13 11:12:39,159 - shimmer_device - ERROR - Error reading data: 'ShimmerBluetooth' object has no attribute 'read'
2025-11-13 11:12:39,160 - shimmer_device - ERROR - Error reading data: 'ShimmerBluetooth' object has no attribute 'read'
2025-11-13 11:12:39,161 - shimmer_device - ERROR - Error reading data: 'ShimmerBluetooth' object has no attribute 'read'
2025-11-13 11:12:39,162 - shimmer_device - ERROR - Error reading data: 'ShimmerBluetooth' object has no attribute 'read'
2025-11-13 11:12:39,164 - shimmer_device - ERROR - Error reading data: 'ShimmerBluetooth' object has no attribute 'read'
2025-11-13 11:12:39,166 - shimmer_device - ERROR - Error reading data: 'ShimmerBluetooth' object has no attribute 'read'
2025-11-13 11:12:39,168 - shimmer_device - ERROR - Error reading data: 'ShimmerBluetooth' object has no attribute 'read'
2025-11-13 11:12:39,169 - shimmer_device - ERROR - Error reading data: 'ShimmerBluetooth' object has no attribute 'read'
2025-11-13 11:12:39,170 - shimmer_device - ERROR - Error reading data: 'ShimmerBluetooth' object has no attribute 'read'
2025-11-13 11:12:39,171 - shimmer_device - ERROR - Error reading data: 'ShimmerBluetooth' object has no attribute 'read'
2025-11-13 11:12:39,172 - shimmer_device - ERROR - Error reading data: 'ShimmerBluetooth' object has no attribute 'read'
2025-11-13 11:12:39,173 - shimmer_device - ERROR - Error reading data: 'ShimmerBluetooth' object has no attribute 'read'
2025-11-13 11:12:39,174 - shimmer_device - ERROR - Error reading data: 'ShimmerBluetooth' object has no attribute 'read'
2025-11-13 11:12:39,176 - shimmer_device - ERROR - Error reading data: 'ShimmerBluetooth' object has no attribute 'read'
2025-11-13 11:12:39,178 - shimmer_device - ERROR - Error reading data: 'ShimmerBluetooth' object has no attribute 'read'
2025-11-13 11:12:39,179 - shimmer_device - ERROR - Error reading data: 'ShimmerBluetooth' object has no attribute 'read'
2025-11-13 11:12:39,181 - shimmer_device - ERROR - Error reading data: 'ShimmerBluetooth' object has no attribute 'read'
2025-11-13 11:12:39,183 - shimmer_device - ERROR - Error reading data: 'ShimmerBluetooth' object has no attribute 'read'
2025-11-13 11:12:39,185 - shimmer_device - ERROR - Error reading data: 'ShimmerBluetooth' object has no attribute 'read'
2025-11-13 11:12:39,186 - shimmer_device - ERROR - Error reading data: 'ShimmerBluetooth' object has no attribute 'read'
2025-11-13 11:12:39,188 - shimmer_device - ERROR - Error reading data: 'ShimmerBluetooth' object has no attribute 'read'
2025-11-13 11:12:39,189 - shimmer_device - ERROR - Error reading data: 'ShimmerBluetooth' object has no attribute 'read'
2025-11-13 11:12:39,191 - shimmer_device - ERROR - Error reading data: 'ShimmerBluetooth' object has no attribute 'read'
2025-11-13 11:12:39,193 - shimmer_device - ERROR - Error reading data: 'ShimmerBluetooth' object has no attribute 'read'
2025-11-13 11:12:39,194 - shimmer_device - ERROR - Error reading data: 'ShimmerBluetooth' object has no attribute 'read'
2025-11-13 11:12:39,195 - shimmer_device - ERROR - Error reading data: 'ShimmerBluetooth' object has no attribute 'read'
2025-11-13 11:12:39,196 - shimmer_device - ERROR - Error reading data: 'ShimmerBluetooth' object has no attribute 'read'
2025-11-13 11:12:39,197 - shimmer_device - ERROR - Error reading data: 'ShimmerBluetooth' object has no attribute 'read'
2025-11-13 11:12:39,199 - shimmer_device - ERROR - Error reading data: 'ShimmerBluetooth' object has no attribute 'read'
2025-11-13 11:12:39,200 - shimmer_device - ERROR - Error reading data: 'ShimmerBluetooth' object has no attribute 'read'
2025-11-13 11:12:39,201 - shimmer_device - ERROR - Error reading data: 'ShimmerBluetooth' object has no attribute 'read'
2025-11-13 11:12:39,203 - shimmer_device - ERROR - Error reading data: 'ShimmerBluetooth' object has no attribute 'read'
2025-11-13 11:12:39,204 - shimmer_device - ERROR - Error reading data: 'ShimmerBluetooth' object has no attribute 'read'
2025-11-13 11:12:39,206 - shimmer_device - ERROR - Error reading data: 'ShimmerBluetooth' object has no attribute 'read'
2025-11-13 11:12:39,207 - shimmer_device - ERROR - Error reading data: 'ShimmerBluetooth' object has no attribute 'read'
2025-11-13 11:12:39,209 - shimmer_device - ERROR - Error reading data: 'ShimmerBluetooth' object has no attribute 'read'
2025-11-13 11:12:39,210 - shimmer_device - ERROR - Error reading data: 'ShimmerBluetooth' object has no attribute 'read'
2025-11-13 11:12:39,212 - shimmer_device - ERROR - Error reading data: 'ShimmerBluetooth' object has no attribute 'read'
2025-11-13 11:12:39,214 - shimmer_device - ERROR - Error reading data: 'ShimmerBluetooth' object has no attribute 'read'
2025-11-13 11:12:39,215 - shimmer_device - ERROR - Error reading data: 'ShimmerBluetooth' object has no attribute 'read'
2025-11-13 11:12:39,216 - shimmer_device - ERROR - Error reading data: 'ShimmerBluetooth' object has no attribute 'read'
2025-11-13 11:12:39,218 - shimmer_device - ERROR - Error reading data: 'ShimmerBluetooth' object has no attribute 'read'
2025-11-13 11:12:39,220 - shimmer_device - ERROR - Error reading data: 'ShimmerBluetooth' object has no attribute 'read'
2025-11-13 11:12:39,221 - shimmer_device - ERROR - Error reading data: 'ShimmerBluetooth' object has no attribute 'read'
2025-11-13 11:12:39,223 - shimmer_device - ERROR - Error reading data: 'ShimmerBluetooth' object has no attribute 'read'
2025-11-13 11:12:39,224 - shimmer_device - ERROR - Error reading data: 'ShimmerBluetooth' object has no attribute 'read'
2025-11-13 11:12:39,225 - shimmer_device - ERROR - Error reading data: 'ShimmerBluetooth' object has no attribute 'read'
2025-11-13 11:12:39,226 - shimmer_device - ERROR - Error reading data: 'ShimmerBluetooth' object has no attribute 'read'
2025-11-13 11:12:39,227 - shimmer_device - ERROR - Error reading data: 'ShimmerBluetooth' object has no attribute 'read'
2025-11-13 11:12:39,229 - shimmer_device - ERROR - Error reading data: 'ShimmerBluetooth' object has no attribute 'read'
2025-11-13 11:12:39,230 - shimmer_device - ERROR - Error reading data: 'ShimmerBluetooth' object has no attribute 'read'
2025-11-13 11:12:39,231 - shimmer_device - ERROR - Error reading data: 'ShimmerBluetooth' object has no attribute 'read'
2025-11-13 11:12:39,232 - shimmer_device - ERROR - Error reading data: 'ShimmerBluetooth' object has no attribute 'read'
2025-11-13 11:12:39,234 - shimmer_device - ERROR - Error reading data: 'ShimmerBluetooth' object has no attribute 'read'
2025-11-13 11:12:39,236 - shimmer_device - ERROR - Error reading data: 'ShimmerBluetooth' object has no attribute 'read'
2025-11-13 11:12:39,237 - shimmer_device - ERROR - Error reading data: 'ShimmerBluetooth' object has no attribute 'read'
2025-11-13 11:12:39,238 - shimmer_device - ERROR - Error reading data: 'ShimmerBluetooth' object has no attribute 'read'
2025-11-13 11:12:39,239 - shimmer_device - ERROR - Error reading data: 'ShimmerBluetooth' object has no attribute 'read'
2025-11-13 11:12:39,241 - shimmer_device - ERROR - Error reading data: 'ShimmerBluetooth' object has no attribute 'read'
2025-11-13 11:12:39,242 - shimmer_device - ERROR - Error reading data: 'ShimmerBluetooth' object has no attribute 'read'
2025-11-13 11:12:39,244 - shimmer_device - ERROR - Error reading data: 'ShimmerBluetooth' object has no attribute 'read'
2025-11-13 11:12:39,245 - shimmer_device - ERROR - Error reading data: 'ShimmerBluetooth' object has no attribute 'read'
2025-11-13 11:12:39,247 - shimmer_device - ERROR - Error reading data: 'ShimmerBluetooth' object has no attribute 'read'
2025-11-13 11:12:39,249 - shimmer_device - ERROR - Error reading data: 'ShimmerBluetooth' object has no attribute 'read'
2025-11-13 11:12:39,250 - shimmer_device - ERROR - Error reading data: 'ShimmerBluetooth' object has no attribute 'read'
2025-11-13 11:12:39,252 - shimmer_device - ERROR - Error reading data: 'ShimmerBluetooth' object has no attribute 'read'
2025-11-13 11:12:39,254 - shimmer_device - ERROR - Error reading data: 'ShimmerBluetooth' object has no attribute 'read'
2025-11-13 11:12:39,255 - shimmer_device - ERROR - Error reading data: 'ShimmerBluetooth' object has no attribute 'read'
2025-11-13 11:12:39,257 - shimmer_device - ERROR - Error reading data: 'ShimmerBluetooth' object has no attribute 'read'
2025-11-13 11:12:39,258 - shimmer_device - ERROR - Error reading data: 'ShimmerBluetooth' object has no attribute 'read'
2025-11-13 11:12:39,259 - shimmer_device - ERROR - Error reading data: 'ShimmerBluetooth' object has no attribute 'read'
2025-11-13 11:12:39,260 - shimmer_device - ERROR - Error reading data: 'ShimmerBluetooth' object has no attribute 'read'
2025-11-13 11:12:39,261 - shimmer_device - ERROR - Error reading data: 'ShimmerBluetooth' object has no attribute 'read'
2025-11-13 11:12:39,263 - shimmer_device - ERROR - Error reading data: 'ShimmerBluetooth' object has no attribute 'read'
2025-11-13 11:12:39,264 - shimmer_device - ERROR - Error reading data: 'ShimmerBluetooth' object has no attribute 'read'
2025-11-13 11:12:39,265 - shimmer_device - ERROR - Error reading data: 'ShimmerBluetooth' object has no attribute 'read'
2025-11-13 11:12:39,267 - shimmer_device - ERROR - Error reading data: 'ShimmerBluetooth' object has no attribute 'read'
2025-11-13 11:12:39,268 - shimmer_device - ERROR - Error reading data: 'ShimmerBluetooth' object has no attribute 'read'
2025-11-13 11:12:39,269 - shimmer_device - ERROR - Error reading data: 'ShimmerBluetooth' object has no attribute 'read'
2025-11-13 11:12:39,271 - shimmer_device - ERROR - Error reading data: 'ShimmerBluetooth' object has no attribute 'read'
2025-11-13 11:12:39,273 - shimmer_device - ERROR - Error reading data: 'ShimmerBluetooth' object has no attribute 'read'
2025-11-13 11:12:39,274 - shimmer_device - ERROR - Error reading data: 'ShimmerBluetooth' object has no attribute 'read'
2025-11-13 11:12:39,276 - shimmer_device - ERROR - Error reading data: 'ShimmerBluetooth' object has no attribute 'read'
2025-11-13 11:12:39,277 - shimmer_device - ERROR - Error reading data: 'ShimmerBluetooth' object has no attribute 'read'
2025-11-13 11:12:39,279 - shimmer_device - ERROR - Error reading data: 'ShimmerBluetooth' object has no attribute 'read'
2025-11-13 11:12:39,281 - shimmer_device - ERROR - Error reading data: 'ShimmerBluetooth' object has no attribute 'read'
2025-11-13 11:12:39,282 - shimmer_device - ERROR - Error reading data: 'ShimmerBluetooth' object has no attribute 'read'
2025-11-13 11:12:39,284 - shimmer_device - ERROR - Error reading data: 'ShimmerBluetooth' object has no attribute 'read'
2025-11-13 11:12:39,285 - shimmer_device - ERROR - Error reading data: 'ShimmerBluetooth' object has no attribute 'read'
2025-11-13 11:12:39,287 - shimmer_device - ERROR - Error reading data: 'ShimmerBluetooth' object has no attribute 'read'
2025-11-13 11:12:39,288 - shimmer_device - ERROR - Error reading data: 'ShimmerBluetooth' object has no attribute 'read'
2025-11-13 11:12:39,290 - shimmer_device - ERROR - Error reading data: 'ShimmerBluetooth' object has no attribute 'read'
2025-11-13 11:12:39,292 - shimmer_device - ERROR - Error reading data: 'ShimmerBluetooth' object has no attribute 'read'
2025-11-13 11:12:39,293 - shimmer_device - ERROR - Error reading data: 'ShimmerBluetooth' object has no attribute 'read'
2025-11-13 11:12:39,294 - shimmer_device - ERROR - Error reading data: 'ShimmerBluetooth' object has no attribute 'read'
2025-11-13 11:12:39,295 - shimmer_device - ERROR - Error reading data: 'ShimmerBluetooth' object has no attribute 'read'
2025-11-13 11:12:39,296 - shimmer_device - ERROR - Error reading data: 'ShimmerBluetooth' object has no attribute 'read'
2025-11-13 11:12:39,298 - shimmer_device - ERROR - Error reading data: 'ShimmerBluetooth' object has no attribute 'read'
2025-11-13 11:12:39,300 - shimmer_device - ERROR - Error reading data: 'ShimmerBluetooth' object has no attribute 'read'
2025-11-13 11:12:39,302 - shimmer_device - ERROR - Error reading data: 'ShimmerBluetooth' object has no attribute 'read'
2025-11-13 11:12:39,303 - shimmer_device - ERROR - Error reading data: 'ShimmerBluetooth' object has no attribute 'read'
2025-11-13 11:12:39,305 - shimmer_device - ERROR - Error reading data: 'ShimmerBluetooth' object has no attribute 'read'
2025-11-13 11:12:39,306 - shimmer_device - ERROR - Error reading data: 'ShimmerBluetooth' object has no attribute 'read'
2025-11-13 11:12:39,307 - shimmer_device - ERROR - Error reading data: 'ShimmerBluetooth' object has no attribute 'read'
2025-11-13 11:12:39,308 - shimmer_device - ERROR - Error reading data: 'ShimmerBluetooth' object has no attribute 'read'
2025-11-13 11:12:39,310 - shimmer_device - ERROR - Error reading data: 'ShimmerBluetooth' object has no attribute 'read'
2025-11-13 11:12:39,312 - shimmer_device - ERROR - Error reading data: 'ShimmerBluetooth' object has no attribute 'read'
2025-11-13 11:12:39,313 - shimmer_device - ERROR - Error reading data: 'ShimmerBluetooth' object has no attribute 'read'
2025-11-13 11:12:39,314 - shimmer_device - ERROR - Error reading data: 'ShimmerBluetooth' object has no attribute 'read'
2025-11-13 11:12:39,316 - shimmer_device - ERROR - Error reading data: 'ShimmerBluetooth' object has no attribute 'read'
2025-11-13 11:12:39,317 - shimmer_device - ERROR - Error reading data: 'ShimmerBluetooth' object has no attribute 'read'
2025-11-13 11:12:39,318 - shimmer_device - ERROR - Error reading data: 'ShimmerBluetooth' object has no attribute 'read'
2025-11-13 11:12:39,319 - shimmer_device - ERROR - Error reading data: 'ShimmerBluetooth' object has no attribute 'read'
2025-11-13 11:12:39,320 - shimmer_device - ERROR - Error reading data: 'ShimmerBluetooth' object has no attribute 'read'
2025-11-13 11:12:39,321 - shimmer_device - ERROR - Error reading data: 'ShimmerBluetooth' object has no attribute 'read'
2025-11-13 11:12:39,322 - shimmer_device - ERROR - Error reading data: 'ShimmerBluetooth' object has no attribute 'read'
2025-11-13 11:12:39,324 - shimmer_device - ERROR - Error reading data: 'ShimmerBluetooth' object has no attribute 'read'
2025-11-13 11:12:39,325 - shimmer_device - ERROR - Error reading data: 'ShimmerBluetooth' object has no attribute 'read'
2025-11-13 11:12:39,326 - shimmer_device - ERROR - Error reading data: 'ShimmerBluetooth' object has no attribute 'read'
2025-11-13 11:12:39,328 - shimmer_device - ERROR - Error reading data: 'ShimmerBluetooth' object has no attribute 'read'
2025-11-13 11:12:39,329 - shimmer_device - ERROR - Error reading data: 'ShimmerBluetooth' object has no attribute 'read'
2025-11-13 11:12:39,330 - shimmer_device - ERROR - Error reading data: 'ShimmerBluetooth' object has no attribute 'read'
2025-11-13 11:12:39,332 - shimmer_device - ERROR - Error reading data: 'ShimmerBluetooth' object has no attribute 'read'
2025-11-13 11:12:39,334 - shimmer_device - ERROR - Error reading data: 'ShimmerBluetooth' object has no attribute 'read'
2025-11-13 11:12:39,336 - shimmer_device - ERROR - Error reading data: 'ShimmerBluetooth' object has no attribute 'read'
2025-11-13 11:12:39,338 - shimmer_device - ERROR - Error reading data: 'ShimmerBluetooth' object has no attribute 'read'
2025-11-13 11:12:39,340 - shimmer_device - ERROR - Error reading data: 'ShimmerBluetooth' object has no attribute 'read'
2025-11-13 11:12:39,341 - shimmer_device - ERROR - Error reading data: 'ShimmerBluetooth' object has no attribute 'read'
2025-11-13 11:12:39,343 - shimmer_device - ERROR - Error reading data: 'ShimmerBluetooth' object has no attribute 'read'
2025-11-13 11:12:39,344 - shimmer_device - ERROR - Error reading data: 'ShimmerBluetooth' object has no attribute 'read'
2025-11-13 11:12:39,345 - shimmer_device - ERROR - Error reading data: 'ShimmerBluetooth' object has no attribute 'read'
2025-11-13 11:12:39,347 - shimmer_device - ERROR - Error reading data: 'ShimmerBluetooth' object has no attribute 'read'
2025-11-13 11:12:39,348 - shimmer_device - ERROR - Error reading data: 'ShimmerBluetooth' object has no attribute 'read'
2025-11-13 11:12:39,349 - shimmer_device - ERROR - Error reading data: 'ShimmerBluetooth' object has no attribute 'read'
2025-11-13 11:12:39,350 - shimmer_device - ERROR - Error reading data: 'ShimmerBluetooth' object has no attribute 'read'
2025-11-13 11:12:39,352 - shimmer_device - ERROR - Error reading data: 'ShimmerBluetooth' object has no attribute 'read'
2025-11-13 11:12:39,354 - shimmer_device - ERROR - Error reading data: 'ShimmerBluetooth' object has no attribute 'read'
2025-11-13 11:12:39,356 - shimmer_device - ERROR - Error reading data: 'ShimmerBluetooth' object has no attribute 'read'
2025-11-13 11:12:39,357 - shimmer_device - ERROR - Error reading data: 'ShimmerBluetooth' object has no attribute 'read'
2025-11-13 11:12:39,358 - shimmer_device - ERROR - Error reading data: 'ShimmerBluetooth' object has no attribute 'read'
2025-11-13 11:12:39,360 - shimmer_device - ERROR - Error reading data: 'ShimmerBluetooth' object has no attribute 'read'
2025-11-13 11:12:39,361 - shimmer_device - ERROR - Error reading data: 'ShimmerBluetooth' object has no attribute 'read'
2025-11-13 11:12:39,363 - shimmer_device - ERROR - Error reading data: 'ShimmerBluetooth' object has no attribute 'read'
2025-11-13 11:12:39,365 - shimmer_device - ERROR - Error reading data: 'ShimmerBluetooth' object has no attribute 'read'
2025-11-13 11:12:39,366 - shimmer_device - ERROR - Error reading data: 'ShimmerBluetooth' object has no attribute 'read'
2025-11-13 11:12:39,368 - shimmer_device - ERROR - Error reading data: 'ShimmerBluetooth' object has no attribute 'read'
2025-11-13 11:12:39,370 - shimmer_device - ERROR - Error reading data: 'ShimmerBluetooth' object has no attribute 'read'
2025-11-13 11:12:39,372 - shimmer_device - ERROR - Error reading data: 'ShimmerBluetooth' object has no attribute 'read'
2025-11-13 11:12:39,373 - shimmer_device - ERROR - Error reading data: 'ShimmerBluetooth' object has no attribute 'read'
2025-11-13 11:12:39,375 - shimmer_device - ERROR - Error reading data: 'ShimmerBluetooth' object has no attribute 'read'
2025-11-13 11:12:39,376 - shimmer_device - ERROR - Error reading data: 'ShimmerBluetooth' object has no attribute 'read'
2025-11-13 11:12:39,377 - shimmer_device - ERROR - Error reading data: 'ShimmerBluetooth' object has no attribute 'read'
2025-11-13 11:12:39,379 - shimmer_device - ERROR - Error reading data: 'ShimmerBluetooth' object has no attribute 'read'
2025-11-13 11:12:39,380 - shimmer_device - ERROR - Error reading data: 'ShimmerBluetooth' object has no attribute 'read'
2025-11-13 11:12:39,382 - shimmer_device - ERROR - Error reading data: 'ShimmerBluetooth' object has no attribute 'read'
2025-11-13 11:12:39,383 - shimmer_device - ERROR - Error reading data: 'ShimmerBluetooth' object has no attribute 'read'
2025-11-13 11:12:39,384 - shimmer_device - ERROR - Error reading data: 'ShimmerBluetooth' object has no attribute 'read'
2025-11-13 11:12:39,386 - shimmer_device - ERROR - Error reading data: 'ShimmerBluetooth' object has no attribute 'read'
2025-11-13 11:12:39,387 - shimmer_device - ERROR - Error reading data: 'ShimmerBluetooth' object has no attribute 'read'
2025-11-13 11:12:39,388 - shimmer_device - ERROR - Error reading data: 'ShimmerBluetooth' object has no attribute 'read'
2025-11-13 11:12:39,390 - shimmer_device - ERROR - Error reading data: 'ShimmerBluetooth' object has no attribute 'read'
2025-11-13 11:12:39,391 - shimmer_device - ERROR - Error reading data: 'ShimmerBluetooth' object has no attribute 'read'
2025-11-13 11:12:39,393 - shimmer_device - ERROR - Error reading data: 'ShimmerBluetooth' object has no attribute 'read'
2025-11-13 11:12:39,395 - shimmer_device - ERROR - Error reading data: 'ShimmerBluetooth' object has no attribute 'read'
2025-11-13 11:12:39,397 - shimmer_device - ERROR - Error reading data: 'ShimmerBluetooth' object has no attribute 'read'
2025-11-13 11:12:39,398 - shimmer_device - ERROR - Error reading data: 'ShimmerBluetooth' object has no attribute 'read'
2025-11-13 11:12:39,399 - shimmer_device - ERROR - Error reading data: 'ShimmerBluetooth' object has no attribute 'read'
2025-11-13 11:12:39,401 - shimmer_device - ERROR - Error reading data: 'ShimmerBluetooth' object has no attribute 'read'
2025-11-13 11:12:39,402 - shimmer_device - ERROR - Error reading data: 'ShimmerBluetooth' object has no attribute 'read'
2025-11-13 11:12:39,404 - shimmer_device - ERROR - Error reading data: 'ShimmerBluetooth' object has no attribute 'read'
2025-11-13 11:12:39,406 - shimmer_device - ERROR - Error reading data: 'ShimmerBluetooth' object has no attribute 'read'
2025-11-13 11:12:39,407 - shimmer_device - ERROR - Error reading data: 'ShimmerBluetooth' object has no attribute 'read'
2025-11-13 11:12:39,408 - shimmer_device - ERROR - Error reading data: 'ShimmerBluetooth' object has no attribute 'read'
2025-11-13 11:12:39,410 - shimmer_device - ERROR - Error reading data: 'ShimmerBluetooth' object has no attribute 'read'
2025-11-13 11:12:39,411 - shimmer_device - ERROR - Error reading data: 'ShimmerBluetooth' object has no attribute 'read'
2025-11-13 11:12:39,413 - shimmer_device - ERROR - Error reading data: 'ShimmerBluetooth' object has no attribute 'read'
2025-11-13 11:12:39,415 - shimmer_device - ERROR - Error reading data: 'ShimmerBluetooth' object has no attribute 'read'
2025-11-13 11:12:39,417 - shimmer_device - ERROR - Error reading data: 'ShimmerBluetooth' object has no attribute 'read'
2025-11-13 11:12:39,419 - shimmer_device - ERROR - Error reading data: 'ShimmerBluetooth' object has no attribute 'read'
2025-11-13 11:12:39,421 - shimmer_device - ERROR - Error reading data: 'ShimmerBluetooth' object has no attribute 'read'
2025-11-13 11:12:39,423 - shimmer_device - ERROR - Error reading data: 'ShimmerBluetooth' object has no attribute 'read'
2025-11-13 11:12:39,425 - shimmer_device - ERROR - Error reading data: 'ShimmerBluetooth' object has no attribute 'read'
2025-11-13 11:12:39,427 - shimmer_device - ERROR - Error reading data: 'ShimmerBluetooth' object has no attribute 'read'
2025-11-13 11:12:39,428 - shimmer_device - ERROR - Error reading data: 'ShimmerBluetooth' object has no attribute 'read'
2025-11-13 11:12:39,430 - shimmer_device - ERROR - Error reading data: 'ShimmerBluetooth' object has no attribute 'read'
2025-11-13 11:12:39,432 - shimmer_device - ERROR - Error reading data: 'ShimmerBluetooth' object has no attribute 'read'
2025-11-13 11:12:39,434 - shimmer_device - ERROR - Error reading data: 'ShimmerBluetooth' object has no attribute 'read'
2025-11-13 11:12:39,435 - shimmer_device - ERROR - Error reading data: 'ShimmerBluetooth' object has no attribute 'read'
2025-11-13 11:12:39,437 - shimmer_device - ERROR - Error reading data: 'ShimmerBluetooth' object has no attribute 'read'
2025-11-13 11:12:39,438 - shimmer_device - ERROR - Error reading data: 'ShimmerBluetooth' object has no attribute 'read'
2025-11-13 11:12:39,439 - shimmer_device - ERROR - Error reading data: 'ShimmerBluetooth' object has no attribute 'read'
2025-11-13 11:12:39,440 - shimmer_device - ERROR - Error reading data: 'ShimmerBluetooth' object has no attribute 'read'
2025-11-13 11:12:39,441 - shimmer_device - ERROR - Error reading data: 'ShimmerBluetooth' object has no attribute 'read'
2025-11-13 11:12:39,443 - shimmer_device - ERROR - Error reading data: 'ShimmerBluetooth' object has no attribute 'read'
2025-11-13 11:12:39,444 - shimmer_device - ERROR - Error reading data: 'ShimmerBluetooth' object has no attribute 'read'
2025-11-13 11:12:39,446 - shimmer_device - ERROR - Error reading data: 'ShimmerBluetooth' object has no attribute 'read'
2025-11-13 11:12:39,448 - shimmer_device - ERROR - Error reading data: 'ShimmerBluetooth' object has no attribute 'read'
2025-11-13 11:12:39,449 - shimmer_device - ERROR - Error reading data: 'ShimmerBluetooth' object has no attribute 'read'
2025-11-13 11:12:39,451 - shimmer_device - ERROR - Error reading data: 'ShimmerBluetooth' object has no attribute 'read'
2025-11-13 11:12:39,452 - shimmer_device - ERROR - Error reading data: 'ShimmerBluetooth' object has no attribute 'read'
2025-11-13 11:12:39,454 - shimmer_device - ERROR - Error reading data: 'ShimmerBluetooth' object has no attribute 'read'
2025-11-13 11:12:39,455 - shimmer_device - ERROR - Error reading data: 'ShimmerBluetooth' object has no attribute 'read'
2025-11-13 11:12:39,456 - shimmer_device - ERROR - Error reading data: 'ShimmerBluetooth' object has no attribute 'read'
2025-11-13 11:12:39,458 - shimmer_device - ERROR - Error reading data: 'ShimmerBluetooth' object has no attribute 'read'
2025-11-13 11:12:39,460 - shimmer_device - ERROR - Error reading data: 'ShimmerBluetooth' object has no attribute 'read'
2025-11-13 11:12:39,462 - shimmer_device - ERROR - Error reading data: 'ShimmerBluetooth' object has no attribute 'read'
2025-11-13 11:12:39,463 - shimmer_device - ERROR - Error reading data: 'ShimmerBluetooth' object has no attribute 'read'
2025-11-13 11:12:39,465 - shimmer_device - ERROR - Error reading data: 'ShimmerBluetooth' object has no attribute 'read'
2025-11-13 11:12:39,466 - shimmer_device - ERROR - Error reading data: 'ShimmerBluetooth' object has no attribute 'read'
2025-11-13 11:12:39,468 - shimmer_device - ERROR - Error reading data: 'ShimmerBluetooth' object has no attribute 'read'
2025-11-13 11:12:39,470 - shimmer_device - ERROR - Error reading data: 'ShimmerBluetooth' object has no attribute 'read'
2025-11-13 11:12:39,471 - shimmer_device - ERROR - Error reading data: 'ShimmerBluetooth' object has no attribute 'read'
2025-11-13 11:12:39,473 - shimmer_device - ERROR - Error reading data: 'ShimmerBluetooth' object has no attribute 'read'
2025-11-13 11:12:39,474 - shimmer_device - ERROR - Error reading data: 'ShimmerBluetooth' object has no attribute 'read'
2025-11-13 11:12:39,476 - shimmer_device - ERROR - Error reading data: 'ShimmerBluetooth' object has no attribute 'read'
2025-11-13 11:12:39,478 - shimmer_device - ERROR - Error reading data: 'ShimmerBluetooth' object has no attribute 'read'
2025-11-13 11:12:39,479 - shimmer_device - ERROR - Error reading data: 'ShimmerBluetooth' object has no attribute 'read'
2025-11-13 11:12:39,481 - shimmer_device - ERROR - Error reading data: 'ShimmerBluetooth' object has no attribute 'read'
2025-11-13 11:12:39,482 - shimmer_device - ERROR - Error reading data: 'ShimmerBluetooth' object has no attribute 'read'
2025-11-13 11:12:39,484 - shimmer_device - ERROR - Error reading data: 'ShimmerBluetooth' object has no attribute 'read'
2025-11-13 11:12:39,486 - shimmer_device - ERROR - Error reading data: 'ShimmerBluetooth' object has no attribute 'read'
2025-11-13 11:12:39,487 - shimmer_device - ERROR - Error reading data: 'ShimmerBluetooth' object has no attribute 'read'
2025-11-13 11:12:39,489 - shimmer_device - ERROR - Error reading data: 'ShimmerBluetooth' object has no attribute 'read'
2025-11-13 11:12:39,490 - shimmer_device - ERROR - Error reading data: 'ShimmerBluetooth' object has no attribute 'read'
2025-11-13 11:12:39,491 - shimmer_device - ERROR - Error reading data: 'ShimmerBluetooth' object has no attribute 'read'
2025-11-13 11:12:39,493 - shimmer_device - ERROR - Error reading data: 'ShimmerBluetooth' object has no attribute 'read'
2025-11-13 11:12:39,495 - shimmer_device - ERROR - Error reading data: 'ShimmerBluetooth' object has no attribute 'read'
2025-11-13 11:12:39,496 - shimmer_device - ERROR - Error reading data: 'ShimmerBluetooth' object has no attribute 'read'
2025-11-13 11:12:39,497 - shimmer_device - ERROR - Error reading data: 'ShimmerBluetooth' object has no attribute 'read'
2025-11-13 11:12:39,498 - shimmer_device - ERROR - Error reading data: 'ShimmerBluetooth' object has no attribute 'read'
2025-11-13 11:12:39,500 - shimmer_device - ERROR - Error reading data: 'ShimmerBluetooth' object has no attribute 'read'
2025-11-13 11:12:39,501 - shimmer_device - ERROR - Error reading data: 'ShimmerBluetooth' object has no attribute 'read'
2025-11-13 11:12:39,503 - shimmer_device - ERROR - Error reading data: 'ShimmerBluetooth' object has no attribute 'read'
2025-11-13 11:12:39,504 - shimmer_device - ERROR - Error reading data: 'ShimmerBluetooth' object has no attribute 'read'
2025-11-13 11:12:39,505 - shimmer_device - ERROR - Error reading data: 'ShimmerBluetooth' object has no attribute 'read'
2025-11-13 11:12:39,507 - shimmer_device - ERROR - Error reading data: 'ShimmerBluetooth' object has no attribute 'read'
2025-11-13 11:12:39,508 - shimmer_device - ERROR - Error reading data: 'ShimmerBluetooth' object has no attribute 'read'
2025-11-13 11:12:39,510 - shimmer_device - ERROR - Error reading data: 'ShimmerBluetooth' object has no attribute 'read'
2025-11-13 11:12:39,511 - shimmer_device - ERROR - Error reading data: 'ShimmerBluetooth' object has no attribute 'read'
2025-11-13 11:12:39,513 - shimmer_device - ERROR - Error reading data: 'ShimmerBluetooth' object has no attribute 'read'
2025-11-13 11:12:39,515 - shimmer_device - ERROR - Error reading data: 'ShimmerBluetooth' object has no attribute 'read'
2025-11-13 11:12:39,517 - shimmer_device - ERROR - Error reading data: 'ShimmerBluetooth' object has no attribute 'read'
2025-11-13 11:12:39,518 - shimmer_device - ERROR - Error reading data: 'ShimmerBluetooth' object has no attribute 'read'
2025-11-13 11:12:39,519 - shimmer_device - ERROR - Error reading data: 'ShimmerBluetooth' object has no attribute 'read'
2025-11-13 11:12:39,521 - shimmer_device - ERROR - Error reading data: 'ShimmerBluetooth' object has no attribute 'read'
2025-11-13 11:12:39,523 - shimmer_device - ERROR - Error reading data: 'ShimmerBluetooth' object has no attribute 'read'
2025-11-13 11:12:39,524 - shimmer_device - ERROR - Error reading data: 'ShimmerBluetooth' object has no attribute 'read'
2025-11-13 11:12:39,525 - shimmer_device - ERROR - Error reading data: 'ShimmerBluetooth' object has no attribute 'read'
2025-11-13 11:12:39,527 - shimmer_device - ERROR - Error reading data: 'ShimmerBluetooth' object has no attribute 'read'
2025-11-13 11:12:39,528 - shimmer_device - ERROR - Error reading data: 'ShimmerBluetooth' object has no attribute 'read'
2025-11-13 11:12:39,529 - shimmer_device - ERROR - Error reading data: 'ShimmerBluetooth' object has no attribute 'read'
2025-11-13 11:12:39,530 - shimmer_device - ERROR - Error reading data: 'ShimmerBluetooth' object has no attribute 'read'
2025-11-13 11:12:39,532 - shimmer_device - ERROR - Error reading data: 'ShimmerBluetooth' object has no attribute 'read'
2025-11-13 11:12:39,533 - shimmer_device - ERROR - Error reading data: 'ShimmerBluetooth' object has no attribute 'read'
2025-11-13 11:12:39,535 - shimmer_device - ERROR - Error reading data: 'ShimmerBluetooth' object has no attribute 'read'
2025-11-13 11:12:39,536 - shimmer_device - ERROR - Error reading data: 'ShimmerBluetooth' object has no attribute 'read'
2025-11-13 11:12:39,537 - shimmer_device - ERROR - Error reading data: 'ShimmerBluetooth' object has no attribute 'read'
2025-11-13 11:12:39,539 - shimmer_device - ERROR - Error reading data: 'ShimmerBluetooth' object has no attribute 'read'
2025-11-13 11:12:39,541 - shimmer_device - ERROR - Error reading data: 'ShimmerBluetooth' object has no attribute 'read'
2025-11-13 11:12:39,543 - shimmer_device - ERROR - Error reading data: 'ShimmerBluetooth' object has no attribute 'read'
2025-11-13 11:12:39,544 - shimmer_device - ERROR - Error reading data: 'ShimmerBluetooth' object has no attribute 'read'
2025-11-13 11:12:39,545 - shimmer_device - ERROR - Error reading data: 'ShimmerBluetooth' object has no attribute 'read'
2025-11-13 11:12:39,546 - shimmer_device - ERROR - Error reading data: 'ShimmerBluetooth' object has no attribute 'read'
2025-11-13 11:12:39,548 - shimmer_device - ERROR - Error reading data: 'ShimmerBluetooth' object has no attribute 'read'
2025-11-13 11:12:39,549 - shimmer_device - ERROR - Error reading data: 'ShimmerBluetooth' object has no attribute 'read'
2025-11-13 11:12:39,551 - shimmer_device - ERROR - Error reading data: 'ShimmerBluetooth' object has no attribute 'read'
2025-11-13 11:12:39,552 - shimmer_device - ERROR - Error reading data: 'ShimmerBluetooth' object has no attribute 'read'
2025-11-13 11:12:39,553 - shimmer_device - ERROR - Error reading data: 'ShimmerBluetooth' object has no attribute 'read'
2025-11-13 11:12:39,555 - shimmer_device - ERROR - Error reading data: 'ShimmerBluetooth' object has no attribute 'read'
2025-11-13 11:12:39,557 - shimmer_device - ERROR - Error reading data: 'ShimmerBluetooth' object has no attribute 'read'
2025-11-13 11:12:39,558 - shimmer_device - ERROR - Error reading data: 'ShimmerBluetooth' object has no attribute 'read'
2025-11-13 11:12:39,559 - shimmer_device - ERROR - Error reading data: 'ShimmerBluetooth' object has no attribute 'read'
2025-11-13 11:12:39,561 - shimmer_device - ERROR - Error reading data: 'ShimmerBluetooth' object has no attribute 'read'
2025-11-13 11:12:39,562 - shimmer_device - ERROR - Error reading data: 'ShimmerBluetooth' object has no attribute 'read'
2025-11-13 11:12:39,564 - shimmer_device - ERROR - Error reading data: 'ShimmerBluetooth' object has no attribute 'read'
2025-11-13 11:12:39,565 - shimmer_device - ERROR - Error reading data: 'ShimmerBluetooth' object has no attribute 'read'
2025-11-13 11:12:39,567 - shimmer_device - ERROR - Error reading data: 'ShimmerBluetooth' object has no attribute 'read'
2025-11-13 11:12:39,570 - shimmer_device - ERROR - Error reading data: 'ShimmerBluetooth' object has no attribute 'read'
2025-11-13 11:12:39,572 - shimmer_device - ERROR - Error reading data: 'ShimmerBluetooth' object has no attribute 'read'
2025-11-13 11:12:39,573 - shimmer_device - ERROR - Error reading data: 'ShimmerBluetooth' object has no attribute 'read'
2025-11-13 11:12:39,575 - shimmer_device - ERROR - Error reading data: 'ShimmerBluetooth' object has no attribute 'read'
2025-11-13 11:12:39,576 - shimmer_device - ERROR - Error reading data: 'ShimmerBluetooth' object has no attribute 'read'
2025-11-13 11:12:39,578 - shimmer_device - ERROR - Error reading data: 'ShimmerBluetooth' object has no attribute 'read'
2025-11-13 11:12:39,580 - shimmer_device - ERROR - Error reading data: 'ShimmerBluetooth' object has no attribute 'read'
2025-11-13 11:12:39,581 - shimmer_device - ERROR - Error reading data: 'ShimmerBluetooth' object has no attribute 'read'
2025-11-13 11:12:39,583 - shimmer_device - ERROR - Error reading data: 'ShimmerBluetooth' object has no attribute 'read'
2025-11-13 11:12:39,585 - shimmer_device - ERROR - Error reading data: 'ShimmerBluetooth' object has no attribute 'read'
2025-11-13 11:12:39,586 - shimmer_device - ERROR - Error reading data: 'ShimmerBluetooth' object has no attribute 'read'
2025-11-13 11:12:39,588 - shimmer_device - ERROR - Error reading data: 'ShimmerBluetooth' object has no attribute 'read'
2025-11-13 11:12:39,589 - shimmer_device - ERROR - Error reading data: 'ShimmerBluetooth' object has no attribute 'read'
2025-11-13 11:12:39,590 - shimmer_device - ERROR - Error reading data: 'ShimmerBluetooth' object has no attribute 'read'
2025-11-13 11:12:39,592 - shimmer_device - ERROR - Error reading data: 'ShimmerBluetooth' object has no attribute 'read'
2025-11-13 11:12:39,594 - shimmer_device - ERROR - Error reading data: 'ShimmerBluetooth' object has no attribute 'read'
2025-11-13 11:12:39,596 - shimmer_device - ERROR - Error reading data: 'ShimmerBluetooth' object has no attribute 'read'
2025-11-13 11:12:39,598 - shimmer_device - ERROR - Error reading data: 'ShimmerBluetooth' object has no attribute 'read'
2025-11-13 11:12:39,599 - shimmer_device - ERROR - Error reading data: 'ShimmerBluetooth' object has no attribute 'read'
2025-11-13 11:12:39,601 - shimmer_device - ERROR - Error reading data: 'ShimmerBluetooth' object has no attribute 'read'
2025-11-13 11:12:39,602 - shimmer_device - ERROR - Error reading data: 'ShimmerBluetooth' object has no attribute 'read'
2025-11-13 11:12:39,603 - shimmer_device - ERROR - Error reading data: 'ShimmerBluetooth' object has no attribute 'read'
2025-11-13 11:12:39,605 - shimmer_device - ERROR - Error reading data: 'ShimmerBluetooth' object has no attribute 'read'
2025-11-13 11:12:39,606 - shimmer_device - ERROR - Error reading data: 'ShimmerBluetooth' object has no attribute 'read'
2025-11-13 11:12:39,608 - shimmer_device - ERROR - Error reading data: 'ShimmerBluetooth' object has no attribute 'read'
2025-11-13 11:12:39,610 - shimmer_device - ERROR - Error reading data: 'ShimmerBluetooth' object has no attribute 'read'
2025-11-13 11:12:39,611 - shimmer_device - ERROR - Error reading data: 'ShimmerBluetooth' object has no attribute 'read'
2025-11-13 11:12:39,613 - shimmer_device - ERROR - Error reading data: 'ShimmerBluetooth' object has no attribute 'read'
2025-11-13 11:12:39,615 - shimmer_device - ERROR - Error reading data: 'ShimmerBluetooth' object has no attribute 'read'
2025-11-13 11:12:39,617 - shimmer_device - ERROR - Error reading data: 'ShimmerBluetooth' object has no attribute 'read'
2025-11-13 11:12:39,619 - shimmer_device - ERROR - Error reading data: 'ShimmerBluetooth' object has no attribute 'read'
2025-11-13 11:12:39,620 - shimmer_device - ERROR - Error reading data: 'ShimmerBluetooth' object has no attribute 'read'
2025-11-13 11:12:39,622 - shimmer_device - ERROR - Error reading data: 'ShimmerBluetooth' object has no attribute 'read'
2025-11-13 11:12:39,624 - shimmer_device - ERROR - Error reading data: 'ShimmerBluetooth' object has no attribute 'read'
2025-11-13 11:12:39,625 - shimmer_device - ERROR - Error reading data: 'ShimmerBluetooth' object has no attribute 'read'
2025-11-13 11:12:39,626 - shimmer_device - ERROR - Error reading data: 'ShimmerBluetooth' object has no attribute 'read'
2025-11-13 11:12:39,629 - shimmer_device - ERROR - Error reading data: 'ShimmerBluetooth' object has no attribute 'read'
2025-11-13 11:12:39,630 - shimmer_device - ERROR - Error reading data: 'ShimmerBluetooth' object has no attribute 'read'
2025-11-13 11:12:39,631 - shimmer_device - ERROR - Error reading data: 'ShimmerBluetooth' object has no attribute 'read'
2025-11-13 11:12:39,632 - shimmer_device - ERROR - Error reading data: 'ShimmerBluetooth' object has no attribute 'read'
2025-11-13 11:12:39,634 - shimmer_device - ERROR - Error reading data: 'ShimmerBluetooth' object has no attribute 'read'
2025-11-13 11:12:39,636 - shimmer_device - ERROR - Error reading data: 'ShimmerBluetooth' object has no attribute 'read'
2025-11-13 11:12:39,637 - shimmer_device - ERROR - Error reading data: 'ShimmerBluetooth' object has no attribute 'read'
2025-11-13 11:12:39,638 - shimmer_device - ERROR - Error reading data: 'ShimmerBluetooth' object has no attribute 'read'
2025-11-13 11:12:39,640 - shimmer_device - ERROR - Error reading data: 'ShimmerBluetooth' object has no attribute 'read'
2025-11-13 11:12:39,642 - shimmer_device - ERROR - Error reading data: 'ShimmerBluetooth' object has no attribute 'read'
2025-11-13 11:12:39,643 - shimmer_device - ERROR - Error reading data: 'ShimmerBluetooth' object has no attribute 'read'
2025-11-13 11:12:39,644 - shimmer_device - ERROR - Error reading data: 'ShimmerBluetooth' object has no attribute 'read'
2025-11-13 11:12:39,646 - shimmer_device - ERROR - Error reading data: 'ShimmerBluetooth' object has no attribute 'read'
2025-11-13 11:12:39,647 - shimmer_device - ERROR - Error reading data: 'ShimmerBluetooth' object has no attribute 'read'
2025-11-13 11:12:39,649 - shimmer_device - ERROR - Error reading data: 'ShimmerBluetooth' object has no attribute 'read'
2025-11-13 11:12:39,650 - shimmer_device - ERROR - Error reading data: 'ShimmerBluetooth' object has no attribute 'read'
2025-11-13 11:12:39,652 - shimmer_device - ERROR - Error reading data: 'ShimmerBluetooth' object has no attribute 'read'
2025-11-13 11:12:39,653 - shimmer_device - ERROR - Error reading data: 'ShimmerBluetooth' object has no attribute 'read'
2025-11-13 11:12:39,654 - shimmer_device - ERROR - Error reading data: 'ShimmerBluetooth' object has no attribute 'read'
2025-11-13 11:12:39,656 - shimmer_device - ERROR - Error reading data: 'ShimmerBluetooth' object has no attribute 'read'
2025-11-13 11:12:39,657 - shimmer_device - ERROR - Error reading data: 'ShimmerBluetooth' object has no attribute 'read'
2025-11-13 11:12:39,658 - shimmer_device - ERROR - Error reading data: 'ShimmerBluetooth' object has no attribute 'read'
2025-11-13 11:12:39,660 - shimmer_device - ERROR - Error reading data: 'ShimmerBluetooth' object has no attribute 'read'
2025-11-13 11:12:39,662 - shimmer_device - ERROR - Error reading data: 'ShimmerBluetooth' object has no attribute 'read'
2025-11-13 11:12:39,663 - shimmer_device - ERROR - Error reading data: 'ShimmerBluetooth' object has no attribute 'read'
2025-11-13 11:12:39,664 - shimmer_device - ERROR - Error reading data: 'ShimmerBluetooth' object has no attribute 'read'
2025-11-13 11:12:39,666 - shimmer_device - ERROR - Error reading data: 'ShimmerBluetooth' object has no attribute 'read'
2025-11-13 11:12:39,668 - shimmer_device - ERROR - Error reading data: 'ShimmerBluetooth' object has no attribute 'read'
2025-11-13 11:12:39,669 - shimmer_device - ERROR - Error reading data: 'ShimmerBluetooth' object has no attribute 'read'
2025-11-13 11:12:39,671 - shimmer_device - ERROR - Error reading data: 'ShimmerBluetooth' object has no attribute 'read'
2025-11-13 11:12:39,673 - shimmer_device - ERROR - Error reading data: 'ShimmerBluetooth' object has no attribute 'read'
2025-11-13 11:12:39,674 - shimmer_device - ERROR - Error reading data: 'ShimmerBluetooth' object has no attribute 'read'
2025-11-13 11:12:39,675 - shimmer_device - ERROR - Error reading data: 'ShimmerBluetooth' object has no attribute 'read'
2025-11-13 11:12:39,677 - shimmer_device - ERROR - Error reading data: 'ShimmerBluetooth' object has no attribute 'read'
2025-11-13 11:12:39,678 - shimmer_device - ERROR - Error reading data: 'ShimmerBluetooth' object has no attribute 'read'
2025-11-13 11:12:39,680 - shimmer_device - ERROR - Error reading data: 'ShimmerBluetooth' object has no attribute 'read'
2025-11-13 11:12:39,681 - shimmer_device - ERROR - Error reading data: 'ShimmerBluetooth' object has no attribute 'read'
2025-11-13 11:12:39,683 - shimmer_device - ERROR - Error reading data: 'ShimmerBluetooth' object has no attribute 'read'
2025-11-13 11:12:39,685 - shimmer_device - ERROR - Error reading data: 'ShimmerBluetooth' object has no attribute 'read'
2025-11-13 11:12:39,687 - shimmer_device - ERROR - Error reading data: 'ShimmerBluetooth' object has no attribute 'read'
2025-11-13 11:12:39,688 - shimmer_device - ERROR - Error reading data: 'ShimmerBluetooth' object has no attribute 'read'
2025-11-13 11:12:39,689 - shimmer_device - ERROR - Error reading data: 'ShimmerBluetooth' object has no attribute 'read'
2025-11-13 11:12:39,691 - shimmer_device - ERROR - Error reading data: 'ShimmerBluetooth' object has no attribute 'read'
2025-11-13 11:12:39,692 - shimmer_device - ERROR - Error reading data: 'ShimmerBluetooth' object has no attribute 'read'
2025-11-13 11:12:39,694 - shimmer_device - ERROR - Error reading data: 'ShimmerBluetooth' object has no attribute 'read'
2025-11-13 11:12:39,695 - shimmer_device - ERROR - Error reading data: 'ShimmerBluetooth' object has no attribute 'read'
2025-11-13 11:12:39,696 - shimmer_device - ERROR - Error reading data: 'ShimmerBluetooth' object has no attribute 'read'
2025-11-13 11:12:39,697 - shimmer_device - ERROR - Error reading data: 'ShimmerBluetooth' object has no attribute 'read'
2025-11-13 11:12:39,698 - shimmer_device - ERROR - Error reading data: 'ShimmerBluetooth' object has no attribute 'read'
2025-11-13 11:12:39,700 - shimmer_device - ERROR - Error reading data: 'ShimmerBluetooth' object has no attribute 'read'
2025-11-13 11:12:39,702 - shimmer_device - ERROR - Error reading data: 'ShimmerBluetooth' object has no attribute 'read'
2025-11-13 11:12:39,703 - shimmer_device - ERROR - Error reading data: 'ShimmerBluetooth' object has no attribute 'read'
2025-11-13 11:12:39,705 - shimmer_device - ERROR - Error reading data: 'ShimmerBluetooth' object has no attribute 'read'
2025-11-13 11:12:39,706 - shimmer_device - ERROR - Error reading data: 'ShimmerBluetooth' object has no attribute 'read'
2025-11-13 11:12:39,707 - shimmer_device - ERROR - Error reading data: 'ShimmerBluetooth' object has no attribute 'read'
2025-11-13 11:12:39,709 - shimmer_device - ERROR - Error reading data: 'ShimmerBluetooth' object has no attribute 'read'
2025-11-13 11:12:39,710 - shimmer_device - ERROR - Error reading data: 'ShimmerBluetooth' object has no attribute 'read'
2025-11-13 11:12:39,712 - shimmer_device - ERROR - Error reading data: 'ShimmerBluetooth' object has no attribute 'read'
2025-11-13 11:12:39,714 - shimmer_device - ERROR - Error reading data: 'ShimmerBluetooth' object has no attribute 'read'
2025-11-13 11:12:39,715 - shimmer_device - ERROR - Error reading data: 'ShimmerBluetooth' object has no attribute 'read'
2025-11-13 11:12:39,717 - shimmer_device - ERROR - Error reading data: 'ShimmerBluetooth' object has no attribute 'read'
2025-11-13 11:12:39,718 - shimmer_device - ERROR - Error reading data: 'ShimmerBluetooth' object has no attribute 'read'
2025-11-13 11:12:39,720 - shimmer_device - ERROR - Error reading data: 'ShimmerBluetooth' object has no attribute 'read'
2025-11-13 11:12:39,721 - shimmer_device - ERROR - Error reading data: 'ShimmerBluetooth' object has no attribute 'read'
2025-11-13 11:12:39,723 - shimmer_device - ERROR - Error reading data: 'ShimmerBluetooth' object has no attribute 'read'
2025-11-13 11:12:39,724 - shimmer_device - ERROR - Error reading data: 'ShimmerBluetooth' object has no attribute 'read'
2025-11-13 11:12:39,725 - shimmer_device - ERROR - Error reading data: 'ShimmerBluetooth' object has no attribute 'read'
2025-11-13 11:12:39,727 - shimmer_device - ERROR - Error reading data: 'ShimmerBluetooth' object has no attribute 'read'
2025-11-13 11:12:39,728 - shimmer_device - ERROR - Error reading data: 'ShimmerBluetooth' object has no attribute 'read'
2025-11-13 11:12:39,729 - shimmer_device - ERROR - Error reading data: 'ShimmerBluetooth' object has no attribute 'read'
2025-11-13 11:12:39,731 - shimmer_device - ERROR - Error reading data: 'ShimmerBluetooth' object has no attribute 'read'
2025-11-13 11:12:39,733 - shimmer_device - ERROR - Error reading data: 'ShimmerBluetooth' object has no attribute 'read'
2025-11-13 11:12:39,734 - shimmer_device - ERROR - Error reading data: 'ShimmerBluetooth' object has no attribute 'read'
2025-11-13 11:12:39,735 - shimmer_device - ERROR - Error reading data: 'ShimmerBluetooth' object has no attribute 'read'
2025-11-13 11:12:39,737 - shimmer_device - ERROR - Error reading data: 'ShimmerBluetooth' object has no attribute 'read'
2025-11-13 11:12:39,738 - shimmer_device - ERROR - Error reading data: 'ShimmerBluetooth' object has no attribute 'read'
2025-11-13 11:12:39,740 - shimmer_device - ERROR - Error reading data: 'ShimmerBluetooth' object has no attribute 'read'
2025-11-13 11:12:39,741 - shimmer_device - ERROR - Error reading data: 'ShimmerBluetooth' object has no attribute 'read'
2025-11-13 11:12:39,743 - shimmer_device - ERROR - Error reading data: 'ShimmerBluetooth' object has no attribute 'read'
2025-11-13 11:12:39,744 - shimmer_device - ERROR - Error reading data: 'ShimmerBluetooth' object has no attribute 'read'
2025-11-13 11:12:39,746 - shimmer_device - ERROR - Error reading data: 'ShimmerBluetooth' object has no attribute 'read'
2025-11-13 11:12:39,747 - shimmer_device - ERROR - Error reading data: 'ShimmerBluetooth' object has no attribute 'read'
2025-11-13 11:12:39,748 - shimmer_device - ERROR - Error reading data: 'ShimmerBluetooth' object has no attribute 'read'
2025-11-13 11:12:39,749 - shimmer_device - ERROR - Error reading data: 'ShimmerBluetooth' object has no attribute 'read'
2025-11-13 11:12:39,751 - shimmer_device - ERROR - Error reading data: 'ShimmerBluetooth' object has no attribute 'read'
2025-11-13 11:12:39,753 - shimmer_device - ERROR - Error reading data: 'ShimmerBluetooth' object has no attribute 'read'
2025-11-13 11:12:39,754 - shimmer_device - ERROR - Error reading data: 'ShimmerBluetooth' object has no attribute 'read'
2025-11-13 11:12:39,756 - shimmer_device - ERROR - Error reading data: 'ShimmerBluetooth' object has no attribute 'read'
2025-11-13 11:12:39,757 - shimmer_device - ERROR - Error reading data: 'ShimmerBluetooth' object has no attribute 'read'
2025-11-13 11:12:39,758 - shimmer_device - ERROR - Error reading data: 'ShimmerBluetooth' object has no attribute 'read'
2025-11-13 11:12:39,760 - shimmer_device - ERROR - Error reading data: 'ShimmerBluetooth' object has no attribute 'read'
2025-11-13 11:12:39,762 - shimmer_device - ERROR - Error reading data: 'ShimmerBluetooth' object has no attribute 'read'
2025-11-13 11:12:39,763 - shimmer_device - ERROR - Error reading data: 'ShimmerBluetooth' object has no attribute 'read'
2025-11-13 11:12:39,765 - shimmer_device - ERROR - Error reading data: 'ShimmerBluetooth' object has no attribute 'read'
2025-11-13 11:12:39,766 - shimmer_device - ERROR - Error reading data: 'ShimmerBluetooth' object has no attribute 'read'
2025-11-13 11:12:39,768 - shimmer_device - ERROR - Error reading data: 'ShimmerBluetooth' object has no attribute 'read'
2025-11-13 11:12:39,769 - shimmer_device - ERROR - Error reading data: 'ShimmerBluetooth' object has no attribute 'read'
2025-11-13 11:12:39,771 - shimmer_device - ERROR - Error reading data: 'ShimmerBluetooth' object has no attribute 'read'
2025-11-13 11:12:39,772 - shimmer_device - ERROR - Error reading data: 'ShimmerBluetooth' object has no attribute 'read'
2025-11-13 11:12:39,774 - shimmer_device - ERROR - Error reading data: 'ShimmerBluetooth' object has no attribute 'read'
2025-11-13 11:12:39,776 - shimmer_device - ERROR - Error reading data: 'ShimmerBluetooth' object has no attribute 'read'
2025-11-13 11:12:39,778 - shimmer_device - ERROR - Error reading data: 'ShimmerBluetooth' object has no attribute 'read'
2025-11-13 11:12:39,779 - shimmer_device - ERROR - Error reading data: 'ShimmerBluetooth' object has no attribute 'read'
2025-11-13 11:12:39,780 - shimmer_device - ERROR - Error reading data: 'ShimmerBluetooth' object has no attribute 'read'
2025-11-13 11:12:39,781 - shimmer_device - ERROR - Error reading data: 'ShimmerBluetooth' object has no attribute 'read'
2025-11-13 11:12:39,782 - shimmer_device - ERROR - Error reading data: 'ShimmerBluetooth' object has no attribute 'read'
2025-11-13 11:12:39,783 - shimmer_device - ERROR - Error reading data: 'ShimmerBluetooth' object has no attribute 'read'
2025-11-13 11:12:39,785 - shimmer_device - ERROR - Error reading data: 'ShimmerBluetooth' object has no attribute 'read'
2025-11-13 11:12:39,786 - shimmer_device - ERROR - Error reading data: 'ShimmerBluetooth' object has no attribute 'read'
2025-11-13 11:12:39,788 - shimmer_device - ERROR - Error reading data: 'ShimmerBluetooth' object has no attribute 'read'
2025-11-13 11:12:39,790 - shimmer_device - ERROR - Error reading data: 'ShimmerBluetooth' object has no attribute 'read'
2025-11-13 11:12:39,791 - shimmer_device - ERROR - Error reading data: 'ShimmerBluetooth' object has no attribute 'read'
2025-11-13 11:12:39,793 - shimmer_device - ERROR - Error reading data: 'ShimmerBluetooth' object has no attribute 'read'
2025-11-13 11:12:39,795 - shimmer_device - ERROR - Error reading data: 'ShimmerBluetooth' object has no attribute 'read'
2025-11-13 11:12:39,796 - shimmer_device - ERROR - Error reading data: 'ShimmerBluetooth' object has no attribute 'read'
2025-11-13 11:12:39,797 - shimmer_device - ERROR - Error reading data: 'ShimmerBluetooth' object has no attribute 'read'
2025-11-13 11:12:39,799 - shimmer_device - ERROR - Error reading data: 'ShimmerBluetooth' object has no attribute 'read'
2025-11-13 11:12:39,800 - shimmer_device - ERROR - Error reading data: 'ShimmerBluetooth' object has no attribute 'read'
2025-11-13 11:12:39,802 - shimmer_device - ERROR - Error reading data: 'ShimmerBluetooth' object has no attribute 'read'
2025-11-13 11:12:39,804 - shimmer_device - ERROR - Error reading data: 'ShimmerBluetooth' object has no attribute 'read'
2025-11-13 11:12:39,805 - shimmer_device - ERROR - Error reading data: 'ShimmerBluetooth' object has no attribute 'read'
2025-11-13 11:12:39,807 - shimmer_device - ERROR - Error reading data: 'ShimmerBluetooth' object has no attribute 'read'
2025-11-13 11:12:39,808 - shimmer_device - ERROR - Error reading data: 'ShimmerBluetooth' object has no attribute 'read'
2025-11-13 11:12:39,809 - shimmer_device - ERROR - Error reading data: 'ShimmerBluetooth' object has no attribute 'read'
2025-11-13 11:12:39,811 - shimmer_device - ERROR - Error reading data: 'ShimmerBluetooth' object has no attribute 'read'
2025-11-13 11:12:39,812 - shimmer_device - ERROR - Error reading data: 'ShimmerBluetooth' object has no attribute 'read'
2025-11-13 11:12:39,813 - shimmer_device - ERROR - Error reading data: 'ShimmerBluetooth' object has no attribute 'read'
2025-11-13 11:12:39,814 - shimmer_device - ERROR - Error reading data: 'ShimmerBluetooth' object has no attribute 'read'
2025-11-13 11:12:39,816 - shimmer_device - ERROR - Error reading data: 'ShimmerBluetooth' object has no attribute 'read'
2025-11-13 11:12:39,818 - shimmer_device - ERROR - Error reading data: 'ShimmerBluetooth' object has no attribute 'read'
2025-11-13 11:12:39,819 - shimmer_device - ERROR - Error reading data: 'ShimmerBluetooth' object has no attribute 'read'
2025-11-13 11:12:39,821 - shimmer_device - ERROR - Error reading data: 'ShimmerBluetooth' object has no attribute 'read'
2025-11-13 11:12:39,822 - shimmer_device - ERROR - Error reading data: 'ShimmerBluetooth' object has no attribute 'read'
2025-11-13 11:12:39,824 - shimmer_device - ERROR - Error reading data: 'ShimmerBluetooth' object has no attribute 'read'
2025-11-13 11:12:39,826 - shimmer_device - ERROR - Error reading data: 'ShimmerBluetooth' object has no attribute 'read'
2025-11-13 11:12:39,827 - shimmer_device - ERROR - Error reading data: 'ShimmerBluetooth' object has no attribute 'read'
2025-11-13 11:12:39,829 - shimmer_device - ERROR - Error reading data: 'ShimmerBluetooth' object has no attribute 'read'
2025-11-13 11:12:39,830 - shimmer_device - ERROR - Error reading data: 'ShimmerBluetooth' object has no attribute 'read'
2025-11-13 11:12:39,831 - shimmer_device - ERROR - Error reading data: 'ShimmerBluetooth' object has no attribute 'read'
2025-11-13 11:12:39,832 - shimmer_device - ERROR - Error reading data: 'ShimmerBluetooth' object has no attribute 'read'
2025-11-13 11:12:39,834 - shimmer_device - ERROR - Error reading data: 'ShimmerBluetooth' object has no attribute 'read'
2025-11-13 11:12:39,835 - shimmer_device - ERROR - Error reading data: 'ShimmerBluetooth' object has no attribute 'read'
2025-11-13 11:12:39,836 - shimmer_device - ERROR - Error reading data: 'ShimmerBluetooth' object has no attribute 'read'
2025-11-13 11:12:39,838 - shimmer_device - ERROR - Error reading data: 'ShimmerBluetooth' object has no attribute 'read'
2025-11-13 11:12:39,840 - shimmer_device - ERROR - Error reading data: 'ShimmerBluetooth' object has no attribute 'read'
2025-11-13 11:12:39,842 - shimmer_device - ERROR - Error reading data: 'ShimmerBluetooth' object has no attribute 'read'
2025-11-13 11:12:39,844 - shimmer_device - ERROR - Error reading data: 'ShimmerBluetooth' object has no attribute 'read'
2025-11-13 11:12:39,845 - shimmer_device - ERROR - Error reading data: 'ShimmerBluetooth' object has no attribute 'read'
2025-11-13 11:12:39,846 - shimmer_device - ERROR - Error reading data: 'ShimmerBluetooth' object has no attribute 'read'
2025-11-13 11:12:39,847 - shimmer_device - ERROR - Error reading data: 'ShimmerBluetooth' object has no attribute 'read'
2025-11-13 11:12:39,849 - shimmer_device - ERROR - Error reading data: 'ShimmerBluetooth' object has no attribute 'read'
2025-11-13 11:12:39,851 - shimmer_device - ERROR - Error reading data: 'ShimmerBluetooth' object has no attribute 'read'
2025-11-13 11:12:39,853 - shimmer_device - ERROR - Error reading data: 'ShimmerBluetooth' object has no attribute 'read'
2025-11-13 11:12:39,855 - shimmer_device - ERROR - Error reading data: 'ShimmerBluetooth' object has no attribute 'read'
2025-11-13 11:12:39,856 - shimmer_device - ERROR - Error reading data: 'ShimmerBluetooth' object has no attribute 'read'
2025-11-13 11:12:39,857 - shimmer_device - ERROR - Error reading data: 'ShimmerBluetooth' object has no attribute 'read'
2025-11-13 11:12:39,859 - shimmer_device - ERROR - Error reading data: 'ShimmerBluetooth' object has no attribute 'read'
2025-11-13 11:12:39,860 - shimmer_device - ERROR - Error reading data: 'ShimmerBluetooth' object has no attribute 'read'
2025-11-13 11:12:39,861 - shimmer_device - ERROR - Error reading data: 'ShimmerBluetooth' object has no attribute 'read'
2025-11-13 11:12:39,862 - shimmer_device - ERROR - Error reading data: 'ShimmerBluetooth' object has no attribute 'read'
2025-11-13 11:12:39,863 - shimmer_device - ERROR - Error reading data: 'ShimmerBluetooth' object has no attribute 'read'
2025-11-13 11:12:39,865 - shimmer_device - ERROR - Error reading data: 'ShimmerBluetooth' object has no attribute 'read'
2025-11-13 11:12:39,866 - shimmer_device - ERROR - Error reading data: 'ShimmerBluetooth' object has no attribute 'read'
2025-11-13 11:12:39,867 - shimmer_device - ERROR - Error reading data: 'ShimmerBluetooth' object has no attribute 'read'
2025-11-13 11:12:39,869 - shimmer_device - ERROR - Error reading data: 'ShimmerBluetooth' object has no attribute 'read'
2025-11-13 11:12:39,870 - shimmer_device - ERROR - Error reading data: 'ShimmerBluetooth' object has no attribute 'read'
2025-11-13 11:12:39,872 - shimmer_device - ERROR - Error reading data: 'ShimmerBluetooth' object has no attribute 'read'
2025-11-13 11:12:39,874 - shimmer_device - ERROR - Error reading data: 'ShimmerBluetooth' object has no attribute 'read'
2025-11-13 11:12:39,875 - shimmer_device - ERROR - Error reading data: 'ShimmerBluetooth' object has no attribute 'read'
2025-11-13 11:12:39,876 - shimmer_device - ERROR - Error reading data: 'ShimmerBluetooth' object has no attribute 'read'
2025-11-13 11:12:39,877 - shimmer_device - ERROR - Error reading data: 'ShimmerBluetooth' object has no attribute 'read'
2025-11-13 11:12:39,879 - shimmer_device - ERROR - Error reading data: 'ShimmerBluetooth' object has no attribute 'read'
2025-11-13 11:12:39,880 - shimmer_device - ERROR - Error reading data: 'ShimmerBluetooth' object has no attribute 'read'
2025-11-13 11:12:39,882 - shimmer_device - ERROR - Error reading data: 'ShimmerBluetooth' object has no attribute 'read'
2025-11-13 11:12:39,883 - shimmer_device - ERROR - Error reading data: 'ShimmerBluetooth' object has no attribute 'read'
2025-11-13 11:12:39,884 - shimmer_device - ERROR - Error reading data: 'ShimmerBluetooth' object has no attribute 'read'
2025-11-13 11:12:39,886 - shimmer_device - ERROR - Error reading data: 'ShimmerBluetooth' object has no attribute 'read'
2025-11-13 11:12:39,887 - shimmer_device - ERROR - Error reading data: 'ShimmerBluetooth' object has no attribute 'read'
2025-11-13 11:12:39,888 - shimmer_device - ERROR - Error reading data: 'ShimmerBluetooth' object has no attribute 'read'
2025-11-13 11:12:39,889 - shimmer_device - ERROR - Error reading data: 'ShimmerBluetooth' object has no attribute 'read'
2025-11-13 11:12:39,892 - shimmer_device - ERROR - Error reading data: 'ShimmerBluetooth' object has no attribute 'read'
2025-11-13 11:12:39,893 - shimmer_device - ERROR - Error reading data: 'ShimmerBluetooth' object has no attribute 'read'
2025-11-13 11:12:39,895 - shimmer_device - ERROR - Error reading data: 'ShimmerBluetooth' object has no attribute 'read'
2025-11-13 11:12:39,897 - shimmer_device - ERROR - Error reading data: 'ShimmerBluetooth' object has no attribute 'read'
2025-11-13 11:12:39,898 - shimmer_device - ERROR - Error reading data: 'ShimmerBluetooth' object has no attribute 'read'
2025-11-13 11:12:39,899 - shimmer_device - ERROR - Error reading data: 'ShimmerBluetooth' object has no attribute 'read'
2025-11-13 11:12:39,900 - shimmer_device - ERROR - Error reading data: 'ShimmerBluetooth' object has no attribute 'read'
2025-11-13 11:12:39,902 - shimmer_device - ERROR - Error reading data: 'ShimmerBluetooth' object has no attribute 'read'
2025-11-13 11:12:39,903 - shimmer_device - ERROR - Error reading data: 'ShimmerBluetooth' object has no attribute 'read'
2025-11-13 11:12:39,905 - shimmer_device - ERROR - Error reading data: 'ShimmerBluetooth' object has no attribute 'read'
2025-11-13 11:12:39,906 - shimmer_device - ERROR - Error reading data: 'ShimmerBluetooth' object has no attribute 'read'
2025-11-13 11:12:39,908 - shimmer_device - ERROR - Error reading data: 'ShimmerBluetooth' object has no attribute 'read'
2025-11-13 11:12:39,909 - shimmer_device - ERROR - Error reading data: 'ShimmerBluetooth' object has no attribute 'read'
2025-11-13 11:12:39,910 - shimmer_device - ERROR - Error reading data: 'ShimmerBluetooth' object has no attribute 'read'
2025-11-13 11:12:39,911 - shimmer_device - ERROR - Error reading data: 'ShimmerBluetooth' object has no attribute 'read'
2025-11-13 11:12:39,912 - shimmer_device - ERROR - Error reading data: 'ShimmerBluetooth' object has no attribute 'read'
2025-11-13 11:12:39,914 - shimmer_device - ERROR - Error reading data: 'ShimmerBluetooth' object has no attribute 'read'
2025-11-13 11:12:39,916 - shimmer_device - ERROR - Error reading data: 'ShimmerBluetooth' object has no attribute 'read'
2025-11-13 11:12:39,917 - shimmer_device - ERROR - Error reading data: 'ShimmerBluetooth' object has no attribute 'read'
2025-11-13 11:12:39,918 - shimmer_device - ERROR - Error reading data: 'ShimmerBluetooth' object has no attribute 'read'
2025-11-13 11:12:39,920 - shimmer_device - ERROR - Error reading data: 'ShimmerBluetooth' object has no attribute 'read'
2025-11-13 11:12:39,922 - shimmer_device - ERROR - Error reading data: 'ShimmerBluetooth' object has no attribute 'read'
2025-11-13 11:12:39,924 - shimmer_device - ERROR - Error reading data: 'ShimmerBluetooth' object has no attribute 'read'
2025-11-13 11:12:39,925 - shimmer_device - ERROR - Error reading data: 'ShimmerBluetooth' object has no attribute 'read'
2025-11-13 11:12:39,927 - shimmer_device - ERROR - Error reading data: 'ShimmerBluetooth' object has no attribute 'read'
2025-11-13 11:12:39,929 - shimmer_device - ERROR - Error reading data: 'ShimmerBluetooth' object has no attribute 'read'
2025-11-13 11:12:39,930 - shimmer_device - ERROR - Error reading data: 'ShimmerBluetooth' object has no attribute 'read'
2025-11-13 11:12:39,931 - shimmer_device - ERROR - Error reading data: 'ShimmerBluetooth' object has no attribute 'read'
2025-11-13 11:12:39,933 - shimmer_device - ERROR - Error reading data: 'ShimmerBluetooth' object has no attribute 'read'
2025-11-13 11:12:39,935 - shimmer_device - ERROR - Error reading data: 'ShimmerBluetooth' object has no attribute 'read'
2025-11-13 11:12:39,937 - shimmer_device - ERROR - Error reading data: 'ShimmerBluetooth' object has no attribute 'read'
2025-11-13 11:12:39,938 - shimmer_device - ERROR - Error reading data: 'ShimmerBluetooth' object has no attribute 'read'
2025-11-13 11:12:39,940 - shimmer_device - ERROR - Error reading data: 'ShimmerBluetooth' object has no attribute 'read'
2025-11-13 11:12:39,942 - shimmer_device - ERROR - Error reading data: 'ShimmerBluetooth' object has no attribute 'read'
2025-11-13 11:12:39,944 - shimmer_device - ERROR - Error reading data: 'ShimmerBluetooth' object has no attribute 'read'
2025-11-13 11:12:39,946 - shimmer_device - ERROR - Error reading data: 'ShimmerBluetooth' object has no attribute 'read'
2025-11-13 11:12:39,947 - shimmer_device - ERROR - Error reading data: 'ShimmerBluetooth' object has no attribute 'read'
2025-11-13 11:12:39,949 - shimmer_device - ERROR - Error reading data: 'ShimmerBluetooth' object has no attribute 'read'
2025-11-13 11:12:39,950 - shimmer_device - ERROR - Error reading data: 'ShimmerBluetooth' object has no attribute 'read'
2025-11-13 11:12:39,951 - shimmer_device - ERROR - Error reading data: 'ShimmerBluetooth' object has no attribute 'read'
2025-11-13 11:12:39,952 - shimmer_device - ERROR - Error reading data: 'ShimmerBluetooth' object has no attribute 'read'
2025-11-13 11:12:39,953 - shimmer_device - ERROR - Error reading data: 'ShimmerBluetooth' object has no attribute 'read'
2025-11-13 11:12:39,955 - shimmer_device - ERROR - Error reading data: 'ShimmerBluetooth' object has no attribute 'read'
2025-11-13 11:12:39,956 - shimmer_device - ERROR - Error reading data: 'ShimmerBluetooth' object has no attribute 'read'
2025-11-13 11:12:39,957 - shimmer_device - ERROR - Error reading data: 'ShimmerBluetooth' object has no attribute 'read'
2025-11-13 11:12:39,959 - shimmer_device - ERROR - Error reading data: 'ShimmerBluetooth' object has no attribute 'read'
2025-11-13 11:12:39,960 - shimmer_device - ERROR - Error reading data: 'ShimmerBluetooth' object has no attribute 'read'
2025-11-13 11:12:39,962 - shimmer_device - ERROR - Error reading data: 'ShimmerBluetooth' object has no attribute 'read'
2025-11-13 11:12:39,963 - shimmer_device - ERROR - Error reading data: 'ShimmerBluetooth' object has no attribute 'read'
2025-11-13 11:12:39,964 - shimmer_device - ERROR - Error reading data: 'ShimmerBluetooth' object has no attribute 'read'
2025-11-13 11:12:39,965 - shimmer_device - ERROR - Error reading data: 'ShimmerBluetooth' object has no attribute 'read'
2025-11-13 11:12:39,967 - shimmer_device - ERROR - Error reading data: 'ShimmerBluetooth' object has no attribute 'read'
2025-11-13 11:12:39,969 - shimmer_device - ERROR - Error reading data: 'ShimmerBluetooth' object has no attribute 'read'
2025-11-13 11:12:39,970 - shimmer_device - ERROR - Error reading data: 'ShimmerBluetooth' object has no attribute 'read'
2025-11-13 11:12:39,971 - shimmer_device - ERROR - Error reading data: 'ShimmerBluetooth' object has no attribute 'read'
2025-11-13 11:12:39,973 - shimmer_device - ERROR - Error reading data: 'ShimmerBluetooth' object has no attribute 'read'
2025-11-13 11:12:39,974 - shimmer_device - ERROR - Error reading data: 'ShimmerBluetooth' object has no attribute 'read'
2025-11-13 11:12:39,976 - shimmer_device - ERROR - Error reading data: 'ShimmerBluetooth' object has no attribute 'read'
2025-11-13 11:12:39,977 - shimmer_device - ERROR - Error reading data: 'ShimmerBluetooth' object has no attribute 'read'
2025-11-13 11:12:39,978 - shimmer_device - ERROR - Error reading data: 'ShimmerBluetooth' object has no attribute 'read'
2025-11-13 11:12:39,979 - shimmer_device - ERROR - Error reading data: 'ShimmerBluetooth' object has no attribute 'read'
2025-11-13 11:12:39,980 - shimmer_device - ERROR - Error reading data: 'ShimmerBluetooth' object has no attribute 'read'
2025-11-13 11:12:39,982 - shimmer_device - ERROR - Error reading data: 'ShimmerBluetooth' object has no attribute 'read'
2025-11-13 11:12:39,984 - shimmer_device - ERROR - Error reading data: 'ShimmerBluetooth' object has no attribute 'read'
2025-11-13 11:12:39,985 - shimmer_device - ERROR - Error reading data: 'ShimmerBluetooth' object has no attribute 'read'
2025-11-13 11:12:39,987 - shimmer_device - ERROR - Error reading data: 'ShimmerBluetooth' object has no attribute 'read'
2025-11-13 11:12:39,988 - shimmer_device - ERROR - Error reading data: 'ShimmerBluetooth' object has no attribute 'read'
2025-11-13 11:12:39,990 - shimmer_device - ERROR - Error reading data: 'ShimmerBluetooth' object has no attribute 'read'
2025-11-13 11:12:39,991 - shimmer_device - ERROR - Error reading data: 'ShimmerBluetooth' object has no attribute 'read'
2025-11-13 11:12:39,992 - shimmer_device - ERROR - Error reading data: 'ShimmerBluetooth' object has no attribute 'read'
2025-11-13 11:12:39,993 - shimmer_device - ERROR - Error reading data: 'ShimmerBluetooth' object has no attribute 'read'
2025-11-13 11:12:39,994 - shimmer_device - ERROR - Error reading data: 'ShimmerBluetooth' object has no attribute 'read'
2025-11-13 11:12:39,995 - shimmer_device - ERROR - Error reading data: 'ShimmerBluetooth' object has no attribute 'read'
2025-11-13 11:12:39,997 - shimmer_device - ERROR - Error reading data: 'ShimmerBluetooth' object has no attribute 'read'
2025-11-13 11:12:39,998 - shimmer_device - ERROR - Error reading data: 'ShimmerBluetooth' object has no attribute 'read'
2025-11-13 11:12:39,999 - shimmer_device - ERROR - Error reading data: 'ShimmerBluetooth' object has no attribute 'read'
2025-11-13 11:12:40,001 - shimmer_device - ERROR - Error reading data: 'ShimmerBluetooth' object has no attribute 'read'
2025-11-13 11:12:40,002 - shimmer_device - ERROR - Error reading data: 'ShimmerBluetooth' object has no attribute 'read'
2025-11-13 11:12:40,003 - shimmer_device - ERROR - Error reading data: 'ShimmerBluetooth' object has no attribute 'read'
2025-11-13 11:12:40,004 - shimmer_device - ERROR - Error reading data: 'ShimmerBluetooth' object has no attribute 'read'
2025-11-13 11:12:40,006 - shimmer_device - ERROR - Error reading data: 'ShimmerBluetooth' object has no attribute 'read'
2025-11-13 11:12:40,007 - shimmer_device - ERROR - Error reading data: 'ShimmerBluetooth' object has no attribute 'read'
2025-11-13 11:12:40,008 - shimmer_device - ERROR - Error reading data: 'ShimmerBluetooth' object has no attribute 'read'
2025-11-13 11:12:40,010 - shimmer_device - ERROR - Error reading data: 'ShimmerBluetooth' object has no attribute 'read'
2025-11-13 11:12:40,012 - shimmer_device - ERROR - Error reading data: 'ShimmerBluetooth' object has no attribute 'read'
2025-11-13 11:12:40,013 - shimmer_device - ERROR - Error reading data: 'ShimmerBluetooth' object has no attribute 'read'
2025-11-13 11:12:40,015 - shimmer_device - ERROR - Error reading data: 'ShimmerBluetooth' object has no attribute 'read'
2025-11-13 11:12:40,016 - shimmer_device - ERROR - Error reading data: 'ShimmerBluetooth' object has no attribute 'read'
2025-11-13 11:12:40,017 - shimmer_device - ERROR - Error reading data: 'ShimmerBluetooth' object has no attribute 'read'
2025-11-13 11:12:40,018 - shimmer_device - ERROR - Error reading data: 'ShimmerBluetooth' object has no attribute 'read'
2025-11-13 11:12:40,019 - shimmer_device - ERROR - Error reading data: 'ShimmerBluetooth' object has no attribute 'read'
2025-11-13 11:12:40,021 - shimmer_device - ERROR - Error reading data: 'ShimmerBluetooth' object has no attribute 'read'
2025-11-13 11:12:40,022 - shimmer_device - ERROR - Error reading data: 'ShimmerBluetooth' object has no attribute 'read'
2025-11-13 11:12:40,023 - shimmer_device - ERROR - Error reading data: 'ShimmerBluetooth' object has no attribute 'read'
2025-11-13 11:12:40,024 - shimmer_device - ERROR - Error reading data: 'ShimmerBluetooth' object has no attribute 'read'
2025-11-13 11:12:40,026 - shimmer_device - ERROR - Error reading data: 'ShimmerBluetooth' object has no attribute 'read'
2025-11-13 11:12:40,027 - shimmer_device - ERROR - Error reading data: 'ShimmerBluetooth' object has no attribute 'read'
2025-11-13 11:12:40,029 - shimmer_device - ERROR - Error reading data: 'ShimmerBluetooth' object has no attribute 'read'
2025-11-13 11:12:40,030 - shimmer_device - ERROR - Error reading data: 'ShimmerBluetooth' object has no attribute 'read'
2025-11-13 11:12:40,031 - shimmer_device - ERROR - Error reading data: 'ShimmerBluetooth' object has no attribute 'read'
2025-11-13 11:12:40,032 - shimmer_device - ERROR - Error reading data: 'ShimmerBluetooth' object has no attribute 'read'
2025-11-13 11:12:40,034 - shimmer_device - ERROR - Error reading data: 'ShimmerBluetooth' object has no attribute 'read'
2025-11-13 11:12:40,035 - shimmer_device - ERROR - Error reading data: 'ShimmerBluetooth' object has no attribute 'read'
2025-11-13 11:12:40,037 - shimmer_device - ERROR - Error reading data: 'ShimmerBluetooth' object has no attribute 'read'
2025-11-13 11:12:40,039 - shimmer_device - ERROR - Error reading data: 'ShimmerBluetooth' object has no attribute 'read'
2025-11-13 11:12:40,040 - shimmer_device - ERROR - Error reading data: 'ShimmerBluetooth' object has no attribute 'read'
2025-11-13 11:12:40,042 - shimmer_device - ERROR - Error reading data: 'ShimmerBluetooth' object has no attribute 'read'
2025-11-13 11:12:40,045 - shimmer_device - ERROR - Error reading data: 'ShimmerBluetooth' object has no attribute 'read'
2025-11-13 11:12:40,046 - shimmer_device - ERROR - Error reading data: 'ShimmerBluetooth' object has no attribute 'read'
2025-11-13 11:12:40,048 - shimmer_device - ERROR - Error reading data: 'ShimmerBluetooth' object has no attribute 'read'
2025-11-13 11:12:40,050 - shimmer_device - ERROR - Error reading data: 'ShimmerBluetooth' object has no attribute 'read'
2025-11-13 11:12:40,052 - shimmer_device - ERROR - Error reading data: 'ShimmerBluetooth' object has no attribute 'read'
2025-11-13 11:12:40,053 - shimmer_device - ERROR - Error reading data: 'ShimmerBluetooth' object has no attribute 'read'
2025-11-13 11:12:40,055 - shimmer_device - ERROR - Error reading data: 'ShimmerBluetooth' object has no attribute 'read'
2025-11-13 11:12:40,056 - shimmer_device - ERROR - Error reading data: 'ShimmerBluetooth' object has no attribute 'read'
2025-11-13 11:12:40,057 - shimmer_device - ERROR - Error reading data: 'ShimmerBluetooth' object has no attribute 'read'
2025-11-13 11:12:40,059 - shimmer_device - ERROR - Error reading data: 'ShimmerBluetooth' object has no attribute 'read'
2025-11-13 11:12:40,060 - shimmer_device - ERROR - Error reading data: 'ShimmerBluetooth' object has no attribute 'read'
2025-11-13 11:12:40,062 - shimmer_device - ERROR - Error reading data: 'ShimmerBluetooth' object has no attribute 'read'
2025-11-13 11:12:40,063 - shimmer_device - ERROR - Error reading data: 'ShimmerBluetooth' object has no attribute 'read'
2025-11-13 11:12:40,064 - shimmer_device - ERROR - Error reading data: 'ShimmerBluetooth' object has no attribute 'read'
2025-11-13 11:12:40,065 - shimmer_device - ERROR - Error reading data: 'ShimmerBluetooth' object has no attribute 'read'
2025-11-13 11:12:40,067 - shimmer_device - ERROR - Error reading data: 'ShimmerBluetooth' object has no attribute 'read'
2025-11-13 11:12:40,069 - shimmer_device - ERROR - Error reading data: 'ShimmerBluetooth' object has no attribute 'read'
2025-11-13 11:12:40,070 - shimmer_device - ERROR - Error reading data: 'ShimmerBluetooth' object has no attribute 'read'
2025-11-13 11:12:40,072 - shimmer_device - ERROR - Error reading data: 'ShimmerBluetooth' object has no attribute 'read'
2025-11-13 11:12:40,073 - shimmer_device - ERROR - Error reading data: 'ShimmerBluetooth' object has no attribute 'read'
2025-11-13 11:12:40,075 - shimmer_device - ERROR - Error reading data: 'ShimmerBluetooth' object has no attribute 'read'
2025-11-13 11:12:40,077 - shimmer_device - ERROR - Error reading data: 'ShimmerBluetooth' object has no attribute 'read'
2025-11-13 11:12:40,079 - shimmer_device - ERROR - Error reading data: 'ShimmerBluetooth' object has no attribute 'read'
2025-11-13 11:12:40,079 - __main__ - INFO - 
============================================================
2025-11-13 11:12:40,079 - __main__ - INFO - Total samples: 0
2025-11-13 11:12:40,079 - __main__ - INFO - LSL pushed: 0
2025-11-13 11:12:40,079 - __main__ - INFO - LSL rate: 0.00 Hz (0.0% of nominal)
2025-11-13 11:12:40,079 - __main__ - INFO - Saved: 0
2025-11-13 11:12:40,079 - __main__ - INFO - Buffer: 0
2025-11-13 11:12:40,079 - __main__ - INFO - ============================================================
2025-11-13 11:12:40,080 - shimmer_device - ERROR - Error reading data: 'ShimmerBluetooth' object has no attribute 'read'
2025-11-13 11:12:40,082 - shimmer_device - ERROR - Error reading data: 'ShimmerBluetooth' object has no attribute 'read'
2025-11-13 11:12:40,084 - shimmer_device - ERROR - Error reading data: 'ShimmerBluetooth' object has no attribute 'read'
2025-11-13 11:12:40,085 - shimmer_device - ERROR - Error reading data: 'ShimmerBluetooth' object has no attribute 'read'
2025-11-13 11:12:40,086 - shimmer_device - ERROR - Error reading data: 'ShimmerBluetooth' object has no attribute 'read'
2025-11-13 11:12:40,087 - shimmer_device - ERROR - Error reading data: 'ShimmerBluetooth' object has no attribute 'read'
2025-11-13 11:12:40,088 - shimmer_device - ERROR - Error reading data: 'ShimmerBluetooth' object has no attribute 'read'
2025-11-13 11:12:40,089 - shimmer_device - ERROR - Error reading data: 'ShimmerBluetooth' object has no attribute 'read'
2025-11-13 11:12:40,091 - shimmer_device - ERROR - Error reading data: 'ShimmerBluetooth' object has no attribute 'read'
2025-11-13 11:12:40,092 - shimmer_device - ERROR - Error reading data: 'ShimmerBluetooth' object has no attribute 'read'
2025-11-13 11:12:40,094 - shimmer_device - ERROR - Error reading data: 'ShimmerBluetooth' object has no attribute 'read'
2025-11-13 11:12:40,095 - shimmer_device - ERROR - Error reading data: 'ShimmerBluetooth' object has no attribute 'read'
2025-11-13 11:12:40,096 - shimmer_device - ERROR - Error reading data: 'ShimmerBluetooth' object has no attribute 'read'
2025-11-13 11:12:40,097 - shimmer_device - ERROR - Error reading data: 'ShimmerBluetooth' object has no attribute 'read'
2025-11-13 11:12:40,098 - shimmer_device - ERROR - Error reading data: 'ShimmerBluetooth' object has no attribute 'read'
2025-11-13 11:12:40,100 - shimmer_device - ERROR - Error reading data: 'ShimmerBluetooth' object has no attribute 'read'
2025-11-13 11:12:40,101 - shimmer_device - ERROR - Error reading data: 'ShimmerBluetooth' object has no attribute 'read'
2025-11-13 11:12:40,102 - shimmer_device - ERROR - Error reading data: 'ShimmerBluetooth' object has no attribute 'read'
2025-11-13 11:12:40,103 - shimmer_device - ERROR - Error reading data: 'ShimmerBluetooth' object has no attribute 'read'
2025-11-13 11:12:40,104 - shimmer_device - ERROR - Error reading data: 'ShimmerBluetooth' object has no attribute 'read'
2025-11-13 11:12:40,105 - shimmer_device - ERROR - Error reading data: 'ShimmerBluetooth' object has no attribute 'read'
2025-11-13 11:12:40,107 - shimmer_device - ERROR - Error reading data: 'ShimmerBluetooth' object has no attribute 'read'
2025-11-13 11:12:40,109 - shimmer_device - ERROR - Error reading data: 'ShimmerBluetooth' object has no attribute 'read'
2025-11-13 11:12:40,110 - shimmer_device - ERROR - Error reading data: 'ShimmerBluetooth' object has no attribute 'read'
2025-11-13 11:12:40,111 - shimmer_device - ERROR - Error reading data: 'ShimmerBluetooth' object has no attribute 'read'
2025-11-13 11:12:40,112 - shimmer_device - ERROR - Error reading data: 'ShimmerBluetooth' object has no attribute 'read'
2025-11-13 11:12:40,113 - shimmer_device - ERROR - Error reading data: 'ShimmerBluetooth' object has no attribute 'read'
2025-11-13 11:12:40,114 - shimmer_device - ERROR - Error reading data: 'ShimmerBluetooth' object has no attribute 'read'
2025-11-13 11:12:40,115 - shimmer_device - ERROR - Error reading data: 'ShimmerBluetooth' object has no attribute 'read'
2025-11-13 11:12:40,117 - shimmer_device - ERROR - Error reading data: 'ShimmerBluetooth' object has no attribute 'read'
2025-11-13 11:12:40,119 - shimmer_device - ERROR - Error reading data: 'ShimmerBluetooth' object has no attribute 'read'
2025-11-13 11:12:40,120 - shimmer_device - ERROR - Error reading data: 'ShimmerBluetooth' object has no attribute 'read'
2025-11-13 11:12:40,121 - shimmer_device - ERROR - Error reading data: 'ShimmerBluetooth' object has no attribute 'read'
2025-11-13 11:12:40,122 - shimmer_device - ERROR - Error reading data: 'ShimmerBluetooth' object has no attribute 'read'
2025-11-13 11:12:40,123 - shimmer_device - ERROR - Error reading data: 'ShimmerBluetooth' object has no attribute 'read'
2025-11-13 11:12:40,124 - shimmer_device - ERROR - Error reading data: 'ShimmerBluetooth' object has no attribute 'read'
2025-11-13 11:12:40,126 - shimmer_device - ERROR - Error reading data: 'ShimmerBluetooth' object has no attribute 'read'
2025-11-13 11:12:40,127 - shimmer_device - ERROR - Error reading data: 'ShimmerBluetooth' object has no attribute 'read'
2025-11-13 11:12:40,128 - shimmer_device - ERROR - Error reading data: 'ShimmerBluetooth' object has no attribute 'read'
2025-11-13 11:12:40,129 - shimmer_device - ERROR - Error reading data: 'ShimmerBluetooth' object has no attribute 'read'
2025-11-13 11:12:40,130 - shimmer_device - ERROR - Error reading data: 'ShimmerBluetooth' object has no attribute 'read'
2025-11-13 11:12:40,131 - shimmer_device - ERROR - Error reading data: 'ShimmerBluetooth' object has no attribute 'read'
2025-11-13 11:12:40,132 - shimmer_device - ERROR - Error reading data: 'ShimmerBluetooth' object has no attribute 'read'
2025-11-13 11:12:40,134 - shimmer_device - ERROR - Error reading data: 'ShimmerBluetooth' object has no attribute 'read'
2025-11-13 11:12:40,135 - shimmer_device - ERROR - Error reading data: 'ShimmerBluetooth' object has no attribute 'read'
2025-11-13 11:12:40,136 - shimmer_device - ERROR - Error reading data: 'ShimmerBluetooth' object has no attribute 'read'
2025-11-13 11:12:40,137 - shimmer_device - ERROR - Error reading data: 'ShimmerBluetooth' object has no attribute 'read'
2025-11-13 11:12:40,139 - shimmer_device - ERROR - Error reading data: 'ShimmerBluetooth' object has no attribute 'read'
2025-11-13 11:12:40,140 - shimmer_device - ERROR - Error reading data: 'ShimmerBluetooth' object has no attribute 'read'
2025-11-13 11:12:40,141 - shimmer_device - ERROR - Error reading data: 'ShimmerBluetooth' object has no attribute 'read'
2025-11-13 11:12:40,142 - shimmer_device - ERROR - Error reading data: 'ShimmerBluetooth' object has no attribute 'read'
2025-11-13 11:12:40,143 - shimmer_device - ERROR - Error reading data: 'ShimmerBluetooth' object has no attribute 'read'
2025-11-13 11:12:40,144 - shimmer_device - ERROR - Error reading data: 'ShimmerBluetooth' object has no attribute 'read'
2025-11-13 11:12:40,146 - shimmer_device - ERROR - Error reading data: 'ShimmerBluetooth' object has no attribute 'read'
2025-11-13 11:12:40,148 - shimmer_device - ERROR - Error reading data: 'ShimmerBluetooth' object has no attribute 'read'
2025-11-13 11:12:40,149 - shimmer_device - ERROR - Error reading data: 'ShimmerBluetooth' object has no attribute 'read'
2025-11-13 11:12:40,151 - shimmer_device - ERROR - Error reading data: 'ShimmerBluetooth' object has no attribute 'read'
2025-11-13 11:12:40,152 - shimmer_device - ERROR - Error reading data: 'ShimmerBluetooth' object has no attribute 'read'
2025-11-13 11:12:40,154 - shimmer_device - ERROR - Error reading data: 'ShimmerBluetooth' object has no attribute 'read'
2025-11-13 11:12:40,156 - shimmer_device - ERROR - Error reading data: 'ShimmerBluetooth' object has no attribute 'read'
2025-11-13 11:12:40,158 - shimmer_device - ERROR - Error reading data: 'ShimmerBluetooth' object has no attribute 'read'
2025-11-13 11:12:40,159 - shimmer_device - ERROR - Error reading data: 'ShimmerBluetooth' object has no attribute 'read'
2025-11-13 11:12:40,161 - shimmer_device - ERROR - Error reading data: 'ShimmerBluetooth' object has no attribute 'read'
2025-11-13 11:12:40,162 - shimmer_device - ERROR - Error reading data: 'ShimmerBluetooth' object has no attribute 'read'
2025-11-13 11:12:40,164 - shimmer_device - ERROR - Error reading data: 'ShimmerBluetooth' object has no attribute 'read'
2025-11-13 11:12:40,166 - shimmer_device - ERROR - Error reading data: 'ShimmerBluetooth' object has no attribute 'read'
2025-11-13 11:12:40,167 - shimmer_device - ERROR - Error reading data: 'ShimmerBluetooth' object has no attribute 'read'
2025-11-13 11:12:40,169 - shimmer_device - ERROR - Error reading data: 'ShimmerBluetooth' object has no attribute 'read'
2025-11-13 11:12:40,170 - shimmer_device - ERROR - Error reading data: 'ShimmerBluetooth' object has no attribute 'read'
2025-11-13 11:12:40,172 - shimmer_device - ERROR - Error reading data: 'ShimmerBluetooth' object has no attribute 'read'
2025-11-13 11:12:40,173 - shimmer_device - ERROR - Error reading data: 'ShimmerBluetooth' object has no attribute 'read'
2025-11-13 11:12:40,175 - shimmer_device - ERROR - Error reading data: 'ShimmerBluetooth' object has no attribute 'read'
2025-11-13 11:12:40,176 - shimmer_device - ERROR - Error reading data: 'ShimmerBluetooth' object has no attribute 'read'
2025-11-13 11:12:40,178 - shimmer_device - ERROR - Error reading data: 'ShimmerBluetooth' object has no attribute 'read'
2025-11-13 11:12:40,180 - shimmer_device - ERROR - Error reading data: 'ShimmerBluetooth' object has no attribute 'read'
2025-11-13 11:12:40,182 - shimmer_device - ERROR - Error reading data: 'ShimmerBluetooth' object has no attribute 'read'
2025-11-13 11:12:40,183 - shimmer_device - ERROR - Error reading data: 'ShimmerBluetooth' object has no attribute 'read'
2025-11-13 11:12:40,185 - shimmer_device - ERROR - Error reading data: 'ShimmerBluetooth' object has no attribute 'read'
2025-11-13 11:12:40,186 - shimmer_device - ERROR - Error reading data: 'ShimmerBluetooth' object has no attribute 'read'
2025-11-13 11:12:40,188 - shimmer_device - ERROR - Error reading data: 'ShimmerBluetooth' object has no attribute 'read'
2025-11-13 11:12:40,189 - shimmer_device - ERROR - Error reading data: 'ShimmerBluetooth' object has no attribute 'read'
2025-11-13 11:12:40,190 - shimmer_device - ERROR - Error reading data: 'ShimmerBluetooth' object has no attribute 'read'
2025-11-13 11:12:40,191 - shimmer_device - ERROR - Error reading data: 'ShimmerBluetooth' object has no attribute 'read'
2025-11-13 11:12:40,193 - shimmer_device - ERROR - Error reading data: 'ShimmerBluetooth' object has no attribute 'read'
2025-11-13 11:12:40,194 - shimmer_device - ERROR - Error reading data: 'ShimmerBluetooth' object has no attribute 'read'
2025-11-13 11:12:40,195 - shimmer_device - ERROR - Error reading data: 'ShimmerBluetooth' object has no attribute 'read'
2025-11-13 11:12:40,196 - shimmer_device - ERROR - Error reading data: 'ShimmerBluetooth' object has no attribute 'read'
2025-11-13 11:12:40,197 - shimmer_device - ERROR - Error reading data: 'ShimmerBluetooth' object has no attribute 'read'
2025-11-13 11:12:40,199 - shimmer_device - ERROR - Error reading data: 'ShimmerBluetooth' object has no attribute 'read'
2025-11-13 11:12:40,200 - shimmer_device - ERROR - Error reading data: 'ShimmerBluetooth' object has no attribute 'read'
2025-11-13 11:12:40,202 - shimmer_device - ERROR - Error reading data: 'ShimmerBluetooth' object has no attribute 'read'
2025-11-13 11:12:40,204 - shimmer_device - ERROR - Error reading data: 'ShimmerBluetooth' object has no attribute 'read'
2025-11-13 11:12:40,206 - shimmer_device - ERROR - Error reading data: 'ShimmerBluetooth' object has no attribute 'read'
2025-11-13 11:12:40,208 - shimmer_device - ERROR - Error reading data: 'ShimmerBluetooth' object has no attribute 'read'
2025-11-13 11:12:40,209 - shimmer_device - ERROR - Error reading data: 'ShimmerBluetooth' object has no attribute 'read'
2025-11-13 11:12:40,210 - shimmer_device - ERROR - Error reading data: 'ShimmerBluetooth' object has no attribute 'read'
2025-11-13 11:12:40,212 - shimmer_device - ERROR - Error reading data: 'ShimmerBluetooth' object has no attribute 'read'
2025-11-13 11:12:40,213 - shimmer_device - ERROR - Error reading data: 'ShimmerBluetooth' object has no attribute 'read'
2025-11-13 11:12:40,215 - shimmer_device - ERROR - Error reading data: 'ShimmerBluetooth' object has no attribute 'read'
2025-11-13 11:12:40,216 - shimmer_device - ERROR - Error reading data: 'ShimmerBluetooth' object has no attribute 'read'
2025-11-13 11:12:40,218 - shimmer_device - ERROR - Error reading data: 'ShimmerBluetooth' object has no attribute 'read'
2025-11-13 11:12:40,219 - shimmer_device - ERROR - Error reading data: 'ShimmerBluetooth' object has no attribute 'read'
2025-11-13 11:12:40,220 - shimmer_device - ERROR - Error reading data: 'ShimmerBluetooth' object has no attribute 'read'
2025-11-13 11:12:40,221 - shimmer_device - ERROR - Error reading data: 'ShimmerBluetooth' object has no attribute 'read'
2025-11-13 11:12:40,222 - shimmer_device - ERROR - Error reading data: 'ShimmerBluetooth' object has no attribute 'read'
2025-11-13 11:12:40,223 - shimmer_device - ERROR - Error reading data: 'ShimmerBluetooth' object has no attribute 'read'
2025-11-13 11:12:40,225 - shimmer_device - ERROR - Error reading data: 'ShimmerBluetooth' object has no attribute 'read'
2025-11-13 11:12:40,227 - shimmer_device - ERROR - Error reading data: 'ShimmerBluetooth' object has no attribute 'read'
2025-11-13 11:12:40,228 - shimmer_device - ERROR - Error reading data: 'ShimmerBluetooth' object has no attribute 'read'
2025-11-13 11:12:40,229 - shimmer_device - ERROR - Error reading data: 'ShimmerBluetooth' object has no attribute 'read'
2025-11-13 11:12:40,230 - shimmer_device - ERROR - Error reading data: 'ShimmerBluetooth' object has no attribute 'read'
2025-11-13 11:12:40,231 - shimmer_device - ERROR - Error reading data: 'ShimmerBluetooth' object has no attribute 'read'
2025-11-13 11:12:40,232 - shimmer_device - ERROR - Error reading data: 'ShimmerBluetooth' object has no attribute 'read'
2025-11-13 11:12:40,233 - shimmer_device - ERROR - Error reading data: 'ShimmerBluetooth' object has no attribute 'read'
2025-11-13 11:12:40,234 - shimmer_device - ERROR - Error reading data: 'ShimmerBluetooth' object has no attribute 'read'
2025-11-13 11:12:40,235 - shimmer_device - ERROR - Error reading data: 'ShimmerBluetooth' object has no attribute 'read'
2025-11-13 11:12:40,236 - shimmer_device - ERROR - Error reading data: 'ShimmerBluetooth' object has no attribute 'read'
2025-11-13 11:12:40,237 - shimmer_device - ERROR - Error reading data: 'ShimmerBluetooth' object has no attribute 'read'
2025-11-13 11:12:40,238 - shimmer_device - ERROR - Error reading data: 'ShimmerBluetooth' object has no attribute 'read'
2025-11-13 11:12:40,239 - shimmer_device - ERROR - Error reading data: 'ShimmerBluetooth' object has no attribute 'read'
2025-11-13 11:12:40,241 - shimmer_device - ERROR - Error reading data: 'ShimmerBluetooth' object has no attribute 'read'
2025-11-13 11:12:40,242 - shimmer_device - ERROR - Error reading data: 'ShimmerBluetooth' object has no attribute 'read'
2025-11-13 11:12:40,243 - shimmer_device - ERROR - Error reading data: 'ShimmerBluetooth' object has no attribute 'read'
2025-11-13 11:12:40,245 - shimmer_device - ERROR - Error reading data: 'ShimmerBluetooth' object has no attribute 'read'
2025-11-13 11:12:40,246 - shimmer_device - ERROR - Error reading data: 'ShimmerBluetooth' object has no attribute 'read'
2025-11-13 11:12:40,247 - shimmer_device - ERROR - Error reading data: 'ShimmerBluetooth' object has no attribute 'read'
2025-11-13 11:12:40,249 - shimmer_device - ERROR - Error reading data: 'ShimmerBluetooth' object has no attribute 'read'
2025-11-13 11:12:40,251 - shimmer_device - ERROR - Error reading data: 'ShimmerBluetooth' object has no attribute 'read'
2025-11-13 11:12:40,252 - shimmer_device - ERROR - Error reading data: 'ShimmerBluetooth' object has no attribute 'read'
2025-11-13 11:12:40,254 - shimmer_device - ERROR - Error reading data: 'ShimmerBluetooth' object has no attribute 'read'
2025-11-13 11:12:40,255 - shimmer_device - ERROR - Error reading data: 'ShimmerBluetooth' object has no attribute 'read'
2025-11-13 11:12:40,256 - shimmer_device - ERROR - Error reading data: 'ShimmerBluetooth' object has no attribute 'read'
2025-11-13 11:12:40,258 - shimmer_device - ERROR - Error reading data: 'ShimmerBluetooth' object has no attribute 'read'
2025-11-13 11:12:40,259 - shimmer_device - ERROR - Error reading data: 'ShimmerBluetooth' object has no attribute 'read'
2025-11-13 11:12:40,261 - shimmer_device - ERROR - Error reading data: 'ShimmerBluetooth' object has no attribute 'read'
2025-11-13 11:12:40,263 - shimmer_device - ERROR - Error reading data: 'ShimmerBluetooth' object has no attribute 'read'
2025-11-13 11:12:40,265 - shimmer_device - ERROR - Error reading data: 'ShimmerBluetooth' object has no attribute 'read'
2025-11-13 11:12:40,266 - shimmer_device - ERROR - Error reading data: 'ShimmerBluetooth' object has no attribute 'read'
2025-11-13 11:12:40,267 - shimmer_device - ERROR - Error reading data: 'ShimmerBluetooth' object has no attribute 'read'
2025-11-13 11:12:40,269 - shimmer_device - ERROR - Error reading data: 'ShimmerBluetooth' object has no attribute 'read'
2025-11-13 11:12:40,270 - shimmer_device - ERROR - Error reading data: 'ShimmerBluetooth' object has no attribute 'read'
2025-11-13 11:12:40,271 - shimmer_device - ERROR - Error reading data: 'ShimmerBluetooth' object has no attribute 'read'
2025-11-13 11:12:40,273 - shimmer_device - ERROR - Error reading data: 'ShimmerBluetooth' object has no attribute 'read'
2025-11-13 11:12:40,275 - shimmer_device - ERROR - Error reading data: 'ShimmerBluetooth' object has no attribute 'read'
2025-11-13 11:12:40,276 - shimmer_device - ERROR - Error reading data: 'ShimmerBluetooth' object has no attribute 'read'
2025-11-13 11:12:40,278 - shimmer_device - ERROR - Error reading data: 'ShimmerBluetooth' object has no attribute 'read'
2025-11-13 11:12:40,279 - shimmer_device - ERROR - Error reading data: 'ShimmerBluetooth' object has no attribute 'read'
2025-11-13 11:12:40,280 - shimmer_device - ERROR - Error reading data: 'ShimmerBluetooth' object has no attribute 'read'
2025-11-13 11:12:40,282 - shimmer_device - ERROR - Error reading data: 'ShimmerBluetooth' object has no attribute 'read'
2025-11-13 11:12:40,284 - shimmer_device - ERROR - Error reading data: 'ShimmerBluetooth' object has no attribute 'read'
2025-11-13 11:12:40,286 - shimmer_device - ERROR - Error reading data: 'ShimmerBluetooth' object has no attribute 'read'
2025-11-13 11:12:40,288 - shimmer_device - ERROR - Error reading data: 'ShimmerBluetooth' object has no attribute 'read'
2025-11-13 11:12:40,289 - shimmer_device - ERROR - Error reading data: 'ShimmerBluetooth' object has no attribute 'read'
2025-11-13 11:12:40,291 - shimmer_device - ERROR - Error reading data: 'ShimmerBluetooth' object has no attribute 'read'
2025-11-13 11:12:40,293 - shimmer_device - ERROR - Error reading data: 'ShimmerBluetooth' object has no attribute 'read'
2025-11-13 11:12:40,294 - shimmer_device - ERROR - Error reading data: 'ShimmerBluetooth' object has no attribute 'read'
2025-11-13 11:12:40,296 - shimmer_device - ERROR - Error reading data: 'ShimmerBluetooth' object has no attribute 'read'
2025-11-13 11:12:40,297 - shimmer_device - ERROR - Error reading data: 'ShimmerBluetooth' object has no attribute 'read'
2025-11-13 11:12:40,299 - shimmer_device - ERROR - Error reading data: 'ShimmerBluetooth' object has no attribute 'read'
2025-11-13 11:12:40,300 - shimmer_device - ERROR - Error reading data: 'ShimmerBluetooth' object has no attribute 'read'
2025-11-13 11:12:40,301 - shimmer_device - ERROR - Error reading data: 'ShimmerBluetooth' object has no attribute 'read'
2025-11-13 11:12:40,302 - shimmer_device - ERROR - Error reading data: 'ShimmerBluetooth' object has no attribute 'read'
2025-11-13 11:12:40,303 - shimmer_device - ERROR - Error reading data: 'ShimmerBluetooth' object has no attribute 'read'
2025-11-13 11:12:40,304 - shimmer_device - ERROR - Error reading data: 'ShimmerBluetooth' object has no attribute 'read'
2025-11-13 11:12:40,305 - shimmer_device - ERROR - Error reading data: 'ShimmerBluetooth' object has no attribute 'read'
2025-11-13 11:12:40,307 - shimmer_device - ERROR - Error reading data: 'ShimmerBluetooth' object has no attribute 'read'
2025-11-13 11:12:40,310 - shimmer_device - ERROR - Error reading data: 'ShimmerBluetooth' object has no attribute 'read'
2025-11-13 11:12:40,312 - shimmer_device - ERROR - Error reading data: 'ShimmerBluetooth' object has no attribute 'read'
2025-11-13 11:12:40,314 - shimmer_device - ERROR - Error reading data: 'ShimmerBluetooth' object has no attribute 'read'
2025-11-13 11:12:40,316 - shimmer_device - ERROR - Error reading data: 'ShimmerBluetooth' object has no attribute 'read'
2025-11-13 11:12:40,318 - shimmer_device - ERROR - Error reading data: 'ShimmerBluetooth' object has no attribute 'read'
2025-11-13 11:12:40,321 - shimmer_device - ERROR - Error reading data: 'ShimmerBluetooth' object has no attribute 'read'
2025-11-13 11:12:40,323 - shimmer_device - ERROR - Error reading data: 'ShimmerBluetooth' object has no attribute 'read'
2025-11-13 11:12:40,324 - shimmer_device - ERROR - Error reading data: 'ShimmerBluetooth' object has no attribute 'read'
2025-11-13 11:12:40,325 - shimmer_device - ERROR - Error reading data: 'ShimmerBluetooth' object has no attribute 'read'
2025-11-13 11:12:40,327 - shimmer_device - ERROR - Error reading data: 'ShimmerBluetooth' object has no attribute 'read'
2025-11-13 11:12:40,330 - shimmer_device - ERROR - Error reading data: 'ShimmerBluetooth' object has no attribute 'read'
2025-11-13 11:12:40,331 - shimmer_device - ERROR - Error reading data: 'ShimmerBluetooth' object has no attribute 'read'
2025-11-13 11:12:40,332 - shimmer_device - ERROR - Error reading data: 'ShimmerBluetooth' object has no attribute 'read'
2025-11-13 11:12:40,334 - shimmer_device - ERROR - Error reading data: 'ShimmerBluetooth' object has no attribute 'read'
2025-11-13 11:12:40,336 - shimmer_device - ERROR - Error reading data: 'ShimmerBluetooth' object has no attribute 'read'
2025-11-13 11:12:40,337 - shimmer_device - ERROR - Error reading data: 'ShimmerBluetooth' object has no attribute 'read'
2025-11-13 11:12:40,339 - shimmer_device - ERROR - Error reading data: 'ShimmerBluetooth' object has no attribute 'read'
2025-11-13 11:12:40,341 - shimmer_device - ERROR - Error reading data: 'ShimmerBluetooth' object has no attribute 'read'
2025-11-13 11:12:40,343 - shimmer_device - ERROR - Error reading data: 'ShimmerBluetooth' object has no attribute 'read'
2025-11-13 11:12:40,345 - shimmer_device - ERROR - Error reading data: 'ShimmerBluetooth' object has no attribute 'read'
2025-11-13 11:12:40,346 - shimmer_device - ERROR - Error reading data: 'ShimmerBluetooth' object has no attribute 'read'
2025-11-13 11:12:40,347 - shimmer_device - ERROR - Error reading data: 'ShimmerBluetooth' object has no attribute 'read'
2025-11-13 11:12:40,348 - shimmer_device - ERROR - Error reading data: 'ShimmerBluetooth' object has no attribute 'read'
2025-11-13 11:12:40,349 - shimmer_device - ERROR - Error reading data: 'ShimmerBluetooth' object has no attribute 'read'
2025-11-13 11:12:40,350 - shimmer_device - ERROR - Error reading data: 'ShimmerBluetooth' object has no attribute 'read'
2025-11-13 11:12:40,351 - shimmer_device - ERROR - Error reading data: 'ShimmerBluetooth' object has no attribute 'read'
2025-11-13 11:12:40,353 - shimmer_device - ERROR - Error reading data: 'ShimmerBluetooth' object has no attribute 'read'
2025-11-13 11:12:40,355 - shimmer_device - ERROR - Error reading data: 'ShimmerBluetooth' object has no attribute 'read'
2025-11-13 11:12:40,357 - shimmer_device - ERROR - Error reading data: 'ShimmerBluetooth' object has no attribute 'read'
2025-11-13 11:12:40,359 - shimmer_device - ERROR - Error reading data: 'ShimmerBluetooth' object has no attribute 'read'
2025-11-13 11:12:40,361 - shimmer_device - ERROR - Error reading data: 'ShimmerBluetooth' object has no attribute 'read'
2025-11-13 11:12:40,363 - shimmer_device - ERROR - Error reading data: 'ShimmerBluetooth' object has no attribute 'read'
2025-11-13 11:12:40,365 - shimmer_device - ERROR - Error reading data: 'ShimmerBluetooth' object has no attribute 'read'
2025-11-13 11:12:40,366 - shimmer_device - ERROR - Error reading data: 'ShimmerBluetooth' object has no attribute 'read'
2025-11-13 11:12:40,367 - shimmer_device - ERROR - Error reading data: 'ShimmerBluetooth' object has no attribute 'read'
2025-11-13 11:12:40,369 - shimmer_device - ERROR - Error reading data: 'ShimmerBluetooth' object has no attribute 'read'
2025-11-13 11:12:40,371 - shimmer_device - ERROR - Error reading data: 'ShimmerBluetooth' object has no attribute 'read'
2025-11-13 11:12:40,373 - shimmer_device - ERROR - Error reading data: 'ShimmerBluetooth' object has no attribute 'read'
2025-11-13 11:12:40,374 - shimmer_device - ERROR - Error reading data: 'ShimmerBluetooth' object has no attribute 'read'
2025-11-13 11:12:40,376 - shimmer_device - ERROR - Error reading data: 'ShimmerBluetooth' object has no attribute 'read'
2025-11-13 11:12:40,377 - shimmer_device - ERROR - Error reading data: 'ShimmerBluetooth' object has no attribute 'read'
2025-11-13 11:12:40,379 - shimmer_device - ERROR - Error reading data: 'ShimmerBluetooth' object has no attribute 'read'
2025-11-13 11:12:40,380 - shimmer_device - ERROR - Error reading data: 'ShimmerBluetooth' object has no attribute 'read'
2025-11-13 11:12:40,381 - shimmer_device - ERROR - Error reading data: 'ShimmerBluetooth' object has no attribute 'read'
2025-11-13 11:12:40,382 - shimmer_device - ERROR - Error reading data: 'ShimmerBluetooth' object has no attribute 'read'
2025-11-13 11:12:40,383 - shimmer_device - ERROR - Error reading data: 'ShimmerBluetooth' object has no attribute 'read'
2025-11-13 11:12:40,385 - shimmer_device - ERROR - Error reading data: 'ShimmerBluetooth' object has no attribute 'read'
2025-11-13 11:12:40,386 - shimmer_device - ERROR - Error reading data: 'ShimmerBluetooth' object has no attribute 'read'
2025-11-13 11:12:40,388 - shimmer_device - ERROR - Error reading data: 'ShimmerBluetooth' object has no attribute 'read'
2025-11-13 11:12:40,389 - shimmer_device - ERROR - Error reading data: 'ShimmerBluetooth' object has no attribute 'read'
2025-11-13 11:12:40,390 - shimmer_device - ERROR - Error reading data: 'ShimmerBluetooth' object has no attribute 'read'
2025-11-13 11:12:40,392 - shimmer_device - ERROR - Error reading data: 'ShimmerBluetooth' object has no attribute 'read'
2025-11-13 11:12:40,394 - shimmer_device - ERROR - Error reading data: 'ShimmerBluetooth' object has no attribute 'read'
2025-11-13 11:12:40,395 - shimmer_device - ERROR - Error reading data: 'ShimmerBluetooth' object has no attribute 'read'
2025-11-13 11:12:40,396 - shimmer_device - ERROR - Error reading data: 'ShimmerBluetooth' object has no attribute 'read'
2025-11-13 11:12:40,398 - shimmer_device - ERROR - Error reading data: 'ShimmerBluetooth' object has no attribute 'read'
2025-11-13 11:12:40,399 - shimmer_device - ERROR - Error reading data: 'ShimmerBluetooth' object has no attribute 'read'
2025-11-13 11:12:40,401 - shimmer_device - ERROR - Error reading data: 'ShimmerBluetooth' object has no attribute 'read'
2025-11-13 11:12:40,402 - shimmer_device - ERROR - Error reading data: 'ShimmerBluetooth' object has no attribute 'read'
2025-11-13 11:12:40,404 - shimmer_device - ERROR - Error reading data: 'ShimmerBluetooth' object has no attribute 'read'
2025-11-13 11:12:40,405 - shimmer_device - ERROR - Error reading data: 'ShimmerBluetooth' object has no attribute 'read'
2025-11-13 11:12:40,407 - shimmer_device - ERROR - Error reading data: 'ShimmerBluetooth' object has no attribute 'read'
2025-11-13 11:12:40,408 - shimmer_device - ERROR - Error reading data: 'ShimmerBluetooth' object has no attribute 'read'
2025-11-13 11:12:40,410 - shimmer_device - ERROR - Error reading data: 'ShimmerBluetooth' object has no attribute 'read'
2025-11-13 11:12:40,411 - shimmer_device - ERROR - Error reading data: 'ShimmerBluetooth' object has no attribute 'read'
2025-11-13 11:12:40,413 - shimmer_device - ERROR - Error reading data: 'ShimmerBluetooth' object has no attribute 'read'
2025-11-13 11:12:40,414 - shimmer_device - ERROR - Error reading data: 'ShimmerBluetooth' object has no attribute 'read'
2025-11-13 11:12:40,415 - shimmer_device - ERROR - Error reading data: 'ShimmerBluetooth' object has no attribute 'read'
2025-11-13 11:12:40,416 - shimmer_device - ERROR - Error reading data: 'ShimmerBluetooth' object has no attribute 'read'
2025-11-13 11:12:40,418 - shimmer_device - ERROR - Error reading data: 'ShimmerBluetooth' object has no attribute 'read'
2025-11-13 11:12:40,419 - shimmer_device - ERROR - Error reading data: 'ShimmerBluetooth' object has no attribute 'read'
2025-11-13 11:12:40,420 - shimmer_device - ERROR - Error reading data: 'ShimmerBluetooth' object has no attribute 'read'
2025-11-13 11:12:40,422 - shimmer_device - ERROR - Error reading data: 'ShimmerBluetooth' object has no attribute 'read'
2025-11-13 11:12:40,423 - shimmer_device - ERROR - Error reading data: 'ShimmerBluetooth' object has no attribute 'read'
2025-11-13 11:12:40,424 - shimmer_device - ERROR - Error reading data: 'ShimmerBluetooth' object has no attribute 'read'
2025-11-13 11:12:40,425 - shimmer_device - ERROR - Error reading data: 'ShimmerBluetooth' object has no attribute 'read'
2025-11-13 11:12:40,427 - shimmer_device - ERROR - Error reading data: 'ShimmerBluetooth' object has no attribute 'read'
2025-11-13 11:12:40,429 - shimmer_device - ERROR - Error reading data: 'ShimmerBluetooth' object has no attribute 'read'
2025-11-13 11:12:40,430 - shimmer_device - ERROR - Error reading data: 'ShimmerBluetooth' object has no attribute 'read'
2025-11-13 11:12:40,431 - shimmer_device - ERROR - Error reading data: 'ShimmerBluetooth' object has no attribute 'read'
2025-11-13 11:12:40,432 - shimmer_device - ERROR - Error reading data: 'ShimmerBluetooth' object has no attribute 'read'
2025-11-13 11:12:40,434 - shimmer_device - ERROR - Error reading data: 'ShimmerBluetooth' object has no attribute 'read'
2025-11-13 11:12:40,435 - shimmer_device - ERROR - Error reading data: 'ShimmerBluetooth' object has no attribute 'read'
2025-11-13 11:12:40,437 - shimmer_device - ERROR - Error reading data: 'ShimmerBluetooth' object has no attribute 'read'
2025-11-13 11:12:40,439 - shimmer_device - ERROR - Error reading data: 'ShimmerBluetooth' object has no attribute 'read'
2025-11-13 11:12:40,441 - shimmer_device - ERROR - Error reading data: 'ShimmerBluetooth' object has no attribute 'read'
2025-11-13 11:12:40,443 - shimmer_device - ERROR - Error reading data: 'ShimmerBluetooth' object has no attribute 'read'
2025-11-13 11:12:40,444 - shimmer_device - ERROR - Error reading data: 'ShimmerBluetooth' object has no attribute 'read'
2025-11-13 11:12:40,445 - shimmer_device - ERROR - Error reading data: 'ShimmerBluetooth' object has no attribute 'read'
2025-11-13 11:12:40,446 - shimmer_device - ERROR - Error reading data: 'ShimmerBluetooth' object has no attribute 'read'
2025-11-13 11:12:40,448 - shimmer_device - ERROR - Error reading data: 'ShimmerBluetooth' object has no attribute 'read'
2025-11-13 11:12:40,449 - shimmer_device - ERROR - Error reading data: 'ShimmerBluetooth' object has no attribute 'read'
2025-11-13 11:12:40,451 - shimmer_device - ERROR - Error reading data: 'ShimmerBluetooth' object has no attribute 'read'
2025-11-13 11:12:40,452 - shimmer_device - ERROR - Error reading data: 'ShimmerBluetooth' object has no attribute 'read'
2025-11-13 11:12:40,454 - shimmer_device - ERROR - Error reading data: 'ShimmerBluetooth' object has no attribute 'read'
2025-11-13 11:12:40,455 - shimmer_device - ERROR - Error reading data: 'ShimmerBluetooth' object has no attribute 'read'
2025-11-13 11:12:40,456 - shimmer_device - ERROR - Error reading data: 'ShimmerBluetooth' object has no attribute 'read'
2025-11-13 11:12:40,457 - shimmer_device - ERROR - Error reading data: 'ShimmerBluetooth' object has no attribute 'read'
2025-11-13 11:12:40,458 - shimmer_device - ERROR - Error reading data: 'ShimmerBluetooth' object has no attribute 'read'
2025-11-13 11:12:40,459 - shimmer_device - ERROR - Error reading data: 'ShimmerBluetooth' object has no attribute 'read'
2025-11-13 11:12:40,461 - shimmer_device - ERROR - Error reading data: 'ShimmerBluetooth' object has no attribute 'read'
2025-11-13 11:12:40,462 - shimmer_device - ERROR - Error reading data: 'ShimmerBluetooth' object has no attribute 'read'
2025-11-13 11:12:40,464 - shimmer_device - ERROR - Error reading data: 'ShimmerBluetooth' object has no attribute 'read'
2025-11-13 11:12:40,465 - shimmer_device - ERROR - Error reading data: 'ShimmerBluetooth' object has no attribute 'read'
2025-11-13 11:12:40,467 - shimmer_device - ERROR - Error reading data: 'ShimmerBluetooth' object has no attribute 'read'
2025-11-13 11:12:40,468 - shimmer_device - ERROR - Error reading data: 'ShimmerBluetooth' object has no attribute 'read'
2025-11-13 11:12:40,469 - shimmer_device - ERROR - Error reading data: 'ShimmerBluetooth' object has no attribute 'read'
2025-11-13 11:12:40,470 - shimmer_device - ERROR - Error reading data: 'ShimmerBluetooth' object has no attribute 'read'
2025-11-13 11:12:40,471 - shimmer_device - ERROR - Error reading data: 'ShimmerBluetooth' object has no attribute 'read'
2025-11-13 11:12:40,472 - shimmer_device - ERROR - Error reading data: 'ShimmerBluetooth' object has no attribute 'read'
2025-11-13 11:12:40,473 - shimmer_device - ERROR - Error reading data: 'ShimmerBluetooth' object has no attribute 'read'
2025-11-13 11:12:40,474 - shimmer_device - ERROR - Error reading data: 'ShimmerBluetooth' object has no attribute 'read'
2025-11-13 11:12:40,476 - shimmer_device - ERROR - Error reading data: 'ShimmerBluetooth' object has no attribute 'read'
2025-11-13 11:12:40,477 - shimmer_device - ERROR - Error reading data: 'ShimmerBluetooth' object has no attribute 'read'
2025-11-13 11:12:40,479 - shimmer_device - ERROR - Error reading data: 'ShimmerBluetooth' object has no attribute 'read'
2025-11-13 11:12:40,480 - shimmer_device - ERROR - Error reading data: 'ShimmerBluetooth' object has no attribute 'read'
2025-11-13 11:12:40,481 - shimmer_device - ERROR - Error reading data: 'ShimmerBluetooth' object has no attribute 'read'
2025-11-13 11:12:40,482 - shimmer_device - ERROR - Error reading data: 'ShimmerBluetooth' object has no attribute 'read'
2025-11-13 11:12:40,484 - shimmer_device - ERROR - Error reading data: 'ShimmerBluetooth' object has no attribute 'read'
2025-11-13 11:12:40,486 - shimmer_device - ERROR - Error reading data: 'ShimmerBluetooth' object has no attribute 'read'
2025-11-13 11:12:40,487 - shimmer_device - ERROR - Error reading data: 'ShimmerBluetooth' object has no attribute 'read'
2025-11-13 11:12:40,488 - shimmer_device - ERROR - Error reading data: 'ShimmerBluetooth' object has no attribute 'read'
2025-11-13 11:12:40,490 - shimmer_device - ERROR - Error reading data: 'ShimmerBluetooth' object has no attribute 'read'
2025-11-13 11:12:40,493 - shimmer_device - ERROR - Error reading data: 'ShimmerBluetooth' object has no attribute 'read'
2025-11-13 11:12:40,494 - shimmer_device - ERROR - Error reading data: 'ShimmerBluetooth' object has no attribute 'read'
2025-11-13 11:12:40,495 - shimmer_device - ERROR - Error reading data: 'ShimmerBluetooth' object has no attribute 'read'
2025-11-13 11:12:40,496 - shimmer_device - ERROR - Error reading data: 'ShimmerBluetooth' object has no attribute 'read'
2025-11-13 11:12:40,497 - shimmer_device - ERROR - Error reading data: 'ShimmerBluetooth' object has no attribute 'read'
2025-11-13 11:12:40,499 - shimmer_device - ERROR - Error reading data: 'ShimmerBluetooth' object has no attribute 'read'
2025-11-13 11:12:40,500 - shimmer_device - ERROR - Error reading data: 'ShimmerBluetooth' object has no attribute 'read'
2025-11-13 11:12:40,502 - shimmer_device - ERROR - Error reading data: 'ShimmerBluetooth' object has no attribute 'read'
2025-11-13 11:12:40,503 - shimmer_device - ERROR - Error reading data: 'ShimmerBluetooth' object has no attribute 'read'
2025-11-13 11:12:40,504 - shimmer_device - ERROR - Error reading data: 'ShimmerBluetooth' object has no attribute 'read'
2025-11-13 11:12:40,505 - shimmer_device - ERROR - Error reading data: 'ShimmerBluetooth' object has no attribute 'read'
2025-11-13 11:12:40,506 - shimmer_device - ERROR - Error reading data: 'ShimmerBluetooth' object has no attribute 'read'
2025-11-13 11:12:40,508 - shimmer_device - ERROR - Error reading data: 'ShimmerBluetooth' object has no attribute 'read'
2025-11-13 11:12:40,509 - shimmer_device - ERROR - Error reading data: 'ShimmerBluetooth' object has no attribute 'read'
2025-11-13 11:12:40,510 - shimmer_device - ERROR - Error reading data: 'ShimmerBluetooth' object has no attribute 'read'
2025-11-13 11:12:40,511 - shimmer_device - ERROR - Error reading data: 'ShimmerBluetooth' object has no attribute 'read'
2025-11-13 11:12:40,513 - shimmer_device - ERROR - Error reading data: 'ShimmerBluetooth' object has no attribute 'read'
2025-11-13 11:12:40,514 - shimmer_device - ERROR - Error reading data: 'ShimmerBluetooth' object has no attribute 'read'
2025-11-13 11:12:40,515 - shimmer_device - ERROR - Error reading data: 'ShimmerBluetooth' object has no attribute 'read'
2025-11-13 11:12:40,517 - shimmer_device - ERROR - Error reading data: 'ShimmerBluetooth' object has no attribute 'read'
2025-11-13 11:12:40,518 - shimmer_device - ERROR - Error reading data: 'ShimmerBluetooth' object has no attribute 'read'
2025-11-13 11:12:40,519 - shimmer_device - ERROR - Error reading data: 'ShimmerBluetooth' object has no attribute 'read'
2025-11-13 11:12:40,521 - shimmer_device - ERROR - Error reading data: 'ShimmerBluetooth' object has no attribute 'read'
2025-11-13 11:12:40,522 - shimmer_device - ERROR - Error reading data: 'ShimmerBluetooth' object has no attribute 'read'
2025-11-13 11:12:40,523 - shimmer_device - ERROR - Error reading data: 'ShimmerBluetooth' object has no attribute 'read'
2025-11-13 11:12:40,524 - shimmer_device - ERROR - Error reading data: 'ShimmerBluetooth' object has no attribute 'read'
2025-11-13 11:12:40,526 - shimmer_device - ERROR - Error reading data: 'ShimmerBluetooth' object has no attribute 'read'
2025-11-13 11:12:40,527 - shimmer_device - ERROR - Error reading data: 'ShimmerBluetooth' object has no attribute 'read'
2025-11-13 11:12:40,529 - shimmer_device - ERROR - Error reading data: 'ShimmerBluetooth' object has no attribute 'read'
2025-11-13 11:12:40,530 - shimmer_device - ERROR - Error reading data: 'ShimmerBluetooth' object has no attribute 'read'
2025-11-13 11:12:40,533 - shimmer_device - ERROR - Error reading data: 'ShimmerBluetooth' object has no attribute 'read'
2025-11-13 11:12:40,534 - shimmer_device - ERROR - Error reading data: 'ShimmerBluetooth' object has no attribute 'read'
2025-11-13 11:12:40,536 - shimmer_device - ERROR - Error reading data: 'ShimmerBluetooth' object has no attribute 'read'
2025-11-13 11:12:40,537 - shimmer_device - ERROR - Error reading data: 'ShimmerBluetooth' object has no attribute 'read'
2025-11-13 11:12:40,538 - shimmer_device - ERROR - Error reading data: 'ShimmerBluetooth' object has no attribute 'read'
2025-11-13 11:12:40,540 - shimmer_device - ERROR - Error reading data: 'ShimmerBluetooth' object has no attribute 'read'
2025-11-13 11:12:40,541 - shimmer_device - ERROR - Error reading data: 'ShimmerBluetooth' object has no attribute 'read'
2025-11-13 11:12:40,542 - shimmer_device - ERROR - Error reading data: 'ShimmerBluetooth' object has no attribute 'read'
2025-11-13 11:12:40,543 - shimmer_device - ERROR - Error reading data: 'ShimmerBluetooth' object has no attribute 'read'
2025-11-13 11:12:40,544 - shimmer_device - ERROR - Error reading data: 'ShimmerBluetooth' object has no attribute 'read'
2025-11-13 11:12:40,546 - shimmer_device - ERROR - Error reading data: 'ShimmerBluetooth' object has no attribute 'read'
2025-11-13 11:12:40,547 - shimmer_device - ERROR - Error reading data: 'ShimmerBluetooth' object has no attribute 'read'
2025-11-13 11:12:40,548 - shimmer_device - ERROR - Error reading data: 'ShimmerBluetooth' object has no attribute 'read'
2025-11-13 11:12:40,549 - shimmer_device - ERROR - Error reading data: 'ShimmerBluetooth' object has no attribute 'read'
2025-11-13 11:12:40,550 - shimmer_device - ERROR - Error reading data: 'ShimmerBluetooth' object has no attribute 'read'
2025-11-13 11:12:40,551 - shimmer_device - ERROR - Error reading data: 'ShimmerBluetooth' object has no attribute 'read'
2025-11-13 11:12:40,553 - shimmer_device - ERROR - Error reading data: 'ShimmerBluetooth' object has no attribute 'read'
2025-11-13 11:12:40,554 - shimmer_device - ERROR - Error reading data: 'ShimmerBluetooth' object has no attribute 'read'
2025-11-13 11:12:40,555 - shimmer_device - ERROR - Error reading data: 'ShimmerBluetooth' object has no attribute 'read'
2025-11-13 11:12:40,557 - shimmer_device - ERROR - Error reading data: 'ShimmerBluetooth' object has no attribute 'read'
2025-11-13 11:12:40,558 - shimmer_device - ERROR - Error reading data: 'ShimmerBluetooth' object has no attribute 'read'
2025-11-13 11:12:40,559 - shimmer_device - ERROR - Error reading data: 'ShimmerBluetooth' object has no attribute 'read'
2025-11-13 11:12:40,560 - shimmer_device - ERROR - Error reading data: 'ShimmerBluetooth' object has no attribute 'read'
2025-11-13 11:12:40,563 - shimmer_device - ERROR - Error reading data: 'ShimmerBluetooth' object has no attribute 'read'
2025-11-13 11:12:40,564 - shimmer_device - ERROR - Error reading data: 'ShimmerBluetooth' object has no attribute 'read'
2025-11-13 11:12:40,565 - shimmer_device - ERROR - Error reading data: 'ShimmerBluetooth' object has no attribute 'read'
2025-11-13 11:12:40,566 - shimmer_device - ERROR - Error reading data: 'ShimmerBluetooth' object has no attribute 'read'
2025-11-13 11:12:40,567 - shimmer_device - ERROR - Error reading data: 'ShimmerBluetooth' object has no attribute 'read'
2025-11-13 11:12:40,568 - shimmer_device - ERROR - Error reading data: 'ShimmerBluetooth' object has no attribute 'read'
2025-11-13 11:12:40,569 - shimmer_device - ERROR - Error reading data: 'ShimmerBluetooth' object has no attribute 'read'
2025-11-13 11:12:40,570 - shimmer_device - ERROR - Error reading data: 'ShimmerBluetooth' object has no attribute 'read'
2025-11-13 11:12:40,573 - shimmer_device - ERROR - Error reading data: 'ShimmerBluetooth' object has no attribute 'read'
2025-11-13 11:12:40,574 - shimmer_device - ERROR - Error reading data: 'ShimmerBluetooth' object has no attribute 'read'
2025-11-13 11:12:40,575 - shimmer_device - ERROR - Error reading data: 'ShimmerBluetooth' object has no attribute 'read'
2025-11-13 11:12:40,577 - shimmer_device - ERROR - Error reading data: 'ShimmerBluetooth' object has no attribute 'read'
2025-11-13 11:12:40,579 - shimmer_device - ERROR - Error reading data: 'ShimmerBluetooth' object has no attribute 'read'
2025-11-13 11:12:40,581 - shimmer_device - ERROR - Error reading data: 'ShimmerBluetooth' object has no attribute 'read'
2025-11-13 11:12:40,583 - shimmer_device - ERROR - Error reading data: 'ShimmerBluetooth' object has no attribute 'read'
2025-11-13 11:12:40,584 - shimmer_device - ERROR - Error reading data: 'ShimmerBluetooth' object has no attribute 'read'
2025-11-13 11:12:40,585 - shimmer_device - ERROR - Error reading data: 'ShimmerBluetooth' object has no attribute 'read'
2025-11-13 11:12:40,586 - shimmer_device - ERROR - Error reading data: 'ShimmerBluetooth' object has no attribute 'read'
2025-11-13 11:12:40,587 - shimmer_device - ERROR - Error reading data: 'ShimmerBluetooth' object has no attribute 'read'
2025-11-13 11:12:40,588 - shimmer_device - ERROR - Error reading data: 'ShimmerBluetooth' object has no attribute 'read'
2025-11-13 11:12:40,589 - shimmer_device - ERROR - Error reading data: 'ShimmerBluetooth' object has no attribute 'read'
2025-11-13 11:12:40,590 - shimmer_device - ERROR - Error reading data: 'ShimmerBluetooth' object has no attribute 'read'
2025-11-13 11:12:40,591 - shimmer_device - ERROR - Error reading data: 'ShimmerBluetooth' object has no attribute 'read'
2025-11-13 11:12:40,593 - shimmer_device - ERROR - Error reading data: 'ShimmerBluetooth' object has no attribute 'read'
2025-11-13 11:12:40,594 - shimmer_device - ERROR - Error reading data: 'ShimmerBluetooth' object has no attribute 'read'
2025-11-13 11:12:40,595 - shimmer_device - ERROR - Error reading data: 'ShimmerBluetooth' object has no attribute 'read'
2025-11-13 11:12:40,596 - shimmer_device - ERROR - Error reading data: 'ShimmerBluetooth' object has no attribute 'read'
2025-11-13 11:12:40,598 - shimmer_device - ERROR - Error reading data: 'ShimmerBluetooth' object has no attribute 'read'
2025-11-13 11:12:40,599 - shimmer_device - ERROR - Error reading data: 'ShimmerBluetooth' object has no attribute 'read'
2025-11-13 11:12:40,600 - shimmer_device - ERROR - Error reading data: 'ShimmerBluetooth' object has no attribute 'read'
2025-11-13 11:12:40,601 - shimmer_device - ERROR - Error reading data: 'ShimmerBluetooth' object has no attribute 'read'
2025-11-13 11:12:40,603 - shimmer_device - ERROR - Error reading data: 'ShimmerBluetooth' object has no attribute 'read'
2025-11-13 11:12:40,605 - shimmer_device - ERROR - Error reading data: 'ShimmerBluetooth' object has no attribute 'read'
2025-11-13 11:12:40,606 - shimmer_device - ERROR - Error reading data: 'ShimmerBluetooth' object has no attribute 'read'
2025-11-13 11:12:40,607 - shimmer_device - ERROR - Error reading data: 'ShimmerBluetooth' object has no attribute 'read'
2025-11-13 11:12:40,608 - shimmer_device - ERROR - Error reading data: 'ShimmerBluetooth' object has no attribute 'read'
2025-11-13 11:12:40,609 - shimmer_device - ERROR - Error reading data: 'ShimmerBluetooth' object has no attribute 'read'
2025-11-13 11:12:40,611 - shimmer_device - ERROR - Error reading data: 'ShimmerBluetooth' object has no attribute 'read'
2025-11-13 11:12:40,612 - shimmer_device - ERROR - Error reading data: 'ShimmerBluetooth' object has no attribute 'read'
2025-11-13 11:12:40,613 - shimmer_device - ERROR - Error reading data: 'ShimmerBluetooth' object has no attribute 'read'
2025-11-13 11:12:40,615 - shimmer_device - ERROR - Error reading data: 'ShimmerBluetooth' object has no attribute 'read'
2025-11-13 11:12:40,616 - shimmer_device - ERROR - Error reading data: 'ShimmerBluetooth' object has no attribute 'read'
2025-11-13 11:12:40,618 - shimmer_device - ERROR - Error reading data: 'ShimmerBluetooth' object has no attribute 'read'
2025-11-13 11:12:40,620 - shimmer_device - ERROR - Error reading data: 'ShimmerBluetooth' object has no attribute 'read'
2025-11-13 11:12:40,621 - shimmer_device - ERROR - Error reading data: 'ShimmerBluetooth' object has no attribute 'read'
2025-11-13 11:12:40,623 - shimmer_device - ERROR - Error reading data: 'ShimmerBluetooth' object has no attribute 'read'
2025-11-13 11:12:40,624 - shimmer_device - ERROR - Error reading data: 'ShimmerBluetooth' object has no attribute 'read'
2025-11-13 11:12:40,625 - shimmer_device - ERROR - Error reading data: 'ShimmerBluetooth' object has no attribute 'read'
2025-11-13 11:12:40,626 - shimmer_device - ERROR - Error reading data: 'ShimmerBluetooth' object has no attribute 'read'
2025-11-13 11:12:40,627 - shimmer_device - ERROR - Error reading data: 'ShimmerBluetooth' object has no attribute 'read'
2025-11-13 11:12:40,629 - shimmer_device - ERROR - Error reading data: 'ShimmerBluetooth' object has no attribute 'read'
2025-11-13 11:12:40,630 - shimmer_device - ERROR - Error reading data: 'ShimmerBluetooth' object has no attribute 'read'
2025-11-13 11:12:40,631 - shimmer_device - ERROR - Error reading data: 'ShimmerBluetooth' object has no attribute 'read'
2025-11-13 11:12:40,633 - shimmer_device - ERROR - Error reading data: 'ShimmerBluetooth' object has no attribute 'read'
2025-11-13 11:12:40,634 - shimmer_device - ERROR - Error reading data: 'ShimmerBluetooth' object has no attribute 'read'
2025-11-13 11:12:40,636 - shimmer_device - ERROR - Error reading data: 'ShimmerBluetooth' object has no attribute 'read'
2025-11-13 11:12:40,637 - shimmer_device - ERROR - Error reading data: 'ShimmerBluetooth' object has no attribute 'read'
2025-11-13 11:12:40,639 - shimmer_device - ERROR - Error reading data: 'ShimmerBluetooth' object has no attribute 'read'
2025-11-13 11:12:40,640 - shimmer_device - ERROR - Error reading data: 'ShimmerBluetooth' object has no attribute 'read'
2025-11-13 11:12:40,641 - shimmer_device - ERROR - Error reading data: 'ShimmerBluetooth' object has no attribute 'read'
2025-11-13 11:12:40,643 - shimmer_device - ERROR - Error reading data: 'ShimmerBluetooth' object has no attribute 'read'
2025-11-13 11:12:40,645 - shimmer_device - ERROR - Error reading data: 'ShimmerBluetooth' object has no attribute 'read'
2025-11-13 11:12:40,646 - shimmer_device - ERROR - Error reading data: 'ShimmerBluetooth' object has no attribute 'read'
2025-11-13 11:12:40,647 - shimmer_device - ERROR - Error reading data: 'ShimmerBluetooth' object has no attribute 'read'
2025-11-13 11:12:40,648 - shimmer_device - ERROR - Error reading data: 'ShimmerBluetooth' object has no attribute 'read'
2025-11-13 11:12:40,649 - shimmer_device - ERROR - Error reading data: 'ShimmerBluetooth' object has no attribute 'read'
2025-11-13 11:12:40,650 - shimmer_device - ERROR - Error reading data: 'ShimmerBluetooth' object has no attribute 'read'
2025-11-13 11:12:40,652 - shimmer_device - ERROR - Error reading data: 'ShimmerBluetooth' object has no attribute 'read'
2025-11-13 11:12:40,655 - shimmer_device - ERROR - Error reading data: 'ShimmerBluetooth' object has no attribute 'read'
2025-11-13 11:12:40,656 - shimmer_device - ERROR - Error reading data: 'ShimmerBluetooth' object has no attribute 'read'
2025-11-13 11:12:40,657 - shimmer_device - ERROR - Error reading data: 'ShimmerBluetooth' object has no attribute 'read'
2025-11-13 11:12:40,658 - shimmer_device - ERROR - Error reading data: 'ShimmerBluetooth' object has no attribute 'read'
2025-11-13 11:12:40,660 - shimmer_device - ERROR - Error reading data: 'ShimmerBluetooth' object has no attribute 'read'
2025-11-13 11:12:40,663 - shimmer_device - ERROR - Error reading data: 'ShimmerBluetooth' object has no attribute 'read'
2025-11-13 11:12:40,664 - shimmer_device - ERROR - Error reading data: 'ShimmerBluetooth' object has no attribute 'read'
2025-11-13 11:12:40,666 - shimmer_device - ERROR - Error reading data: 'ShimmerBluetooth' object has no attribute 'read'
2025-11-13 11:12:40,668 - shimmer_device - ERROR - Error reading data: 'ShimmerBluetooth' object has no attribute 'read'
2025-11-13 11:12:40,669 - shimmer_device - ERROR - Error reading data: 'ShimmerBluetooth' object has no attribute 'read'
2025-11-13 11:12:40,671 - shimmer_device - ERROR - Error reading data: 'ShimmerBluetooth' object has no attribute 'read'
2025-11-13 11:12:40,673 - shimmer_device - ERROR - Error reading data: 'ShimmerBluetooth' object has no attribute 'read'
2025-11-13 11:12:40,674 - shimmer_device - ERROR - Error reading data: 'ShimmerBluetooth' object has no attribute 'read'
2025-11-13 11:12:40,675 - shimmer_device - ERROR - Error reading data: 'ShimmerBluetooth' object has no attribute 'read'
2025-11-13 11:12:40,677 - shimmer_device - ERROR - Error reading data: 'ShimmerBluetooth' object has no attribute 'read'
2025-11-13 11:12:40,679 - shimmer_device - ERROR - Error reading data: 'ShimmerBluetooth' object has no attribute 'read'
2025-11-13 11:12:40,680 - shimmer_device - ERROR - Error reading data: 'ShimmerBluetooth' object has no attribute 'read'
2025-11-13 11:12:40,681 - shimmer_device - ERROR - Error reading data: 'ShimmerBluetooth' object has no attribute 'read'
2025-11-13 11:12:40,683 - shimmer_device - ERROR - Error reading data: 'ShimmerBluetooth' object has no attribute 'read'
2025-11-13 11:12:40,684 - shimmer_device - ERROR - Error reading data: 'ShimmerBluetooth' object has no attribute 'read'
2025-11-13 11:12:40,685 - shimmer_device - ERROR - Error reading data: 'ShimmerBluetooth' object has no attribute 'read'
2025-11-13 11:12:40,686 - shimmer_device - ERROR - Error reading data: 'ShimmerBluetooth' object has no attribute 'read'
2025-11-13 11:12:40,687 - shimmer_device - ERROR - Error reading data: 'ShimmerBluetooth' object has no attribute 'read'
2025-11-13 11:12:40,688 - shimmer_device - ERROR - Error reading data: 'ShimmerBluetooth' object has no attribute 'read'
2025-11-13 11:12:40,689 - shimmer_device - ERROR - Error reading data: 'ShimmerBluetooth' object has no attribute 'read'
2025-11-13 11:12:40,691 - shimmer_device - ERROR - Error reading data: 'ShimmerBluetooth' object has no attribute 'read'
2025-11-13 11:12:40,693 - shimmer_device - ERROR - Error reading data: 'ShimmerBluetooth' object has no attribute 'read'
2025-11-13 11:12:40,694 - shimmer_device - ERROR - Error reading data: 'ShimmerBluetooth' object has no attribute 'read'
2025-11-13 11:12:40,696 - shimmer_device - ERROR - Error reading data: 'ShimmerBluetooth' object has no attribute 'read'
2025-11-13 11:12:40,698 - shimmer_device - ERROR - Error reading data: 'ShimmerBluetooth' object has no attribute 'read'
2025-11-13 11:12:40,699 - shimmer_device - ERROR - Error reading data: 'ShimmerBluetooth' object has no attribute 'read'
2025-11-13 11:12:40,700 - shimmer_device - ERROR - Error reading data: 'ShimmerBluetooth' object has no attribute 'read'
2025-11-13 11:12:40,702 - shimmer_device - ERROR - Error reading data: 'ShimmerBluetooth' object has no attribute 'read'
2025-11-13 11:12:40,703 - shimmer_device - ERROR - Error reading data: 'ShimmerBluetooth' object has no attribute 'read'
2025-11-13 11:12:40,705 - shimmer_device - ERROR - Error reading data: 'ShimmerBluetooth' object has no attribute 'read'
2025-11-13 11:12:40,706 - shimmer_device - ERROR - Error reading data: 'ShimmerBluetooth' object has no attribute 'read'
2025-11-13 11:12:40,707 - shimmer_device - ERROR - Error reading data: 'ShimmerBluetooth' object has no attribute 'read'
2025-11-13 11:12:40,709 - shimmer_device - ERROR - Error reading data: 'ShimmerBluetooth' object has no attribute 'read'
2025-11-13 11:12:40,710 - shimmer_device - ERROR - Error reading data: 'ShimmerBluetooth' object has no attribute 'read'
2025-11-13 11:12:40,711 - shimmer_device - ERROR - Error reading data: 'ShimmerBluetooth' object has no attribute 'read'
2025-11-13 11:12:40,712 - shimmer_device - ERROR - Error reading data: 'ShimmerBluetooth' object has no attribute 'read'
2025-11-13 11:12:40,713 - shimmer_device - ERROR - Error reading data: 'ShimmerBluetooth' object has no attribute 'read'
2025-11-13 11:12:40,714 - shimmer_device - ERROR - Error reading data: 'ShimmerBluetooth' object has no attribute 'read'
2025-11-13 11:12:40,715 - shimmer_device - ERROR - Error reading data: 'ShimmerBluetooth' object has no attribute 'read'
2025-11-13 11:12:40,717 - shimmer_device - ERROR - Error reading data: 'ShimmerBluetooth' object has no attribute 'read'
2025-11-13 11:12:40,719 - shimmer_device - ERROR - Error reading data: 'ShimmerBluetooth' object has no attribute 'read'
2025-11-13 11:12:40,720 - shimmer_device - ERROR - Error reading data: 'ShimmerBluetooth' object has no attribute 'read'
2025-11-13 11:12:40,721 - shimmer_device - ERROR - Error reading data: 'ShimmerBluetooth' object has no attribute 'read'
2025-11-13 11:12:40,723 - shimmer_device - ERROR - Error reading data: 'ShimmerBluetooth' object has no attribute 'read'
2025-11-13 11:12:40,724 - shimmer_device - ERROR - Error reading data: 'ShimmerBluetooth' object has no attribute 'read'
2025-11-13 11:12:40,725 - shimmer_device - ERROR - Error reading data: 'ShimmerBluetooth' object has no attribute 'read'
2025-11-13 11:12:40,726 - shimmer_device - ERROR - Error reading data: 'ShimmerBluetooth' object has no attribute 'read'
2025-11-13 11:12:40,727 - shimmer_device - ERROR - Error reading data: 'ShimmerBluetooth' object has no attribute 'read'
2025-11-13 11:12:40,729 - shimmer_device - ERROR - Error reading data: 'ShimmerBluetooth' object has no attribute 'read'
2025-11-13 11:12:40,731 - shimmer_device - ERROR - Error reading data: 'ShimmerBluetooth' object has no attribute 'read'
2025-11-13 11:12:40,732 - shimmer_device - ERROR - Error reading data: 'ShimmerBluetooth' object has no attribute 'read'
2025-11-13 11:12:40,733 - shimmer_device - ERROR - Error reading data: 'ShimmerBluetooth' object has no attribute 'read'
2025-11-13 11:12:40,735 - shimmer_device - ERROR - Error reading data: 'ShimmerBluetooth' object has no attribute 'read'
2025-11-13 11:12:40,736 - shimmer_device - ERROR - Error reading data: 'ShimmerBluetooth' object has no attribute 'read'
2025-11-13 11:12:40,737 - shimmer_device - ERROR - Error reading data: 'ShimmerBluetooth' object has no attribute 'read'
2025-11-13 11:12:40,738 - shimmer_device - ERROR - Error reading data: 'ShimmerBluetooth' object has no attribute 'read'
2025-11-13 11:12:40,740 - shimmer_device - ERROR - Error reading data: 'ShimmerBluetooth' object has no attribute 'read'
2025-11-13 11:12:40,741 - shimmer_device - ERROR - Error reading data: 'ShimmerBluetooth' object has no attribute 'read'
2025-11-13 11:12:40,743 - shimmer_device - ERROR - Error reading data: 'ShimmerBluetooth' object has no attribute 'read'
2025-11-13 11:12:40,745 - shimmer_device - ERROR - Error reading data: 'ShimmerBluetooth' object has no attribute 'read'
2025-11-13 11:12:40,746 - shimmer_device - ERROR - Error reading data: 'ShimmerBluetooth' object has no attribute 'read'
2025-11-13 11:12:40,747 - shimmer_device - ERROR - Error reading data: 'ShimmerBluetooth' object has no attribute 'read'
2025-11-13 11:12:40,749 - shimmer_device - ERROR - Error reading data: 'ShimmerBluetooth' object has no attribute 'read'
2025-11-13 11:12:40,750 - shimmer_device - ERROR - Error reading data: 'ShimmerBluetooth' object has no attribute 'read'
2025-11-13 11:12:40,752 - shimmer_device - ERROR - Error reading data: 'ShimmerBluetooth' object has no attribute 'read'
2025-11-13 11:12:40,754 - shimmer_device - ERROR - Error reading data: 'ShimmerBluetooth' object has no attribute 'read'
2025-11-13 11:12:40,755 - shimmer_device - ERROR - Error reading data: 'ShimmerBluetooth' object has no attribute 'read'
2025-11-13 11:12:40,756 - shimmer_device - ERROR - Error reading data: 'ShimmerBluetooth' object has no attribute 'read'
2025-11-13 11:12:40,757 - shimmer_device - ERROR - Error reading data: 'ShimmerBluetooth' object has no attribute 'read'
2025-11-13 11:12:40,759 - shimmer_device - ERROR - Error reading data: 'ShimmerBluetooth' object has no attribute 'read'
2025-11-13 11:12:40,761 - shimmer_device - ERROR - Error reading data: 'ShimmerBluetooth' object has no attribute 'read'
2025-11-13 11:12:40,763 - shimmer_device - ERROR - Error reading data: 'ShimmerBluetooth' object has no attribute 'read'
2025-11-13 11:12:40,765 - shimmer_device - ERROR - Error reading data: 'ShimmerBluetooth' object has no attribute 'read'
2025-11-13 11:12:40,766 - shimmer_device - ERROR - Error reading data: 'ShimmerBluetooth' object has no attribute 'read'
2025-11-13 11:12:40,767 - shimmer_device - ERROR - Error reading data: 'ShimmerBluetooth' object has no attribute 'read'
2025-11-13 11:12:40,769 - shimmer_device - ERROR - Error reading data: 'ShimmerBluetooth' object has no attribute 'read'
2025-11-13 11:12:40,771 - shimmer_device - ERROR - Error reading data: 'ShimmerBluetooth' object has no attribute 'read'
2025-11-13 11:12:40,773 - shimmer_device - ERROR - Error reading data: 'ShimmerBluetooth' object has no attribute 'read'
2025-11-13 11:12:40,775 - shimmer_device - ERROR - Error reading data: 'ShimmerBluetooth' object has no attribute 'read'
2025-11-13 11:12:40,776 - shimmer_device - ERROR - Error reading data: 'ShimmerBluetooth' object has no attribute 'read'
2025-11-13 11:12:40,778 - shimmer_device - ERROR - Error reading data: 'ShimmerBluetooth' object has no attribute 'read'
2025-11-13 11:12:40,779 - shimmer_device - ERROR - Error reading data: 'ShimmerBluetooth' object has no attribute 'read'
2025-11-13 11:12:40,780 - shimmer_device - ERROR - Error reading data: 'ShimmerBluetooth' object has no attribute 'read'
2025-11-13 11:12:40,782 - shimmer_device - ERROR - Error reading data: 'ShimmerBluetooth' object has no attribute 'read'
2025-11-13 11:12:40,783 - shimmer_device - ERROR - Error reading data: 'ShimmerBluetooth' object has no attribute 'read'
2025-11-13 11:12:40,785 - shimmer_device - ERROR - Error reading data: 'ShimmerBluetooth' object has no attribute 'read'
2025-11-13 11:12:40,786 - shimmer_device - ERROR - Error reading data: 'ShimmerBluetooth' object has no attribute 'read'
2025-11-13 11:12:40,788 - shimmer_device - ERROR - Error reading data: 'ShimmerBluetooth' object has no attribute 'read'
2025-11-13 11:12:40,790 - shimmer_device - ERROR - Error reading data: 'ShimmerBluetooth' object has no attribute 'read'
2025-11-13 11:12:40,792 - shimmer_device - ERROR - Error reading data: 'ShimmerBluetooth' object has no attribute 'read'
2025-11-13 11:12:40,793 - shimmer_device - ERROR - Error reading data: 'ShimmerBluetooth' object has no attribute 'read'
2025-11-13 11:12:40,794 - shimmer_device - ERROR - Error reading data: 'ShimmerBluetooth' object has no attribute 'read'
2025-11-13 11:12:40,796 - shimmer_device - ERROR - Error reading data: 'ShimmerBluetooth' object has no attribute 'read'
2025-11-13 11:12:40,797 - shimmer_device - ERROR - Error reading data: 'ShimmerBluetooth' object has no attribute 'read'
2025-11-13 11:12:40,798 - shimmer_device - ERROR - Error reading data: 'ShimmerBluetooth' object has no attribute 'read'
2025-11-13 11:12:40,799 - shimmer_device - ERROR - Error reading data: 'ShimmerBluetooth' object has no attribute 'read'
2025-11-13 11:12:40,801 - shimmer_device - ERROR - Error reading data: 'ShimmerBluetooth' object has no attribute 'read'
2025-11-13 11:12:40,803 - shimmer_device - ERROR - Error reading data: 'ShimmerBluetooth' object has no attribute 'read'
2025-11-13 11:12:40,804 - shimmer_device - ERROR - Error reading data: 'ShimmerBluetooth' object has no attribute 'read'
2025-11-13 11:12:40,806 - shimmer_device - ERROR - Error reading data: 'ShimmerBluetooth' object has no attribute 'read'
2025-11-13 11:12:40,807 - shimmer_device - ERROR - Error reading data: 'ShimmerBluetooth' object has no attribute 'read'
2025-11-13 11:12:40,809 - shimmer_device - ERROR - Error reading data: 'ShimmerBluetooth' object has no attribute 'read'
2025-11-13 11:12:40,810 - shimmer_device - ERROR - Error reading data: 'ShimmerBluetooth' object has no attribute 'read'
2025-11-13 11:12:40,812 - shimmer_device - ERROR - Error reading data: 'ShimmerBluetooth' object has no attribute 'read'
2025-11-13 11:12:40,813 - shimmer_device - ERROR - Error reading data: 'ShimmerBluetooth' object has no attribute 'read'
2025-11-13 11:12:40,815 - shimmer_device - ERROR - Error reading data: 'ShimmerBluetooth' object has no attribute 'read'
2025-11-13 11:12:40,816 - shimmer_device - ERROR - Error reading data: 'ShimmerBluetooth' object has no attribute 'read'
2025-11-13 11:12:40,818 - shimmer_device - ERROR - Error reading data: 'ShimmerBluetooth' object has no attribute 'read'
2025-11-13 11:12:40,820 - shimmer_device - ERROR - Error reading data: 'ShimmerBluetooth' object has no attribute 'read'
2025-11-13 11:12:40,821 - shimmer_device - ERROR - Error reading data: 'ShimmerBluetooth' object has no attribute 'read'
2025-11-13 11:12:40,822 - shimmer_device - ERROR - Error reading data: 'ShimmerBluetooth' object has no attribute 'read'
2025-11-13 11:12:40,823 - shimmer_device - ERROR - Error reading data: 'ShimmerBluetooth' object has no attribute 'read'
2025-11-13 11:12:40,825 - shimmer_device - ERROR - Error reading data: 'ShimmerBluetooth' object has no attribute 'read'
2025-11-13 11:12:40,826 - shimmer_device - ERROR - Error reading data: 'ShimmerBluetooth' object has no attribute 'read'
2025-11-13 11:12:40,827 - shimmer_device - ERROR - Error reading data: 'ShimmerBluetooth' object has no attribute 'read'
2025-11-13 11:12:40,829 - shimmer_device - ERROR - Error reading data: 'ShimmerBluetooth' object has no attribute 'read'
2025-11-13 11:12:40,830 - shimmer_device - ERROR - Error reading data: 'ShimmerBluetooth' object has no attribute 'read'
2025-11-13 11:12:40,831 - shimmer_device - ERROR - Error reading data: 'ShimmerBluetooth' object has no attribute 'read'
2025-11-13 11:12:40,832 - shimmer_device - ERROR - Error reading data: 'ShimmerBluetooth' object has no attribute 'read'
2025-11-13 11:12:40,833 - shimmer_device - ERROR - Error reading data: 'ShimmerBluetooth' object has no attribute 'read'
2025-11-13 11:12:40,835 - shimmer_device - ERROR - Error reading data: 'ShimmerBluetooth' object has no attribute 'read'
2025-11-13 11:12:40,836 - shimmer_device - ERROR - Error reading data: 'ShimmerBluetooth' object has no attribute 'read'
2025-11-13 11:12:40,837 - shimmer_device - ERROR - Error reading data: 'ShimmerBluetooth' object has no attribute 'read'
2025-11-13 11:12:40,838 - shimmer_device - ERROR - Error reading data: 'ShimmerBluetooth' object has no attribute 'read'
2025-11-13 11:12:40,839 - shimmer_device - ERROR - Error reading data: 'ShimmerBluetooth' object has no attribute 'read'
2025-11-13 11:12:40,840 - shimmer_device - ERROR - Error reading data: 'ShimmerBluetooth' object has no attribute 'read'
2025-11-13 11:12:40,842 - shimmer_device - ERROR - Error reading data: 'ShimmerBluetooth' object has no attribute 'read'
2025-11-13 11:12:40,844 - shimmer_device - ERROR - Error reading data: 'ShimmerBluetooth' object has no attribute 'read'
2025-11-13 11:12:40,847 - shimmer_device - ERROR - Error reading data: 'ShimmerBluetooth' object has no attribute 'read'
2025-11-13 11:12:40,848 - shimmer_device - ERROR - Error reading data: 'ShimmerBluetooth' object has no attribute 'read'
2025-11-13 11:12:40,849 - shimmer_device - ERROR - Error reading data: 'ShimmerBluetooth' object has no attribute 'read'
2025-11-13 11:12:40,850 - shimmer_device - ERROR - Error reading data: 'ShimmerBluetooth' object has no attribute 'read'
2025-11-13 11:12:40,851 - shimmer_device - ERROR - Error reading data: 'ShimmerBluetooth' object has no attribute 'read'
2025-11-13 11:12:40,853 - shimmer_device - ERROR - Error reading data: 'ShimmerBluetooth' object has no attribute 'read'
2025-11-13 11:12:40,854 - shimmer_device - ERROR - Error reading data: 'ShimmerBluetooth' object has no attribute 'read'
2025-11-13 11:12:40,855 - shimmer_device - ERROR - Error reading data: 'ShimmerBluetooth' object has no attribute 'read'
2025-11-13 11:12:40,856 - shimmer_device - ERROR - Error reading data: 'ShimmerBluetooth' object has no attribute 'read'
2025-11-13 11:12:40,857 - shimmer_device - ERROR - Error reading data: 'ShimmerBluetooth' object has no attribute 'read'
2025-11-13 11:12:40,858 - shimmer_device - ERROR - Error reading data: 'ShimmerBluetooth' object has no attribute 'read'
2025-11-13 11:12:40,859 - shimmer_device - ERROR - Error reading data: 'ShimmerBluetooth' object has no attribute 'read'
2025-11-13 11:12:40,861 - shimmer_device - ERROR - Error reading data: 'ShimmerBluetooth' object has no attribute 'read'
2025-11-13 11:12:40,863 - shimmer_device - ERROR - Error reading data: 'ShimmerBluetooth' object has no attribute 'read'
2025-11-13 11:12:40,864 - shimmer_device - ERROR - Error reading data: 'ShimmerBluetooth' object has no attribute 'read'
2025-11-13 11:12:40,865 - shimmer_device - ERROR - Error reading data: 'ShimmerBluetooth' object has no attribute 'read'
2025-11-13 11:12:40,866 - shimmer_device - ERROR - Error reading data: 'ShimmerBluetooth' object has no attribute 'read'
2025-11-13 11:12:40,867 - shimmer_device - ERROR - Error reading data: 'ShimmerBluetooth' object has no attribute 'read'
2025-11-13 11:12:40,869 - shimmer_device - ERROR - Error reading data: 'ShimmerBluetooth' object has no attribute 'read'
2025-11-13 11:12:40,870 - shimmer_device - ERROR - Error reading data: 'ShimmerBluetooth' object has no attribute 'read'
2025-11-13 11:12:40,872 - shimmer_device - ERROR - Error reading data: 'ShimmerBluetooth' object has no attribute 'read'
2025-11-13 11:12:40,873 - shimmer_device - ERROR - Error reading data: 'ShimmerBluetooth' object has no attribute 'read'
2025-11-13 11:12:40,874 - shimmer_device - ERROR - Error reading data: 'ShimmerBluetooth' object has no attribute 'read'
2025-11-13 11:12:40,875 - shimmer_device - ERROR - Error reading data: 'ShimmerBluetooth' object has no attribute 'read'
2025-11-13 11:12:40,877 - shimmer_device - ERROR - Error reading data: 'ShimmerBluetooth' object has no attribute 'read'
2025-11-13 11:12:40,878 - shimmer_device - ERROR - Error reading data: 'ShimmerBluetooth' object has no attribute 'read'
2025-11-13 11:12:40,880 - shimmer_device - ERROR - Error reading data: 'ShimmerBluetooth' object has no attribute 'read'
2025-11-13 11:12:40,881 - shimmer_device - ERROR - Error reading data: 'ShimmerBluetooth' object has no attribute 'read'
2025-11-13 11:12:40,883 - shimmer_device - ERROR - Error reading data: 'ShimmerBluetooth' object has no attribute 'read'
2025-11-13 11:12:40,884 - shimmer_device - ERROR - Error reading data: 'ShimmerBluetooth' object has no attribute 'read'
2025-11-13 11:12:40,885 - shimmer_device - ERROR - Error reading data: 'ShimmerBluetooth' object has no attribute 'read'
2025-11-13 11:12:40,886 - shimmer_device - ERROR - Error reading data: 'ShimmerBluetooth' object has no attribute 'read'
2025-11-13 11:12:40,888 - shimmer_device - ERROR - Error reading data: 'ShimmerBluetooth' object has no attribute 'read'
2025-11-13 11:12:40,889 - shimmer_device - ERROR - Error reading data: 'ShimmerBluetooth' object has no attribute 'read'
2025-11-13 11:12:40,890 - shimmer_device - ERROR - Error reading data: 'ShimmerBluetooth' object has no attribute 'read'
2025-11-13 11:12:40,892 - shimmer_device - ERROR - Error reading data: 'ShimmerBluetooth' object has no attribute 'read'
2025-11-13 11:12:40,894 - shimmer_device - ERROR - Error reading data: 'ShimmerBluetooth' object has no attribute 'read'
2025-11-13 11:12:40,895 - shimmer_device - ERROR - Error reading data: 'ShimmerBluetooth' object has no attribute 'read'
2025-11-13 11:12:40,897 - shimmer_device - ERROR - Error reading data: 'ShimmerBluetooth' object has no attribute 'read'
2025-11-13 11:12:40,898 - shimmer_device - ERROR - Error reading data: 'ShimmerBluetooth' object has no attribute 'read'
2025-11-13 11:12:40,900 - shimmer_device - ERROR - Error reading data: 'ShimmerBluetooth' object has no attribute 'read'
2025-11-13 11:12:40,901 - shimmer_device - ERROR - Error reading data: 'ShimmerBluetooth' object has no attribute 'read'
2025-11-13 11:12:40,904 - shimmer_device - ERROR - Error reading data: 'ShimmerBluetooth' object has no attribute 'read'
2025-11-13 11:12:40,905 - shimmer_device - ERROR - Error reading data: 'ShimmerBluetooth' object has no attribute 'read'
2025-11-13 11:12:40,907 - shimmer_device - ERROR - Error reading data: 'ShimmerBluetooth' object has no attribute 'read'
2025-11-13 11:12:40,909 - shimmer_device - ERROR - Error reading data: 'ShimmerBluetooth' object has no attribute 'read'
2025-11-13 11:12:40,910 - shimmer_device - ERROR - Error reading data: 'ShimmerBluetooth' object has no attribute 'read'
2025-11-13 11:12:40,912 - shimmer_device - ERROR - Error reading data: 'ShimmerBluetooth' object has no attribute 'read'
2025-11-13 11:12:40,913 - shimmer_device - ERROR - Error reading data: 'ShimmerBluetooth' object has no attribute 'read'
2025-11-13 11:12:40,914 - shimmer_device - ERROR - Error reading data: 'ShimmerBluetooth' object has no attribute 'read'
2025-11-13 11:12:40,915 - shimmer_device - ERROR - Error reading data: 'ShimmerBluetooth' object has no attribute 'read'
2025-11-13 11:12:40,917 - shimmer_device - ERROR - Error reading data: 'ShimmerBluetooth' object has no attribute 'read'
2025-11-13 11:12:40,918 - shimmer_device - ERROR - Error reading data: 'ShimmerBluetooth' object has no attribute 'read'
2025-11-13 11:12:40,919 - shimmer_device - ERROR - Error reading data: 'ShimmerBluetooth' object has no attribute 'read'
2025-11-13 11:12:40,921 - shimmer_device - ERROR - Error reading data: 'ShimmerBluetooth' object has no attribute 'read'
2025-11-13 11:12:40,922 - shimmer_device - ERROR - Error reading data: 'ShimmerBluetooth' object has no attribute 'read'
2025-11-13 11:12:40,925 - shimmer_device - ERROR - Error reading data: 'ShimmerBluetooth' object has no attribute 'read'
2025-11-13 11:12:40,926 - shimmer_device - ERROR - Error reading data: 'ShimmerBluetooth' object has no attribute 'read'
2025-11-13 11:12:40,927 - shimmer_device - ERROR - Error reading data: 'ShimmerBluetooth' object has no attribute 'read'
2025-11-13 11:12:40,929 - shimmer_device - ERROR - Error reading data: 'ShimmerBluetooth' object has no attribute 'read'
2025-11-13 11:12:40,931 - shimmer_device - ERROR - Error reading data: 'ShimmerBluetooth' object has no attribute 'read'
2025-11-13 11:12:40,932 - shimmer_device - ERROR - Error reading data: 'ShimmerBluetooth' object has no attribute 'read'
2025-11-13 11:12:40,934 - shimmer_device - ERROR - Error reading data: 'ShimmerBluetooth' object has no attribute 'read'
2025-11-13 11:12:40,936 - shimmer_device - ERROR - Error reading data: 'ShimmerBluetooth' object has no attribute 'read'
2025-11-13 11:12:40,938 - shimmer_device - ERROR - Error reading data: 'ShimmerBluetooth' object has no attribute 'read'
2025-11-13 11:12:40,940 - shimmer_device - ERROR - Error reading data: 'ShimmerBluetooth' object has no attribute 'read'
2025-11-13 11:12:40,942 - shimmer_device - ERROR - Error reading data: 'ShimmerBluetooth' object has no attribute 'read'
2025-11-13 11:12:40,944 - shimmer_device - ERROR - Error reading data: 'ShimmerBluetooth' object has no attribute 'read'
2025-11-13 11:12:40,945 - shimmer_device - ERROR - Error reading data: 'ShimmerBluetooth' object has no attribute 'read'
2025-11-13 11:12:40,946 - shimmer_device - ERROR - Error reading data: 'ShimmerBluetooth' object has no attribute 'read'
2025-11-13 11:12:40,947 - shimmer_device - ERROR - Error reading data: 'ShimmerBluetooth' object has no attribute 'read'
2025-11-13 11:12:40,948 - shimmer_device - ERROR - Error reading data: 'ShimmerBluetooth' object has no attribute 'read'
2025-11-13 11:12:40,949 - shimmer_device - ERROR - Error reading data: 'ShimmerBluetooth' object has no attribute 'read'
2025-11-13 11:12:40,951 - shimmer_device - ERROR - Error reading data: 'ShimmerBluetooth' object has no attribute 'read'
2025-11-13 11:12:40,953 - shimmer_device - ERROR - Error reading data: 'ShimmerBluetooth' object has no attribute 'read'
2025-11-13 11:12:40,954 - shimmer_device - ERROR - Error reading data: 'ShimmerBluetooth' object has no attribute 'read'
2025-11-13 11:12:40,955 - shimmer_device - ERROR - Error reading data: 'ShimmerBluetooth' object has no attribute 'read'
2025-11-13 11:12:40,957 - shimmer_device - ERROR - Error reading data: 'ShimmerBluetooth' object has no attribute 'read'
2025-11-13 11:12:40,958 - shimmer_device - ERROR - Error reading data: 'ShimmerBluetooth' object has no attribute 'read'
2025-11-13 11:12:40,959 - shimmer_device - ERROR - Error reading data: 'ShimmerBluetooth' object has no attribute 'read'
2025-11-13 11:12:40,961 - shimmer_device - ERROR - Error reading data: 'ShimmerBluetooth' object has no attribute 'read'
2025-11-13 11:12:40,962 - shimmer_device - ERROR - Error reading data: 'ShimmerBluetooth' object has no attribute 'read'
2025-11-13 11:12:40,963 - shimmer_device - ERROR - Error reading data: 'ShimmerBluetooth' object has no attribute 'read'
2025-11-13 11:12:40,964 - shimmer_device - ERROR - Error reading data: 'ShimmerBluetooth' object has no attribute 'read'
2025-11-13 11:12:40,965 - shimmer_device - ERROR - Error reading data: 'ShimmerBluetooth' object has no attribute 'read'
2025-11-13 11:12:40,966 - shimmer_device - ERROR - Error reading data: 'ShimmerBluetooth' object has no attribute 'read'
2025-11-13 11:12:40,967 - shimmer_device - ERROR - Error reading data: 'ShimmerBluetooth' object has no attribute 'read'
2025-11-13 11:12:40,968 - shimmer_device - ERROR - Error reading data: 'ShimmerBluetooth' object has no attribute 'read'
2025-11-13 11:12:40,969 - shimmer_device - ERROR - Error reading data: 'ShimmerBluetooth' object has no attribute 'read'
2025-11-13 11:12:40,970 - shimmer_device - ERROR - Error reading data: 'ShimmerBluetooth' object has no attribute 'read'
2025-11-13 11:12:40,971 - shimmer_device - ERROR - Error reading data: 'ShimmerBluetooth' object has no attribute 'read'
2025-11-13 11:12:40,972 - shimmer_device - ERROR - Error reading data: 'ShimmerBluetooth' object has no attribute 'read'
2025-11-13 11:12:40,973 - shimmer_device - ERROR - Error reading data: 'ShimmerBluetooth' object has no attribute 'read'
2025-11-13 11:12:40,974 - shimmer_device - ERROR - Error reading data: 'ShimmerBluetooth' object has no attribute 'read'
2025-11-13 11:12:40,975 - shimmer_device - ERROR - Error reading data: 'ShimmerBluetooth' object has no attribute 'read'
2025-11-13 11:12:40,976 - shimmer_device - ERROR - Error reading data: 'ShimmerBluetooth' object has no attribute 'read'
2025-11-13 11:12:40,978 - shimmer_device - ERROR - Error reading data: 'ShimmerBluetooth' object has no attribute 'read'
2025-11-13 11:12:40,979 - shimmer_device - ERROR - Error reading data: 'ShimmerBluetooth' object has no attribute 'read'
2025-11-13 11:12:40,980 - shimmer_device - ERROR - Error reading data: 'ShimmerBluetooth' object has no attribute 'read'
2025-11-13 11:12:40,981 - shimmer_device - ERROR - Error reading data: 'ShimmerBluetooth' object has no attribute 'read'
2025-11-13 11:12:40,982 - shimmer_device - ERROR - Error reading data: 'ShimmerBluetooth' object has no attribute 'read'
2025-11-13 11:12:40,983 - shimmer_device - ERROR - Error reading data: 'ShimmerBluetooth' object has no attribute 'read'
2025-11-13 11:12:40,985 - shimmer_device - ERROR - Error reading data: 'ShimmerBluetooth' object has no attribute 'read'
2025-11-13 11:12:40,986 - shimmer_device - ERROR - Error reading data: 'ShimmerBluetooth' object has no attribute 'read'
2025-11-13 11:12:40,987 - shimmer_device - ERROR - Error reading data: 'ShimmerBluetooth' object has no attribute 'read'
2025-11-13 11:12:40,989 - shimmer_device - ERROR - Error reading data: 'ShimmerBluetooth' object has no attribute 'read'
2025-11-13 11:12:40,990 - shimmer_device - ERROR - Error reading data: 'ShimmerBluetooth' object has no attribute 'read'
2025-11-13 11:12:40,991 - shimmer_device - ERROR - Error reading data: 'ShimmerBluetooth' object has no attribute 'read'
2025-11-13 11:12:40,992 - shimmer_device - ERROR - Error reading data: 'ShimmerBluetooth' object has no attribute 'read'
2025-11-13 11:12:40,993 - shimmer_device - ERROR - Error reading data: 'ShimmerBluetooth' object has no attribute 'read'
2025-11-13 11:12:40,994 - shimmer_device - ERROR - Error reading data: 'ShimmerBluetooth' object has no attribute 'read'
2025-11-13 11:12:40,995 - shimmer_device - ERROR - Error reading data: 'ShimmerBluetooth' object has no attribute 'read'
2025-11-13 11:12:40,997 - shimmer_device - ERROR - Error reading data: 'ShimmerBluetooth' object has no attribute 'read'
2025-11-13 11:12:40,998 - shimmer_device - ERROR - Error reading data: 'ShimmerBluetooth' object has no attribute 'read'
2025-11-13 11:12:40,999 - shimmer_device - ERROR - Error reading data: 'ShimmerBluetooth' object has no attribute 'read'
2025-11-13 11:12:41,000 - shimmer_device - ERROR - Error reading data: 'ShimmerBluetooth' object has no attribute 'read'
2025-11-13 11:12:41,001 - shimmer_device - ERROR - Error reading data: 'ShimmerBluetooth' object has no attribute 'read'
2025-11-13 11:12:41,002 - shimmer_device - ERROR - Error reading data: 'ShimmerBluetooth' object has no attribute 'read'
2025-11-13 11:12:41,003 - shimmer_device - ERROR - Error reading data: 'ShimmerBluetooth' object has no attribute 'read'
2025-11-13 11:12:41,004 - shimmer_device - ERROR - Error reading data: 'ShimmerBluetooth' object has no attribute 'read'
2025-11-13 11:12:41,005 - shimmer_device - ERROR - Error reading data: 'ShimmerBluetooth' object has no attribute 'read'
2025-11-13 11:12:41,006 - shimmer_device - ERROR - Error reading data: 'ShimmerBluetooth' object has no attribute 'read'
2025-11-13 11:12:41,007 - shimmer_device - ERROR - Error reading data: 'ShimmerBluetooth' object has no attribute 'read'
2025-11-13 11:12:41,008 - shimmer_device - ERROR - Error reading data: 'ShimmerBluetooth' object has no attribute 'read'
2025-11-13 11:12:41,010 - shimmer_device - ERROR - Error reading data: 'ShimmerBluetooth' object has no attribute 'read'
2025-11-13 11:12:41,012 - shimmer_device - ERROR - Error reading data: 'ShimmerBluetooth' object has no attribute 'read'
2025-11-13 11:12:41,013 - shimmer_device - ERROR - Error reading data: 'ShimmerBluetooth' object has no attribute 'read'
2025-11-13 11:12:41,016 - shimmer_device - ERROR - Error reading data: 'ShimmerBluetooth' object has no attribute 'read'
2025-11-13 11:12:41,017 - shimmer_device - ERROR - Error reading data: 'ShimmerBluetooth' object has no attribute 'read'
2025-11-13 11:12:41,018 - shimmer_device - ERROR - Error reading data: 'ShimmerBluetooth' object has no attribute 'read'
2025-11-13 11:12:41,019 - shimmer_device - ERROR - Error reading data: 'ShimmerBluetooth' object has no attribute 'read'
2025-11-13 11:12:41,020 - shimmer_device - ERROR - Error reading data: 'ShimmerBluetooth' object has no attribute 'read'
2025-11-13 11:12:41,021 - shimmer_device - ERROR - Error reading data: 'ShimmerBluetooth' object has no attribute 'read'
2025-11-13 11:12:41,022 - shimmer_device - ERROR - Error reading data: 'ShimmerBluetooth' object has no attribute 'read'
2025-11-13 11:12:41,023 - shimmer_device - ERROR - Error reading data: 'ShimmerBluetooth' object has no attribute 'read'
2025-11-13 11:12:41,024 - shimmer_device - ERROR - Error reading data: 'ShimmerBluetooth' object has no attribute 'read'
2025-11-13 11:12:41,025 - shimmer_device - ERROR - Error reading data: 'ShimmerBluetooth' object has no attribute 'read'
2025-11-13 11:12:41,026 - shimmer_device - ERROR - Error reading data: 'ShimmerBluetooth' object has no attribute 'read'
2025-11-13 11:12:41,028 - shimmer_device - ERROR - Error reading data: 'ShimmerBluetooth' object has no attribute 'read'
2025-11-13 11:12:41,029 - shimmer_device - ERROR - Error reading data: 'ShimmerBluetooth' object has no attribute 'read'
2025-11-13 11:12:41,030 - shimmer_device - ERROR - Error reading data: 'ShimmerBluetooth' object has no attribute 'read'
2025-11-13 11:12:41,031 - shimmer_device - ERROR - Error reading data: 'ShimmerBluetooth' object has no attribute 'read'
2025-11-13 11:12:41,033 - shimmer_device - ERROR - Error reading data: 'ShimmerBluetooth' object has no attribute 'read'
2025-11-13 11:12:41,034 - shimmer_device - ERROR - Error reading data: 'ShimmerBluetooth' object has no attribute 'read'
2025-11-13 11:12:41,035 - shimmer_device - ERROR - Error reading data: 'ShimmerBluetooth' object has no attribute 'read'
2025-11-13 11:12:41,036 - shimmer_device - ERROR - Error reading data: 'ShimmerBluetooth' object has no attribute 'read'
2025-11-13 11:12:41,037 - shimmer_device - ERROR - Error reading data: 'ShimmerBluetooth' object has no attribute 'read'
2025-11-13 11:12:41,039 - shimmer_device - ERROR - Error reading data: 'ShimmerBluetooth' object has no attribute 'read'
2025-11-13 11:12:41,041 - shimmer_device - ERROR - Error reading data: 'ShimmerBluetooth' object has no attribute 'read'
2025-11-13 11:12:41,043 - shimmer_device - ERROR - Error reading data: 'ShimmerBluetooth' object has no attribute 'read'
2025-11-13 11:12:41,044 - shimmer_device - ERROR - Error reading data: 'ShimmerBluetooth' object has no attribute 'read'
2025-11-13 11:12:41,045 - shimmer_device - ERROR - Error reading data: 'ShimmerBluetooth' object has no attribute 'read'
2025-11-13 11:12:41,047 - shimmer_device - ERROR - Error reading data: 'ShimmerBluetooth' object has no attribute 'read'
2025-11-13 11:12:41,049 - shimmer_device - ERROR - Error reading data: 'ShimmerBluetooth' object has no attribute 'read'
2025-11-13 11:12:41,050 - shimmer_device - ERROR - Error reading data: 'ShimmerBluetooth' object has no attribute 'read'
2025-11-13 11:12:41,052 - shimmer_device - ERROR - Error reading data: 'ShimmerBluetooth' object has no attribute 'read'
2025-11-13 11:12:41,054 - shimmer_device - ERROR - Error reading data: 'ShimmerBluetooth' object has no attribute 'read'
2025-11-13 11:12:41,055 - shimmer_device - ERROR - Error reading data: 'ShimmerBluetooth' object has no attribute 'read'
2025-11-13 11:12:41,056 - shimmer_device - ERROR - Error reading data: 'ShimmerBluetooth' object has no attribute 'read'
2025-11-13 11:12:41,057 - shimmer_device - ERROR - Error reading data: 'ShimmerBluetooth' object has no attribute 'read'
2025-11-13 11:12:41,059 - shimmer_device - ERROR - Error reading data: 'ShimmerBluetooth' object has no attribute 'read'
2025-11-13 11:12:41,061 - shimmer_device - ERROR - Error reading data: 'ShimmerBluetooth' object has no attribute 'read'
2025-11-13 11:12:41,063 - shimmer_device - ERROR - Error reading data: 'ShimmerBluetooth' object has no attribute 'read'
2025-11-13 11:12:41,065 - shimmer_device - ERROR - Error reading data: 'ShimmerBluetooth' object has no attribute 'read'
2025-11-13 11:12:41,066 - shimmer_device - ERROR - Error reading data: 'ShimmerBluetooth' object has no attribute 'read'
2025-11-13 11:12:41,067 - shimmer_device - ERROR - Error reading data: 'ShimmerBluetooth' object has no attribute 'read'
2025-11-13 11:12:41,068 - shimmer_device - ERROR - Error reading data: 'ShimmerBluetooth' object has no attribute 'read'
2025-11-13 11:12:41,070 - shimmer_device - ERROR - Error reading data: 'ShimmerBluetooth' object has no attribute 'read'
2025-11-13 11:12:41,071 - shimmer_device - ERROR - Error reading data: 'ShimmerBluetooth' object has no attribute 'read'
2025-11-13 11:12:41,073 - shimmer_device - ERROR - Error reading data: 'ShimmerBluetooth' object has no attribute 'read'
2025-11-13 11:12:41,074 - shimmer_device - ERROR - Error reading data: 'ShimmerBluetooth' object has no attribute 'read'
2025-11-13 11:12:41,075 - shimmer_device - ERROR - Error reading data: 'ShimmerBluetooth' object has no attribute 'read'
2025-11-13 11:12:41,077 - shimmer_device - ERROR - Error reading data: 'ShimmerBluetooth' object has no attribute 'read'
2025-11-13 11:12:41,078 - shimmer_device - ERROR - Error reading data: 'ShimmerBluetooth' object has no attribute 'read'
2025-11-13 11:12:41,079 - shimmer_device - ERROR - Error reading data: 'ShimmerBluetooth' object has no attribute 'read'
2025-11-13 11:12:41,079 - __main__ - INFO - 
============================================================
2025-11-13 11:12:41,079 - __main__ - INFO - Total samples: 0
2025-11-13 11:12:41,079 - __main__ - INFO - LSL pushed: 0
2025-11-13 11:12:41,079 - __main__ - INFO - LSL rate: 0.00 Hz (0.0% of nominal)
2025-11-13 11:12:41,079 - __main__ - INFO - Saved: 0
2025-11-13 11:12:41,079 - __main__ - INFO - Buffer: 0
2025-11-13 11:12:41,079 - __main__ - INFO - ============================================================
2025-11-13 11:12:41,080 - shimmer_device - ERROR - Error reading data: 'ShimmerBluetooth' object has no attribute 'read'
2025-11-13 11:12:41,082 - shimmer_device - ERROR - Error reading data: 'ShimmerBluetooth' object has no attribute 'read'
2025-11-13 11:12:41,083 - shimmer_device - ERROR - Error reading data: 'ShimmerBluetooth' object has no attribute 'read'
2025-11-13 11:12:41,085 - shimmer_device - ERROR - Error reading data: 'ShimmerBluetooth' object has no attribute 'read'
2025-11-13 11:12:41,086 - shimmer_device - ERROR - Error reading data: 'ShimmerBluetooth' object has no attribute 'read'
2025-11-13 11:12:41,087 - shimmer_device - ERROR - Error reading data: 'ShimmerBluetooth' object has no attribute 'read'
2025-11-13 11:12:41,088 - shimmer_device - ERROR - Error reading data: 'ShimmerBluetooth' object has no attribute 'read'
2025-11-13 11:12:41,090 - shimmer_device - ERROR - Error reading data: 'ShimmerBluetooth' object has no attribute 'read'
2025-11-13 11:12:41,091 - shimmer_device - ERROR - Error reading data: 'ShimmerBluetooth' object has no attribute 'read'
2025-11-13 11:12:41,093 - shimmer_device - ERROR - Error reading data: 'ShimmerBluetooth' object has no attribute 'read'
2025-11-13 11:12:41,094 - shimmer_device - ERROR - Error reading data: 'ShimmerBluetooth' object has no attribute 'read'
2025-11-13 11:12:41,096 - shimmer_device - ERROR - Error reading data: 'ShimmerBluetooth' object has no attribute 'read'
2025-11-13 11:12:41,098 - shimmer_device - ERROR - Error reading data: 'ShimmerBluetooth' object has no attribute 'read'
2025-11-13 11:12:41,099 - shimmer_device - ERROR - Error reading data: 'ShimmerBluetooth' object has no attribute 'read'
2025-11-13 11:12:41,101 - shimmer_device - ERROR - Error reading data: 'ShimmerBluetooth' object has no attribute 'read'
2025-11-13 11:12:41,103 - shimmer_device - ERROR - Error reading data: 'ShimmerBluetooth' object has no attribute 'read'
2025-11-13 11:12:41,104 - shimmer_device - ERROR - Error reading data: 'ShimmerBluetooth' object has no attribute 'read'
2025-11-13 11:12:41,105 - shimmer_device - ERROR - Error reading data: 'ShimmerBluetooth' object has no attribute 'read'
2025-11-13 11:12:41,106 - shimmer_device - ERROR - Error reading data: 'ShimmerBluetooth' object has no attribute 'read'
2025-11-13 11:12:41,108 - shimmer_device - ERROR - Error reading data: 'ShimmerBluetooth' object has no attribute 'read'
2025-11-13 11:12:41,110 - shimmer_device - ERROR - Error reading data: 'ShimmerBluetooth' object has no attribute 'read'
2025-11-13 11:12:41,111 - shimmer_device - ERROR - Error reading data: 'ShimmerBluetooth' object has no attribute 'read'
2025-11-13 11:12:41,112 - shimmer_device - ERROR - Error reading data: 'ShimmerBluetooth' object has no attribute 'read'
2025-11-13 11:12:41,113 - shimmer_device - ERROR - Error reading data: 'ShimmerBluetooth' object has no attribute 'read'
2025-11-13 11:12:41,114 - shimmer_device - ERROR - Error reading data: 'ShimmerBluetooth' object has no attribute 'read'
2025-11-13 11:12:41,115 - shimmer_device - ERROR - Error reading data: 'ShimmerBluetooth' object has no attribute 'read'
2025-11-13 11:12:41,116 - shimmer_device - ERROR - Error reading data: 'ShimmerBluetooth' object has no attribute 'read'
2025-11-13 11:12:41,117 - shimmer_device - ERROR - Error reading data: 'ShimmerBluetooth' object has no attribute 'read'
2025-11-13 11:12:41,118 - shimmer_device - ERROR - Error reading data: 'ShimmerBluetooth' object has no attribute 'read'
2025-11-13 11:12:41,119 - shimmer_device - ERROR - Error reading data: 'ShimmerBluetooth' object has no attribute 'read'
2025-11-13 11:12:41,120 - shimmer_device - ERROR - Error reading data: 'ShimmerBluetooth' object has no attribute 'read'
2025-11-13 11:12:41,121 - shimmer_device - ERROR - Error reading data: 'ShimmerBluetooth' object has no attribute 'read'
2025-11-13 11:12:41,122 - shimmer_device - ERROR - Error reading data: 'ShimmerBluetooth' object has no attribute 'read'
2025-11-13 11:12:41,123 - shimmer_device - ERROR - Error reading data: 'ShimmerBluetooth' object has no attribute 'read'
2025-11-13 11:12:41,125 - shimmer_device - ERROR - Error reading data: 'ShimmerBluetooth' object has no attribute 'read'
2025-11-13 11:12:41,126 - shimmer_device - ERROR - Error reading data: 'ShimmerBluetooth' object has no attribute 'read'
2025-11-13 11:12:41,127 - shimmer_device - ERROR - Error reading data: 'ShimmerBluetooth' object has no attribute 'read'
2025-11-13 11:12:41,128 - shimmer_device - ERROR - Error reading data: 'ShimmerBluetooth' object has no attribute 'read'
2025-11-13 11:12:41,129 - shimmer_device - ERROR - Error reading data: 'ShimmerBluetooth' object has no attribute 'read'
2025-11-13 11:12:41,130 - shimmer_device - ERROR - Error reading data: 'ShimmerBluetooth' object has no attribute 'read'
2025-11-13 11:12:41,131 - shimmer_device - ERROR - Error reading data: 'ShimmerBluetooth' object has no attribute 'read'
2025-11-13 11:12:41,132 - shimmer_device - ERROR - Error reading data: 'ShimmerBluetooth' object has no attribute 'read'
2025-11-13 11:12:41,133 - shimmer_device - ERROR - Error reading data: 'ShimmerBluetooth' object has no attribute 'read'
2025-11-13 11:12:41,135 - shimmer_device - ERROR - Error reading data: 'ShimmerBluetooth' object has no attribute 'read'
2025-11-13 11:12:41,137 - shimmer_device - ERROR - Error reading data: 'ShimmerBluetooth' object has no attribute 'read'
2025-11-13 11:12:41,138 - shimmer_device - ERROR - Error reading data: 'ShimmerBluetooth' object has no attribute 'read'
2025-11-13 11:12:41,140 - shimmer_device - ERROR - Error reading data: 'ShimmerBluetooth' object has no attribute 'read'
2025-11-13 11:12:41,142 - shimmer_device - ERROR - Error reading data: 'ShimmerBluetooth' object has no attribute 'read'
2025-11-13 11:12:41,143 - shimmer_device - ERROR - Error reading data: 'ShimmerBluetooth' object has no attribute 'read'
2025-11-13 11:12:41,144 - shimmer_device - ERROR - Error reading data: 'ShimmerBluetooth' object has no attribute 'read'
2025-11-13 11:12:41,145 - shimmer_device - ERROR - Error reading data: 'ShimmerBluetooth' object has no attribute 'read'
2025-11-13 11:12:41,146 - shimmer_device - ERROR - Error reading data: 'ShimmerBluetooth' object has no attribute 'read'
2025-11-13 11:12:41,147 - shimmer_device - ERROR - Error reading data: 'ShimmerBluetooth' object has no attribute 'read'
2025-11-13 11:12:41,149 - shimmer_device - ERROR - Error reading data: 'ShimmerBluetooth' object has no attribute 'read'
2025-11-13 11:12:41,150 - shimmer_device - ERROR - Error reading data: 'ShimmerBluetooth' object has no attribute 'read'
2025-11-13 11:12:41,151 - shimmer_device - ERROR - Error reading data: 'ShimmerBluetooth' object has no attribute 'read'
2025-11-13 11:12:41,152 - shimmer_device - ERROR - Error reading data: 'ShimmerBluetooth' object has no attribute 'read'
2025-11-13 11:12:41,153 - shimmer_device - ERROR - Error reading data: 'ShimmerBluetooth' object has no attribute 'read'
2025-11-13 11:12:41,154 - shimmer_device - ERROR - Error reading data: 'ShimmerBluetooth' object has no attribute 'read'
2025-11-13 11:12:41,155 - shimmer_device - ERROR - Error reading data: 'ShimmerBluetooth' object has no attribute 'read'
2025-11-13 11:12:41,156 - shimmer_device - ERROR - Error reading data: 'ShimmerBluetooth' object has no attribute 'read'
2025-11-13 11:12:41,157 - shimmer_device - ERROR - Error reading data: 'ShimmerBluetooth' object has no attribute 'read'
2025-11-13 11:12:41,158 - shimmer_device - ERROR - Error reading data: 'ShimmerBluetooth' object has no attribute 'read'
2025-11-13 11:12:41,159 - shimmer_device - ERROR - Error reading data: 'ShimmerBluetooth' object has no attribute 'read'
2025-11-13 11:12:41,161 - shimmer_device - ERROR - Error reading data: 'ShimmerBluetooth' object has no attribute 'read'
2025-11-13 11:12:41,162 - shimmer_device - ERROR - Error reading data: 'ShimmerBluetooth' object has no attribute 'read'
2025-11-13 11:12:41,164 - shimmer_device - ERROR - Error reading data: 'ShimmerBluetooth' object has no attribute 'read'
2025-11-13 11:12:41,165 - shimmer_device - ERROR - Error reading data: 'ShimmerBluetooth' object has no attribute 'read'
2025-11-13 11:12:41,166 - shimmer_device - ERROR - Error reading data: 'ShimmerBluetooth' object has no attribute 'read'
2025-11-13 11:12:41,168 - shimmer_device - ERROR - Error reading data: 'ShimmerBluetooth' object has no attribute 'read'
2025-11-13 11:12:41,170 - shimmer_device - ERROR - Error reading data: 'ShimmerBluetooth' object has no attribute 'read'
2025-11-13 11:12:41,172 - shimmer_device - ERROR - Error reading data: 'ShimmerBluetooth' object has no attribute 'read'
2025-11-13 11:12:41,173 - shimmer_device - ERROR - Error reading data: 'ShimmerBluetooth' object has no attribute 'read'
2025-11-13 11:12:41,174 - shimmer_device - ERROR - Error reading data: 'ShimmerBluetooth' object has no attribute 'read'
2025-11-13 11:12:41,175 - shimmer_device - ERROR - Error reading data: 'ShimmerBluetooth' object has no attribute 'read'
2025-11-13 11:12:41,177 - shimmer_device - ERROR - Error reading data: 'ShimmerBluetooth' object has no attribute 'read'
2025-11-13 11:12:41,178 - shimmer_device - ERROR - Error reading data: 'ShimmerBluetooth' object has no attribute 'read'
2025-11-13 11:12:41,180 - shimmer_device - ERROR - Error reading data: 'ShimmerBluetooth' object has no attribute 'read'
2025-11-13 11:12:41,181 - shimmer_device - ERROR - Error reading data: 'ShimmerBluetooth' object has no attribute 'read'
2025-11-13 11:12:41,182 - shimmer_device - ERROR - Error reading data: 'ShimmerBluetooth' object has no attribute 'read'
2025-11-13 11:12:41,184 - shimmer_device - ERROR - Error reading data: 'ShimmerBluetooth' object has no attribute 'read'
2025-11-13 11:12:41,186 - shimmer_device - ERROR - Error reading data: 'ShimmerBluetooth' object has no attribute 'read'
2025-11-13 11:12:41,187 - shimmer_device - ERROR - Error reading data: 'ShimmerBluetooth' object has no attribute 'read'
2025-11-13 11:12:41,188 - shimmer_device - ERROR - Error reading data: 'ShimmerBluetooth' object has no attribute 'read'
2025-11-13 11:12:41,189 - shimmer_device - ERROR - Error reading data: 'ShimmerBluetooth' object has no attribute 'read'
2025-11-13 11:12:41,190 - shimmer_device - ERROR - Error reading data: 'ShimmerBluetooth' object has no attribute 'read'
2025-11-13 11:12:41,191 - shimmer_device - ERROR - Error reading data: 'ShimmerBluetooth' object has no attribute 'read'
2025-11-13 11:12:41,192 - shimmer_device - ERROR - Error reading data: 'ShimmerBluetooth' object has no attribute 'read'
2025-11-13 11:12:41,199 - shimmer_device - ERROR - Error reading data: 'ShimmerBluetooth' object has no attribute 'read'
2025-11-13 11:12:41,202 - shimmer_device - ERROR - Error reading data: 'ShimmerBluetooth' object has no attribute 'read'
2025-11-13 11:12:41,204 - shimmer_device - ERROR - Error reading data: 'ShimmerBluetooth' object has no attribute 'read'
2025-11-13 11:12:41,211 - shimmer_device - ERROR - Error reading data: 'ShimmerBluetooth' object has no attribute 'read'
2025-11-13 11:12:41,230 - shimmer_device - ERROR - Error reading data: 'ShimmerBluetooth' object has no attribute 'read'
2025-11-13 11:12:41,241 - shimmer_device - ERROR - Error reading data: 'ShimmerBluetooth' object has no attribute 'read'
2025-11-13 11:12:41,246 - shimmer_device - ERROR - Error reading data: 'ShimmerBluetooth' object has no attribute 'read'
2025-11-13 11:12:41,254 - shimmer_device - ERROR - Error reading data: 'ShimmerBluetooth' object has no attribute 'read'
2025-11-13 11:12:41,272 - shimmer_device - ERROR - Error reading data: 'ShimmerBluetooth' object has no attribute 'read'
2025-11-13 11:12:41,282 - shimmer_device - ERROR - Error reading data: 'ShimmerBluetooth' object has no attribute 'read'
2025-11-13 11:12:41,289 - shimmer_device - ERROR - Error reading data: 'ShimmerBluetooth' object has no attribute 'read'
2025-11-13 11:12:41,295 - shimmer_device - ERROR - Error reading data: 'ShimmerBluetooth' object has no attribute 'read'
2025-11-13 11:12:41,304 - shimmer_device - ERROR - Error reading data: 'ShimmerBluetooth' object has no attribute 'read'
2025-11-13 11:12:41,312 - shimmer_device - ERROR - Error reading data: 'ShimmerBluetooth' object has no attribute 'read'
2025-11-13 11:12:41,320 - shimmer_device - ERROR - Error reading data: 'ShimmerBluetooth' object has no attribute 'read'
2025-11-13 11:12:41,329 - shimmer_device - ERROR - Error reading data: 'ShimmerBluetooth' object has no attribute 'read'
2025-11-13 11:12:41,341 - shimmer_device - ERROR - Error reading data: 'ShimmerBluetooth' object has no attribute 'read'
2025-11-13 11:12:41,346 - shimmer_device - ERROR - Error reading data: 'ShimmerBluetooth' object has no attribute 'read'
2025-11-13 11:12:41,347 - shimmer_device - ERROR - Error reading data: 'ShimmerBluetooth' object has no attribute 'read'
2025-11-13 11:12:41,348 - shimmer_device - ERROR - Error reading data: 'ShimmerBluetooth' object has no attribute 'read'
2025-11-13 11:12:41,349 - shimmer_device - ERROR - Error reading data: 'ShimmerBluetooth' object has no attribute 'read'
2025-11-13 11:12:41,350 - shimmer_device - ERROR - Error reading data: 'ShimmerBluetooth' object has no attribute 'read'
2025-11-13 11:12:41,354 - shimmer_device - ERROR - Error reading data: 'ShimmerBluetooth' object has no attribute 'read'
2025-11-13 11:12:41,355 - shimmer_device - ERROR - Error reading data: 'ShimmerBluetooth' object has no attribute 'read'
2025-11-13 11:12:41,357 - shimmer_device - ERROR - Error reading data: 'ShimmerBluetooth' object has no attribute 'read'
2025-11-13 11:12:41,358 - shimmer_device - ERROR - Error reading data: 'ShimmerBluetooth' object has no attribute 'read'
2025-11-13 11:12:41,359 - shimmer_device - ERROR - Error reading data: 'ShimmerBluetooth' object has no attribute 'read'
2025-11-13 11:12:41,360 - shimmer_device - ERROR - Error reading data: 'ShimmerBluetooth' object has no attribute 'read'
2025-11-13 11:12:41,361 - shimmer_device - ERROR - Error reading data: 'ShimmerBluetooth' object has no attribute 'read'
2025-11-13 11:12:41,362 - shimmer_device - ERROR - Error reading data: 'ShimmerBluetooth' object has no attribute 'read'
2025-11-13 11:12:41,364 - shimmer_device - ERROR - Error reading data: 'ShimmerBluetooth' object has no attribute 'read'
2025-11-13 11:12:41,365 - shimmer_device - ERROR - Error reading data: 'ShimmerBluetooth' object has no attribute 'read'
2025-11-13 11:12:41,366 - shimmer_device - ERROR - Error reading data: 'ShimmerBluetooth' object has no attribute 'read'
2025-11-13 11:12:41,367 - shimmer_device - ERROR - Error reading data: 'ShimmerBluetooth' object has no attribute 'read'
2025-11-13 11:12:41,368 - shimmer_device - ERROR - Error reading data: 'ShimmerBluetooth' object has no attribute 'read'
2025-11-13 11:12:41,370 - shimmer_device - ERROR - Error reading data: 'ShimmerBluetooth' object has no attribute 'read'
2025-11-13 11:12:41,372 - shimmer_device - ERROR - Error reading data: 'ShimmerBluetooth' object has no attribute 'read'
2025-11-13 11:12:41,373 - shimmer_device - ERROR - Error reading data: 'ShimmerBluetooth' object has no attribute 'read'
2025-11-13 11:12:41,375 - shimmer_device - ERROR - Error reading data: 'ShimmerBluetooth' object has no attribute 'read'
2025-11-13 11:12:41,376 - shimmer_device - ERROR - Error reading data: 'ShimmerBluetooth' object has no attribute 'read'
2025-11-13 11:12:41,378 - shimmer_device - ERROR - Error reading data: 'ShimmerBluetooth' object has no attribute 'read'
2025-11-13 11:12:41,379 - shimmer_device - ERROR - Error reading data: 'ShimmerBluetooth' object has no attribute 'read'
2025-11-13 11:12:41,380 - shimmer_device - ERROR - Error reading data: 'ShimmerBluetooth' object has no attribute 'read'
2025-11-13 11:12:41,382 - shimmer_device - ERROR - Error reading data: 'ShimmerBluetooth' object has no attribute 'read'
2025-11-13 11:12:41,383 - shimmer_device - ERROR - Error reading data: 'ShimmerBluetooth' object has no attribute 'read'
2025-11-13 11:12:41,384 - shimmer_device - ERROR - Error reading data: 'ShimmerBluetooth' object has no attribute 'read'
2025-11-13 11:12:41,385 - shimmer_device - ERROR - Error reading data: 'ShimmerBluetooth' object has no attribute 'read'
2025-11-13 11:12:41,386 - shimmer_device - ERROR - Error reading data: 'ShimmerBluetooth' object has no attribute 'read'
2025-11-13 11:12:41,388 - shimmer_device - ERROR - Error reading data: 'ShimmerBluetooth' object has no attribute 'read'
2025-11-13 11:12:41,390 - shimmer_device - ERROR - Error reading data: 'ShimmerBluetooth' object has no attribute 'read'
2025-11-13 11:12:41,392 - shimmer_device - ERROR - Error reading data: 'ShimmerBluetooth' object has no attribute 'read'
2025-11-13 11:12:41,394 - shimmer_device - ERROR - Error reading data: 'ShimmerBluetooth' object has no attribute 'read'
2025-11-13 11:12:41,395 - shimmer_device - ERROR - Error reading data: 'ShimmerBluetooth' object has no attribute 'read'
2025-11-13 11:12:41,396 - shimmer_device - ERROR - Error reading data: 'ShimmerBluetooth' object has no attribute 'read'
2025-11-13 11:12:41,397 - shimmer_device - ERROR - Error reading data: 'ShimmerBluetooth' object has no attribute 'read'
2025-11-13 11:12:41,399 - shimmer_device - ERROR - Error reading data: 'ShimmerBluetooth' object has no attribute 'read'
2025-11-13 11:12:41,400 - shimmer_device - ERROR - Error reading data: 'ShimmerBluetooth' object has no attribute 'read'
2025-11-13 11:12:41,401 - shimmer_device - ERROR - Error reading data: 'ShimmerBluetooth' object has no attribute 'read'
2025-11-13 11:12:41,402 - shimmer_device - ERROR - Error reading data: 'ShimmerBluetooth' object has no attribute 'read'
2025-11-13 11:12:41,404 - shimmer_device - ERROR - Error reading data: 'ShimmerBluetooth' object has no attribute 'read'
2025-11-13 11:12:41,405 - shimmer_device - ERROR - Error reading data: 'ShimmerBluetooth' object has no attribute 'read'
2025-11-13 11:12:41,406 - shimmer_device - ERROR - Error reading data: 'ShimmerBluetooth' object has no attribute 'read'
2025-11-13 11:12:41,408 - shimmer_device - ERROR - Error reading data: 'ShimmerBluetooth' object has no attribute 'read'
2025-11-13 11:12:41,411 - shimmer_device - ERROR - Error reading data: 'ShimmerBluetooth' object has no attribute 'read'
2025-11-13 11:12:41,412 - shimmer_device - ERROR - Error reading data: 'ShimmerBluetooth' object has no attribute 'read'
2025-11-13 11:12:41,414 - shimmer_device - ERROR - Error reading data: 'ShimmerBluetooth' object has no attribute 'read'
2025-11-13 11:12:41,415 - shimmer_device - ERROR - Error reading data: 'ShimmerBluetooth' object has no attribute 'read'
2025-11-13 11:12:41,416 - shimmer_device - ERROR - Error reading data: 'ShimmerBluetooth' object has no attribute 'read'
2025-11-13 11:12:41,418 - shimmer_device - ERROR - Error reading data: 'ShimmerBluetooth' object has no attribute 'read'
2025-11-13 11:12:41,420 - shimmer_device - ERROR - Error reading data: 'ShimmerBluetooth' object has no attribute 'read'
2025-11-13 11:12:41,421 - shimmer_device - ERROR - Error reading data: 'ShimmerBluetooth' object has no attribute 'read'
2025-11-13 11:12:41,422 - shimmer_device - ERROR - Error reading data: 'ShimmerBluetooth' object has no attribute 'read'
2025-11-13 11:12:41,424 - shimmer_device - ERROR - Error reading data: 'ShimmerBluetooth' object has no attribute 'read'
2025-11-13 11:12:41,425 - shimmer_device - ERROR - Error reading data: 'ShimmerBluetooth' object has no attribute 'read'
2025-11-13 11:12:41,427 - shimmer_device - ERROR - Error reading data: 'ShimmerBluetooth' object has no attribute 'read'
2025-11-13 11:12:41,429 - shimmer_device - ERROR - Error reading data: 'ShimmerBluetooth' object has no attribute 'read'
2025-11-13 11:12:41,430 - shimmer_device - ERROR - Error reading data: 'ShimmerBluetooth' object has no attribute 'read'
2025-11-13 11:12:41,432 - shimmer_device - ERROR - Error reading data: 'ShimmerBluetooth' object has no attribute 'read'
2025-11-13 11:12:41,433 - shimmer_device - ERROR - Error reading data: 'ShimmerBluetooth' object has no attribute 'read'
2025-11-13 11:12:41,434 - shimmer_device - ERROR - Error reading data: 'ShimmerBluetooth' object has no attribute 'read'
2025-11-13 11:12:41,437 - shimmer_device - ERROR - Error reading data: 'ShimmerBluetooth' object has no attribute 'read'
2025-11-13 11:12:41,439 - shimmer_device - ERROR - Error reading data: 'ShimmerBluetooth' object has no attribute 'read'
2025-11-13 11:12:41,440 - shimmer_device - ERROR - Error reading data: 'ShimmerBluetooth' object has no attribute 'read'
2025-11-13 11:12:41,441 - shimmer_device - ERROR - Error reading data: 'ShimmerBluetooth' object has no attribute 'read'
2025-11-13 11:12:41,442 - shimmer_device - ERROR - Error reading data: 'ShimmerBluetooth' object has no attribute 'read'
2025-11-13 11:12:41,443 - shimmer_device - ERROR - Error reading data: 'ShimmerBluetooth' object has no attribute 'read'
2025-11-13 11:12:41,445 - shimmer_device - ERROR - Error reading data: 'ShimmerBluetooth' object has no attribute 'read'
2025-11-13 11:12:41,447 - shimmer_device - ERROR - Error reading data: 'ShimmerBluetooth' object has no attribute 'read'
2025-11-13 11:12:41,448 - shimmer_device - ERROR - Error reading data: 'ShimmerBluetooth' object has no attribute 'read'
2025-11-13 11:12:41,449 - shimmer_device - ERROR - Error reading data: 'ShimmerBluetooth' object has no attribute 'read'
2025-11-13 11:12:41,451 - shimmer_device - ERROR - Error reading data: 'ShimmerBluetooth' object has no attribute 'read'
2025-11-13 11:12:41,452 - shimmer_device - ERROR - Error reading data: 'ShimmerBluetooth' object has no attribute 'read'
2025-11-13 11:12:41,454 - shimmer_device - ERROR - Error reading data: 'ShimmerBluetooth' object has no attribute 'read'
2025-11-13 11:12:41,455 - shimmer_device - ERROR - Error reading data: 'ShimmerBluetooth' object has no attribute 'read'
2025-11-13 11:12:41,456 - shimmer_device - ERROR - Error reading data: 'ShimmerBluetooth' object has no attribute 'read'
2025-11-13 11:12:41,457 - shimmer_device - ERROR - Error reading data: 'ShimmerBluetooth' object has no attribute 'read'
2025-11-13 11:12:41,458 - shimmer_device - ERROR - Error reading data: 'ShimmerBluetooth' object has no attribute 'read'
2025-11-13 11:12:41,459 - shimmer_device - ERROR - Error reading data: 'ShimmerBluetooth' object has no attribute 'read'
2025-11-13 11:12:41,460 - shimmer_device - ERROR - Error reading data: 'ShimmerBluetooth' object has no attribute 'read'
2025-11-13 11:12:41,462 - shimmer_device - ERROR - Error reading data: 'ShimmerBluetooth' object has no attribute 'read'
2025-11-13 11:12:41,464 - shimmer_device - ERROR - Error reading data: 'ShimmerBluetooth' object has no attribute 'read'
2025-11-13 11:12:41,466 - shimmer_device - ERROR - Error reading data: 'ShimmerBluetooth' object has no attribute 'read'
2025-11-13 11:12:41,468 - shimmer_device - ERROR - Error reading data: 'ShimmerBluetooth' object has no attribute 'read'
2025-11-13 11:12:41,469 - shimmer_device - ERROR - Error reading data: 'ShimmerBluetooth' object has no attribute 'read'
2025-11-13 11:12:41,471 - shimmer_device - ERROR - Error reading data: 'ShimmerBluetooth' object has no attribute 'read'
2025-11-13 11:12:41,472 - shimmer_device - ERROR - Error reading data: 'ShimmerBluetooth' object has no attribute 'read'
2025-11-13 11:12:41,473 - shimmer_device - ERROR - Error reading data: 'ShimmerBluetooth' object has no attribute 'read'
2025-11-13 11:12:41,475 - shimmer_device - ERROR - Error reading data: 'ShimmerBluetooth' object has no attribute 'read'
2025-11-13 11:12:41,476 - shimmer_device - ERROR - Error reading data: 'ShimmerBluetooth' object has no attribute 'read'
2025-11-13 11:12:41,477 - shimmer_device - ERROR - Error reading data: 'ShimmerBluetooth' object has no attribute 'read'
2025-11-13 11:12:41,479 - shimmer_device - ERROR - Error reading data: 'ShimmerBluetooth' object has no attribute 'read'
2025-11-13 11:12:41,480 - shimmer_device - ERROR - Error reading data: 'ShimmerBluetooth' object has no attribute 'read'
2025-11-13 11:12:41,481 - shimmer_device - ERROR - Error reading data: 'ShimmerBluetooth' object has no attribute 'read'
2025-11-13 11:12:41,482 - shimmer_device - ERROR - Error reading data: 'ShimmerBluetooth' object has no attribute 'read'
2025-11-13 11:12:41,484 - shimmer_device - ERROR - Error reading data: 'ShimmerBluetooth' object has no attribute 'read'
2025-11-13 11:12:41,486 - shimmer_device - ERROR - Error reading data: 'ShimmerBluetooth' object has no attribute 'read'
2025-11-13 11:12:41,488 - shimmer_device - ERROR - Error reading data: 'ShimmerBluetooth' object has no attribute 'read'
2025-11-13 11:12:41,489 - shimmer_device - ERROR - Error reading data: 'ShimmerBluetooth' object has no attribute 'read'
2025-11-13 11:12:41,491 - shimmer_device - ERROR - Error reading data: 'ShimmerBluetooth' object has no attribute 'read'
2025-11-13 11:12:41,492 - shimmer_device - ERROR - Error reading data: 'ShimmerBluetooth' object has no attribute 'read'
2025-11-13 11:12:41,494 - shimmer_device - ERROR - Error reading data: 'ShimmerBluetooth' object has no attribute 'read'
2025-11-13 11:12:41,496 - shimmer_device - ERROR - Error reading data: 'ShimmerBluetooth' object has no attribute 'read'
2025-11-13 11:12:41,497 - shimmer_device - ERROR - Error reading data: 'ShimmerBluetooth' object has no attribute 'read'
2025-11-13 11:12:41,499 - shimmer_device - ERROR - Error reading data: 'ShimmerBluetooth' object has no attribute 'read'
2025-11-13 11:12:41,500 - shimmer_device - ERROR - Error reading data: 'ShimmerBluetooth' object has no attribute 'read'
2025-11-13 11:12:41,501 - shimmer_device - ERROR - Error reading data: 'ShimmerBluetooth' object has no attribute 'read'
2025-11-13 11:12:41,502 - shimmer_device - ERROR - Error reading data: 'ShimmerBluetooth' object has no attribute 'read'
2025-11-13 11:12:41,504 - shimmer_device - ERROR - Error reading data: 'ShimmerBluetooth' object has no attribute 'read'
2025-11-13 11:12:41,505 - shimmer_device - ERROR - Error reading data: 'ShimmerBluetooth' object has no attribute 'read'
2025-11-13 11:12:41,507 - shimmer_device - ERROR - Error reading data: 'ShimmerBluetooth' object has no attribute 'read'
2025-11-13 11:12:41,508 - shimmer_device - ERROR - Error reading data: 'ShimmerBluetooth' object has no attribute 'read'
2025-11-13 11:12:41,510 - shimmer_device - ERROR - Error reading data: 'ShimmerBluetooth' object has no attribute 'read'
2025-11-13 11:12:41,511 - shimmer_device - ERROR - Error reading data: 'ShimmerBluetooth' object has no attribute 'read'
2025-11-13 11:12:41,513 - shimmer_device - ERROR - Error reading data: 'ShimmerBluetooth' object has no attribute 'read'
2025-11-13 11:12:41,514 - shimmer_device - ERROR - Error reading data: 'ShimmerBluetooth' object has no attribute 'read'
2025-11-13 11:12:41,515 - shimmer_device - ERROR - Error reading data: 'ShimmerBluetooth' object has no attribute 'read'
2025-11-13 11:12:41,516 - shimmer_device - ERROR - Error reading data: 'ShimmerBluetooth' object has no attribute 'read'
2025-11-13 11:12:41,518 - shimmer_device - ERROR - Error reading data: 'ShimmerBluetooth' object has no attribute 'read'
2025-11-13 11:12:41,520 - shimmer_device - ERROR - Error reading data: 'ShimmerBluetooth' object has no attribute 'read'
2025-11-13 11:12:41,521 - shimmer_device - ERROR - Error reading data: 'ShimmerBluetooth' object has no attribute 'read'
2025-11-13 11:12:41,522 - shimmer_device - ERROR - Error reading data: 'ShimmerBluetooth' object has no attribute 'read'
2025-11-13 11:12:41,524 - shimmer_device - ERROR - Error reading data: 'ShimmerBluetooth' object has no attribute 'read'
2025-11-13 11:12:41,525 - shimmer_device - ERROR - Error reading data: 'ShimmerBluetooth' object has no attribute 'read'
2025-11-13 11:12:41,527 - shimmer_device - ERROR - Error reading data: 'ShimmerBluetooth' object has no attribute 'read'
2025-11-13 11:12:41,528 - shimmer_device - ERROR - Error reading data: 'ShimmerBluetooth' object has no attribute 'read'
2025-11-13 11:12:41,530 - shimmer_device - ERROR - Error reading data: 'ShimmerBluetooth' object has no attribute 'read'
2025-11-13 11:12:41,532 - shimmer_device - ERROR - Error reading data: 'ShimmerBluetooth' object has no attribute 'read'
2025-11-13 11:12:41,533 - shimmer_device - ERROR - Error reading data: 'ShimmerBluetooth' object has no attribute 'read'
2025-11-13 11:12:41,534 - shimmer_device - ERROR - Error reading data: 'ShimmerBluetooth' object has no attribute 'read'
2025-11-13 11:12:41,536 - shimmer_device - ERROR - Error reading data: 'ShimmerBluetooth' object has no attribute 'read'
2025-11-13 11:12:41,537 - shimmer_device - ERROR - Error reading data: 'ShimmerBluetooth' object has no attribute 'read'
2025-11-13 11:12:41,539 - shimmer_device - ERROR - Error reading data: 'ShimmerBluetooth' object has no attribute 'read'
2025-11-13 11:12:41,540 - shimmer_device - ERROR - Error reading data: 'ShimmerBluetooth' object has no attribute 'read'
2025-11-13 11:12:41,542 - shimmer_device - ERROR - Error reading data: 'ShimmerBluetooth' object has no attribute 'read'
2025-11-13 11:12:41,543 - shimmer_device - ERROR - Error reading data: 'ShimmerBluetooth' object has no attribute 'read'
2025-11-13 11:12:41,544 - shimmer_device - ERROR - Error reading data: 'ShimmerBluetooth' object has no attribute 'read'
2025-11-13 11:12:41,545 - shimmer_device - ERROR - Error reading data: 'ShimmerBluetooth' object has no attribute 'read'
2025-11-13 11:12:41,547 - shimmer_device - ERROR - Error reading data: 'ShimmerBluetooth' object has no attribute 'read'
2025-11-13 11:12:41,548 - shimmer_device - ERROR - Error reading data: 'ShimmerBluetooth' object has no attribute 'read'
2025-11-13 11:12:41,549 - shimmer_device - ERROR - Error reading data: 'ShimmerBluetooth' object has no attribute 'read'
2025-11-13 11:12:41,552 - shimmer_device - ERROR - Error reading data: 'ShimmerBluetooth' object has no attribute 'read'
2025-11-13 11:12:41,553 - shimmer_device - ERROR - Error reading data: 'ShimmerBluetooth' object has no attribute 'read'
2025-11-13 11:12:41,555 - shimmer_device - ERROR - Error reading data: 'ShimmerBluetooth' object has no attribute 'read'
2025-11-13 11:12:41,556 - shimmer_device - ERROR - Error reading data: 'ShimmerBluetooth' object has no attribute 'read'
2025-11-13 11:12:41,558 - shimmer_device - ERROR - Error reading data: 'ShimmerBluetooth' object has no attribute 'read'
2025-11-13 11:12:41,559 - shimmer_device - ERROR - Error reading data: 'ShimmerBluetooth' object has no attribute 'read'
2025-11-13 11:12:41,560 - shimmer_device - ERROR - Error reading data: 'ShimmerBluetooth' object has no attribute 'read'
2025-11-13 11:12:41,561 - shimmer_device - ERROR - Error reading data: 'ShimmerBluetooth' object has no attribute 'read'
2025-11-13 11:12:41,562 - shimmer_device - ERROR - Error reading data: 'ShimmerBluetooth' object has no attribute 'read'
2025-11-13 11:12:41,564 - shimmer_device - ERROR - Error reading data: 'ShimmerBluetooth' object has no attribute 'read'
2025-11-13 11:12:41,565 - shimmer_device - ERROR - Error reading data: 'ShimmerBluetooth' object has no attribute 'read'
2025-11-13 11:12:41,566 - shimmer_device - ERROR - Error reading data: 'ShimmerBluetooth' object has no attribute 'read'
2025-11-13 11:12:41,568 - shimmer_device - ERROR - Error reading data: 'ShimmerBluetooth' object has no attribute 'read'
2025-11-13 11:12:41,569 - shimmer_device - ERROR - Error reading data: 'ShimmerBluetooth' object has no attribute 'read'
2025-11-13 11:12:41,571 - shimmer_device - ERROR - Error reading data: 'ShimmerBluetooth' object has no attribute 'read'
2025-11-13 11:12:41,572 - shimmer_device - ERROR - Error reading data: 'ShimmerBluetooth' object has no attribute 'read'
2025-11-13 11:12:41,573 - shimmer_device - ERROR - Error reading data: 'ShimmerBluetooth' object has no attribute 'read'
2025-11-13 11:12:41,575 - shimmer_device - ERROR - Error reading data: 'ShimmerBluetooth' object has no attribute 'read'
2025-11-13 11:12:41,577 - shimmer_device - ERROR - Error reading data: 'ShimmerBluetooth' object has no attribute 'read'
2025-11-13 11:12:41,578 - shimmer_device - ERROR - Error reading data: 'ShimmerBluetooth' object has no attribute 'read'
2025-11-13 11:12:41,580 - shimmer_device - ERROR - Error reading data: 'ShimmerBluetooth' object has no attribute 'read'
2025-11-13 11:12:41,582 - shimmer_device - ERROR - Error reading data: 'ShimmerBluetooth' object has no attribute 'read'
2025-11-13 11:12:41,583 - shimmer_device - ERROR - Error reading data: 'ShimmerBluetooth' object has no attribute 'read'
2025-11-13 11:12:41,584 - shimmer_device - ERROR - Error reading data: 'ShimmerBluetooth' object has no attribute 'read'
2025-11-13 11:12:41,586 - shimmer_device - ERROR - Error reading data: 'ShimmerBluetooth' object has no attribute 'read'
2025-11-13 11:12:41,588 - shimmer_device - ERROR - Error reading data: 'ShimmerBluetooth' object has no attribute 'read'
2025-11-13 11:12:41,589 - shimmer_device - ERROR - Error reading data: 'ShimmerBluetooth' object has no attribute 'read'
2025-11-13 11:12:41,590 - shimmer_device - ERROR - Error reading data: 'ShimmerBluetooth' object has no attribute 'read'
2025-11-13 11:12:41,591 - shimmer_device - ERROR - Error reading data: 'ShimmerBluetooth' object has no attribute 'read'
2025-11-13 11:12:41,593 - shimmer_device - ERROR - Error reading data: 'ShimmerBluetooth' object has no attribute 'read'
2025-11-13 11:12:41,594 - shimmer_device - ERROR - Error reading data: 'ShimmerBluetooth' object has no attribute 'read'
2025-11-13 11:12:41,595 - shimmer_device - ERROR - Error reading data: 'ShimmerBluetooth' object has no attribute 'read'
2025-11-13 11:12:41,596 - shimmer_device - ERROR - Error reading data: 'ShimmerBluetooth' object has no attribute 'read'
2025-11-13 11:12:41,597 - shimmer_device - ERROR - Error reading data: 'ShimmerBluetooth' object has no attribute 'read'
2025-11-13 11:12:41,599 - shimmer_device - ERROR - Error reading data: 'ShimmerBluetooth' object has no attribute 'read'
2025-11-13 11:12:41,600 - shimmer_device - ERROR - Error reading data: 'ShimmerBluetooth' object has no attribute 'read'
2025-11-13 11:12:41,602 - shimmer_device - ERROR - Error reading data: 'ShimmerBluetooth' object has no attribute 'read'
2025-11-13 11:12:41,603 - shimmer_device - ERROR - Error reading data: 'ShimmerBluetooth' object has no attribute 'read'
2025-11-13 11:12:41,604 - shimmer_device - ERROR - Error reading data: 'ShimmerBluetooth' object has no attribute 'read'
2025-11-13 11:12:41,606 - shimmer_device - ERROR - Error reading data: 'ShimmerBluetooth' object has no attribute 'read'
2025-11-13 11:12:41,607 - shimmer_device - ERROR - Error reading data: 'ShimmerBluetooth' object has no attribute 'read'
2025-11-13 11:12:41,609 - shimmer_device - ERROR - Error reading data: 'ShimmerBluetooth' object has no attribute 'read'
2025-11-13 11:12:41,611 - shimmer_device - ERROR - Error reading data: 'ShimmerBluetooth' object has no attribute 'read'
2025-11-13 11:12:41,612 - shimmer_device - ERROR - Error reading data: 'ShimmerBluetooth' object has no attribute 'read'
2025-11-13 11:12:41,614 - shimmer_device - ERROR - Error reading data: 'ShimmerBluetooth' object has no attribute 'read'
2025-11-13 11:12:41,615 - shimmer_device - ERROR - Error reading data: 'ShimmerBluetooth' object has no attribute 'read'
2025-11-13 11:12:41,616 - shimmer_device - ERROR - Error reading data: 'ShimmerBluetooth' object has no attribute 'read'
2025-11-13 11:12:41,617 - shimmer_device - ERROR - Error reading data: 'ShimmerBluetooth' object has no attribute 'read'
2025-11-13 11:12:41,619 - shimmer_device - ERROR - Error reading data: 'ShimmerBluetooth' object has no attribute 'read'
2025-11-13 11:12:41,620 - shimmer_device - ERROR - Error reading data: 'ShimmerBluetooth' object has no attribute 'read'
2025-11-13 11:12:41,621 - shimmer_device - ERROR - Error reading data: 'ShimmerBluetooth' object has no attribute 'read'
2025-11-13 11:12:41,623 - shimmer_device - ERROR - Error reading data: 'ShimmerBluetooth' object has no attribute 'read'
2025-11-13 11:12:41,624 - shimmer_device - ERROR - Error reading data: 'ShimmerBluetooth' object has no attribute 'read'
2025-11-13 11:12:41,626 - shimmer_device - ERROR - Error reading data: 'ShimmerBluetooth' object has no attribute 'read'
2025-11-13 11:12:41,627 - shimmer_device - ERROR - Error reading data: 'ShimmerBluetooth' object has no attribute 'read'
2025-11-13 11:12:41,628 - shimmer_device - ERROR - Error reading data: 'ShimmerBluetooth' object has no attribute 'read'
2025-11-13 11:12:41,630 - shimmer_device - ERROR - Error reading data: 'ShimmerBluetooth' object has no attribute 'read'
2025-11-13 11:12:41,632 - shimmer_device - ERROR - Error reading data: 'ShimmerBluetooth' object has no attribute 'read'
2025-11-13 11:12:41,633 - shimmer_device - ERROR - Error reading data: 'ShimmerBluetooth' object has no attribute 'read'
2025-11-13 11:12:41,634 - shimmer_device - ERROR - Error reading data: 'ShimmerBluetooth' object has no attribute 'read'
2025-11-13 11:12:41,636 - shimmer_device - ERROR - Error reading data: 'ShimmerBluetooth' object has no attribute 'read'
2025-11-13 11:12:41,637 - shimmer_device - ERROR - Error reading data: 'ShimmerBluetooth' object has no attribute 'read'
2025-11-13 11:12:41,639 - shimmer_device - ERROR - Error reading data: 'ShimmerBluetooth' object has no attribute 'read'
2025-11-13 11:12:41,641 - shimmer_device - ERROR - Error reading data: 'ShimmerBluetooth' object has no attribute 'read'
2025-11-13 11:12:41,642 - shimmer_device - ERROR - Error reading data: 'ShimmerBluetooth' object has no attribute 'read'
2025-11-13 11:12:41,643 - shimmer_device - ERROR - Error reading data: 'ShimmerBluetooth' object has no attribute 'read'
2025-11-13 11:12:41,644 - shimmer_device - ERROR - Error reading data: 'ShimmerBluetooth' object has no attribute 'read'
2025-11-13 11:12:41,646 - shimmer_device - ERROR - Error reading data: 'ShimmerBluetooth' object has no attribute 'read'
2025-11-13 11:12:41,648 - shimmer_device - ERROR - Error reading data: 'ShimmerBluetooth' object has no attribute 'read'
2025-11-13 11:12:41,649 - shimmer_device - ERROR - Error reading data: 'ShimmerBluetooth' object has no attribute 'read'
2025-11-13 11:12:41,651 - shimmer_device - ERROR - Error reading data: 'ShimmerBluetooth' object has no attribute 'read'
2025-11-13 11:12:41,652 - shimmer_device - ERROR - Error reading data: 'ShimmerBluetooth' object has no attribute 'read'
2025-11-13 11:12:41,653 - shimmer_device - ERROR - Error reading data: 'ShimmerBluetooth' object has no attribute 'read'
2025-11-13 11:12:41,654 - shimmer_device - ERROR - Error reading data: 'ShimmerBluetooth' object has no attribute 'read'
2025-11-13 11:12:41,656 - shimmer_device - ERROR - Error reading data: 'ShimmerBluetooth' object has no attribute 'read'
2025-11-13 11:12:41,658 - shimmer_device - ERROR - Error reading data: 'ShimmerBluetooth' object has no attribute 'read'
2025-11-13 11:12:41,659 - shimmer_device - ERROR - Error reading data: 'ShimmerBluetooth' object has no attribute 'read'
2025-11-13 11:12:41,660 - shimmer_device - ERROR - Error reading data: 'ShimmerBluetooth' object has no attribute 'read'
2025-11-13 11:12:41,661 - shimmer_device - ERROR - Error reading data: 'ShimmerBluetooth' object has no attribute 'read'
2025-11-13 11:12:41,662 - shimmer_device - ERROR - Error reading data: 'ShimmerBluetooth' object has no attribute 'read'
2025-11-13 11:12:41,663 - shimmer_device - ERROR - Error reading data: 'ShimmerBluetooth' object has no attribute 'read'
2025-11-13 11:12:41,664 - shimmer_device - ERROR - Error reading data: 'ShimmerBluetooth' object has no attribute 'read'
2025-11-13 11:12:41,665 - shimmer_device - ERROR - Error reading data: 'ShimmerBluetooth' object has no attribute 'read'
2025-11-13 11:12:41,667 - shimmer_device - ERROR - Error reading data: 'ShimmerBluetooth' object has no attribute 'read'
2025-11-13 11:12:41,668 - shimmer_device - ERROR - Error reading data: 'ShimmerBluetooth' object has no attribute 'read'
2025-11-13 11:12:41,669 - shimmer_device - ERROR - Error reading data: 'ShimmerBluetooth' object has no attribute 'read'
2025-11-13 11:12:41,671 - shimmer_device - ERROR - Error reading data: 'ShimmerBluetooth' object has no attribute 'read'
2025-11-13 11:12:41,673 - shimmer_device - ERROR - Error reading data: 'ShimmerBluetooth' object has no attribute 'read'
2025-11-13 11:12:41,674 - shimmer_device - ERROR - Error reading data: 'ShimmerBluetooth' object has no attribute 'read'
2025-11-13 11:12:41,677 - shimmer_device - ERROR - Error reading data: 'ShimmerBluetooth' object has no attribute 'read'
2025-11-13 11:12:41,678 - shimmer_device - ERROR - Error reading data: 'ShimmerBluetooth' object has no attribute 'read'
2025-11-13 11:12:41,680 - shimmer_device - ERROR - Error reading data: 'ShimmerBluetooth' object has no attribute 'read'
2025-11-13 11:12:41,681 - shimmer_device - ERROR - Error reading data: 'ShimmerBluetooth' object has no attribute 'read'
2025-11-13 11:12:41,682 - shimmer_device - ERROR - Error reading data: 'ShimmerBluetooth' object has no attribute 'read'
2025-11-13 11:12:41,683 - shimmer_device - ERROR - Error reading data: 'ShimmerBluetooth' object has no attribute 'read'
2025-11-13 11:12:41,685 - shimmer_device - ERROR - Error reading data: 'ShimmerBluetooth' object has no attribute 'read'
2025-11-13 11:12:41,686 - shimmer_device - ERROR - Error reading data: 'ShimmerBluetooth' object has no attribute 'read'
2025-11-13 11:12:41,687 - shimmer_device - ERROR - Error reading data: 'ShimmerBluetooth' object has no attribute 'read'
2025-11-13 11:12:41,689 - shimmer_device - ERROR - Error reading data: 'ShimmerBluetooth' object has no attribute 'read'
2025-11-13 11:12:41,691 - shimmer_device - ERROR - Error reading data: 'ShimmerBluetooth' object has no attribute 'read'
2025-11-13 11:12:41,693 - shimmer_device - ERROR - Error reading data: 'ShimmerBluetooth' object has no attribute 'read'
2025-11-13 11:12:41,694 - shimmer_device - ERROR - Error reading data: 'ShimmerBluetooth' object has no attribute 'read'
2025-11-13 11:12:41,695 - shimmer_device - ERROR - Error reading data: 'ShimmerBluetooth' object has no attribute 'read'
2025-11-13 11:12:41,696 - shimmer_device - ERROR - Error reading data: 'ShimmerBluetooth' object has no attribute 'read'
2025-11-13 11:12:41,698 - shimmer_device - ERROR - Error reading data: 'ShimmerBluetooth' object has no attribute 'read'
2025-11-13 11:12:41,699 - shimmer_device - ERROR - Error reading data: 'ShimmerBluetooth' object has no attribute 'read'
2025-11-13 11:12:41,700 - shimmer_device - ERROR - Error reading data: 'ShimmerBluetooth' object has no attribute 'read'
2025-11-13 11:12:41,701 - shimmer_device - ERROR - Error reading data: 'ShimmerBluetooth' object has no attribute 'read'
2025-11-13 11:12:41,703 - shimmer_device - ERROR - Error reading data: 'ShimmerBluetooth' object has no attribute 'read'
2025-11-13 11:12:41,705 - shimmer_device - ERROR - Error reading data: 'ShimmerBluetooth' object has no attribute 'read'
2025-11-13 11:12:41,707 - shimmer_device - ERROR - Error reading data: 'ShimmerBluetooth' object has no attribute 'read'
2025-11-13 11:12:41,708 - shimmer_device - ERROR - Error reading data: 'ShimmerBluetooth' object has no attribute 'read'
2025-11-13 11:12:41,709 - shimmer_device - ERROR - Error reading data: 'ShimmerBluetooth' object has no attribute 'read'
2025-11-13 11:12:41,710 - shimmer_device - ERROR - Error reading data: 'ShimmerBluetooth' object has no attribute 'read'
2025-11-13 11:12:41,711 - shimmer_device - ERROR - Error reading data: 'ShimmerBluetooth' object has no attribute 'read'
2025-11-13 11:12:41,713 - shimmer_device - ERROR - Error reading data: 'ShimmerBluetooth' object has no attribute 'read'
2025-11-13 11:12:41,714 - shimmer_device - ERROR - Error reading data: 'ShimmerBluetooth' object has no attribute 'read'
2025-11-13 11:12:41,716 - shimmer_device - ERROR - Error reading data: 'ShimmerBluetooth' object has no attribute 'read'
2025-11-13 11:12:41,717 - shimmer_device - ERROR - Error reading data: 'ShimmerBluetooth' object has no attribute 'read'
2025-11-13 11:12:41,718 - shimmer_device - ERROR - Error reading data: 'ShimmerBluetooth' object has no attribute 'read'
2025-11-13 11:12:41,719 - shimmer_device - ERROR - Error reading data: 'ShimmerBluetooth' object has no attribute 'read'
2025-11-13 11:12:41,720 - shimmer_device - ERROR - Error reading data: 'ShimmerBluetooth' object has no attribute 'read'
2025-11-13 11:12:41,721 - shimmer_device - ERROR - Error reading data: 'ShimmerBluetooth' object has no attribute 'read'
2025-11-13 11:12:41,722 - shimmer_device - ERROR - Error reading data: 'ShimmerBluetooth' object has no attribute 'read'
2025-11-13 11:12:41,723 - shimmer_device - ERROR - Error reading data: 'ShimmerBluetooth' object has no attribute 'read'
2025-11-13 11:12:41,725 - shimmer_device - ERROR - Error reading data: 'ShimmerBluetooth' object has no attribute 'read'
2025-11-13 11:12:41,727 - shimmer_device - ERROR - Error reading data: 'ShimmerBluetooth' object has no attribute 'read'
2025-11-13 11:12:41,728 - shimmer_device - ERROR - Error reading data: 'ShimmerBluetooth' object has no attribute 'read'
2025-11-13 11:12:41,729 - shimmer_device - ERROR - Error reading data: 'ShimmerBluetooth' object has no attribute 'read'
2025-11-13 11:12:41,731 - shimmer_device - ERROR - Error reading data: 'ShimmerBluetooth' object has no attribute 'read'
2025-11-13 11:12:41,732 - shimmer_device - ERROR - Error reading data: 'ShimmerBluetooth' object has no attribute 'read'
2025-11-13 11:12:41,733 - shimmer_device - ERROR - Error reading data: 'ShimmerBluetooth' object has no attribute 'read'
2025-11-13 11:12:41,734 - shimmer_device - ERROR - Error reading data: 'ShimmerBluetooth' object has no attribute 'read'
2025-11-13 11:12:41,735 - shimmer_device - ERROR - Error reading data: 'ShimmerBluetooth' object has no attribute 'read'
2025-11-13 11:12:41,737 - shimmer_device - ERROR - Error reading data: 'ShimmerBluetooth' object has no attribute 'read'
2025-11-13 11:12:41,738 - shimmer_device - ERROR - Error reading data: 'ShimmerBluetooth' object has no attribute 'read'
2025-11-13 11:12:41,741 - shimmer_device - ERROR - Error reading data: 'ShimmerBluetooth' object has no attribute 'read'
2025-11-13 11:12:41,742 - shimmer_device - ERROR - Error reading data: 'ShimmerBluetooth' object has no attribute 'read'
2025-11-13 11:12:41,744 - shimmer_device - ERROR - Error reading data: 'ShimmerBluetooth' object has no attribute 'read'
2025-11-13 11:12:41,745 - shimmer_device - ERROR - Error reading data: 'ShimmerBluetooth' object has no attribute 'read'
2025-11-13 11:12:41,746 - shimmer_device - ERROR - Error reading data: 'ShimmerBluetooth' object has no attribute 'read'
2025-11-13 11:12:41,748 - shimmer_device - ERROR - Error reading data: 'ShimmerBluetooth' object has no attribute 'read'
2025-11-13 11:12:41,750 - shimmer_device - ERROR - Error reading data: 'ShimmerBluetooth' object has no attribute 'read'
2025-11-13 11:12:41,751 - shimmer_device - ERROR - Error reading data: 'ShimmerBluetooth' object has no attribute 'read'
2025-11-13 11:12:41,752 - shimmer_device - ERROR - Error reading data: 'ShimmerBluetooth' object has no attribute 'read'
2025-11-13 11:12:41,754 - shimmer_device - ERROR - Error reading data: 'ShimmerBluetooth' object has no attribute 'read'
2025-11-13 11:12:41,755 - shimmer_device - ERROR - Error reading data: 'ShimmerBluetooth' object has no attribute 'read'
2025-11-13 11:12:41,756 - shimmer_device - ERROR - Error reading data: 'ShimmerBluetooth' object has no attribute 'read'
2025-11-13 11:12:41,757 - shimmer_device - ERROR - Error reading data: 'ShimmerBluetooth' object has no attribute 'read'
2025-11-13 11:12:41,759 - shimmer_device - ERROR - Error reading data: 'ShimmerBluetooth' object has no attribute 'read'
2025-11-13 11:12:41,760 - shimmer_device - ERROR - Error reading data: 'ShimmerBluetooth' object has no attribute 'read'
2025-11-13 11:12:41,762 - shimmer_device - ERROR - Error reading data: 'ShimmerBluetooth' object has no attribute 'read'
2025-11-13 11:12:41,763 - shimmer_device - ERROR - Error reading data: 'ShimmerBluetooth' object has no attribute 'read'
2025-11-13 11:12:41,764 - shimmer_device - ERROR - Error reading data: 'ShimmerBluetooth' object has no attribute 'read'
2025-11-13 11:12:41,765 - shimmer_device - ERROR - Error reading data: 'ShimmerBluetooth' object has no attribute 'read'
2025-11-13 11:12:41,767 - shimmer_device - ERROR - Error reading data: 'ShimmerBluetooth' object has no attribute 'read'
2025-11-13 11:12:41,768 - shimmer_device - ERROR - Error reading data: 'ShimmerBluetooth' object has no attribute 'read'
2025-11-13 11:12:41,770 - shimmer_device - ERROR - Error reading data: 'ShimmerBluetooth' object has no attribute 'read'
2025-11-13 11:12:41,771 - shimmer_device - ERROR - Error reading data: 'ShimmerBluetooth' object has no attribute 'read'
2025-11-13 11:12:41,773 - shimmer_device - ERROR - Error reading data: 'ShimmerBluetooth' object has no attribute 'read'
2025-11-13 11:12:41,774 - shimmer_device - ERROR - Error reading data: 'ShimmerBluetooth' object has no attribute 'read'
2025-11-13 11:12:41,775 - shimmer_device - ERROR - Error reading data: 'ShimmerBluetooth' object has no attribute 'read'
2025-11-13 11:12:41,776 - shimmer_device - ERROR - Error reading data: 'ShimmerBluetooth' object has no attribute 'read'
2025-11-13 11:12:41,777 - shimmer_device - ERROR - Error reading data: 'ShimmerBluetooth' object has no attribute 'read'
2025-11-13 11:12:41,779 - shimmer_device - ERROR - Error reading data: 'ShimmerBluetooth' object has no attribute 'read'
2025-11-13 11:12:41,781 - shimmer_device - ERROR - Error reading data: 'ShimmerBluetooth' object has no attribute 'read'
2025-11-13 11:12:41,782 - shimmer_device - ERROR - Error reading data: 'ShimmerBluetooth' object has no attribute 'read'
2025-11-13 11:12:41,783 - shimmer_device - ERROR - Error reading data: 'ShimmerBluetooth' object has no attribute 'read'
2025-11-13 11:12:41,784 - shimmer_device - ERROR - Error reading data: 'ShimmerBluetooth' object has no attribute 'read'
2025-11-13 11:12:41,785 - shimmer_device - ERROR - Error reading data: 'ShimmerBluetooth' object has no attribute 'read'
2025-11-13 11:12:41,786 - shimmer_device - ERROR - Error reading data: 'ShimmerBluetooth' object has no attribute 'read'
2025-11-13 11:12:41,788 - shimmer_device - ERROR - Error reading data: 'ShimmerBluetooth' object has no attribute 'read'
2025-11-13 11:12:41,789 - shimmer_device - ERROR - Error reading data: 'ShimmerBluetooth' object has no attribute 'read'
2025-11-13 11:12:41,790 - shimmer_device - ERROR - Error reading data: 'ShimmerBluetooth' object has no attribute 'read'
2025-11-13 11:12:41,792 - shimmer_device - ERROR - Error reading data: 'ShimmerBluetooth' object has no attribute 'read'
2025-11-13 11:12:41,793 - shimmer_device - ERROR - Error reading data: 'ShimmerBluetooth' object has no attribute 'read'
2025-11-13 11:12:41,794 - shimmer_device - ERROR - Error reading data: 'ShimmerBluetooth' object has no attribute 'read'
2025-11-13 11:12:41,795 - shimmer_device - ERROR - Error reading data: 'ShimmerBluetooth' object has no attribute 'read'
2025-11-13 11:12:41,796 - shimmer_device - ERROR - Error reading data: 'ShimmerBluetooth' object has no attribute 'read'
2025-11-13 11:12:41,797 - shimmer_device - ERROR - Error reading data: 'ShimmerBluetooth' object has no attribute 'read'
2025-11-13 11:12:41,799 - shimmer_device - ERROR - Error reading data: 'ShimmerBluetooth' object has no attribute 'read'
2025-11-13 11:12:41,800 - shimmer_device - ERROR - Error reading data: 'ShimmerBluetooth' object has no attribute 'read'
2025-11-13 11:12:41,801 - shimmer_device - ERROR - Error reading data: 'ShimmerBluetooth' object has no attribute 'read'
2025-11-13 11:12:41,802 - shimmer_device - ERROR - Error reading data: 'ShimmerBluetooth' object has no attribute 'read'
2025-11-13 11:12:41,803 - shimmer_device - ERROR - Error reading data: 'ShimmerBluetooth' object has no attribute 'read'
2025-11-13 11:12:41,804 - shimmer_device - ERROR - Error reading data: 'ShimmerBluetooth' object has no attribute 'read'
2025-11-13 11:12:41,806 - shimmer_device - ERROR - Error reading data: 'ShimmerBluetooth' object has no attribute 'read'
2025-11-13 11:12:41,807 - shimmer_device - ERROR - Error reading data: 'ShimmerBluetooth' object has no attribute 'read'
2025-11-13 11:12:41,809 - shimmer_device - ERROR - Error reading data: 'ShimmerBluetooth' object has no attribute 'read'
2025-11-13 11:12:41,811 - shimmer_device - ERROR - Error reading data: 'ShimmerBluetooth' object has no attribute 'read'
2025-11-13 11:12:41,812 - shimmer_device - ERROR - Error reading data: 'ShimmerBluetooth' object has no attribute 'read'
2025-11-13 11:12:41,813 - shimmer_device - ERROR - Error reading data: 'ShimmerBluetooth' object has no attribute 'read'
2025-11-13 11:12:41,815 - shimmer_device - ERROR - Error reading data: 'ShimmerBluetooth' object has no attribute 'read'
2025-11-13 11:12:41,817 - shimmer_device - ERROR - Error reading data: 'ShimmerBluetooth' object has no attribute 'read'
2025-11-13 11:12:41,819 - shimmer_device - ERROR - Error reading data: 'ShimmerBluetooth' object has no attribute 'read'
2025-11-13 11:12:41,820 - shimmer_device - ERROR - Error reading data: 'ShimmerBluetooth' object has no attribute 'read'
2025-11-13 11:12:41,822 - shimmer_device - ERROR - Error reading data: 'ShimmerBluetooth' object has no attribute 'read'
2025-11-13 11:12:41,823 - shimmer_device - ERROR - Error reading data: 'ShimmerBluetooth' object has no attribute 'read'
2025-11-13 11:12:41,825 - shimmer_device - ERROR - Error reading data: 'ShimmerBluetooth' object has no attribute 'read'
2025-11-13 11:12:41,826 - shimmer_device - ERROR - Error reading data: 'ShimmerBluetooth' object has no attribute 'read'
2025-11-13 11:12:41,827 - shimmer_device - ERROR - Error reading data: 'ShimmerBluetooth' object has no attribute 'read'
2025-11-13 11:12:41,829 - shimmer_device - ERROR - Error reading data: 'ShimmerBluetooth' object has no attribute 'read'
2025-11-13 11:12:41,830 - shimmer_device - ERROR - Error reading data: 'ShimmerBluetooth' object has no attribute 'read'
2025-11-13 11:12:41,831 - shimmer_device - ERROR - Error reading data: 'ShimmerBluetooth' object has no attribute 'read'
2025-11-13 11:12:41,833 - shimmer_device - ERROR - Error reading data: 'ShimmerBluetooth' object has no attribute 'read'
2025-11-13 11:12:41,835 - shimmer_device - ERROR - Error reading data: 'ShimmerBluetooth' object has no attribute 'read'
2025-11-13 11:12:41,838 - shimmer_device - ERROR - Error reading data: 'ShimmerBluetooth' object has no attribute 'read'
2025-11-13 11:12:41,839 - shimmer_device - ERROR - Error reading data: 'ShimmerBluetooth' object has no attribute 'read'
2025-11-13 11:12:41,841 - shimmer_device - ERROR - Error reading data: 'ShimmerBluetooth' object has no attribute 'read'
2025-11-13 11:12:41,843 - shimmer_device - ERROR - Error reading data: 'ShimmerBluetooth' object has no attribute 'read'
2025-11-13 11:12:41,844 - shimmer_device - ERROR - Error reading data: 'ShimmerBluetooth' object has no attribute 'read'
2025-11-13 11:12:41,845 - shimmer_device - ERROR - Error reading data: 'ShimmerBluetooth' object has no attribute 'read'
2025-11-13 11:12:41,846 - shimmer_device - ERROR - Error reading data: 'ShimmerBluetooth' object has no attribute 'read'
2025-11-13 11:12:41,848 - shimmer_device - ERROR - Error reading data: 'ShimmerBluetooth' object has no attribute 'read'
2025-11-13 11:12:41,849 - shimmer_device - ERROR - Error reading data: 'ShimmerBluetooth' object has no attribute 'read'
2025-11-13 11:12:41,850 - shimmer_device - ERROR - Error reading data: 'ShimmerBluetooth' object has no attribute 'read'
2025-11-13 11:12:41,851 - shimmer_device - ERROR - Error reading data: 'ShimmerBluetooth' object has no attribute 'read'
2025-11-13 11:12:41,853 - shimmer_device - ERROR - Error reading data: 'ShimmerBluetooth' object has no attribute 'read'
2025-11-13 11:12:41,855 - shimmer_device - ERROR - Error reading data: 'ShimmerBluetooth' object has no attribute 'read'
2025-11-13 11:12:41,856 - shimmer_device - ERROR - Error reading data: 'ShimmerBluetooth' object has no attribute 'read'
2025-11-13 11:12:41,858 - shimmer_device - ERROR - Error reading data: 'ShimmerBluetooth' object has no attribute 'read'
2025-11-13 11:12:41,859 - shimmer_device - ERROR - Error reading data: 'ShimmerBluetooth' object has no attribute 'read'
2025-11-13 11:12:41,860 - shimmer_device - ERROR - Error reading data: 'ShimmerBluetooth' object has no attribute 'read'
2025-11-13 11:12:41,862 - shimmer_device - ERROR - Error reading data: 'ShimmerBluetooth' object has no attribute 'read'
2025-11-13 11:12:41,863 - shimmer_device - ERROR - Error reading data: 'ShimmerBluetooth' object has no attribute 'read'
2025-11-13 11:12:41,865 - shimmer_device - ERROR - Error reading data: 'ShimmerBluetooth' object has no attribute 'read'
2025-11-13 11:12:41,866 - shimmer_device - ERROR - Error reading data: 'ShimmerBluetooth' object has no attribute 'read'
2025-11-13 11:12:41,867 - shimmer_device - ERROR - Error reading data: 'ShimmerBluetooth' object has no attribute 'read'
2025-11-13 11:12:41,868 - shimmer_device - ERROR - Error reading data: 'ShimmerBluetooth' object has no attribute 'read'
2025-11-13 11:12:41,870 - shimmer_device - ERROR - Error reading data: 'ShimmerBluetooth' object has no attribute 'read'
2025-11-13 11:12:41,871 - shimmer_device - ERROR - Error reading data: 'ShimmerBluetooth' object has no attribute 'read'
2025-11-13 11:12:41,873 - shimmer_device - ERROR - Error reading data: 'ShimmerBluetooth' object has no attribute 'read'
2025-11-13 11:12:41,874 - shimmer_device - ERROR - Error reading data: 'ShimmerBluetooth' object has no attribute 'read'
2025-11-13 11:12:41,875 - shimmer_device - ERROR - Error reading data: 'ShimmerBluetooth' object has no attribute 'read'
2025-11-13 11:12:41,876 - shimmer_device - ERROR - Error reading data: 'ShimmerBluetooth' object has no attribute 'read'
2025-11-13 11:12:41,877 - shimmer_device - ERROR - Error reading data: 'ShimmerBluetooth' object has no attribute 'read'
2025-11-13 11:12:41,879 - shimmer_device - ERROR - Error reading data: 'ShimmerBluetooth' object has no attribute 'read'
2025-11-13 11:12:41,880 - shimmer_device - ERROR - Error reading data: 'ShimmerBluetooth' object has no attribute 'read'
2025-11-13 11:12:41,882 - shimmer_device - ERROR - Error reading data: 'ShimmerBluetooth' object has no attribute 'read'
2025-11-13 11:12:41,883 - shimmer_device - ERROR - Error reading data: 'ShimmerBluetooth' object has no attribute 'read'
2025-11-13 11:12:41,885 - shimmer_device - ERROR - Error reading data: 'ShimmerBluetooth' object has no attribute 'read'
2025-11-13 11:12:41,886 - shimmer_device - ERROR - Error reading data: 'ShimmerBluetooth' object has no attribute 'read'
2025-11-13 11:12:41,887 - shimmer_device - ERROR - Error reading data: 'ShimmerBluetooth' object has no attribute 'read'
2025-11-13 11:12:41,888 - shimmer_device - ERROR - Error reading data: 'ShimmerBluetooth' object has no attribute 'read'
2025-11-13 11:12:41,890 - shimmer_device - ERROR - Error reading data: 'ShimmerBluetooth' object has no attribute 'read'
2025-11-13 11:12:41,891 - shimmer_device - ERROR - Error reading data: 'ShimmerBluetooth' object has no attribute 'read'
2025-11-13 11:12:41,892 - shimmer_device - ERROR - Error reading data: 'ShimmerBluetooth' object has no attribute 'read'
2025-11-13 11:12:41,893 - shimmer_device - ERROR - Error reading data: 'ShimmerBluetooth' object has no attribute 'read'
2025-11-13 11:12:41,896 - shimmer_device - ERROR - Error reading data: 'ShimmerBluetooth' object has no attribute 'read'
2025-11-13 11:12:41,897 - shimmer_device - ERROR - Error reading data: 'ShimmerBluetooth' object has no attribute 'read'
2025-11-13 11:12:41,899 - shimmer_device - ERROR - Error reading data: 'ShimmerBluetooth' object has no attribute 'read'
2025-11-13 11:12:41,901 - shimmer_device - ERROR - Error reading data: 'ShimmerBluetooth' object has no attribute 'read'
2025-11-13 11:12:41,903 - shimmer_device - ERROR - Error reading data: 'ShimmerBluetooth' object has no attribute 'read'
2025-11-13 11:12:41,905 - shimmer_device - ERROR - Error reading data: 'ShimmerBluetooth' object has no attribute 'read'
2025-11-13 11:12:41,906 - shimmer_device - ERROR - Error reading data: 'ShimmerBluetooth' object has no attribute 'read'
2025-11-13 11:12:41,908 - shimmer_device - ERROR - Error reading data: 'ShimmerBluetooth' object has no attribute 'read'
2025-11-13 11:12:41,910 - shimmer_device - ERROR - Error reading data: 'ShimmerBluetooth' object has no attribute 'read'
2025-11-13 11:12:41,911 - shimmer_device - ERROR - Error reading data: 'ShimmerBluetooth' object has no attribute 'read'
2025-11-13 11:12:41,913 - shimmer_device - ERROR - Error reading data: 'ShimmerBluetooth' object has no attribute 'read'
2025-11-13 11:12:41,914 - shimmer_device - ERROR - Error reading data: 'ShimmerBluetooth' object has no attribute 'read'
2025-11-13 11:12:41,915 - shimmer_device - ERROR - Error reading data: 'ShimmerBluetooth' object has no attribute 'read'
2025-11-13 11:12:41,917 - shimmer_device - ERROR - Error reading data: 'ShimmerBluetooth' object has no attribute 'read'
2025-11-13 11:12:41,919 - shimmer_device - ERROR - Error reading data: 'ShimmerBluetooth' object has no attribute 'read'
2025-11-13 11:12:41,920 - shimmer_device - ERROR - Error reading data: 'ShimmerBluetooth' object has no attribute 'read'
2025-11-13 11:12:41,921 - shimmer_device - ERROR - Error reading data: 'ShimmerBluetooth' object has no attribute 'read'
2025-11-13 11:12:41,922 - shimmer_device - ERROR - Error reading data: 'ShimmerBluetooth' object has no attribute 'read'
2025-11-13 11:12:41,923 - shimmer_device - ERROR - Error reading data: 'ShimmerBluetooth' object has no attribute 'read'
2025-11-13 11:12:41,924 - shimmer_device - ERROR - Error reading data: 'ShimmerBluetooth' object has no attribute 'read'
2025-11-13 11:12:41,926 - shimmer_device - ERROR - Error reading data: 'ShimmerBluetooth' object has no attribute 'read'
2025-11-13 11:12:41,928 - shimmer_device - ERROR - Error reading data: 'ShimmerBluetooth' object has no attribute 'read'
2025-11-13 11:12:41,929 - shimmer_device - ERROR - Error reading data: 'ShimmerBluetooth' object has no attribute 'read'
2025-11-13 11:12:41,930 - shimmer_device - ERROR - Error reading data: 'ShimmerBluetooth' object has no attribute 'read'
2025-11-13 11:12:41,932 - shimmer_device - ERROR - Error reading data: 'ShimmerBluetooth' object has no attribute 'read'
2025-11-13 11:12:41,933 - shimmer_device - ERROR - Error reading data: 'ShimmerBluetooth' object has no attribute 'read'
2025-11-13 11:12:41,934 - shimmer_device - ERROR - Error reading data: 'ShimmerBluetooth' object has no attribute 'read'
2025-11-13 11:12:41,936 - shimmer_device - ERROR - Error reading data: 'ShimmerBluetooth' object has no attribute 'read'
2025-11-13 11:12:41,937 - shimmer_device - ERROR - Error reading data: 'ShimmerBluetooth' object has no attribute 'read'
2025-11-13 11:12:41,939 - shimmer_device - ERROR - Error reading data: 'ShimmerBluetooth' object has no attribute 'read'
2025-11-13 11:12:41,940 - shimmer_device - ERROR - Error reading data: 'ShimmerBluetooth' object has no attribute 'read'
2025-11-13 11:12:41,942 - shimmer_device - ERROR - Error reading data: 'ShimmerBluetooth' object has no attribute 'read'
2025-11-13 11:12:41,943 - shimmer_device - ERROR - Error reading data: 'ShimmerBluetooth' object has no attribute 'read'
2025-11-13 11:12:41,944 - shimmer_device - ERROR - Error reading data: 'ShimmerBluetooth' object has no attribute 'read'
2025-11-13 11:12:41,946 - shimmer_device - ERROR - Error reading data: 'ShimmerBluetooth' object has no attribute 'read'
2025-11-13 11:12:41,947 - shimmer_device - ERROR - Error reading data: 'ShimmerBluetooth' object has no attribute 'read'
2025-11-13 11:12:41,948 - shimmer_device - ERROR - Error reading data: 'ShimmerBluetooth' object has no attribute 'read'
2025-11-13 11:12:41,949 - shimmer_device - ERROR - Error reading data: 'ShimmerBluetooth' object has no attribute 'read'
2025-11-13 11:12:41,950 - shimmer_device - ERROR - Error reading data: 'ShimmerBluetooth' object has no attribute 'read'
2025-11-13 11:12:41,952 - shimmer_device - ERROR - Error reading data: 'ShimmerBluetooth' object has no attribute 'read'
2025-11-13 11:12:41,954 - shimmer_device - ERROR - Error reading data: 'ShimmerBluetooth' object has no attribute 'read'
2025-11-13 11:12:41,955 - shimmer_device - ERROR - Error reading data: 'ShimmerBluetooth' object has no attribute 'read'
2025-11-13 11:12:41,957 - shimmer_device - ERROR - Error reading data: 'ShimmerBluetooth' object has no attribute 'read'
2025-11-13 11:12:41,958 - shimmer_device - ERROR - Error reading data: 'ShimmerBluetooth' object has no attribute 'read'
2025-11-13 11:12:41,959 - shimmer_device - ERROR - Error reading data: 'ShimmerBluetooth' object has no attribute 'read'
2025-11-13 11:12:41,960 - shimmer_device - ERROR - Error reading data: 'ShimmerBluetooth' object has no attribute 'read'
2025-11-13 11:12:41,961 - shimmer_device - ERROR - Error reading data: 'ShimmerBluetooth' object has no attribute 'read'
2025-11-13 11:12:41,962 - shimmer_device - ERROR - Error reading data: 'ShimmerBluetooth' object has no attribute 'read'
2025-11-13 11:12:41,964 - shimmer_device - ERROR - Error reading data: 'ShimmerBluetooth' object has no attribute 'read'
2025-11-13 11:12:41,966 - shimmer_device - ERROR - Error reading data: 'ShimmerBluetooth' object has no attribute 'read'
2025-11-13 11:12:41,967 - shimmer_device - ERROR - Error reading data: 'ShimmerBluetooth' object has no attribute 'read'
2025-11-13 11:12:41,968 - shimmer_device - ERROR - Error reading data: 'ShimmerBluetooth' object has no attribute 'read'
2025-11-13 11:12:41,970 - shimmer_device - ERROR - Error reading data: 'ShimmerBluetooth' object has no attribute 'read'
2025-11-13 11:12:41,972 - shimmer_device - ERROR - Error reading data: 'ShimmerBluetooth' object has no attribute 'read'
2025-11-13 11:12:41,974 - shimmer_device - ERROR - Error reading data: 'ShimmerBluetooth' object has no attribute 'read'
2025-11-13 11:12:41,976 - shimmer_device - ERROR - Error reading data: 'ShimmerBluetooth' object has no attribute 'read'
2025-11-13 11:12:41,978 - shimmer_device - ERROR - Error reading data: 'ShimmerBluetooth' object has no attribute 'read'
2025-11-13 11:12:41,979 - shimmer_device - ERROR - Error reading data: 'ShimmerBluetooth' object has no attribute 'read'
2025-11-13 11:12:41,980 - shimmer_device - ERROR - Error reading data: 'ShimmerBluetooth' object has no attribute 'read'
2025-11-13 11:12:41,981 - shimmer_device - ERROR - Error reading data: 'ShimmerBluetooth' object has no attribute 'read'
2025-11-13 11:12:41,982 - shimmer_device - ERROR - Error reading data: 'ShimmerBluetooth' object has no attribute 'read'
2025-11-13 11:12:41,983 - shimmer_device - ERROR - Error reading data: 'ShimmerBluetooth' object has no attribute 'read'
2025-11-13 11:12:41,984 - shimmer_device - ERROR - Error reading data: 'ShimmerBluetooth' object has no attribute 'read'
2025-11-13 11:12:41,986 - shimmer_device - ERROR - Error reading data: 'ShimmerBluetooth' object has no attribute 'read'
2025-11-13 11:12:41,988 - shimmer_device - ERROR - Error reading data: 'ShimmerBluetooth' object has no attribute 'read'
2025-11-13 11:12:41,990 - shimmer_device - ERROR - Error reading data: 'ShimmerBluetooth' object has no attribute 'read'
2025-11-13 11:12:41,992 - shimmer_device - ERROR - Error reading data: 'ShimmerBluetooth' object has no attribute 'read'
2025-11-13 11:12:41,994 - shimmer_device - ERROR - Error reading data: 'ShimmerBluetooth' object has no attribute 'read'
2025-11-13 11:12:41,996 - shimmer_device - ERROR - Error reading data: 'ShimmerBluetooth' object has no attribute 'read'
2025-11-13 11:12:41,998 - shimmer_device - ERROR - Error reading data: 'ShimmerBluetooth' object has no attribute 'read'
2025-11-13 11:12:41,999 - shimmer_device - ERROR - Error reading data: 'ShimmerBluetooth' object has no attribute 'read'
2025-11-13 11:12:42,000 - shimmer_device - ERROR - Error reading data: 'ShimmerBluetooth' object has no attribute 'read'
2025-11-13 11:12:42,001 - shimmer_device - ERROR - Error reading data: 'ShimmerBluetooth' object has no attribute 'read'
2025-11-13 11:12:42,002 - shimmer_device - ERROR - Error reading data: 'ShimmerBluetooth' object has no attribute 'read'
2025-11-13 11:12:42,004 - shimmer_device - ERROR - Error reading data: 'ShimmerBluetooth' object has no attribute 'read'
2025-11-13 11:12:42,006 - shimmer_device - ERROR - Error reading data: 'ShimmerBluetooth' object has no attribute 'read'
2025-11-13 11:12:42,007 - shimmer_device - ERROR - Error reading data: 'ShimmerBluetooth' object has no attribute 'read'
2025-11-13 11:12:42,008 - shimmer_device - ERROR - Error reading data: 'ShimmerBluetooth' object has no attribute 'read'
2025-11-13 11:12:42,010 - shimmer_device - ERROR - Error reading data: 'ShimmerBluetooth' object has no attribute 'read'
2025-11-13 11:12:42,012 - shimmer_device - ERROR - Error reading data: 'ShimmerBluetooth' object has no attribute 'read'
2025-11-13 11:12:42,013 - shimmer_device - ERROR - Error reading data: 'ShimmerBluetooth' object has no attribute 'read'
2025-11-13 11:12:42,014 - shimmer_device - ERROR - Error reading data: 'ShimmerBluetooth' object has no attribute 'read'
2025-11-13 11:12:42,016 - shimmer_device - ERROR - Error reading data: 'ShimmerBluetooth' object has no attribute 'read'
2025-11-13 11:12:42,017 - shimmer_device - ERROR - Error reading data: 'ShimmerBluetooth' object has no attribute 'read'
2025-11-13 11:12:42,018 - shimmer_device - ERROR - Error reading data: 'ShimmerBluetooth' object has no attribute 'read'
2025-11-13 11:12:42,019 - shimmer_device - ERROR - Error reading data: 'ShimmerBluetooth' object has no attribute 'read'
2025-11-13 11:12:42,021 - shimmer_device - ERROR - Error reading data: 'ShimmerBluetooth' object has no attribute 'read'
2025-11-13 11:12:42,023 - shimmer_device - ERROR - Error reading data: 'ShimmerBluetooth' object has no attribute 'read'
2025-11-13 11:12:42,024 - shimmer_device - ERROR - Error reading data: 'ShimmerBluetooth' object has no attribute 'read'
2025-11-13 11:12:42,026 - shimmer_device - ERROR - Error reading data: 'ShimmerBluetooth' object has no attribute 'read'
2025-11-13 11:12:42,027 - shimmer_device - ERROR - Error reading data: 'ShimmerBluetooth' object has no attribute 'read'
2025-11-13 11:12:42,028 - shimmer_device - ERROR - Error reading data: 'ShimmerBluetooth' object has no attribute 'read'
2025-11-13 11:12:42,029 - shimmer_device - ERROR - Error reading data: 'ShimmerBluetooth' object has no attribute 'read'
2025-11-13 11:12:42,030 - shimmer_device - ERROR - Error reading data: 'ShimmerBluetooth' object has no attribute 'read'
2025-11-13 11:12:42,032 - shimmer_device - ERROR - Error reading data: 'ShimmerBluetooth' object has no attribute 'read'
2025-11-13 11:12:42,034 - shimmer_device - ERROR - Error reading data: 'ShimmerBluetooth' object has no attribute 'read'
2025-11-13 11:12:42,036 - shimmer_device - ERROR - Error reading data: 'ShimmerBluetooth' object has no attribute 'read'
2025-11-13 11:12:42,037 - shimmer_device - ERROR - Error reading data: 'ShimmerBluetooth' object has no attribute 'read'
2025-11-13 11:12:42,038 - shimmer_device - ERROR - Error reading data: 'ShimmerBluetooth' object has no attribute 'read'
2025-11-13 11:12:42,040 - shimmer_device - ERROR - Error reading data: 'ShimmerBluetooth' object has no attribute 'read'
2025-11-13 11:12:42,042 - shimmer_device - ERROR - Error reading data: 'ShimmerBluetooth' object has no attribute 'read'
2025-11-13 11:12:42,044 - shimmer_device - ERROR - Error reading data: 'ShimmerBluetooth' object has no attribute 'read'
2025-11-13 11:12:42,045 - shimmer_device - ERROR - Error reading data: 'ShimmerBluetooth' object has no attribute 'read'
2025-11-13 11:12:42,046 - shimmer_device - ERROR - Error reading data: 'ShimmerBluetooth' object has no attribute 'read'
2025-11-13 11:12:42,048 - shimmer_device - ERROR - Error reading data: 'ShimmerBluetooth' object has no attribute 'read'
2025-11-13 11:12:42,050 - shimmer_device - ERROR - Error reading data: 'ShimmerBluetooth' object has no attribute 'read'
2025-11-13 11:12:42,052 - shimmer_device - ERROR - Error reading data: 'ShimmerBluetooth' object has no attribute 'read'
2025-11-13 11:12:42,053 - shimmer_device - ERROR - Error reading data: 'ShimmerBluetooth' object has no attribute 'read'
2025-11-13 11:12:42,054 - shimmer_device - ERROR - Error reading data: 'ShimmerBluetooth' object has no attribute 'read'
2025-11-13 11:12:42,055 - shimmer_device - ERROR - Error reading data: 'ShimmerBluetooth' object has no attribute 'read'
2025-11-13 11:12:42,056 - shimmer_device - ERROR - Error reading data: 'ShimmerBluetooth' object has no attribute 'read'
2025-11-13 11:12:42,058 - shimmer_device - ERROR - Error reading data: 'ShimmerBluetooth' object has no attribute 'read'
2025-11-13 11:12:42,059 - shimmer_device - ERROR - Error reading data: 'ShimmerBluetooth' object has no attribute 'read'
2025-11-13 11:12:42,060 - shimmer_device - ERROR - Error reading data: 'ShimmerBluetooth' object has no attribute 'read'
2025-11-13 11:12:42,062 - shimmer_device - ERROR - Error reading data: 'ShimmerBluetooth' object has no attribute 'read'
2025-11-13 11:12:42,063 - shimmer_device - ERROR - Error reading data: 'ShimmerBluetooth' object has no attribute 'read'
2025-11-13 11:12:42,064 - shimmer_device - ERROR - Error reading data: 'ShimmerBluetooth' object has no attribute 'read'
2025-11-13 11:12:42,066 - shimmer_device - ERROR - Error reading data: 'ShimmerBluetooth' object has no attribute 'read'
2025-11-13 11:12:42,067 - shimmer_device - ERROR - Error reading data: 'ShimmerBluetooth' object has no attribute 'read'
2025-11-13 11:12:42,068 - shimmer_device - ERROR - Error reading data: 'ShimmerBluetooth' object has no attribute 'read'
2025-11-13 11:12:42,070 - shimmer_device - ERROR - Error reading data: 'ShimmerBluetooth' object has no attribute 'read'
2025-11-13 11:12:42,071 - shimmer_device - ERROR - Error reading data: 'ShimmerBluetooth' object has no attribute 'read'
2025-11-13 11:12:42,072 - shimmer_device - ERROR - Error reading data: 'ShimmerBluetooth' object has no attribute 'read'
2025-11-13 11:12:42,073 - shimmer_device - ERROR - Error reading data: 'ShimmerBluetooth' object has no attribute 'read'
2025-11-13 11:12:42,074 - shimmer_device - ERROR - Error reading data: 'ShimmerBluetooth' object has no attribute 'read'
2025-11-13 11:12:42,075 - shimmer_device - ERROR - Error reading data: 'ShimmerBluetooth' object has no attribute 'read'
2025-11-13 11:12:42,077 - shimmer_device - ERROR - Error reading data: 'ShimmerBluetooth' object has no attribute 'read'
2025-11-13 11:12:42,078 - shimmer_device - ERROR - Error reading data: 'ShimmerBluetooth' object has no attribute 'read'
2025-11-13 11:12:42,080 - shimmer_device - ERROR - Error reading data: 'ShimmerBluetooth' object has no attribute 'read'
2025-11-13 11:12:42,080 - __main__ - INFO - 
============================================================
2025-11-13 11:12:42,080 - __main__ - INFO - Total samples: 0
2025-11-13 11:12:42,080 - __main__ - INFO - LSL pushed: 0
2025-11-13 11:12:42,080 - __main__ - INFO - LSL rate: 0.00 Hz (0.0% of nominal)
2025-11-13 11:12:42,080 - __main__ - INFO - Saved: 0
2025-11-13 11:12:42,080 - __main__ - INFO - Buffer: 0
2025-11-13 11:12:42,080 - __main__ - INFO - ============================================================
2025-11-13 11:12:42,081 - shimmer_device - ERROR - Error reading data: 'ShimmerBluetooth' object has no attribute 'read'
2025-11-13 11:12:42,082 - shimmer_device - ERROR - Error reading data: 'ShimmerBluetooth' object has no attribute 'read'
2025-11-13 11:12:42,083 - shimmer_device - ERROR - Error reading data: 'ShimmerBluetooth' object has no attribute 'read'
2025-11-13 11:12:42,085 - shimmer_device - ERROR - Error reading data: 'ShimmerBluetooth' object has no attribute 'read'
2025-11-13 11:12:42,087 - shimmer_device - ERROR - Error reading data: 'ShimmerBluetooth' object has no attribute 'read'
2025-11-13 11:12:42,088 - shimmer_device - ERROR - Error reading data: 'ShimmerBluetooth' object has no attribute 'read'
2025-11-13 11:12:42,089 - shimmer_device - ERROR - Error reading data: 'ShimmerBluetooth' object has no attribute 'read'
2025-11-13 11:12:42,090 - shimmer_device - ERROR - Error reading data: 'ShimmerBluetooth' object has no attribute 'read'
2025-11-13 11:12:42,092 - shimmer_device - ERROR - Error reading data: 'ShimmerBluetooth' object has no attribute 'read'
2025-11-13 11:12:42,093 - shimmer_device - ERROR - Error reading data: 'ShimmerBluetooth' object has no attribute 'read'
2025-11-13 11:12:42,094 - shimmer_device - ERROR - Error reading data: 'ShimmerBluetooth' object has no attribute 'read'
2025-11-13 11:12:42,096 - shimmer_device - ERROR - Error reading data: 'ShimmerBluetooth' object has no attribute 'read'
2025-11-13 11:12:42,098 - shimmer_device - ERROR - Error reading data: 'ShimmerBluetooth' object has no attribute 'read'
2025-11-13 11:12:42,099 - shimmer_device - ERROR - Error reading data: 'ShimmerBluetooth' object has no attribute 'read'
2025-11-13 11:12:42,101 - shimmer_device - ERROR - Error reading data: 'ShimmerBluetooth' object has no attribute 'read'
2025-11-13 11:12:42,103 - shimmer_device - ERROR - Error reading data: 'ShimmerBluetooth' object has no attribute 'read'
2025-11-13 11:12:42,104 - shimmer_device - ERROR - Error reading data: 'ShimmerBluetooth' object has no attribute 'read'
2025-11-13 11:12:42,106 - shimmer_device - ERROR - Error reading data: 'ShimmerBluetooth' object has no attribute 'read'
2025-11-13 11:12:42,107 - shimmer_device - ERROR - Error reading data: 'ShimmerBluetooth' object has no attribute 'read'
2025-11-13 11:12:42,108 - shimmer_device - ERROR - Error reading data: 'ShimmerBluetooth' object has no attribute 'read'
2025-11-13 11:12:42,109 - shimmer_device - ERROR - Error reading data: 'ShimmerBluetooth' object has no attribute 'read'
2025-11-13 11:12:42,110 - shimmer_device - ERROR - Error reading data: 'ShimmerBluetooth' object has no attribute 'read'
2025-11-13 11:12:42,112 - shimmer_device - ERROR - Error reading data: 'ShimmerBluetooth' object has no attribute 'read'
2025-11-13 11:12:42,113 - shimmer_device - ERROR - Error reading data: 'ShimmerBluetooth' object has no attribute 'read'
2025-11-13 11:12:42,114 - shimmer_device - ERROR - Error reading data: 'ShimmerBluetooth' object has no attribute 'read'
2025-11-13 11:12:42,116 - shimmer_device - ERROR - Error reading data: 'ShimmerBluetooth' object has no attribute 'read'
2025-11-13 11:12:42,117 - shimmer_device - ERROR - Error reading data: 'ShimmerBluetooth' object has no attribute 'read'
2025-11-13 11:12:42,118 - shimmer_device - ERROR - Error reading data: 'ShimmerBluetooth' object has no attribute 'read'
2025-11-13 11:12:42,120 - shimmer_device - ERROR - Error reading data: 'ShimmerBluetooth' object has no attribute 'read'
2025-11-13 11:12:42,121 - shimmer_device - ERROR - Error reading data: 'ShimmerBluetooth' object has no attribute 'read'
2025-11-13 11:12:42,122 - shimmer_device - ERROR - Error reading data: 'ShimmerBluetooth' object has no attribute 'read'
2025-11-13 11:12:42,124 - shimmer_device - ERROR - Error reading data: 'ShimmerBluetooth' object has no attribute 'read'
2025-11-13 11:12:42,126 - shimmer_device - ERROR - Error reading data: 'ShimmerBluetooth' object has no attribute 'read'
2025-11-13 11:12:42,128 - shimmer_device - ERROR - Error reading data: 'ShimmerBluetooth' object has no attribute 'read'
2025-11-13 11:12:42,130 - shimmer_device - ERROR - Error reading data: 'ShimmerBluetooth' object has no attribute 'read'
2025-11-13 11:12:42,132 - shimmer_device - ERROR - Error reading data: 'ShimmerBluetooth' object has no attribute 'read'
2025-11-13 11:12:42,133 - shimmer_device - ERROR - Error reading data: 'ShimmerBluetooth' object has no attribute 'read'
2025-11-13 11:12:42,134 - shimmer_device - ERROR - Error reading data: 'ShimmerBluetooth' object has no attribute 'read'
2025-11-13 11:12:42,135 - shimmer_device - ERROR - Error reading data: 'ShimmerBluetooth' object has no attribute 'read'
2025-11-13 11:12:42,136 - shimmer_device - ERROR - Error reading data: 'ShimmerBluetooth' object has no attribute 'read'
2025-11-13 11:12:42,137 - shimmer_device - ERROR - Error reading data: 'ShimmerBluetooth' object has no attribute 'read'
2025-11-13 11:12:42,138 - shimmer_device - ERROR - Error reading data: 'ShimmerBluetooth' object has no attribute 'read'
2025-11-13 11:12:42,140 - shimmer_device - ERROR - Error reading data: 'ShimmerBluetooth' object has no attribute 'read'
2025-11-13 11:12:42,141 - shimmer_device - ERROR - Error reading data: 'ShimmerBluetooth' object has no attribute 'read'
2025-11-13 11:12:42,142 - shimmer_device - ERROR - Error reading data: 'ShimmerBluetooth' object has no attribute 'read'
2025-11-13 11:12:42,144 - shimmer_device - ERROR - Error reading data: 'ShimmerBluetooth' object has no attribute 'read'
2025-11-13 11:12:42,145 - shimmer_device - ERROR - Error reading data: 'ShimmerBluetooth' object has no attribute 'read'
2025-11-13 11:12:42,146 - shimmer_device - ERROR - Error reading data: 'ShimmerBluetooth' object has no attribute 'read'
2025-11-13 11:12:42,147 - shimmer_device - ERROR - Error reading data: 'ShimmerBluetooth' object has no attribute 'read'
2025-11-13 11:12:42,149 - shimmer_device - ERROR - Error reading data: 'ShimmerBluetooth' object has no attribute 'read'
2025-11-13 11:12:42,151 - shimmer_device - ERROR - Error reading data: 'ShimmerBluetooth' object has no attribute 'read'
2025-11-13 11:12:42,153 - shimmer_device - ERROR - Error reading data: 'ShimmerBluetooth' object has no attribute 'read'
2025-11-13 11:12:42,154 - shimmer_device - ERROR - Error reading data: 'ShimmerBluetooth' object has no attribute 'read'
2025-11-13 11:12:42,155 - shimmer_device - ERROR - Error reading data: 'ShimmerBluetooth' object has no attribute 'read'
2025-11-13 11:12:42,157 - shimmer_device - ERROR - Error reading data: 'ShimmerBluetooth' object has no attribute 'read'
2025-11-13 11:12:42,158 - shimmer_device - ERROR - Error reading data: 'ShimmerBluetooth' object has no attribute 'read'
2025-11-13 11:12:42,159 - shimmer_device - ERROR - Error reading data: 'ShimmerBluetooth' object has no attribute 'read'
2025-11-13 11:12:42,160 - shimmer_device - ERROR - Error reading data: 'ShimmerBluetooth' object has no attribute 'read'
2025-11-13 11:12:42,161 - shimmer_device - ERROR - Error reading data: 'ShimmerBluetooth' object has no attribute 'read'
2025-11-13 11:12:42,162 - shimmer_device - ERROR - Error reading data: 'ShimmerBluetooth' object has no attribute 'read'
2025-11-13 11:12:42,163 - shimmer_device - ERROR - Error reading data: 'ShimmerBluetooth' object has no attribute 'read'
2025-11-13 11:12:42,165 - shimmer_device - ERROR - Error reading data: 'ShimmerBluetooth' object has no attribute 'read'
2025-11-13 11:12:42,166 - shimmer_device - ERROR - Error reading data: 'ShimmerBluetooth' object has no attribute 'read'
2025-11-13 11:12:42,167 - shimmer_device - ERROR - Error reading data: 'ShimmerBluetooth' object has no attribute 'read'
2025-11-13 11:12:42,168 - shimmer_device - ERROR - Error reading data: 'ShimmerBluetooth' object has no attribute 'read'
2025-11-13 11:12:42,169 - shimmer_device - ERROR - Error reading data: 'ShimmerBluetooth' object has no attribute 'read'
2025-11-13 11:12:42,171 - shimmer_device - ERROR - Error reading data: 'ShimmerBluetooth' object has no attribute 'read'
2025-11-13 11:12:42,173 - shimmer_device - ERROR - Error reading data: 'ShimmerBluetooth' object has no attribute 'read'
2025-11-13 11:12:42,174 - shimmer_device - ERROR - Error reading data: 'ShimmerBluetooth' object has no attribute 'read'
2025-11-13 11:12:42,176 - shimmer_device - ERROR - Error reading data: 'ShimmerBluetooth' object has no attribute 'read'
2025-11-13 11:12:42,177 - shimmer_device - ERROR - Error reading data: 'ShimmerBluetooth' object has no attribute 'read'
2025-11-13 11:12:42,179 - shimmer_device - ERROR - Error reading data: 'ShimmerBluetooth' object has no attribute 'read'
2025-11-13 11:12:42,181 - shimmer_device - ERROR - Error reading data: 'ShimmerBluetooth' object has no attribute 'read'
2025-11-13 11:12:42,182 - shimmer_device - ERROR - Error reading data: 'ShimmerBluetooth' object has no attribute 'read'
2025-11-13 11:12:42,184 - shimmer_device - ERROR - Error reading data: 'ShimmerBluetooth' object has no attribute 'read'
2025-11-13 11:12:42,185 - shimmer_device - ERROR - Error reading data: 'ShimmerBluetooth' object has no attribute 'read'
2025-11-13 11:12:42,186 - shimmer_device - ERROR - Error reading data: 'ShimmerBluetooth' object has no attribute 'read'
2025-11-13 11:12:42,188 - shimmer_device - ERROR - Error reading data: 'ShimmerBluetooth' object has no attribute 'read'
2025-11-13 11:12:42,189 - shimmer_device - ERROR - Error reading data: 'ShimmerBluetooth' object has no attribute 'read'
2025-11-13 11:12:42,191 - shimmer_device - ERROR - Error reading data: 'ShimmerBluetooth' object has no attribute 'read'
2025-11-13 11:12:42,192 - shimmer_device - ERROR - Error reading data: 'ShimmerBluetooth' object has no attribute 'read'
2025-11-13 11:12:42,193 - shimmer_device - ERROR - Error reading data: 'ShimmerBluetooth' object has no attribute 'read'
2025-11-13 11:12:42,195 - shimmer_device - ERROR - Error reading data: 'ShimmerBluetooth' object has no attribute 'read'
2025-11-13 11:12:42,196 - shimmer_device - ERROR - Error reading data: 'ShimmerBluetooth' object has no attribute 'read'
2025-11-13 11:12:42,198 - shimmer_device - ERROR - Error reading data: 'ShimmerBluetooth' object has no attribute 'read'
2025-11-13 11:12:42,199 - shimmer_device - ERROR - Error reading data: 'ShimmerBluetooth' object has no attribute 'read'
2025-11-13 11:12:42,200 - shimmer_device - ERROR - Error reading data: 'ShimmerBluetooth' object has no attribute 'read'
2025-11-13 11:12:42,202 - shimmer_device - ERROR - Error reading data: 'ShimmerBluetooth' object has no attribute 'read'
2025-11-13 11:12:42,203 - shimmer_device - ERROR - Error reading data: 'ShimmerBluetooth' object has no attribute 'read'
2025-11-13 11:12:42,204 - shimmer_device - ERROR - Error reading data: 'ShimmerBluetooth' object has no attribute 'read'
2025-11-13 11:12:42,205 - shimmer_device - ERROR - Error reading data: 'ShimmerBluetooth' object has no attribute 'read'
2025-11-13 11:12:42,206 - shimmer_device - ERROR - Error reading data: 'ShimmerBluetooth' object has no attribute 'read'
2025-11-13 11:12:42,207 - shimmer_device - ERROR - Error reading data: 'ShimmerBluetooth' object has no attribute 'read'
2025-11-13 11:12:42,208 - shimmer_device - ERROR - Error reading data: 'ShimmerBluetooth' object has no attribute 'read'
2025-11-13 11:12:42,211 - shimmer_device - ERROR - Error reading data: 'ShimmerBluetooth' object has no attribute 'read'
2025-11-13 11:12:42,212 - shimmer_device - ERROR - Error reading data: 'ShimmerBluetooth' object has no attribute 'read'
2025-11-13 11:12:42,213 - shimmer_device - ERROR - Error reading data: 'ShimmerBluetooth' object has no attribute 'read'
2025-11-13 11:12:42,215 - shimmer_device - ERROR - Error reading data: 'ShimmerBluetooth' object has no attribute 'read'
2025-11-13 11:12:42,216 - shimmer_device - ERROR - Error reading data: 'ShimmerBluetooth' object has no attribute 'read'
2025-11-13 11:12:42,217 - shimmer_device - ERROR - Error reading data: 'ShimmerBluetooth' object has no attribute 'read'
2025-11-13 11:12:42,219 - shimmer_device - ERROR - Error reading data: 'ShimmerBluetooth' object has no attribute 'read'
2025-11-13 11:12:42,221 - shimmer_device - ERROR - Error reading data: 'ShimmerBluetooth' object has no attribute 'read'
2025-11-13 11:12:42,223 - shimmer_device - ERROR - Error reading data: 'ShimmerBluetooth' object has no attribute 'read'
2025-11-13 11:12:42,224 - shimmer_device - ERROR - Error reading data: 'ShimmerBluetooth' object has no attribute 'read'
2025-11-13 11:12:42,225 - shimmer_device - ERROR - Error reading data: 'ShimmerBluetooth' object has no attribute 'read'
2025-11-13 11:12:42,227 - shimmer_device - ERROR - Error reading data: 'ShimmerBluetooth' object has no attribute 'read'
2025-11-13 11:12:42,228 - shimmer_device - ERROR - Error reading data: 'ShimmerBluetooth' object has no attribute 'read'
2025-11-13 11:12:42,229 - shimmer_device - ERROR - Error reading data: 'ShimmerBluetooth' object has no attribute 'read'
2025-11-13 11:12:42,230 - shimmer_device - ERROR - Error reading data: 'ShimmerBluetooth' object has no attribute 'read'
2025-11-13 11:12:42,231 - shimmer_device - ERROR - Error reading data: 'ShimmerBluetooth' object has no attribute 'read'
2025-11-13 11:12:42,232 - shimmer_device - ERROR - Error reading data: 'ShimmerBluetooth' object has no attribute 'read'
2025-11-13 11:12:42,234 - shimmer_device - ERROR - Error reading data: 'ShimmerBluetooth' object has no attribute 'read'
2025-11-13 11:12:42,235 - shimmer_device - ERROR - Error reading data: 'ShimmerBluetooth' object has no attribute 'read'
2025-11-13 11:12:42,236 - shimmer_device - ERROR - Error reading data: 'ShimmerBluetooth' object has no attribute 'read'
2025-11-13 11:12:42,238 - shimmer_device - ERROR - Error reading data: 'ShimmerBluetooth' object has no attribute 'read'
2025-11-13 11:12:42,239 - shimmer_device - ERROR - Error reading data: 'ShimmerBluetooth' object has no attribute 'read'
2025-11-13 11:12:42,240 - shimmer_device - ERROR - Error reading data: 'ShimmerBluetooth' object has no attribute 'read'
2025-11-13 11:12:42,242 - shimmer_device - ERROR - Error reading data: 'ShimmerBluetooth' object has no attribute 'read'
2025-11-13 11:12:42,243 - shimmer_device - ERROR - Error reading data: 'ShimmerBluetooth' object has no attribute 'read'
2025-11-13 11:12:42,245 - shimmer_device - ERROR - Error reading data: 'ShimmerBluetooth' object has no attribute 'read'
2025-11-13 11:12:42,246 - shimmer_device - ERROR - Error reading data: 'ShimmerBluetooth' object has no attribute 'read'
2025-11-13 11:12:42,248 - shimmer_device - ERROR - Error reading data: 'ShimmerBluetooth' object has no attribute 'read'
2025-11-13 11:12:42,249 - shimmer_device - ERROR - Error reading data: 'ShimmerBluetooth' object has no attribute 'read'
2025-11-13 11:12:42,250 - shimmer_device - ERROR - Error reading data: 'ShimmerBluetooth' object has no attribute 'read'
2025-11-13 11:12:42,252 - shimmer_device - ERROR - Error reading data: 'ShimmerBluetooth' object has no attribute 'read'
2025-11-13 11:12:42,253 - shimmer_device - ERROR - Error reading data: 'ShimmerBluetooth' object has no attribute 'read'
2025-11-13 11:12:42,255 - shimmer_device - ERROR - Error reading data: 'ShimmerBluetooth' object has no attribute 'read'
2025-11-13 11:12:42,256 - shimmer_device - ERROR - Error reading data: 'ShimmerBluetooth' object has no attribute 'read'
2025-11-13 11:12:42,257 - shimmer_device - ERROR - Error reading data: 'ShimmerBluetooth' object has no attribute 'read'
2025-11-13 11:12:42,258 - shimmer_device - ERROR - Error reading data: 'ShimmerBluetooth' object has no attribute 'read'
2025-11-13 11:12:42,259 - shimmer_device - ERROR - Error reading data: 'ShimmerBluetooth' object has no attribute 'read'
2025-11-13 11:12:42,260 - shimmer_device - ERROR - Error reading data: 'ShimmerBluetooth' object has no attribute 'read'
2025-11-13 11:12:42,261 - shimmer_device - ERROR - Error reading data: 'ShimmerBluetooth' object has no attribute 'read'
2025-11-13 11:12:42,263 - shimmer_device - ERROR - Error reading data: 'ShimmerBluetooth' object has no attribute 'read'
2025-11-13 11:12:42,266 - shimmer_device - ERROR - Error reading data: 'ShimmerBluetooth' object has no attribute 'read'
2025-11-13 11:12:42,267 - shimmer_device - ERROR - Error reading data: 'ShimmerBluetooth' object has no attribute 'read'
2025-11-13 11:12:42,269 - shimmer_device - ERROR - Error reading data: 'ShimmerBluetooth' object has no attribute 'read'
2025-11-13 11:12:42,271 - shimmer_device - ERROR - Error reading data: 'ShimmerBluetooth' object has no attribute 'read'
2025-11-13 11:12:42,272 - shimmer_device - ERROR - Error reading data: 'ShimmerBluetooth' object has no attribute 'read'
2025-11-13 11:12:42,273 - shimmer_device - ERROR - Error reading data: 'ShimmerBluetooth' object has no attribute 'read'
2025-11-13 11:12:42,275 - shimmer_device - ERROR - Error reading data: 'ShimmerBluetooth' object has no attribute 'read'
2025-11-13 11:12:42,276 - shimmer_device - ERROR - Error reading data: 'ShimmerBluetooth' object has no attribute 'read'
2025-11-13 11:12:42,278 - shimmer_device - ERROR - Error reading data: 'ShimmerBluetooth' object has no attribute 'read'
2025-11-13 11:12:42,279 - shimmer_device - ERROR - Error reading data: 'ShimmerBluetooth' object has no attribute 'read'
2025-11-13 11:12:42,281 - shimmer_device - ERROR - Error reading data: 'ShimmerBluetooth' object has no attribute 'read'
2025-11-13 11:12:42,283 - shimmer_device - ERROR - Error reading data: 'ShimmerBluetooth' object has no attribute 'read'
2025-11-13 11:12:42,285 - shimmer_device - ERROR - Error reading data: 'ShimmerBluetooth' object has no attribute 'read'
2025-11-13 11:12:42,287 - shimmer_device - ERROR - Error reading data: 'ShimmerBluetooth' object has no attribute 'read'
2025-11-13 11:12:42,288 - shimmer_device - ERROR - Error reading data: 'ShimmerBluetooth' object has no attribute 'read'
2025-11-13 11:12:42,289 - shimmer_device - ERROR - Error reading data: 'ShimmerBluetooth' object has no attribute 'read'
2025-11-13 11:12:42,291 - shimmer_device - ERROR - Error reading data: 'ShimmerBluetooth' object has no attribute 'read'
2025-11-13 11:12:42,294 - shimmer_device - ERROR - Error reading data: 'ShimmerBluetooth' object has no attribute 'read'
2025-11-13 11:12:42,295 - shimmer_device - ERROR - Error reading data: 'ShimmerBluetooth' object has no attribute 'read'
2025-11-13 11:12:42,296 - shimmer_device - ERROR - Error reading data: 'ShimmerBluetooth' object has no attribute 'read'
2025-11-13 11:12:42,298 - shimmer_device - ERROR - Error reading data: 'ShimmerBluetooth' object has no attribute 'read'
2025-11-13 11:12:42,299 - shimmer_device - ERROR - Error reading data: 'ShimmerBluetooth' object has no attribute 'read'
2025-11-13 11:12:42,300 - shimmer_device - ERROR - Error reading data: 'ShimmerBluetooth' object has no attribute 'read'
2025-11-13 11:12:42,302 - shimmer_device - ERROR - Error reading data: 'ShimmerBluetooth' object has no attribute 'read'
2025-11-13 11:12:42,303 - shimmer_device - ERROR - Error reading data: 'ShimmerBluetooth' object has no attribute 'read'
2025-11-13 11:12:42,304 - shimmer_device - ERROR - Error reading data: 'ShimmerBluetooth' object has no attribute 'read'
2025-11-13 11:12:42,305 - shimmer_device - ERROR - Error reading data: 'ShimmerBluetooth' object has no attribute 'read'
2025-11-13 11:12:42,306 - shimmer_device - ERROR - Error reading data: 'ShimmerBluetooth' object has no attribute 'read'
2025-11-13 11:12:42,308 - shimmer_device - ERROR - Error reading data: 'ShimmerBluetooth' object has no attribute 'read'
2025-11-13 11:12:42,309 - shimmer_device - ERROR - Error reading data: 'ShimmerBluetooth' object has no attribute 'read'
2025-11-13 11:12:42,310 - shimmer_device - ERROR - Error reading data: 'ShimmerBluetooth' object has no attribute 'read'
2025-11-13 11:12:42,312 - shimmer_device - ERROR - Error reading data: 'ShimmerBluetooth' object has no attribute 'read'
2025-11-13 11:12:42,313 - shimmer_device - ERROR - Error reading data: 'ShimmerBluetooth' object has no attribute 'read'
2025-11-13 11:12:42,314 - shimmer_device - ERROR - Error reading data: 'ShimmerBluetooth' object has no attribute 'read'
2025-11-13 11:12:42,315 - shimmer_device - ERROR - Error reading data: 'ShimmerBluetooth' object has no attribute 'read'
2025-11-13 11:12:42,317 - shimmer_device - ERROR - Error reading data: 'ShimmerBluetooth' object has no attribute 'read'
2025-11-13 11:12:42,318 - shimmer_device - ERROR - Error reading data: 'ShimmerBluetooth' object has no attribute 'read'
2025-11-13 11:12:42,320 - shimmer_device - ERROR - Error reading data: 'ShimmerBluetooth' object has no attribute 'read'
2025-11-13 11:12:42,321 - shimmer_device - ERROR - Error reading data: 'ShimmerBluetooth' object has no attribute 'read'
2025-11-13 11:12:42,322 - shimmer_device - ERROR - Error reading data: 'ShimmerBluetooth' object has no attribute 'read'
2025-11-13 11:12:42,323 - shimmer_device - ERROR - Error reading data: 'ShimmerBluetooth' object has no attribute 'read'
2025-11-13 11:12:42,325 - shimmer_device - ERROR - Error reading data: 'ShimmerBluetooth' object has no attribute 'read'
2025-11-13 11:12:42,326 - shimmer_device - ERROR - Error reading data: 'ShimmerBluetooth' object has no attribute 'read'
2025-11-13 11:12:42,328 - shimmer_device - ERROR - Error reading data: 'ShimmerBluetooth' object has no attribute 'read'
2025-11-13 11:12:42,330 - shimmer_device - ERROR - Error reading data: 'ShimmerBluetooth' object has no attribute 'read'
2025-11-13 11:12:42,332 - shimmer_device - ERROR - Error reading data: 'ShimmerBluetooth' object has no attribute 'read'
2025-11-13 11:12:42,333 - shimmer_device - ERROR - Error reading data: 'ShimmerBluetooth' object has no attribute 'read'
2025-11-13 11:12:42,335 - shimmer_device - ERROR - Error reading data: 'ShimmerBluetooth' object has no attribute 'read'
2025-11-13 11:12:42,336 - shimmer_device - ERROR - Error reading data: 'ShimmerBluetooth' object has no attribute 'read'
2025-11-13 11:12:42,337 - shimmer_device - ERROR - Error reading data: 'ShimmerBluetooth' object has no attribute 'read'
2025-11-13 11:12:42,339 - shimmer_device - ERROR - Error reading data: 'ShimmerBluetooth' object has no attribute 'read'
2025-11-13 11:12:42,340 - shimmer_device - ERROR - Error reading data: 'ShimmerBluetooth' object has no attribute 'read'
2025-11-13 11:12:42,342 - shimmer_device - ERROR - Error reading data: 'ShimmerBluetooth' object has no attribute 'read'
2025-11-13 11:12:42,343 - shimmer_device - ERROR - Error reading data: 'ShimmerBluetooth' object has no attribute 'read'
2025-11-13 11:12:42,345 - shimmer_device - ERROR - Error reading data: 'ShimmerBluetooth' object has no attribute 'read'
2025-11-13 11:12:42,347 - shimmer_device - ERROR - Error reading data: 'ShimmerBluetooth' object has no attribute 'read'
2025-11-13 11:12:42,349 - shimmer_device - ERROR - Error reading data: 'ShimmerBluetooth' object has no attribute 'read'
2025-11-13 11:12:42,350 - shimmer_device - ERROR - Error reading data: 'ShimmerBluetooth' object has no attribute 'read'
2025-11-13 11:12:42,352 - shimmer_device - ERROR - Error reading data: 'ShimmerBluetooth' object has no attribute 'read'
2025-11-13 11:12:42,354 - shimmer_device - ERROR - Error reading data: 'ShimmerBluetooth' object has no attribute 'read'
2025-11-13 11:12:42,355 - shimmer_device - ERROR - Error reading data: 'ShimmerBluetooth' object has no attribute 'read'
2025-11-13 11:12:42,356 - shimmer_device - ERROR - Error reading data: 'ShimmerBluetooth' object has no attribute 'read'
2025-11-13 11:12:42,358 - shimmer_device - ERROR - Error reading data: 'ShimmerBluetooth' object has no attribute 'read'
2025-11-13 11:12:42,359 - shimmer_device - ERROR - Error reading data: 'ShimmerBluetooth' object has no attribute 'read'
2025-11-13 11:12:42,360 - shimmer_device - ERROR - Error reading data: 'ShimmerBluetooth' object has no attribute 'read'
2025-11-13 11:12:42,361 - shimmer_device - ERROR - Error reading data: 'ShimmerBluetooth' object has no attribute 'read'
2025-11-13 11:12:42,363 - shimmer_device - ERROR - Error reading data: 'ShimmerBluetooth' object has no attribute 'read'
2025-11-13 11:12:42,365 - shimmer_device - ERROR - Error reading data: 'ShimmerBluetooth' object has no attribute 'read'
2025-11-13 11:12:42,366 - shimmer_device - ERROR - Error reading data: 'ShimmerBluetooth' object has no attribute 'read'
2025-11-13 11:12:42,367 - shimmer_device - ERROR - Error reading data: 'ShimmerBluetooth' object has no attribute 'read'
2025-11-13 11:12:42,369 - shimmer_device - ERROR - Error reading data: 'ShimmerBluetooth' object has no attribute 'read'
2025-11-13 11:12:42,370 - shimmer_device - ERROR - Error reading data: 'ShimmerBluetooth' object has no attribute 'read'
2025-11-13 11:12:42,372 - shimmer_device - ERROR - Error reading data: 'ShimmerBluetooth' object has no attribute 'read'
2025-11-13 11:12:42,374 - shimmer_device - ERROR - Error reading data: 'ShimmerBluetooth' object has no attribute 'read'
2025-11-13 11:12:42,375 - shimmer_device - ERROR - Error reading data: 'ShimmerBluetooth' object has no attribute 'read'
2025-11-13 11:12:42,376 - shimmer_device - ERROR - Error reading data: 'ShimmerBluetooth' object has no attribute 'read'
2025-11-13 11:12:42,377 - shimmer_device - ERROR - Error reading data: 'ShimmerBluetooth' object has no attribute 'read'
2025-11-13 11:12:42,379 - shimmer_device - ERROR - Error reading data: 'ShimmerBluetooth' object has no attribute 'read'
2025-11-13 11:12:42,380 - shimmer_device - ERROR - Error reading data: 'ShimmerBluetooth' object has no attribute 'read'
2025-11-13 11:12:42,382 - shimmer_device - ERROR - Error reading data: 'ShimmerBluetooth' object has no attribute 'read'
2025-11-13 11:12:42,383 - shimmer_device - ERROR - Error reading data: 'ShimmerBluetooth' object has no attribute 'read'
2025-11-13 11:12:42,385 - shimmer_device - ERROR - Error reading data: 'ShimmerBluetooth' object has no attribute 'read'
2025-11-13 11:12:42,386 - shimmer_device - ERROR - Error reading data: 'ShimmerBluetooth' object has no attribute 'read'
2025-11-13 11:12:42,388 - shimmer_device - ERROR - Error reading data: 'ShimmerBluetooth' object has no attribute 'read'
2025-11-13 11:12:42,389 - shimmer_device - ERROR - Error reading data: 'ShimmerBluetooth' object has no attribute 'read'
2025-11-13 11:12:42,391 - shimmer_device - ERROR - Error reading data: 'ShimmerBluetooth' object has no attribute 'read'
2025-11-13 11:12:42,392 - shimmer_device - ERROR - Error reading data: 'ShimmerBluetooth' object has no attribute 'read'
2025-11-13 11:12:42,393 - shimmer_device - ERROR - Error reading data: 'ShimmerBluetooth' object has no attribute 'read'
2025-11-13 11:12:42,395 - shimmer_device - ERROR - Error reading data: 'ShimmerBluetooth' object has no attribute 'read'
2025-11-13 11:12:42,397 - shimmer_device - ERROR - Error reading data: 'ShimmerBluetooth' object has no attribute 'read'
2025-11-13 11:12:42,398 - shimmer_device - ERROR - Error reading data: 'ShimmerBluetooth' object has no attribute 'read'
2025-11-13 11:12:42,400 - shimmer_device - ERROR - Error reading data: 'ShimmerBluetooth' object has no attribute 'read'
2025-11-13 11:12:42,402 - shimmer_device - ERROR - Error reading data: 'ShimmerBluetooth' object has no attribute 'read'
2025-11-13 11:12:42,403 - shimmer_device - ERROR - Error reading data: 'ShimmerBluetooth' object has no attribute 'read'
2025-11-13 11:12:42,404 - shimmer_device - ERROR - Error reading data: 'ShimmerBluetooth' object has no attribute 'read'
2025-11-13 11:12:42,405 - shimmer_device - ERROR - Error reading data: 'ShimmerBluetooth' object has no attribute 'read'
2025-11-13 11:12:42,407 - shimmer_device - ERROR - Error reading data: 'ShimmerBluetooth' object has no attribute 'read'
2025-11-13 11:12:42,409 - shimmer_device - ERROR - Error reading data: 'ShimmerBluetooth' object has no attribute 'read'
2025-11-13 11:12:42,410 - shimmer_device - ERROR - Error reading data: 'ShimmerBluetooth' object has no attribute 'read'
2025-11-13 11:12:42,411 - shimmer_device - ERROR - Error reading data: 'ShimmerBluetooth' object has no attribute 'read'
2025-11-13 11:12:42,413 - shimmer_device - ERROR - Error reading data: 'ShimmerBluetooth' object has no attribute 'read'
2025-11-13 11:12:42,415 - shimmer_device - ERROR - Error reading data: 'ShimmerBluetooth' object has no attribute 'read'
2025-11-13 11:12:42,416 - shimmer_device - ERROR - Error reading data: 'ShimmerBluetooth' object has no attribute 'read'
2025-11-13 11:12:42,417 - shimmer_device - ERROR - Error reading data: 'ShimmerBluetooth' object has no attribute 'read'
2025-11-13 11:12:42,419 - shimmer_device - ERROR - Error reading data: 'ShimmerBluetooth' object has no attribute 'read'
2025-11-13 11:12:42,421 - shimmer_device - ERROR - Error reading data: 'ShimmerBluetooth' object has no attribute 'read'
2025-11-13 11:12:42,422 - shimmer_device - ERROR - Error reading data: 'ShimmerBluetooth' object has no attribute 'read'
2025-11-13 11:12:42,424 - shimmer_device - ERROR - Error reading data: 'ShimmerBluetooth' object has no attribute 'read'
2025-11-13 11:12:42,426 - shimmer_device - ERROR - Error reading data: 'ShimmerBluetooth' object has no attribute 'read'
2025-11-13 11:12:42,429 - shimmer_device - ERROR - Error reading data: 'ShimmerBluetooth' object has no attribute 'read'
2025-11-13 11:12:42,431 - shimmer_device - ERROR - Error reading data: 'ShimmerBluetooth' object has no attribute 'read'
2025-11-13 11:12:42,432 - shimmer_device - ERROR - Error reading data: 'ShimmerBluetooth' object has no attribute 'read'
2025-11-13 11:12:42,433 - shimmer_device - ERROR - Error reading data: 'ShimmerBluetooth' object has no attribute 'read'
2025-11-13 11:12:42,435 - shimmer_device - ERROR - Error reading data: 'ShimmerBluetooth' object has no attribute 'read'
2025-11-13 11:12:42,437 - shimmer_device - ERROR - Error reading data: 'ShimmerBluetooth' object has no attribute 'read'
2025-11-13 11:12:42,438 - shimmer_device - ERROR - Error reading data: 'ShimmerBluetooth' object has no attribute 'read'
2025-11-13 11:12:42,440 - shimmer_device - ERROR - Error reading data: 'ShimmerBluetooth' object has no attribute 'read'
2025-11-13 11:12:42,441 - shimmer_device - ERROR - Error reading data: 'ShimmerBluetooth' object has no attribute 'read'
2025-11-13 11:12:42,444 - shimmer_device - ERROR - Error reading data: 'ShimmerBluetooth' object has no attribute 'read'
2025-11-13 11:12:42,445 - shimmer_device - ERROR - Error reading data: 'ShimmerBluetooth' object has no attribute 'read'
2025-11-13 11:12:42,446 - shimmer_device - ERROR - Error reading data: 'ShimmerBluetooth' object has no attribute 'read'
2025-11-13 11:12:42,448 - shimmer_device - ERROR - Error reading data: 'ShimmerBluetooth' object has no attribute 'read'
2025-11-13 11:12:42,450 - shimmer_device - ERROR - Error reading data: 'ShimmerBluetooth' object has no attribute 'read'
2025-11-13 11:12:42,451 - shimmer_device - ERROR - Error reading data: 'ShimmerBluetooth' object has no attribute 'read'
2025-11-13 11:12:42,452 - shimmer_device - ERROR - Error reading data: 'ShimmerBluetooth' object has no attribute 'read'
2025-11-13 11:12:42,454 - shimmer_device - ERROR - Error reading data: 'ShimmerBluetooth' object has no attribute 'read'
2025-11-13 11:12:42,455 - shimmer_device - ERROR - Error reading data: 'ShimmerBluetooth' object has no attribute 'read'
2025-11-13 11:12:42,457 - shimmer_device - ERROR - Error reading data: 'ShimmerBluetooth' object has no attribute 'read'
2025-11-13 11:12:42,458 - shimmer_device - ERROR - Error reading data: 'ShimmerBluetooth' object has no attribute 'read'
2025-11-13 11:12:42,459 - shimmer_device - ERROR - Error reading data: 'ShimmerBluetooth' object has no attribute 'read'
2025-11-13 11:12:42,461 - shimmer_device - ERROR - Error reading data: 'ShimmerBluetooth' object has no attribute 'read'
2025-11-13 11:12:42,462 - shimmer_device - ERROR - Error reading data: 'ShimmerBluetooth' object has no attribute 'read'
2025-11-13 11:12:42,463 - shimmer_device - ERROR - Error reading data: 'ShimmerBluetooth' object has no attribute 'read'
2025-11-13 11:12:42,465 - shimmer_device - ERROR - Error reading data: 'ShimmerBluetooth' object has no attribute 'read'
2025-11-13 11:12:42,466 - shimmer_device - ERROR - Error reading data: 'ShimmerBluetooth' object has no attribute 'read'
2025-11-13 11:12:42,468 - shimmer_device - ERROR - Error reading data: 'ShimmerBluetooth' object has no attribute 'read'
2025-11-13 11:12:42,470 - shimmer_device - ERROR - Error reading data: 'ShimmerBluetooth' object has no attribute 'read'
2025-11-13 11:12:42,471 - shimmer_device - ERROR - Error reading data: 'ShimmerBluetooth' object has no attribute 'read'
2025-11-13 11:12:42,472 - shimmer_device - ERROR - Error reading data: 'ShimmerBluetooth' object has no attribute 'read'
2025-11-13 11:12:42,474 - shimmer_device - ERROR - Error reading data: 'ShimmerBluetooth' object has no attribute 'read'
2025-11-13 11:12:42,475 - shimmer_device - ERROR - Error reading data: 'ShimmerBluetooth' object has no attribute 'read'
2025-11-13 11:12:42,476 - shimmer_device - ERROR - Error reading data: 'ShimmerBluetooth' object has no attribute 'read'
2025-11-13 11:12:42,478 - shimmer_device - ERROR - Error reading data: 'ShimmerBluetooth' object has no attribute 'read'
2025-11-13 11:12:42,479 - shimmer_device - ERROR - Error reading data: 'ShimmerBluetooth' object has no attribute 'read'
2025-11-13 11:12:42,481 - shimmer_device - ERROR - Error reading data: 'ShimmerBluetooth' object has no attribute 'read'
2025-11-13 11:12:42,482 - shimmer_device - ERROR - Error reading data: 'ShimmerBluetooth' object has no attribute 'read'
2025-11-13 11:12:42,483 - shimmer_device - ERROR - Error reading data: 'ShimmerBluetooth' object has no attribute 'read'
2025-11-13 11:12:42,485 - shimmer_device - ERROR - Error reading data: 'ShimmerBluetooth' object has no attribute 'read'
2025-11-13 11:12:42,486 - shimmer_device - ERROR - Error reading data: 'ShimmerBluetooth' object has no attribute 'read'
2025-11-13 11:12:42,487 - shimmer_device - ERROR - Error reading data: 'ShimmerBluetooth' object has no attribute 'read'
2025-11-13 11:12:42,488 - shimmer_device - ERROR - Error reading data: 'ShimmerBluetooth' object has no attribute 'read'
2025-11-13 11:12:42,490 - shimmer_device - ERROR - Error reading data: 'ShimmerBluetooth' object has no attribute 'read'
2025-11-13 11:12:42,491 - shimmer_device - ERROR - Error reading data: 'ShimmerBluetooth' object has no attribute 'read'
2025-11-13 11:12:42,493 - shimmer_device - ERROR - Error reading data: 'ShimmerBluetooth' object has no attribute 'read'
2025-11-13 11:12:42,494 - shimmer_device - ERROR - Error reading data: 'ShimmerBluetooth' object has no attribute 'read'
2025-11-13 11:12:42,495 - shimmer_device - ERROR - Error reading data: 'ShimmerBluetooth' object has no attribute 'read'
2025-11-13 11:12:42,497 - shimmer_device - ERROR - Error reading data: 'ShimmerBluetooth' object has no attribute 'read'
2025-11-13 11:12:42,499 - shimmer_device - ERROR - Error reading data: 'ShimmerBluetooth' object has no attribute 'read'
2025-11-13 11:12:42,501 - shimmer_device - ERROR - Error reading data: 'ShimmerBluetooth' object has no attribute 'read'
2025-11-13 11:12:42,503 - shimmer_device - ERROR - Error reading data: 'ShimmerBluetooth' object has no attribute 'read'
2025-11-13 11:12:42,504 - shimmer_device - ERROR - Error reading data: 'ShimmerBluetooth' object has no attribute 'read'
2025-11-13 11:12:42,505 - shimmer_device - ERROR - Error reading data: 'ShimmerBluetooth' object has no attribute 'read'
2025-11-13 11:12:42,507 - shimmer_device - ERROR - Error reading data: 'ShimmerBluetooth' object has no attribute 'read'
2025-11-13 11:12:42,508 - shimmer_device - ERROR - Error reading data: 'ShimmerBluetooth' object has no attribute 'read'
2025-11-13 11:12:42,510 - shimmer_device - ERROR - Error reading data: 'ShimmerBluetooth' object has no attribute 'read'
2025-11-13 11:12:42,512 - shimmer_device - ERROR - Error reading data: 'ShimmerBluetooth' object has no attribute 'read'
2025-11-13 11:12:42,514 - shimmer_device - ERROR - Error reading data: 'ShimmerBluetooth' object has no attribute 'read'
2025-11-13 11:12:42,515 - shimmer_device - ERROR - Error reading data: 'ShimmerBluetooth' object has no attribute 'read'
2025-11-13 11:12:42,516 - shimmer_device - ERROR - Error reading data: 'ShimmerBluetooth' object has no attribute 'read'
2025-11-13 11:12:42,518 - shimmer_device - ERROR - Error reading data: 'ShimmerBluetooth' object has no attribute 'read'
2025-11-13 11:12:42,520 - shimmer_device - ERROR - Error reading data: 'ShimmerBluetooth' object has no attribute 'read'
2025-11-13 11:12:42,521 - shimmer_device - ERROR - Error reading data: 'ShimmerBluetooth' object has no attribute 'read'
2025-11-13 11:12:42,522 - shimmer_device - ERROR - Error reading data: 'ShimmerBluetooth' object has no attribute 'read'
2025-11-13 11:12:42,523 - shimmer_device - ERROR - Error reading data: 'ShimmerBluetooth' object has no attribute 'read'
2025-11-13 11:12:42,525 - shimmer_device - ERROR - Error reading data: 'ShimmerBluetooth' object has no attribute 'read'
2025-11-13 11:12:42,527 - shimmer_device - ERROR - Error reading data: 'ShimmerBluetooth' object has no attribute 'read'
2025-11-13 11:12:42,528 - shimmer_device - ERROR - Error reading data: 'ShimmerBluetooth' object has no attribute 'read'
2025-11-13 11:12:42,529 - shimmer_device - ERROR - Error reading data: 'ShimmerBluetooth' object has no attribute 'read'
2025-11-13 11:12:42,531 - shimmer_device - ERROR - Error reading data: 'ShimmerBluetooth' object has no attribute 'read'
2025-11-13 11:12:42,533 - shimmer_device - ERROR - Error reading data: 'ShimmerBluetooth' object has no attribute 'read'
2025-11-13 11:12:42,534 - shimmer_device - ERROR - Error reading data: 'ShimmerBluetooth' object has no attribute 'read'
2025-11-13 11:12:42,535 - shimmer_device - ERROR - Error reading data: 'ShimmerBluetooth' object has no attribute 'read'
2025-11-13 11:12:42,538 - shimmer_device - ERROR - Error reading data: 'ShimmerBluetooth' object has no attribute 'read'
2025-11-13 11:12:42,539 - shimmer_device - ERROR - Error reading data: 'ShimmerBluetooth' object has no attribute 'read'
2025-11-13 11:12:42,541 - shimmer_device - ERROR - Error reading data: 'ShimmerBluetooth' object has no attribute 'read'
2025-11-13 11:12:42,542 - shimmer_device - ERROR - Error reading data: 'ShimmerBluetooth' object has no attribute 'read'
2025-11-13 11:12:42,543 - shimmer_device - ERROR - Error reading data: 'ShimmerBluetooth' object has no attribute 'read'
2025-11-13 11:12:42,545 - shimmer_device - ERROR - Error reading data: 'ShimmerBluetooth' object has no attribute 'read'
2025-11-13 11:12:42,546 - shimmer_device - ERROR - Error reading data: 'ShimmerBluetooth' object has no attribute 'read'
2025-11-13 11:12:42,547 - shimmer_device - ERROR - Error reading data: 'ShimmerBluetooth' object has no attribute 'read'
2025-11-13 11:12:42,549 - shimmer_device - ERROR - Error reading data: 'ShimmerBluetooth' object has no attribute 'read'
2025-11-13 11:12:42,551 - shimmer_device - ERROR - Error reading data: 'ShimmerBluetooth' object has no attribute 'read'
2025-11-13 11:12:42,552 - shimmer_device - ERROR - Error reading data: 'ShimmerBluetooth' object has no attribute 'read'
2025-11-13 11:12:42,554 - shimmer_device - ERROR - Error reading data: 'ShimmerBluetooth' object has no attribute 'read'
2025-11-13 11:12:42,556 - shimmer_device - ERROR - Error reading data: 'ShimmerBluetooth' object has no attribute 'read'
2025-11-13 11:12:42,558 - shimmer_device - ERROR - Error reading data: 'ShimmerBluetooth' object has no attribute 'read'
2025-11-13 11:12:42,559 - shimmer_device - ERROR - Error reading data: 'ShimmerBluetooth' object has no attribute 'read'
2025-11-13 11:12:42,560 - shimmer_device - ERROR - Error reading data: 'ShimmerBluetooth' object has no attribute 'read'
2025-11-13 11:12:42,561 - shimmer_device - ERROR - Error reading data: 'ShimmerBluetooth' object has no attribute 'read'
2025-11-13 11:12:42,563 - shimmer_device - ERROR - Error reading data: 'ShimmerBluetooth' object has no attribute 'read'
2025-11-13 11:12:42,564 - shimmer_device - ERROR - Error reading data: 'ShimmerBluetooth' object has no attribute 'read'
2025-11-13 11:12:42,565 - shimmer_device - ERROR - Error reading data: 'ShimmerBluetooth' object has no attribute 'read'
2025-11-13 11:12:42,566 - shimmer_device - ERROR - Error reading data: 'ShimmerBluetooth' object has no attribute 'read'
2025-11-13 11:12:42,568 - shimmer_device - ERROR - Error reading data: 'ShimmerBluetooth' object has no attribute 'read'
2025-11-13 11:12:42,569 - shimmer_device - ERROR - Error reading data: 'ShimmerBluetooth' object has no attribute 'read'
2025-11-13 11:12:42,570 - shimmer_device - ERROR - Error reading data: 'ShimmerBluetooth' object has no attribute 'read'
2025-11-13 11:12:42,572 - shimmer_device - ERROR - Error reading data: 'ShimmerBluetooth' object has no attribute 'read'
2025-11-13 11:12:42,573 - shimmer_device - ERROR - Error reading data: 'ShimmerBluetooth' object has no attribute 'read'
2025-11-13 11:12:42,574 - shimmer_device - ERROR - Error reading data: 'ShimmerBluetooth' object has no attribute 'read'
2025-11-13 11:12:42,576 - shimmer_device - ERROR - Error reading data: 'ShimmerBluetooth' object has no attribute 'read'
2025-11-13 11:12:42,577 - shimmer_device - ERROR - Error reading data: 'ShimmerBluetooth' object has no attribute 'read'
2025-11-13 11:12:42,579 - shimmer_device - ERROR - Error reading data: 'ShimmerBluetooth' object has no attribute 'read'
2025-11-13 11:12:42,580 - shimmer_device - ERROR - Error reading data: 'ShimmerBluetooth' object has no attribute 'read'
2025-11-13 11:12:42,581 - shimmer_device - ERROR - Error reading data: 'ShimmerBluetooth' object has no attribute 'read'
2025-11-13 11:12:42,582 - shimmer_device - ERROR - Error reading data: 'ShimmerBluetooth' object has no attribute 'read'
2025-11-13 11:12:42,584 - shimmer_device - ERROR - Error reading data: 'ShimmerBluetooth' object has no attribute 'read'
2025-11-13 11:12:42,585 - shimmer_device - ERROR - Error reading data: 'ShimmerBluetooth' object has no attribute 'read'
2025-11-13 11:12:42,587 - shimmer_device - ERROR - Error reading data: 'ShimmerBluetooth' object has no attribute 'read'
2025-11-13 11:12:42,588 - shimmer_device - ERROR - Error reading data: 'ShimmerBluetooth' object has no attribute 'read'
2025-11-13 11:12:42,590 - shimmer_device - ERROR - Error reading data: 'ShimmerBluetooth' object has no attribute 'read'
2025-11-13 11:12:42,591 - shimmer_device - ERROR - Error reading data: 'ShimmerBluetooth' object has no attribute 'read'
2025-11-13 11:12:42,593 - shimmer_device - ERROR - Error reading data: 'ShimmerBluetooth' object has no attribute 'read'
2025-11-13 11:12:42,594 - shimmer_device - ERROR - Error reading data: 'ShimmerBluetooth' object has no attribute 'read'
2025-11-13 11:12:42,596 - shimmer_device - ERROR - Error reading data: 'ShimmerBluetooth' object has no attribute 'read'
2025-11-13 11:12:42,597 - shimmer_device - ERROR - Error reading data: 'ShimmerBluetooth' object has no attribute 'read'
2025-11-13 11:12:42,599 - shimmer_device - ERROR - Error reading data: 'ShimmerBluetooth' object has no attribute 'read'
2025-11-13 11:12:42,601 - shimmer_device - ERROR - Error reading data: 'ShimmerBluetooth' object has no attribute 'read'
2025-11-13 11:12:42,602 - shimmer_device - ERROR - Error reading data: 'ShimmerBluetooth' object has no attribute 'read'
2025-11-13 11:12:42,603 - shimmer_device - ERROR - Error reading data: 'ShimmerBluetooth' object has no attribute 'read'
2025-11-13 11:12:42,605 - shimmer_device - ERROR - Error reading data: 'ShimmerBluetooth' object has no attribute 'read'
2025-11-13 11:12:42,607 - shimmer_device - ERROR - Error reading data: 'ShimmerBluetooth' object has no attribute 'read'
2025-11-13 11:12:42,609 - shimmer_device - ERROR - Error reading data: 'ShimmerBluetooth' object has no attribute 'read'
2025-11-13 11:12:42,610 - shimmer_device - ERROR - Error reading data: 'ShimmerBluetooth' object has no attribute 'read'
2025-11-13 11:12:42,611 - shimmer_device - ERROR - Error reading data: 'ShimmerBluetooth' object has no attribute 'read'
2025-11-13 11:12:42,613 - shimmer_device - ERROR - Error reading data: 'ShimmerBluetooth' object has no attribute 'read'
2025-11-13 11:12:42,614 - shimmer_device - ERROR - Error reading data: 'ShimmerBluetooth' object has no attribute 'read'
2025-11-13 11:12:42,616 - shimmer_device - ERROR - Error reading data: 'ShimmerBluetooth' object has no attribute 'read'
2025-11-13 11:12:42,618 - shimmer_device - ERROR - Error reading data: 'ShimmerBluetooth' object has no attribute 'read'
2025-11-13 11:12:42,620 - shimmer_device - ERROR - Error reading data: 'ShimmerBluetooth' object has no attribute 'read'
2025-11-13 11:12:42,621 - shimmer_device - ERROR - Error reading data: 'ShimmerBluetooth' object has no attribute 'read'
2025-11-13 11:12:42,622 - shimmer_device - ERROR - Error reading data: 'ShimmerBluetooth' object has no attribute 'read'
2025-11-13 11:12:42,623 - shimmer_device - ERROR - Error reading data: 'ShimmerBluetooth' object has no attribute 'read'
2025-11-13 11:12:42,625 - shimmer_device - ERROR - Error reading data: 'ShimmerBluetooth' object has no attribute 'read'
2025-11-13 11:12:42,626 - shimmer_device - ERROR - Error reading data: 'ShimmerBluetooth' object has no attribute 'read'
2025-11-13 11:12:42,627 - shimmer_device - ERROR - Error reading data: 'ShimmerBluetooth' object has no attribute 'read'
2025-11-13 11:12:42,629 - shimmer_device - ERROR - Error reading data: 'ShimmerBluetooth' object has no attribute 'read'
2025-11-13 11:12:42,631 - shimmer_device - ERROR - Error reading data: 'ShimmerBluetooth' object has no attribute 'read'
2025-11-13 11:12:42,632 - shimmer_device - ERROR - Error reading data: 'ShimmerBluetooth' object has no attribute 'read'
2025-11-13 11:12:42,633 - shimmer_device - ERROR - Error reading data: 'ShimmerBluetooth' object has no attribute 'read'
2025-11-13 11:12:42,636 - shimmer_device - ERROR - Error reading data: 'ShimmerBluetooth' object has no attribute 'read'
2025-11-13 11:12:42,637 - shimmer_device - ERROR - Error reading data: 'ShimmerBluetooth' object has no attribute 'read'
2025-11-13 11:12:42,638 - shimmer_device - ERROR - Error reading data: 'ShimmerBluetooth' object has no attribute 'read'
2025-11-13 11:12:42,640 - shimmer_device - ERROR - Error reading data: 'ShimmerBluetooth' object has no attribute 'read'
2025-11-13 11:12:42,641 - shimmer_device - ERROR - Error reading data: 'ShimmerBluetooth' object has no attribute 'read'
2025-11-13 11:12:42,643 - shimmer_device - ERROR - Error reading data: 'ShimmerBluetooth' object has no attribute 'read'
2025-11-13 11:12:42,644 - shimmer_device - ERROR - Error reading data: 'ShimmerBluetooth' object has no attribute 'read'
2025-11-13 11:12:42,645 - shimmer_device - ERROR - Error reading data: 'ShimmerBluetooth' object has no attribute 'read'
2025-11-13 11:12:42,647 - shimmer_device - ERROR - Error reading data: 'ShimmerBluetooth' object has no attribute 'read'
2025-11-13 11:12:42,649 - shimmer_device - ERROR - Error reading data: 'ShimmerBluetooth' object has no attribute 'read'
2025-11-13 11:12:42,650 - shimmer_device - ERROR - Error reading data: 'ShimmerBluetooth' object has no attribute 'read'
2025-11-13 11:12:42,652 - shimmer_device - ERROR - Error reading data: 'ShimmerBluetooth' object has no attribute 'read'
2025-11-13 11:12:42,653 - shimmer_device - ERROR - Error reading data: 'ShimmerBluetooth' object has no attribute 'read'
2025-11-13 11:12:42,654 - shimmer_device - ERROR - Error reading data: 'ShimmerBluetooth' object has no attribute 'read'
2025-11-13 11:12:42,655 - shimmer_device - ERROR - Error reading data: 'ShimmerBluetooth' object has no attribute 'read'
2025-11-13 11:12:42,657 - shimmer_device - ERROR - Error reading data: 'ShimmerBluetooth' object has no attribute 'read'
2025-11-13 11:12:42,659 - shimmer_device - ERROR - Error reading data: 'ShimmerBluetooth' object has no attribute 'read'
2025-11-13 11:12:42,661 - shimmer_device - ERROR - Error reading data: 'ShimmerBluetooth' object has no attribute 'read'
2025-11-13 11:12:42,662 - shimmer_device - ERROR - Error reading data: 'ShimmerBluetooth' object has no attribute 'read'
2025-11-13 11:12:42,663 - shimmer_device - ERROR - Error reading data: 'ShimmerBluetooth' object has no attribute 'read'
2025-11-13 11:12:42,665 - shimmer_device - ERROR - Error reading data: 'ShimmerBluetooth' object has no attribute 'read'
2025-11-13 11:12:42,666 - shimmer_device - ERROR - Error reading data: 'ShimmerBluetooth' object has no attribute 'read'
2025-11-13 11:12:42,668 - shimmer_device - ERROR - Error reading data: 'ShimmerBluetooth' object has no attribute 'read'
2025-11-13 11:12:42,670 - shimmer_device - ERROR - Error reading data: 'ShimmerBluetooth' object has no attribute 'read'
2025-11-13 11:12:42,671 - shimmer_device - ERROR - Error reading data: 'ShimmerBluetooth' object has no attribute 'read'
2025-11-13 11:12:42,672 - shimmer_device - ERROR - Error reading data: 'ShimmerBluetooth' object has no attribute 'read'
2025-11-13 11:12:42,673 - shimmer_device - ERROR - Error reading data: 'ShimmerBluetooth' object has no attribute 'read'
2025-11-13 11:12:42,675 - shimmer_device - ERROR - Error reading data: 'ShimmerBluetooth' object has no attribute 'read'
2025-11-13 11:12:42,676 - shimmer_device - ERROR - Error reading data: 'ShimmerBluetooth' object has no attribute 'read'
2025-11-13 11:12:42,677 - shimmer_device - ERROR - Error reading data: 'ShimmerBluetooth' object has no attribute 'read'
2025-11-13 11:12:42,680 - shimmer_device - ERROR - Error reading data: 'ShimmerBluetooth' object has no attribute 'read'
2025-11-13 11:12:42,681 - shimmer_device - ERROR - Error reading data: 'ShimmerBluetooth' object has no attribute 'read'
2025-11-13 11:12:42,682 - shimmer_device - ERROR - Error reading data: 'ShimmerBluetooth' object has no attribute 'read'
2025-11-13 11:12:42,683 - shimmer_device - ERROR - Error reading data: 'ShimmerBluetooth' object has no attribute 'read'
2025-11-13 11:12:42,684 - shimmer_device - ERROR - Error reading data: 'ShimmerBluetooth' object has no attribute 'read'
2025-11-13 11:12:42,685 - shimmer_device - ERROR - Error reading data: 'ShimmerBluetooth' object has no attribute 'read'
2025-11-13 11:12:42,686 - shimmer_device - ERROR - Error reading data: 'ShimmerBluetooth' object has no attribute 'read'
2025-11-13 11:12:42,687 - shimmer_device - ERROR - Error reading data: 'ShimmerBluetooth' object has no attribute 'read'
2025-11-13 11:12:42,689 - shimmer_device - ERROR - Error reading data: 'ShimmerBluetooth' object has no attribute 'read'
2025-11-13 11:12:42,690 - shimmer_device - ERROR - Error reading data: 'ShimmerBluetooth' object has no attribute 'read'
2025-11-13 11:12:42,691 - shimmer_device - ERROR - Error reading data: 'ShimmerBluetooth' object has no attribute 'read'
2025-11-13 11:12:42,693 - shimmer_device - ERROR - Error reading data: 'ShimmerBluetooth' object has no attribute 'read'
2025-11-13 11:12:42,694 - shimmer_device - ERROR - Error reading data: 'ShimmerBluetooth' object has no attribute 'read'
2025-11-13 11:12:42,697 - shimmer_device - ERROR - Error reading data: 'ShimmerBluetooth' object has no attribute 'read'
2025-11-13 11:12:42,698 - shimmer_device - ERROR - Error reading data: 'ShimmerBluetooth' object has no attribute 'read'
2025-11-13 11:12:42,699 - shimmer_device - ERROR - Error reading data: 'ShimmerBluetooth' object has no attribute 'read'
2025-11-13 11:12:42,700 - shimmer_device - ERROR - Error reading data: 'ShimmerBluetooth' object has no attribute 'read'
2025-11-13 11:12:42,701 - shimmer_device - ERROR - Error reading data: 'ShimmerBluetooth' object has no attribute 'read'
2025-11-13 11:12:42,702 - shimmer_device - ERROR - Error reading data: 'ShimmerBluetooth' object has no attribute 'read'
2025-11-13 11:12:42,703 - shimmer_device - ERROR - Error reading data: 'ShimmerBluetooth' object has no attribute 'read'
2025-11-13 11:12:42,704 - shimmer_device - ERROR - Error reading data: 'ShimmerBluetooth' object has no attribute 'read'
2025-11-13 11:12:42,706 - shimmer_device - ERROR - Error reading data: 'ShimmerBluetooth' object has no attribute 'read'
2025-11-13 11:12:42,707 - shimmer_device - ERROR - Error reading data: 'ShimmerBluetooth' object has no attribute 'read'
2025-11-13 11:12:42,708 - shimmer_device - ERROR - Error reading data: 'ShimmerBluetooth' object has no attribute 'read'
2025-11-13 11:12:42,709 - shimmer_device - ERROR - Error reading data: 'ShimmerBluetooth' object has no attribute 'read'
2025-11-13 11:12:42,711 - shimmer_device - ERROR - Error reading data: 'ShimmerBluetooth' object has no attribute 'read'
2025-11-13 11:12:42,712 - shimmer_device - ERROR - Error reading data: 'ShimmerBluetooth' object has no attribute 'read'
2025-11-13 11:12:42,713 - shimmer_device - ERROR - Error reading data: 'ShimmerBluetooth' object has no attribute 'read'
2025-11-13 11:12:42,714 - shimmer_device - ERROR - Error reading data: 'ShimmerBluetooth' object has no attribute 'read'
2025-11-13 11:12:42,715 - shimmer_device - ERROR - Error reading data: 'ShimmerBluetooth' object has no attribute 'read'
2025-11-13 11:12:42,717 - shimmer_device - ERROR - Error reading data: 'ShimmerBluetooth' object has no attribute 'read'
2025-11-13 11:12:42,718 - shimmer_device - ERROR - Error reading data: 'ShimmerBluetooth' object has no attribute 'read'
2025-11-13 11:12:42,719 - shimmer_device - ERROR - Error reading data: 'ShimmerBluetooth' object has no attribute 'read'
2025-11-13 11:12:42,721 - shimmer_device - ERROR - Error reading data: 'ShimmerBluetooth' object has no attribute 'read'
2025-11-13 11:12:42,722 - shimmer_device - ERROR - Error reading data: 'ShimmerBluetooth' object has no attribute 'read'
2025-11-13 11:12:42,723 - shimmer_device - ERROR - Error reading data: 'ShimmerBluetooth' object has no attribute 'read'
2025-11-13 11:12:42,725 - shimmer_device - ERROR - Error reading data: 'ShimmerBluetooth' object has no attribute 'read'
2025-11-13 11:12:42,727 - shimmer_device - ERROR - Error reading data: 'ShimmerBluetooth' object has no attribute 'read'
2025-11-13 11:12:42,728 - shimmer_device - ERROR - Error reading data: 'ShimmerBluetooth' object has no attribute 'read'
2025-11-13 11:12:42,730 - shimmer_device - ERROR - Error reading data: 'ShimmerBluetooth' object has no attribute 'read'
2025-11-13 11:12:42,732 - shimmer_device - ERROR - Error reading data: 'ShimmerBluetooth' object has no attribute 'read'
2025-11-13 11:12:42,734 - shimmer_device - ERROR - Error reading data: 'ShimmerBluetooth' object has no attribute 'read'
2025-11-13 11:12:42,735 - shimmer_device - ERROR - Error reading data: 'ShimmerBluetooth' object has no attribute 'read'
2025-11-13 11:12:42,737 - shimmer_device - ERROR - Error reading data: 'ShimmerBluetooth' object has no attribute 'read'
2025-11-13 11:12:42,739 - shimmer_device - ERROR - Error reading data: 'ShimmerBluetooth' object has no attribute 'read'
2025-11-13 11:12:42,740 - shimmer_device - ERROR - Error reading data: 'ShimmerBluetooth' object has no attribute 'read'
2025-11-13 11:12:42,741 - shimmer_device - ERROR - Error reading data: 'ShimmerBluetooth' object has no attribute 'read'
2025-11-13 11:12:42,743 - shimmer_device - ERROR - Error reading data: 'ShimmerBluetooth' object has no attribute 'read'
2025-11-13 11:12:42,745 - shimmer_device - ERROR - Error reading data: 'ShimmerBluetooth' object has no attribute 'read'
2025-11-13 11:12:42,747 - shimmer_device - ERROR - Error reading data: 'ShimmerBluetooth' object has no attribute 'read'
2025-11-13 11:12:42,749 - shimmer_device - ERROR - Error reading data: 'ShimmerBluetooth' object has no attribute 'read'
2025-11-13 11:12:42,750 - shimmer_device - ERROR - Error reading data: 'ShimmerBluetooth' object has no attribute 'read'
2025-11-13 11:12:42,752 - shimmer_device - ERROR - Error reading data: 'ShimmerBluetooth' object has no attribute 'read'
2025-11-13 11:12:42,753 - shimmer_device - ERROR - Error reading data: 'ShimmerBluetooth' object has no attribute 'read'
2025-11-13 11:12:42,754 - shimmer_device - ERROR - Error reading data: 'ShimmerBluetooth' object has no attribute 'read'
2025-11-13 11:12:42,756 - shimmer_device - ERROR - Error reading data: 'ShimmerBluetooth' object has no attribute 'read'
2025-11-13 11:12:42,758 - shimmer_device - ERROR - Error reading data: 'ShimmerBluetooth' object has no attribute 'read'
2025-11-13 11:12:42,760 - shimmer_device - ERROR - Error reading data: 'ShimmerBluetooth' object has no attribute 'read'
2025-11-13 11:12:42,761 - shimmer_device - ERROR - Error reading data: 'ShimmerBluetooth' object has no attribute 'read'
2025-11-13 11:12:42,763 - shimmer_device - ERROR - Error reading data: 'ShimmerBluetooth' object has no attribute 'read'
2025-11-13 11:12:42,764 - shimmer_device - ERROR - Error reading data: 'ShimmerBluetooth' object has no attribute 'read'
2025-11-13 11:12:42,765 - shimmer_device - ERROR - Error reading data: 'ShimmerBluetooth' object has no attribute 'read'
2025-11-13 11:12:42,767 - shimmer_device - ERROR - Error reading data: 'ShimmerBluetooth' object has no attribute 'read'
2025-11-13 11:12:42,768 - shimmer_device - ERROR - Error reading data: 'ShimmerBluetooth' object has no attribute 'read'
2025-11-13 11:12:42,770 - shimmer_device - ERROR - Error reading data: 'ShimmerBluetooth' object has no attribute 'read'
2025-11-13 11:12:42,772 - shimmer_device - ERROR - Error reading data: 'ShimmerBluetooth' object has no attribute 'read'
2025-11-13 11:12:42,773 - shimmer_device - ERROR - Error reading data: 'ShimmerBluetooth' object has no attribute 'read'
2025-11-13 11:12:42,774 - shimmer_device - ERROR - Error reading data: 'ShimmerBluetooth' object has no attribute 'read'
2025-11-13 11:12:42,776 - shimmer_device - ERROR - Error reading data: 'ShimmerBluetooth' object has no attribute 'read'
2025-11-13 11:12:42,777 - shimmer_device - ERROR - Error reading data: 'ShimmerBluetooth' object has no attribute 'read'
2025-11-13 11:12:42,779 - shimmer_device - ERROR - Error reading data: 'ShimmerBluetooth' object has no attribute 'read'
2025-11-13 11:12:42,780 - shimmer_device - ERROR - Error reading data: 'ShimmerBluetooth' object has no attribute 'read'
2025-11-13 11:12:42,781 - shimmer_device - ERROR - Error reading data: 'ShimmerBluetooth' object has no attribute 'read'
2025-11-13 11:12:42,782 - shimmer_device - ERROR - Error reading data: 'ShimmerBluetooth' object has no attribute 'read'
2025-11-13 11:12:42,783 - shimmer_device - ERROR - Error reading data: 'ShimmerBluetooth' object has no attribute 'read'
2025-11-13 11:12:42,785 - shimmer_device - ERROR - Error reading data: 'ShimmerBluetooth' object has no attribute 'read'
2025-11-13 11:12:42,786 - shimmer_device - ERROR - Error reading data: 'ShimmerBluetooth' object has no attribute 'read'
2025-11-13 11:12:42,787 - shimmer_device - ERROR - Error reading data: 'ShimmerBluetooth' object has no attribute 'read'
2025-11-13 11:12:42,789 - shimmer_device - ERROR - Error reading data: 'ShimmerBluetooth' object has no attribute 'read'
2025-11-13 11:12:42,790 - shimmer_device - ERROR - Error reading data: 'ShimmerBluetooth' object has no attribute 'read'
2025-11-13 11:12:42,791 - shimmer_device - ERROR - Error reading data: 'ShimmerBluetooth' object has no attribute 'read'
2025-11-13 11:12:42,793 - shimmer_device - ERROR - Error reading data: 'ShimmerBluetooth' object has no attribute 'read'
2025-11-13 11:12:42,794 - shimmer_device - ERROR - Error reading data: 'ShimmerBluetooth' object has no attribute 'read'
2025-11-13 11:12:42,795 - shimmer_device - ERROR - Error reading data: 'ShimmerBluetooth' object has no attribute 'read'
2025-11-13 11:12:42,797 - shimmer_device - ERROR - Error reading data: 'ShimmerBluetooth' object has no attribute 'read'
2025-11-13 11:12:42,800 - shimmer_device - ERROR - Error reading data: 'ShimmerBluetooth' object has no attribute 'read'
2025-11-13 11:12:42,801 - shimmer_device - ERROR - Error reading data: 'ShimmerBluetooth' object has no attribute 'read'
2025-11-13 11:12:42,803 - shimmer_device - ERROR - Error reading data: 'ShimmerBluetooth' object has no attribute 'read'
2025-11-13 11:12:42,804 - shimmer_device - ERROR - Error reading data: 'ShimmerBluetooth' object has no attribute 'read'
2025-11-13 11:12:42,806 - shimmer_device - ERROR - Error reading data: 'ShimmerBluetooth' object has no attribute 'read'
2025-11-13 11:12:42,807 - shimmer_device - ERROR - Error reading data: 'ShimmerBluetooth' object has no attribute 'read'
2025-11-13 11:12:42,808 - shimmer_device - ERROR - Error reading data: 'ShimmerBluetooth' object has no attribute 'read'
2025-11-13 11:12:42,810 - shimmer_device - ERROR - Error reading data: 'ShimmerBluetooth' object has no attribute 'read'
2025-11-13 11:12:42,811 - shimmer_device - ERROR - Error reading data: 'ShimmerBluetooth' object has no attribute 'read'
2025-11-13 11:12:42,813 - shimmer_device - ERROR - Error reading data: 'ShimmerBluetooth' object has no attribute 'read'
2025-11-13 11:12:42,814 - shimmer_device - ERROR - Error reading data: 'ShimmerBluetooth' object has no attribute 'read'
2025-11-13 11:12:42,815 - shimmer_device - ERROR - Error reading data: 'ShimmerBluetooth' object has no attribute 'read'
2025-11-13 11:12:42,816 - shimmer_device - ERROR - Error reading data: 'ShimmerBluetooth' object has no attribute 'read'
2025-11-13 11:12:42,817 - shimmer_device - ERROR - Error reading data: 'ShimmerBluetooth' object has no attribute 'read'
2025-11-13 11:12:42,819 - shimmer_device - ERROR - Error reading data: 'ShimmerBluetooth' object has no attribute 'read'
2025-11-13 11:12:42,820 - shimmer_device - ERROR - Error reading data: 'ShimmerBluetooth' object has no attribute 'read'
2025-11-13 11:12:42,822 - shimmer_device - ERROR - Error reading data: 'ShimmerBluetooth' object has no attribute 'read'
2025-11-13 11:12:42,823 - shimmer_device - ERROR - Error reading data: 'ShimmerBluetooth' object has no attribute 'read'
2025-11-13 11:12:42,825 - shimmer_device - ERROR - Error reading data: 'ShimmerBluetooth' object has no attribute 'read'
2025-11-13 11:12:42,826 - shimmer_device - ERROR - Error reading data: 'ShimmerBluetooth' object has no attribute 'read'
2025-11-13 11:12:42,827 - shimmer_device - ERROR - Error reading data: 'ShimmerBluetooth' object has no attribute 'read'
2025-11-13 11:12:42,829 - shimmer_device - ERROR - Error reading data: 'ShimmerBluetooth' object has no attribute 'read'
2025-11-13 11:12:42,830 - shimmer_device - ERROR - Error reading data: 'ShimmerBluetooth' object has no attribute 'read'
2025-11-13 11:12:42,831 - shimmer_device - ERROR - Error reading data: 'ShimmerBluetooth' object has no attribute 'read'
2025-11-13 11:12:42,832 - shimmer_device - ERROR - Error reading data: 'ShimmerBluetooth' object has no attribute 'read'
2025-11-13 11:12:42,834 - shimmer_device - ERROR - Error reading data: 'ShimmerBluetooth' object has no attribute 'read'
2025-11-13 11:12:42,835 - shimmer_device - ERROR - Error reading data: 'ShimmerBluetooth' object has no attribute 'read'
2025-11-13 11:12:42,836 - shimmer_device - ERROR - Error reading data: 'ShimmerBluetooth' object has no attribute 'read'
2025-11-13 11:12:42,837 - shimmer_device - ERROR - Error reading data: 'ShimmerBluetooth' object has no attribute 'read'
2025-11-13 11:12:42,839 - shimmer_device - ERROR - Error reading data: 'ShimmerBluetooth' object has no attribute 'read'
2025-11-13 11:12:42,841 - shimmer_device - ERROR - Error reading data: 'ShimmerBluetooth' object has no attribute 'read'
2025-11-13 11:12:42,842 - shimmer_device - ERROR - Error reading data: 'ShimmerBluetooth' object has no attribute 'read'
2025-11-13 11:12:42,843 - shimmer_device - ERROR - Error reading data: 'ShimmerBluetooth' object has no attribute 'read'
2025-11-13 11:12:42,845 - shimmer_device - ERROR - Error reading data: 'ShimmerBluetooth' object has no attribute 'read'
2025-11-13 11:12:42,846 - shimmer_device - ERROR - Error reading data: 'ShimmerBluetooth' object has no attribute 'read'
2025-11-13 11:12:42,847 - shimmer_device - ERROR - Error reading data: 'ShimmerBluetooth' object has no attribute 'read'
2025-11-13 11:12:42,849 - shimmer_device - ERROR - Error reading data: 'ShimmerBluetooth' object has no attribute 'read'
2025-11-13 11:12:42,851 - shimmer_device - ERROR - Error reading data: 'ShimmerBluetooth' object has no attribute 'read'
2025-11-13 11:12:42,852 - shimmer_device - ERROR - Error reading data: 'ShimmerBluetooth' object has no attribute 'read'
2025-11-13 11:12:42,854 - shimmer_device - ERROR - Error reading data: 'ShimmerBluetooth' object has no attribute 'read'
2025-11-13 11:12:42,855 - shimmer_device - ERROR - Error reading data: 'ShimmerBluetooth' object has no attribute 'read'
2025-11-13 11:12:42,857 - shimmer_device - ERROR - Error reading data: 'ShimmerBluetooth' object has no attribute 'read'
2025-11-13 11:12:42,858 - shimmer_device - ERROR - Error reading data: 'ShimmerBluetooth' object has no attribute 'read'
2025-11-13 11:12:42,859 - shimmer_device - ERROR - Error reading data: 'ShimmerBluetooth' object has no attribute 'read'
2025-11-13 11:12:42,860 - shimmer_device - ERROR - Error reading data: 'ShimmerBluetooth' object has no attribute 'read'
2025-11-13 11:12:42,861 - shimmer_device - ERROR - Error reading data: 'ShimmerBluetooth' object has no attribute 'read'
2025-11-13 11:12:42,863 - shimmer_device - ERROR - Error reading data: 'ShimmerBluetooth' object has no attribute 'read'
2025-11-13 11:12:42,865 - shimmer_device - ERROR - Error reading data: 'ShimmerBluetooth' object has no attribute 'read'
2025-11-13 11:12:42,867 - shimmer_device - ERROR - Error reading data: 'ShimmerBluetooth' object has no attribute 'read'
2025-11-13 11:12:42,869 - shimmer_device - ERROR - Error reading data: 'ShimmerBluetooth' object has no attribute 'read'
2025-11-13 11:12:42,871 - shimmer_device - ERROR - Error reading data: 'ShimmerBluetooth' object has no attribute 'read'
2025-11-13 11:12:42,872 - shimmer_device - ERROR - Error reading data: 'ShimmerBluetooth' object has no attribute 'read'
2025-11-13 11:12:42,873 - shimmer_device - ERROR - Error reading data: 'ShimmerBluetooth' object has no attribute 'read'
2025-11-13 11:12:42,875 - shimmer_device - ERROR - Error reading data: 'ShimmerBluetooth' object has no attribute 'read'
2025-11-13 11:12:42,876 - shimmer_device - ERROR - Error reading data: 'ShimmerBluetooth' object has no attribute 'read'
2025-11-13 11:12:42,877 - shimmer_device - ERROR - Error reading data: 'ShimmerBluetooth' object has no attribute 'read'
2025-11-13 11:12:42,879 - shimmer_device - ERROR - Error reading data: 'ShimmerBluetooth' object has no attribute 'read'
2025-11-13 11:12:42,880 - shimmer_device - ERROR - Error reading data: 'ShimmerBluetooth' object has no attribute 'read'
2025-11-13 11:12:42,882 - shimmer_device - ERROR - Error reading data: 'ShimmerBluetooth' object has no attribute 'read'
2025-11-13 11:12:42,883 - shimmer_device - ERROR - Error reading data: 'ShimmerBluetooth' object has no attribute 'read'
2025-11-13 11:12:42,884 - shimmer_device - ERROR - Error reading data: 'ShimmerBluetooth' object has no attribute 'read'
2025-11-13 11:12:42,885 - shimmer_device - ERROR - Error reading data: 'ShimmerBluetooth' object has no attribute 'read'
2025-11-13 11:12:42,886 - shimmer_device - ERROR - Error reading data: 'ShimmerBluetooth' object has no attribute 'read'
2025-11-13 11:12:42,887 - shimmer_device - ERROR - Error reading data: 'ShimmerBluetooth' object has no attribute 'read'
2025-11-13 11:12:42,889 - shimmer_device - ERROR - Error reading data: 'ShimmerBluetooth' object has no attribute 'read'
2025-11-13 11:12:42,890 - shimmer_device - ERROR - Error reading data: 'ShimmerBluetooth' object has no attribute 'read'
2025-11-13 11:12:42,891 - shimmer_device - ERROR - Error reading data: 'ShimmerBluetooth' object has no attribute 'read'
2025-11-13 11:12:42,892 - shimmer_device - ERROR - Error reading data: 'ShimmerBluetooth' object has no attribute 'read'
2025-11-13 11:12:42,893 - shimmer_device - ERROR - Error reading data: 'ShimmerBluetooth' object has no attribute 'read'
2025-11-13 11:12:42,895 - shimmer_device - ERROR - Error reading data: 'ShimmerBluetooth' object has no attribute 'read'
2025-11-13 11:12:42,896 - shimmer_device - ERROR - Error reading data: 'ShimmerBluetooth' object has no attribute 'read'
2025-11-13 11:12:42,898 - shimmer_device - ERROR - Error reading data: 'ShimmerBluetooth' object has no attribute 'read'
2025-11-13 11:12:42,899 - shimmer_device - ERROR - Error reading data: 'ShimmerBluetooth' object has no attribute 'read'
2025-11-13 11:12:42,901 - shimmer_device - ERROR - Error reading data: 'ShimmerBluetooth' object has no attribute 'read'
2025-11-13 11:12:42,902 - shimmer_device - ERROR - Error reading data: 'ShimmerBluetooth' object has no attribute 'read'
2025-11-13 11:12:42,903 - shimmer_device - ERROR - Error reading data: 'ShimmerBluetooth' object has no attribute 'read'
2025-11-13 11:12:42,905 - shimmer_device - ERROR - Error reading data: 'ShimmerBluetooth' object has no attribute 'read'
2025-11-13 11:12:42,906 - shimmer_device - ERROR - Error reading data: 'ShimmerBluetooth' object has no attribute 'read'
2025-11-13 11:12:42,908 - shimmer_device - ERROR - Error reading data: 'ShimmerBluetooth' object has no attribute 'read'
2025-11-13 11:12:42,909 - shimmer_device - ERROR - Error reading data: 'ShimmerBluetooth' object has no attribute 'read'
2025-11-13 11:12:42,911 - shimmer_device - ERROR - Error reading data: 'ShimmerBluetooth' object has no attribute 'read'
2025-11-13 11:12:42,913 - shimmer_device - ERROR - Error reading data: 'ShimmerBluetooth' object has no attribute 'read'
2025-11-13 11:12:42,914 - shimmer_device - ERROR - Error reading data: 'ShimmerBluetooth' object has no attribute 'read'
2025-11-13 11:12:42,916 - shimmer_device - ERROR - Error reading data: 'ShimmerBluetooth' object has no attribute 'read'
2025-11-13 11:12:42,917 - shimmer_device - ERROR - Error reading data: 'ShimmerBluetooth' object has no attribute 'read'
2025-11-13 11:12:42,919 - shimmer_device - ERROR - Error reading data: 'ShimmerBluetooth' object has no attribute 'read'
2025-11-13 11:12:42,920 - shimmer_device - ERROR - Error reading data: 'ShimmerBluetooth' object has no attribute 'read'
2025-11-13 11:12:42,922 - shimmer_device - ERROR - Error reading data: 'ShimmerBluetooth' object has no attribute 'read'
2025-11-13 11:12:42,923 - shimmer_device - ERROR - Error reading data: 'ShimmerBluetooth' object has no attribute 'read'
2025-11-13 11:12:42,925 - shimmer_device - ERROR - Error reading data: 'ShimmerBluetooth' object has no attribute 'read'
2025-11-13 11:12:42,926 - shimmer_device - ERROR - Error reading data: 'ShimmerBluetooth' object has no attribute 'read'
2025-11-13 11:12:42,928 - shimmer_device - ERROR - Error reading data: 'ShimmerBluetooth' object has no attribute 'read'
2025-11-13 11:12:42,930 - shimmer_device - ERROR - Error reading data: 'ShimmerBluetooth' object has no attribute 'read'
2025-11-13 11:12:42,931 - shimmer_device - ERROR - Error reading data: 'ShimmerBluetooth' object has no attribute 'read'
2025-11-13 11:12:42,932 - shimmer_device - ERROR - Error reading data: 'ShimmerBluetooth' object has no attribute 'read'
2025-11-13 11:12:42,934 - shimmer_device - ERROR - Error reading data: 'ShimmerBluetooth' object has no attribute 'read'
2025-11-13 11:12:42,936 - shimmer_device - ERROR - Error reading data: 'ShimmerBluetooth' object has no attribute 'read'
2025-11-13 11:12:42,937 - shimmer_device - ERROR - Error reading data: 'ShimmerBluetooth' object has no attribute 'read'
2025-11-13 11:12:42,938 - shimmer_device - ERROR - Error reading data: 'ShimmerBluetooth' object has no attribute 'read'
2025-11-13 11:12:42,939 - shimmer_device - ERROR - Error reading data: 'ShimmerBluetooth' object has no attribute 'read'
2025-11-13 11:12:42,941 - shimmer_device - ERROR - Error reading data: 'ShimmerBluetooth' object has no attribute 'read'
2025-11-13 11:12:42,942 - shimmer_device - ERROR - Error reading data: 'ShimmerBluetooth' object has no attribute 'read'
2025-11-13 11:12:42,944 - shimmer_device - ERROR - Error reading data: 'ShimmerBluetooth' object has no attribute 'read'
2025-11-13 11:12:42,946 - shimmer_device - ERROR - Error reading data: 'ShimmerBluetooth' object has no attribute 'read'
2025-11-13 11:12:42,947 - shimmer_device - ERROR - Error reading data: 'ShimmerBluetooth' object has no attribute 'read'
2025-11-13 11:12:42,949 - shimmer_device - ERROR - Error reading data: 'ShimmerBluetooth' object has no attribute 'read'
2025-11-13 11:12:42,950 - shimmer_device - ERROR - Error reading data: 'ShimmerBluetooth' object has no attribute 'read'
2025-11-13 11:12:42,951 - shimmer_device - ERROR - Error reading data: 'ShimmerBluetooth' object has no attribute 'read'
2025-11-13 11:12:42,953 - shimmer_device - ERROR - Error reading data: 'ShimmerBluetooth' object has no attribute 'read'
2025-11-13 11:12:42,955 - shimmer_device - ERROR - Error reading data: 'ShimmerBluetooth' object has no attribute 'read'
2025-11-13 11:12:42,956 - shimmer_device - ERROR - Error reading data: 'ShimmerBluetooth' object has no attribute 'read'
2025-11-13 11:12:42,957 - shimmer_device - ERROR - Error reading data: 'ShimmerBluetooth' object has no attribute 'read'
2025-11-13 11:12:42,959 - shimmer_device - ERROR - Error reading data: 'ShimmerBluetooth' object has no attribute 'read'
2025-11-13 11:12:42,960 - shimmer_device - ERROR - Error reading data: 'ShimmerBluetooth' object has no attribute 'read'
2025-11-13 11:12:42,961 - shimmer_device - ERROR - Error reading data: 'ShimmerBluetooth' object has no attribute 'read'
2025-11-13 11:12:42,962 - shimmer_device - ERROR - Error reading data: 'ShimmerBluetooth' object has no attribute 'read'
2025-11-13 11:12:42,963 - shimmer_device - ERROR - Error reading data: 'ShimmerBluetooth' object has no attribute 'read'
2025-11-13 11:12:42,965 - shimmer_device - ERROR - Error reading data: 'ShimmerBluetooth' object has no attribute 'read'
2025-11-13 11:12:42,966 - shimmer_device - ERROR - Error reading data: 'ShimmerBluetooth' object has no attribute 'read'
2025-11-13 11:12:42,968 - shimmer_device - ERROR - Error reading data: 'ShimmerBluetooth' object has no attribute 'read'
2025-11-13 11:12:42,969 - shimmer_device - ERROR - Error reading data: 'ShimmerBluetooth' object has no attribute 'read'
2025-11-13 11:12:42,970 - shimmer_device - ERROR - Error reading data: 'ShimmerBluetooth' object has no attribute 'read'
2025-11-13 11:12:42,972 - shimmer_device - ERROR - Error reading data: 'ShimmerBluetooth' object has no attribute 'read'
2025-11-13 11:12:42,973 - shimmer_device - ERROR - Error reading data: 'ShimmerBluetooth' object has no attribute 'read'
2025-11-13 11:12:42,975 - shimmer_device - ERROR - Error reading data: 'ShimmerBluetooth' object has no attribute 'read'
2025-11-13 11:12:42,976 - shimmer_device - ERROR - Error reading data: 'ShimmerBluetooth' object has no attribute 'read'
2025-11-13 11:12:42,977 - shimmer_device - ERROR - Error reading data: 'ShimmerBluetooth' object has no attribute 'read'
2025-11-13 11:12:42,979 - shimmer_device - ERROR - Error reading data: 'ShimmerBluetooth' object has no attribute 'read'
2025-11-13 11:12:42,981 - shimmer_device - ERROR - Error reading data: 'ShimmerBluetooth' object has no attribute 'read'
2025-11-13 11:12:42,982 - shimmer_device - ERROR - Error reading data: 'ShimmerBluetooth' object has no attribute 'read'
2025-11-13 11:12:42,983 - shimmer_device - ERROR - Error reading data: 'ShimmerBluetooth' object has no attribute 'read'
2025-11-13 11:12:42,984 - shimmer_device - ERROR - Error reading data: 'ShimmerBluetooth' object has no attribute 'read'
2025-11-13 11:12:42,986 - shimmer_device - ERROR - Error reading data: 'ShimmerBluetooth' object has no attribute 'read'
2025-11-13 11:12:42,987 - shimmer_device - ERROR - Error reading data: 'ShimmerBluetooth' object has no attribute 'read'
2025-11-13 11:12:42,989 - shimmer_device - ERROR - Error reading data: 'ShimmerBluetooth' object has no attribute 'read'
2025-11-13 11:12:42,990 - shimmer_device - ERROR - Error reading data: 'ShimmerBluetooth' object has no attribute 'read'
2025-11-13 11:12:42,991 - shimmer_device - ERROR - Error reading data: 'ShimmerBluetooth' object has no attribute 'read'
2025-11-13 11:12:42,993 - shimmer_device - ERROR - Error reading data: 'ShimmerBluetooth' object has no attribute 'read'
2025-11-13 11:12:42,994 - shimmer_device - ERROR - Error reading data: 'ShimmerBluetooth' object has no attribute 'read'
2025-11-13 11:12:42,995 - shimmer_device - ERROR - Error reading data: 'ShimmerBluetooth' object has no attribute 'read'
2025-11-13 11:12:42,997 - shimmer_device - ERROR - Error reading data: 'ShimmerBluetooth' object has no attribute 'read'
2025-11-13 11:12:42,998 - shimmer_device - ERROR - Error reading data: 'ShimmerBluetooth' object has no attribute 'read'
2025-11-13 11:12:43,000 - shimmer_device - ERROR - Error reading data: 'ShimmerBluetooth' object has no attribute 'read'
2025-11-13 11:12:43,001 - shimmer_device - ERROR - Error reading data: 'ShimmerBluetooth' object has no attribute 'read'
2025-11-13 11:12:43,003 - shimmer_device - ERROR - Error reading data: 'ShimmerBluetooth' object has no attribute 'read'
2025-11-13 11:12:43,005 - shimmer_device - ERROR - Error reading data: 'ShimmerBluetooth' object has no attribute 'read'
2025-11-13 11:12:43,007 - shimmer_device - ERROR - Error reading data: 'ShimmerBluetooth' object has no attribute 'read'
2025-11-13 11:12:43,008 - shimmer_device - ERROR - Error reading data: 'ShimmerBluetooth' object has no attribute 'read'
2025-11-13 11:12:43,009 - shimmer_device - ERROR - Error reading data: 'ShimmerBluetooth' object has no attribute 'read'
2025-11-13 11:12:43,011 - shimmer_device - ERROR - Error reading data: 'ShimmerBluetooth' object has no attribute 'read'
2025-11-13 11:12:43,013 - shimmer_device - ERROR - Error reading data: 'ShimmerBluetooth' object has no attribute 'read'
2025-11-13 11:12:43,015 - shimmer_device - ERROR - Error reading data: 'ShimmerBluetooth' object has no attribute 'read'
2025-11-13 11:12:43,016 - shimmer_device - ERROR - Error reading data: 'ShimmerBluetooth' object has no attribute 'read'
2025-11-13 11:12:43,017 - shimmer_device - ERROR - Error reading data: 'ShimmerBluetooth' object has no attribute 'read'
2025-11-13 11:12:43,019 - shimmer_device - ERROR - Error reading data: 'ShimmerBluetooth' object has no attribute 'read'
2025-11-13 11:12:43,021 - shimmer_device - ERROR - Error reading data: 'ShimmerBluetooth' object has no attribute 'read'
2025-11-13 11:12:43,022 - shimmer_device - ERROR - Error reading data: 'ShimmerBluetooth' object has no attribute 'read'
2025-11-13 11:12:43,023 - shimmer_device - ERROR - Error reading data: 'ShimmerBluetooth' object has no attribute 'read'
2025-11-13 11:12:43,024 - shimmer_device - ERROR - Error reading data: 'ShimmerBluetooth' object has no attribute 'read'
2025-11-13 11:12:43,026 - shimmer_device - ERROR - Error reading data: 'ShimmerBluetooth' object has no attribute 'read'
2025-11-13 11:12:43,028 - shimmer_device - ERROR - Error reading data: 'ShimmerBluetooth' object has no attribute 'read'
2025-11-13 11:12:43,030 - shimmer_device - ERROR - Error reading data: 'ShimmerBluetooth' object has no attribute 'read'
2025-11-13 11:12:43,031 - shimmer_device - ERROR - Error reading data: 'ShimmerBluetooth' object has no attribute 'read'
2025-11-13 11:12:43,032 - shimmer_device - ERROR - Error reading data: 'ShimmerBluetooth' object has no attribute 'read'
2025-11-13 11:12:43,036 - shimmer_device - ERROR - Error reading data: 'ShimmerBluetooth' object has no attribute 'read'
2025-11-13 11:12:43,038 - shimmer_device - ERROR - Error reading data: 'ShimmerBluetooth' object has no attribute 'read'
2025-11-13 11:12:43,039 - shimmer_device - ERROR - Error reading data: 'ShimmerBluetooth' object has no attribute 'read'
2025-11-13 11:12:43,041 - shimmer_device - ERROR - Error reading data: 'ShimmerBluetooth' object has no attribute 'read'
2025-11-13 11:12:43,042 - shimmer_device - ERROR - Error reading data: 'ShimmerBluetooth' object has no attribute 'read'
2025-11-13 11:12:43,043 - shimmer_device - ERROR - Error reading data: 'ShimmerBluetooth' object has no attribute 'read'
2025-11-13 11:12:43,045 - shimmer_device - ERROR - Error reading data: 'ShimmerBluetooth' object has no attribute 'read'
2025-11-13 11:12:43,046 - shimmer_device - ERROR - Error reading data: 'ShimmerBluetooth' object has no attribute 'read'
2025-11-13 11:12:43,048 - shimmer_device - ERROR - Error reading data: 'ShimmerBluetooth' object has no attribute 'read'
2025-11-13 11:12:43,050 - shimmer_device - ERROR - Error reading data: 'ShimmerBluetooth' object has no attribute 'read'
2025-11-13 11:12:43,052 - shimmer_device - ERROR - Error reading data: 'ShimmerBluetooth' object has no attribute 'read'
2025-11-13 11:12:43,053 - shimmer_device - ERROR - Error reading data: 'ShimmerBluetooth' object has no attribute 'read'
2025-11-13 11:12:43,055 - shimmer_device - ERROR - Error reading data: 'ShimmerBluetooth' object has no attribute 'read'
2025-11-13 11:12:43,056 - shimmer_device - ERROR - Error reading data: 'ShimmerBluetooth' object has no attribute 'read'
2025-11-13 11:12:43,057 - shimmer_device - ERROR - Error reading data: 'ShimmerBluetooth' object has no attribute 'read'
2025-11-13 11:12:43,059 - shimmer_device - ERROR - Error reading data: 'ShimmerBluetooth' object has no attribute 'read'
2025-11-13 11:12:43,060 - shimmer_device - ERROR - Error reading data: 'ShimmerBluetooth' object has no attribute 'read'
2025-11-13 11:12:43,061 - shimmer_device - ERROR - Error reading data: 'ShimmerBluetooth' object has no attribute 'read'
2025-11-13 11:12:43,063 - shimmer_device - ERROR - Error reading data: 'ShimmerBluetooth' object has no attribute 'read'
2025-11-13 11:12:43,064 - shimmer_device - ERROR - Error reading data: 'ShimmerBluetooth' object has no attribute 'read'
2025-11-13 11:12:43,066 - shimmer_device - ERROR - Error reading data: 'ShimmerBluetooth' object has no attribute 'read'
2025-11-13 11:12:43,068 - shimmer_device - ERROR - Error reading data: 'ShimmerBluetooth' object has no attribute 'read'
2025-11-13 11:12:43,069 - shimmer_device - ERROR - Error reading data: 'ShimmerBluetooth' object has no attribute 'read'
2025-11-13 11:12:43,070 - shimmer_device - ERROR - Error reading data: 'ShimmerBluetooth' object has no attribute 'read'
2025-11-13 11:12:43,071 - shimmer_device - ERROR - Error reading data: 'ShimmerBluetooth' object has no attribute 'read'
2025-11-13 11:12:43,072 - shimmer_device - ERROR - Error reading data: 'ShimmerBluetooth' object has no attribute 'read'
2025-11-13 11:12:43,074 - shimmer_device - ERROR - Error reading data: 'ShimmerBluetooth' object has no attribute 'read'
2025-11-13 11:12:43,075 - shimmer_device - ERROR - Error reading data: 'ShimmerBluetooth' object has no attribute 'read'
2025-11-13 11:12:43,076 - shimmer_device - ERROR - Error reading data: 'ShimmerBluetooth' object has no attribute 'read'
2025-11-13 11:12:43,078 - shimmer_device - ERROR - Error reading data: 'ShimmerBluetooth' object has no attribute 'read'
2025-11-13 11:12:43,080 - shimmer_device - ERROR - Error reading data: 'ShimmerBluetooth' object has no attribute 'read'
2025-11-13 11:12:43,081 - shimmer_device - ERROR - Error reading data: 'ShimmerBluetooth' object has no attribute 'read'
2025-11-13 11:12:43,081 - __main__ - INFO - 
============================================================
2025-11-13 11:12:43,081 - __main__ - INFO - Total samples: 0
2025-11-13 11:12:43,081 - __main__ - INFO - LSL pushed: 0
2025-11-13 11:12:43,081 - __main__ - INFO - LSL rate: 0.00 Hz (0.0% of nominal)
2025-11-13 11:12:43,081 - __main__ - INFO - Saved: 0
2025-11-13 11:12:43,081 - __main__ - INFO - Buffer: 0
2025-11-13 11:12:43,081 - __main__ - INFO - ============================================================
2025-11-13 11:12:43,082 - shimmer_device - ERROR - Error reading data: 'ShimmerBluetooth' object has no attribute 'read'
2025-11-13 11:12:43,084 - shimmer_device - ERROR - Error reading data: 'ShimmerBluetooth' object has no attribute 'read'
2025-11-13 11:12:43,085 - shimmer_device - ERROR - Error reading data: 'ShimmerBluetooth' object has no attribute 'read'
2025-11-13 11:12:43,086 - shimmer_device - ERROR - Error reading data: 'ShimmerBluetooth' object has no attribute 'read'
2025-11-13 11:12:43,087 - shimmer_device - ERROR - Error reading data: 'ShimmerBluetooth' object has no attribute 'read'
2025-11-13 11:12:43,089 - shimmer_device - ERROR - Error reading data: 'ShimmerBluetooth' object has no attribute 'read'
2025-11-13 11:12:43,091 - shimmer_device - ERROR - Error reading data: 'ShimmerBluetooth' object has no attribute 'read'
2025-11-13 11:12:43,092 - shimmer_device - ERROR - Error reading data: 'ShimmerBluetooth' object has no attribute 'read'
2025-11-13 11:12:43,094 - shimmer_device - ERROR - Error reading data: 'ShimmerBluetooth' object has no attribute 'read'
2025-11-13 11:12:43,095 - shimmer_device - ERROR - Error reading data: 'ShimmerBluetooth' object has no attribute 'read'
2025-11-13 11:12:43,097 - shimmer_device - ERROR - Error reading data: 'ShimmerBluetooth' object has no attribute 'read'
2025-11-13 11:12:43,099 - shimmer_device - ERROR - Error reading data: 'ShimmerBluetooth' object has no attribute 'read'
2025-11-13 11:12:43,101 - shimmer_device - ERROR - Error reading data: 'ShimmerBluetooth' object has no attribute 'read'
2025-11-13 11:12:43,102 - shimmer_device - ERROR - Error reading data: 'ShimmerBluetooth' object has no attribute 'read'
2025-11-13 11:12:43,103 - shimmer_device - ERROR - Error reading data: 'ShimmerBluetooth' object has no attribute 'read'
2025-11-13 11:12:43,104 - shimmer_device - ERROR - Error reading data: 'ShimmerBluetooth' object has no attribute 'read'
2025-11-13 11:12:43,107 - shimmer_device - ERROR - Error reading data: 'ShimmerBluetooth' object has no attribute 'read'
2025-11-13 11:12:43,108 - shimmer_device - ERROR - Error reading data: 'ShimmerBluetooth' object has no attribute 'read'
2025-11-13 11:12:43,110 - shimmer_device - ERROR - Error reading data: 'ShimmerBluetooth' object has no attribute 'read'
2025-11-13 11:12:43,111 - shimmer_device - ERROR - Error reading data: 'ShimmerBluetooth' object has no attribute 'read'
2025-11-13 11:12:43,112 - shimmer_device - ERROR - Error reading data: 'ShimmerBluetooth' object has no attribute 'read'
2025-11-13 11:12:43,113 - shimmer_device - ERROR - Error reading data: 'ShimmerBluetooth' object has no attribute 'read'
2025-11-13 11:12:43,115 - shimmer_device - ERROR - Error reading data: 'ShimmerBluetooth' object has no attribute 'read'
2025-11-13 11:12:43,116 - shimmer_device - ERROR - Error reading data: 'ShimmerBluetooth' object has no attribute 'read'
2025-11-13 11:12:43,118 - shimmer_device - ERROR - Error reading data: 'ShimmerBluetooth' object has no attribute 'read'
2025-11-13 11:12:43,119 - shimmer_device - ERROR - Error reading data: 'ShimmerBluetooth' object has no attribute 'read'
2025-11-13 11:12:43,120 - shimmer_device - ERROR - Error reading data: 'ShimmerBluetooth' object has no attribute 'read'
2025-11-13 11:12:43,122 - shimmer_device - ERROR - Error reading data: 'ShimmerBluetooth' object has no attribute 'read'
2025-11-13 11:12:43,123 - shimmer_device - ERROR - Error reading data: 'ShimmerBluetooth' object has no attribute 'read'
2025-11-13 11:12:43,125 - shimmer_device - ERROR - Error reading data: 'ShimmerBluetooth' object has no attribute 'read'
2025-11-13 11:12:43,126 - shimmer_device - ERROR - Error reading data: 'ShimmerBluetooth' object has no attribute 'read'
2025-11-13 11:12:43,127 - shimmer_device - ERROR - Error reading data: 'ShimmerBluetooth' object has no attribute 'read'
2025-11-13 11:12:43,128 - shimmer_device - ERROR - Error reading data: 'ShimmerBluetooth' object has no attribute 'read'
2025-11-13 11:12:43,130 - shimmer_device - ERROR - Error reading data: 'ShimmerBluetooth' object has no attribute 'read'
2025-11-13 11:12:43,132 - shimmer_device - ERROR - Error reading data: 'ShimmerBluetooth' object has no attribute 'read'
2025-11-13 11:12:43,133 - shimmer_device - ERROR - Error reading data: 'ShimmerBluetooth' object has no attribute 'read'
2025-11-13 11:12:43,134 - shimmer_device - ERROR - Error reading data: 'ShimmerBluetooth' object has no attribute 'read'
2025-11-13 11:12:43,135 - shimmer_device - ERROR - Error reading data: 'ShimmerBluetooth' object has no attribute 'read'
2025-11-13 11:12:43,137 - shimmer_device - ERROR - Error reading data: 'ShimmerBluetooth' object has no attribute 'read'
2025-11-13 11:12:43,138 - shimmer_device - ERROR - Error reading data: 'ShimmerBluetooth' object has no attribute 'read'
2025-11-13 11:12:43,139 - shimmer_device - ERROR - Error reading data: 'ShimmerBluetooth' object has no attribute 'read'
2025-11-13 11:12:43,140 - shimmer_device - ERROR - Error reading data: 'ShimmerBluetooth' object has no attribute 'read'
2025-11-13 11:12:43,141 - shimmer_device - ERROR - Error reading data: 'ShimmerBluetooth' object has no attribute 'read'
2025-11-13 11:12:43,142 - shimmer_device - ERROR - Error reading data: 'ShimmerBluetooth' object has no attribute 'read'
2025-11-13 11:12:43,144 - shimmer_device - ERROR - Error reading data: 'ShimmerBluetooth' object has no attribute 'read'
2025-11-13 11:12:43,145 - shimmer_device - ERROR - Error reading data: 'ShimmerBluetooth' object has no attribute 'read'
2025-11-13 11:12:43,146 - shimmer_device - ERROR - Error reading data: 'ShimmerBluetooth' object has no attribute 'read'
2025-11-13 11:12:43,148 - shimmer_device - ERROR - Error reading data: 'ShimmerBluetooth' object has no attribute 'read'
2025-11-13 11:12:43,149 - shimmer_device - ERROR - Error reading data: 'ShimmerBluetooth' object has no attribute 'read'
2025-11-13 11:12:43,151 - shimmer_device - ERROR - Error reading data: 'ShimmerBluetooth' object has no attribute 'read'
2025-11-13 11:12:43,153 - shimmer_device - ERROR - Error reading data: 'ShimmerBluetooth' object has no attribute 'read'
2025-11-13 11:12:43,154 - shimmer_device - ERROR - Error reading data: 'ShimmerBluetooth' object has no attribute 'read'
2025-11-13 11:12:43,155 - shimmer_device - ERROR - Error reading data: 'ShimmerBluetooth' object has no attribute 'read'
2025-11-13 11:12:43,157 - shimmer_device - ERROR - Error reading data: 'ShimmerBluetooth' object has no attribute 'read'
2025-11-13 11:12:43,159 - shimmer_device - ERROR - Error reading data: 'ShimmerBluetooth' object has no attribute 'read'
2025-11-13 11:12:43,160 - shimmer_device - ERROR - Error reading data: 'ShimmerBluetooth' object has no attribute 'read'
2025-11-13 11:12:43,161 - shimmer_device - ERROR - Error reading data: 'ShimmerBluetooth' object has no attribute 'read'
2025-11-13 11:12:43,162 - shimmer_device - ERROR - Error reading data: 'ShimmerBluetooth' object has no attribute 'read'
2025-11-13 11:12:43,163 - shimmer_device - ERROR - Error reading data: 'ShimmerBluetooth' object has no attribute 'read'
2025-11-13 11:12:43,164 - shimmer_device - ERROR - Error reading data: 'ShimmerBluetooth' object has no attribute 'read'
2025-11-13 11:12:43,165 - shimmer_device - ERROR - Error reading data: 'ShimmerBluetooth' object has no attribute 'read'
2025-11-13 11:12:43,167 - shimmer_device - ERROR - Error reading data: 'ShimmerBluetooth' object has no attribute 'read'
2025-11-13 11:12:43,168 - shimmer_device - ERROR - Error reading data: 'ShimmerBluetooth' object has no attribute 'read'
2025-11-13 11:12:43,170 - shimmer_device - ERROR - Error reading data: 'ShimmerBluetooth' object has no attribute 'read'
2025-11-13 11:12:43,172 - shimmer_device - ERROR - Error reading data: 'ShimmerBluetooth' object has no attribute 'read'
2025-11-13 11:12:43,173 - shimmer_device - ERROR - Error reading data: 'ShimmerBluetooth' object has no attribute 'read'
2025-11-13 11:12:43,174 - shimmer_device - ERROR - Error reading data: 'ShimmerBluetooth' object has no attribute 'read'
2025-11-13 11:12:43,175 - shimmer_device - ERROR - Error reading data: 'ShimmerBluetooth' object has no attribute 'read'
2025-11-13 11:12:43,176 - shimmer_device - ERROR - Error reading data: 'ShimmerBluetooth' object has no attribute 'read'
2025-11-13 11:12:43,177 - shimmer_device - ERROR - Error reading data: 'ShimmerBluetooth' object has no attribute 'read'
2025-11-13 11:12:43,178 - shimmer_device - ERROR - Error reading data: 'ShimmerBluetooth' object has no attribute 'read'
2025-11-13 11:12:43,180 - shimmer_device - ERROR - Error reading data: 'ShimmerBluetooth' object has no attribute 'read'
2025-11-13 11:12:43,181 - shimmer_device - ERROR - Error reading data: 'ShimmerBluetooth' object has no attribute 'read'
2025-11-13 11:12:43,182 - shimmer_device - ERROR - Error reading data: 'ShimmerBluetooth' object has no attribute 'read'
2025-11-13 11:12:43,183 - shimmer_device - ERROR - Error reading data: 'ShimmerBluetooth' object has no attribute 'read'
2025-11-13 11:12:43,184 - shimmer_device - ERROR - Error reading data: 'ShimmerBluetooth' object has no attribute 'read'
2025-11-13 11:12:43,185 - shimmer_device - ERROR - Error reading data: 'ShimmerBluetooth' object has no attribute 'read'
2025-11-13 11:12:43,186 - shimmer_device - ERROR - Error reading data: 'ShimmerBluetooth' object has no attribute 'read'
2025-11-13 11:12:43,187 - shimmer_device - ERROR - Error reading data: 'ShimmerBluetooth' object has no attribute 'read'
2025-11-13 11:12:43,188 - shimmer_device - ERROR - Error reading data: 'ShimmerBluetooth' object has no attribute 'read'
2025-11-13 11:12:43,189 - shimmer_device - ERROR - Error reading data: 'ShimmerBluetooth' object has no attribute 'read'
2025-11-13 11:12:43,190 - shimmer_device - ERROR - Error reading data: 'ShimmerBluetooth' object has no attribute 'read'
2025-11-13 11:12:43,191 - shimmer_device - ERROR - Error reading data: 'ShimmerBluetooth' object has no attribute 'read'
2025-11-13 11:12:43,193 - shimmer_device - ERROR - Error reading data: 'ShimmerBluetooth' object has no attribute 'read'
2025-11-13 11:12:43,194 - shimmer_device - ERROR - Error reading data: 'ShimmerBluetooth' object has no attribute 'read'
2025-11-13 11:12:43,196 - shimmer_device - ERROR - Error reading data: 'ShimmerBluetooth' object has no attribute 'read'
2025-11-13 11:12:43,197 - shimmer_device - ERROR - Error reading data: 'ShimmerBluetooth' object has no attribute 'read'
2025-11-13 11:12:43,199 - shimmer_device - ERROR - Error reading data: 'ShimmerBluetooth' object has no attribute 'read'
2025-11-13 11:12:43,201 - shimmer_device - ERROR - Error reading data: 'ShimmerBluetooth' object has no attribute 'read'
2025-11-13 11:12:43,202 - shimmer_device - ERROR - Error reading data: 'ShimmerBluetooth' object has no attribute 'read'
2025-11-13 11:12:43,203 - shimmer_device - ERROR - Error reading data: 'ShimmerBluetooth' object has no attribute 'read'
2025-11-13 11:12:43,205 - shimmer_device - ERROR - Error reading data: 'ShimmerBluetooth' object has no attribute 'read'
2025-11-13 11:12:43,207 - shimmer_device - ERROR - Error reading data: 'ShimmerBluetooth' object has no attribute 'read'
2025-11-13 11:12:43,208 - shimmer_device - ERROR - Error reading data: 'ShimmerBluetooth' object has no attribute 'read'
2025-11-13 11:12:43,209 - shimmer_device - ERROR - Error reading data: 'ShimmerBluetooth' object has no attribute 'read'
2025-11-13 11:12:43,211 - shimmer_device - ERROR - Error reading data: 'ShimmerBluetooth' object has no attribute 'read'
2025-11-13 11:12:43,212 - shimmer_device - ERROR - Error reading data: 'ShimmerBluetooth' object has no attribute 'read'
2025-11-13 11:12:43,213 - shimmer_device - ERROR - Error reading data: 'ShimmerBluetooth' object has no attribute 'read'
2025-11-13 11:12:43,214 - shimmer_device - ERROR - Error reading data: 'ShimmerBluetooth' object has no attribute 'read'
2025-11-13 11:12:43,216 - shimmer_device - ERROR - Error reading data: 'ShimmerBluetooth' object has no attribute 'read'
2025-11-13 11:12:43,217 - shimmer_device - ERROR - Error reading data: 'ShimmerBluetooth' object has no attribute 'read'
2025-11-13 11:12:43,218 - shimmer_device - ERROR - Error reading data: 'ShimmerBluetooth' object has no attribute 'read'
2025-11-13 11:12:43,219 - shimmer_device - ERROR - Error reading data: 'ShimmerBluetooth' object has no attribute 'read'
2025-11-13 11:12:43,221 - shimmer_device - ERROR - Error reading data: 'ShimmerBluetooth' object has no attribute 'read'
2025-11-13 11:12:43,222 - shimmer_device - ERROR - Error reading data: 'ShimmerBluetooth' object has no attribute 'read'
2025-11-13 11:12:43,223 - shimmer_device - ERROR - Error reading data: 'ShimmerBluetooth' object has no attribute 'read'
2025-11-13 11:12:43,225 - shimmer_device - ERROR - Error reading data: 'ShimmerBluetooth' object has no attribute 'read'
2025-11-13 11:12:43,227 - shimmer_device - ERROR - Error reading data: 'ShimmerBluetooth' object has no attribute 'read'
2025-11-13 11:12:43,228 - shimmer_device - ERROR - Error reading data: 'ShimmerBluetooth' object has no attribute 'read'
2025-11-13 11:12:43,229 - shimmer_device - ERROR - Error reading data: 'ShimmerBluetooth' object has no attribute 'read'
2025-11-13 11:12:43,230 - shimmer_device - ERROR - Error reading data: 'ShimmerBluetooth' object has no attribute 'read'
2025-11-13 11:12:43,231 - shimmer_device - ERROR - Error reading data: 'ShimmerBluetooth' object has no attribute 'read'
2025-11-13 11:12:43,233 - shimmer_device - ERROR - Error reading data: 'ShimmerBluetooth' object has no attribute 'read'
2025-11-13 11:12:43,234 - shimmer_device - ERROR - Error reading data: 'ShimmerBluetooth' object has no attribute 'read'
2025-11-13 11:12:43,236 - shimmer_device - ERROR - Error reading data: 'ShimmerBluetooth' object has no attribute 'read'
2025-11-13 11:12:43,238 - shimmer_device - ERROR - Error reading data: 'ShimmerBluetooth' object has no attribute 'read'
2025-11-13 11:12:43,239 - shimmer_device - ERROR - Error reading data: 'ShimmerBluetooth' object has no attribute 'read'
2025-11-13 11:12:43,241 - shimmer_device - ERROR - Error reading data: 'ShimmerBluetooth' object has no attribute 'read'
2025-11-13 11:12:43,242 - shimmer_device - ERROR - Error reading data: 'ShimmerBluetooth' object has no attribute 'read'
2025-11-13 11:12:43,244 - shimmer_device - ERROR - Error reading data: 'ShimmerBluetooth' object has no attribute 'read'
2025-11-13 11:12:43,245 - shimmer_device - ERROR - Error reading data: 'ShimmerBluetooth' object has no attribute 'read'
2025-11-13 11:12:43,246 - shimmer_device - ERROR - Error reading data: 'ShimmerBluetooth' object has no attribute 'read'
2025-11-13 11:12:43,247 - shimmer_device - ERROR - Error reading data: 'ShimmerBluetooth' object has no attribute 'read'
2025-11-13 11:12:43,249 - shimmer_device - ERROR - Error reading data: 'ShimmerBluetooth' object has no attribute 'read'
2025-11-13 11:12:43,250 - shimmer_device - ERROR - Error reading data: 'ShimmerBluetooth' object has no attribute 'read'
2025-11-13 11:12:43,251 - shimmer_device - ERROR - Error reading data: 'ShimmerBluetooth' object has no attribute 'read'
2025-11-13 11:12:43,252 - shimmer_device - ERROR - Error reading data: 'ShimmerBluetooth' object has no attribute 'read'
2025-11-13 11:12:43,253 - shimmer_device - ERROR - Error reading data: 'ShimmerBluetooth' object has no attribute 'read'
2025-11-13 11:12:43,254 - shimmer_device - ERROR - Error reading data: 'ShimmerBluetooth' object has no attribute 'read'
2025-11-13 11:12:43,255 - shimmer_device - ERROR - Error reading data: 'ShimmerBluetooth' object has no attribute 'read'
2025-11-13 11:12:43,257 - shimmer_device - ERROR - Error reading data: 'ShimmerBluetooth' object has no attribute 'read'
2025-11-13 11:12:43,258 - shimmer_device - ERROR - Error reading data: 'ShimmerBluetooth' object has no attribute 'read'
2025-11-13 11:12:43,259 - shimmer_device - ERROR - Error reading data: 'ShimmerBluetooth' object has no attribute 'read'
2025-11-13 11:12:43,260 - shimmer_device - ERROR - Error reading data: 'ShimmerBluetooth' object has no attribute 'read'
2025-11-13 11:12:43,261 - shimmer_device - ERROR - Error reading data: 'ShimmerBluetooth' object has no attribute 'read'
2025-11-13 11:12:43,262 - shimmer_device - ERROR - Error reading data: 'ShimmerBluetooth' object has no attribute 'read'
2025-11-13 11:12:43,263 - shimmer_device - ERROR - Error reading data: 'ShimmerBluetooth' object has no attribute 'read'
2025-11-13 11:12:43,264 - shimmer_device - ERROR - Error reading data: 'ShimmerBluetooth' object has no attribute 'read'
2025-11-13 11:12:43,265 - shimmer_device - ERROR - Error reading data: 'ShimmerBluetooth' object has no attribute 'read'
2025-11-13 11:12:43,266 - shimmer_device - ERROR - Error reading data: 'ShimmerBluetooth' object has no attribute 'read'
2025-11-13 11:12:43,267 - shimmer_device - ERROR - Error reading data: 'ShimmerBluetooth' object has no attribute 'read'
2025-11-13 11:12:43,269 - shimmer_device - ERROR - Error reading data: 'ShimmerBluetooth' object has no attribute 'read'
2025-11-13 11:12:43,270 - shimmer_device - ERROR - Error reading data: 'ShimmerBluetooth' object has no attribute 'read'
2025-11-13 11:12:43,271 - shimmer_device - ERROR - Error reading data: 'ShimmerBluetooth' object has no attribute 'read'
2025-11-13 11:12:43,273 - shimmer_device - ERROR - Error reading data: 'ShimmerBluetooth' object has no attribute 'read'
2025-11-13 11:12:43,274 - shimmer_device - ERROR - Error reading data: 'ShimmerBluetooth' object has no attribute 'read'
2025-11-13 11:12:43,275 - shimmer_device - ERROR - Error reading data: 'ShimmerBluetooth' object has no attribute 'read'
2025-11-13 11:12:43,276 - shimmer_device - ERROR - Error reading data: 'ShimmerBluetooth' object has no attribute 'read'
2025-11-13 11:12:43,277 - shimmer_device - ERROR - Error reading data: 'ShimmerBluetooth' object has no attribute 'read'
2025-11-13 11:12:43,278 - shimmer_device - ERROR - Error reading data: 'ShimmerBluetooth' object has no attribute 'read'
2025-11-13 11:12:43,279 - shimmer_device - ERROR - Error reading data: 'ShimmerBluetooth' object has no attribute 'read'
2025-11-13 11:12:43,280 - shimmer_device - ERROR - Error reading data: 'ShimmerBluetooth' object has no attribute 'read'
2025-11-13 11:12:43,282 - shimmer_device - ERROR - Error reading data: 'ShimmerBluetooth' object has no attribute 'read'
2025-11-13 11:12:43,284 - shimmer_device - ERROR - Error reading data: 'ShimmerBluetooth' object has no attribute 'read'
2025-11-13 11:12:43,285 - shimmer_device - ERROR - Error reading data: 'ShimmerBluetooth' object has no attribute 'read'
2025-11-13 11:12:43,287 - shimmer_device - ERROR - Error reading data: 'ShimmerBluetooth' object has no attribute 'read'
2025-11-13 11:12:43,288 - shimmer_device - ERROR - Error reading data: 'ShimmerBluetooth' object has no attribute 'read'
2025-11-13 11:12:43,290 - shimmer_device - ERROR - Error reading data: 'ShimmerBluetooth' object has no attribute 'read'
2025-11-13 11:12:43,291 - shimmer_device - ERROR - Error reading data: 'ShimmerBluetooth' object has no attribute 'read'
2025-11-13 11:12:43,292 - shimmer_device - ERROR - Error reading data: 'ShimmerBluetooth' object has no attribute 'read'
2025-11-13 11:12:43,293 - shimmer_device - ERROR - Error reading data: 'ShimmerBluetooth' object has no attribute 'read'
2025-11-13 11:12:43,294 - shimmer_device - ERROR - Error reading data: 'ShimmerBluetooth' object has no attribute 'read'
2025-11-13 11:12:43,296 - shimmer_device - ERROR - Error reading data: 'ShimmerBluetooth' object has no attribute 'read'
2025-11-13 11:12:43,298 - shimmer_device - ERROR - Error reading data: 'ShimmerBluetooth' object has no attribute 'read'
2025-11-13 11:12:43,299 - shimmer_device - ERROR - Error reading data: 'ShimmerBluetooth' object has no attribute 'read'
2025-11-13 11:12:43,301 - shimmer_device - ERROR - Error reading data: 'ShimmerBluetooth' object has no attribute 'read'
2025-11-13 11:12:43,302 - shimmer_device - ERROR - Error reading data: 'ShimmerBluetooth' object has no attribute 'read'
2025-11-13 11:12:43,304 - shimmer_device - ERROR - Error reading data: 'ShimmerBluetooth' object has no attribute 'read'
2025-11-13 11:12:43,305 - shimmer_device - ERROR - Error reading data: 'ShimmerBluetooth' object has no attribute 'read'
2025-11-13 11:12:43,307 - shimmer_device - ERROR - Error reading data: 'ShimmerBluetooth' object has no attribute 'read'
2025-11-13 11:12:43,309 - shimmer_device - ERROR - Error reading data: 'ShimmerBluetooth' object has no attribute 'read'
2025-11-13 11:12:43,310 - shimmer_device - ERROR - Error reading data: 'ShimmerBluetooth' object has no attribute 'read'
2025-11-13 11:12:43,312 - shimmer_device - ERROR - Error reading data: 'ShimmerBluetooth' object has no attribute 'read'
2025-11-13 11:12:43,313 - shimmer_device - ERROR - Error reading data: 'ShimmerBluetooth' object has no attribute 'read'
2025-11-13 11:12:43,314 - shimmer_device - ERROR - Error reading data: 'ShimmerBluetooth' object has no attribute 'read'
2025-11-13 11:12:43,316 - shimmer_device - ERROR - Error reading data: 'ShimmerBluetooth' object has no attribute 'read'
2025-11-13 11:12:43,317 - shimmer_device - ERROR - Error reading data: 'ShimmerBluetooth' object has no attribute 'read'
2025-11-13 11:12:43,318 - shimmer_device - ERROR - Error reading data: 'ShimmerBluetooth' object has no attribute 'read'
2025-11-13 11:12:43,320 - shimmer_device - ERROR - Error reading data: 'ShimmerBluetooth' object has no attribute 'read'
2025-11-13 11:12:43,321 - shimmer_device - ERROR - Error reading data: 'ShimmerBluetooth' object has no attribute 'read'
2025-11-13 11:12:43,323 - shimmer_device - ERROR - Error reading data: 'ShimmerBluetooth' object has no attribute 'read'
2025-11-13 11:12:43,325 - shimmer_device - ERROR - Error reading data: 'ShimmerBluetooth' object has no attribute 'read'
2025-11-13 11:12:43,326 - shimmer_device - ERROR - Error reading data: 'ShimmerBluetooth' object has no attribute 'read'
2025-11-13 11:12:43,329 - shimmer_device - ERROR - Error reading data: 'ShimmerBluetooth' object has no attribute 'read'
2025-11-13 11:12:43,330 - shimmer_device - ERROR - Error reading data: 'ShimmerBluetooth' object has no attribute 'read'
2025-11-13 11:12:43,331 - shimmer_device - ERROR - Error reading data: 'ShimmerBluetooth' object has no attribute 'read'
2025-11-13 11:12:43,333 - shimmer_device - ERROR - Error reading data: 'ShimmerBluetooth' object has no attribute 'read'
2025-11-13 11:12:43,334 - shimmer_device - ERROR - Error reading data: 'ShimmerBluetooth' object has no attribute 'read'
2025-11-13 11:12:43,335 - shimmer_device - ERROR - Error reading data: 'ShimmerBluetooth' object has no attribute 'read'
2025-11-13 11:12:43,337 - shimmer_device - ERROR - Error reading data: 'ShimmerBluetooth' object has no attribute 'read'
2025-11-13 11:12:43,339 - shimmer_device - ERROR - Error reading data: 'ShimmerBluetooth' object has no attribute 'read'
2025-11-13 11:12:43,340 - shimmer_device - ERROR - Error reading data: 'ShimmerBluetooth' object has no attribute 'read'
2025-11-13 11:12:43,341 - shimmer_device - ERROR - Error reading data: 'ShimmerBluetooth' object has no attribute 'read'
2025-11-13 11:12:43,343 - shimmer_device - ERROR - Error reading data: 'ShimmerBluetooth' object has no attribute 'read'
2025-11-13 11:12:43,344 - shimmer_device - ERROR - Error reading data: 'ShimmerBluetooth' object has no attribute 'read'
2025-11-13 11:12:43,346 - shimmer_device - ERROR - Error reading data: 'ShimmerBluetooth' object has no attribute 'read'
2025-11-13 11:12:43,347 - shimmer_device - ERROR - Error reading data: 'ShimmerBluetooth' object has no attribute 'read'
2025-11-13 11:12:43,348 - shimmer_device - ERROR - Error reading data: 'ShimmerBluetooth' object has no attribute 'read'
2025-11-13 11:12:43,349 - shimmer_device - ERROR - Error reading data: 'ShimmerBluetooth' object has no attribute 'read'
2025-11-13 11:12:43,350 - shimmer_device - ERROR - Error reading data: 'ShimmerBluetooth' object has no attribute 'read'
2025-11-13 11:12:43,351 - shimmer_device - ERROR - Error reading data: 'ShimmerBluetooth' object has no attribute 'read'
2025-11-13 11:12:43,352 - shimmer_device - ERROR - Error reading data: 'ShimmerBluetooth' object has no attribute 'read'
2025-11-13 11:12:43,354 - shimmer_device - ERROR - Error reading data: 'ShimmerBluetooth' object has no attribute 'read'
2025-11-13 11:12:43,355 - shimmer_device - ERROR - Error reading data: 'ShimmerBluetooth' object has no attribute 'read'
2025-11-13 11:12:43,356 - shimmer_device - ERROR - Error reading data: 'ShimmerBluetooth' object has no attribute 'read'
2025-11-13 11:12:43,358 - shimmer_device - ERROR - Error reading data: 'ShimmerBluetooth' object has no attribute 'read'
2025-11-13 11:12:43,359 - shimmer_device - ERROR - Error reading data: 'ShimmerBluetooth' object has no attribute 'read'
2025-11-13 11:12:43,360 - shimmer_device - ERROR - Error reading data: 'ShimmerBluetooth' object has no attribute 'read'
2025-11-13 11:12:43,361 - shimmer_device - ERROR - Error reading data: 'ShimmerBluetooth' object has no attribute 'read'
2025-11-13 11:12:43,363 - shimmer_device - ERROR - Error reading data: 'ShimmerBluetooth' object has no attribute 'read'
2025-11-13 11:12:43,365 - shimmer_device - ERROR - Error reading data: 'ShimmerBluetooth' object has no attribute 'read'
2025-11-13 11:12:43,367 - shimmer_device - ERROR - Error reading data: 'ShimmerBluetooth' object has no attribute 'read'
2025-11-13 11:12:43,368 - shimmer_device - ERROR - Error reading data: 'ShimmerBluetooth' object has no attribute 'read'
2025-11-13 11:12:43,370 - shimmer_device - ERROR - Error reading data: 'ShimmerBluetooth' object has no attribute 'read'
2025-11-13 11:12:43,371 - shimmer_device - ERROR - Error reading data: 'ShimmerBluetooth' object has no attribute 'read'
2025-11-13 11:12:43,372 - shimmer_device - ERROR - Error reading data: 'ShimmerBluetooth' object has no attribute 'read'
2025-11-13 11:12:43,373 - shimmer_device - ERROR - Error reading data: 'ShimmerBluetooth' object has no attribute 'read'
2025-11-13 11:12:43,375 - shimmer_device - ERROR - Error reading data: 'ShimmerBluetooth' object has no attribute 'read'
2025-11-13 11:12:43,376 - shimmer_device - ERROR - Error reading data: 'ShimmerBluetooth' object has no attribute 'read'
2025-11-13 11:12:43,378 - shimmer_device - ERROR - Error reading data: 'ShimmerBluetooth' object has no attribute 'read'
2025-11-13 11:12:43,379 - shimmer_device - ERROR - Error reading data: 'ShimmerBluetooth' object has no attribute 'read'
2025-11-13 11:12:43,381 - shimmer_device - ERROR - Error reading data: 'ShimmerBluetooth' object has no attribute 'read'
2025-11-13 11:12:43,383 - shimmer_device - ERROR - Error reading data: 'ShimmerBluetooth' object has no attribute 'read'
2025-11-13 11:12:43,385 - shimmer_device - ERROR - Error reading data: 'ShimmerBluetooth' object has no attribute 'read'
2025-11-13 11:12:43,386 - shimmer_device - ERROR - Error reading data: 'ShimmerBluetooth' object has no attribute 'read'
2025-11-13 11:12:43,388 - shimmer_device - ERROR - Error reading data: 'ShimmerBluetooth' object has no attribute 'read'
2025-11-13 11:12:43,389 - shimmer_device - ERROR - Error reading data: 'ShimmerBluetooth' object has no attribute 'read'
2025-11-13 11:12:43,390 - shimmer_device - ERROR - Error reading data: 'ShimmerBluetooth' object has no attribute 'read'
2025-11-13 11:12:43,392 - shimmer_device - ERROR - Error reading data: 'ShimmerBluetooth' object has no attribute 'read'
2025-11-13 11:12:43,393 - shimmer_device - ERROR - Error reading data: 'ShimmerBluetooth' object has no attribute 'read'
2025-11-13 11:12:43,394 - shimmer_device - ERROR - Error reading data: 'ShimmerBluetooth' object has no attribute 'read'
2025-11-13 11:12:43,395 - shimmer_device - ERROR - Error reading data: 'ShimmerBluetooth' object has no attribute 'read'
2025-11-13 11:12:43,396 - shimmer_device - ERROR - Error reading data: 'ShimmerBluetooth' object has no attribute 'read'
2025-11-13 11:12:43,397 - shimmer_device - ERROR - Error reading data: 'ShimmerBluetooth' object has no attribute 'read'
2025-11-13 11:12:43,398 - shimmer_device - ERROR - Error reading data: 'ShimmerBluetooth' object has no attribute 'read'
2025-11-13 11:12:43,400 - shimmer_device - ERROR - Error reading data: 'ShimmerBluetooth' object has no attribute 'read'
2025-11-13 11:12:43,401 - shimmer_device - ERROR - Error reading data: 'ShimmerBluetooth' object has no attribute 'read'
2025-11-13 11:12:43,403 - shimmer_device - ERROR - Error reading data: 'ShimmerBluetooth' object has no attribute 'read'
2025-11-13 11:12:43,404 - shimmer_device - ERROR - Error reading data: 'ShimmerBluetooth' object has no attribute 'read'
2025-11-13 11:12:43,405 - shimmer_device - ERROR - Error reading data: 'ShimmerBluetooth' object has no attribute 'read'
2025-11-13 11:12:43,406 - shimmer_device - ERROR - Error reading data: 'ShimmerBluetooth' object has no attribute 'read'
2025-11-13 11:12:43,408 - shimmer_device - ERROR - Error reading data: 'ShimmerBluetooth' object has no attribute 'read'
2025-11-13 11:12:43,409 - shimmer_device - ERROR - Error reading data: 'ShimmerBluetooth' object has no attribute 'read'
2025-11-13 11:12:43,410 - shimmer_device - ERROR - Error reading data: 'ShimmerBluetooth' object has no attribute 'read'
2025-11-13 11:12:43,412 - shimmer_device - ERROR - Error reading data: 'ShimmerBluetooth' object has no attribute 'read'
2025-11-13 11:12:43,414 - shimmer_device - ERROR - Error reading data: 'ShimmerBluetooth' object has no attribute 'read'
2025-11-13 11:12:43,415 - shimmer_device - ERROR - Error reading data: 'ShimmerBluetooth' object has no attribute 'read'
2025-11-13 11:12:43,417 - shimmer_device - ERROR - Error reading data: 'ShimmerBluetooth' object has no attribute 'read'
2025-11-13 11:12:43,418 - shimmer_device - ERROR - Error reading data: 'ShimmerBluetooth' object has no attribute 'read'
2025-11-13 11:12:43,420 - shimmer_device - ERROR - Error reading data: 'ShimmerBluetooth' object has no attribute 'read'
2025-11-13 11:12:43,421 - shimmer_device - ERROR - Error reading data: 'ShimmerBluetooth' object has no attribute 'read'
2025-11-13 11:12:43,423 - shimmer_device - ERROR - Error reading data: 'ShimmerBluetooth' object has no attribute 'read'
2025-11-13 11:12:43,424 - shimmer_device - ERROR - Error reading data: 'ShimmerBluetooth' object has no attribute 'read'
2025-11-13 11:12:43,425 - shimmer_device - ERROR - Error reading data: 'ShimmerBluetooth' object has no attribute 'read'
2025-11-13 11:12:43,427 - shimmer_device - ERROR - Error reading data: 'ShimmerBluetooth' object has no attribute 'read'
2025-11-13 11:12:43,429 - shimmer_device - ERROR - Error reading data: 'ShimmerBluetooth' object has no attribute 'read'
2025-11-13 11:12:43,431 - shimmer_device - ERROR - Error reading data: 'ShimmerBluetooth' object has no attribute 'read'
2025-11-13 11:12:43,432 - shimmer_device - ERROR - Error reading data: 'ShimmerBluetooth' object has no attribute 'read'
2025-11-13 11:12:43,434 - shimmer_device - ERROR - Error reading data: 'ShimmerBluetooth' object has no attribute 'read'
2025-11-13 11:12:43,435 - shimmer_device - ERROR - Error reading data: 'ShimmerBluetooth' object has no attribute 'read'
2025-11-13 11:12:43,437 - shimmer_device - ERROR - Error reading data: 'ShimmerBluetooth' object has no attribute 'read'
2025-11-13 11:12:43,438 - shimmer_device - ERROR - Error reading data: 'ShimmerBluetooth' object has no attribute 'read'
2025-11-13 11:12:43,440 - shimmer_device - ERROR - Error reading data: 'ShimmerBluetooth' object has no attribute 'read'
2025-11-13 11:12:43,441 - shimmer_device - ERROR - Error reading data: 'ShimmerBluetooth' object has no attribute 'read'
2025-11-13 11:12:43,443 - shimmer_device - ERROR - Error reading data: 'ShimmerBluetooth' object has no attribute 'read'
2025-11-13 11:12:43,444 - shimmer_device - ERROR - Error reading data: 'ShimmerBluetooth' object has no attribute 'read'
2025-11-13 11:12:43,445 - shimmer_device - ERROR - Error reading data: 'ShimmerBluetooth' object has no attribute 'read'
2025-11-13 11:12:43,447 - shimmer_device - ERROR - Error reading data: 'ShimmerBluetooth' object has no attribute 'read'
2025-11-13 11:12:43,448 - shimmer_device - ERROR - Error reading data: 'ShimmerBluetooth' object has no attribute 'read'
2025-11-13 11:12:43,450 - shimmer_device - ERROR - Error reading data: 'ShimmerBluetooth' object has no attribute 'read'
2025-11-13 11:12:43,452 - shimmer_device - ERROR - Error reading data: 'ShimmerBluetooth' object has no attribute 'read'
2025-11-13 11:12:43,453 - shimmer_device - ERROR - Error reading data: 'ShimmerBluetooth' object has no attribute 'read'
2025-11-13 11:12:43,454 - shimmer_device - ERROR - Error reading data: 'ShimmerBluetooth' object has no attribute 'read'
2025-11-13 11:12:43,456 - shimmer_device - ERROR - Error reading data: 'ShimmerBluetooth' object has no attribute 'read'
2025-11-13 11:12:43,457 - shimmer_device - ERROR - Error reading data: 'ShimmerBluetooth' object has no attribute 'read'
2025-11-13 11:12:43,458 - shimmer_device - ERROR - Error reading data: 'ShimmerBluetooth' object has no attribute 'read'
2025-11-13 11:12:43,460 - shimmer_device - ERROR - Error reading data: 'ShimmerBluetooth' object has no attribute 'read'
2025-11-13 11:12:43,461 - shimmer_device - ERROR - Error reading data: 'ShimmerBluetooth' object has no attribute 'read'
2025-11-13 11:12:43,462 - shimmer_device - ERROR - Error reading data: 'ShimmerBluetooth' object has no attribute 'read'
2025-11-13 11:12:43,463 - shimmer_device - ERROR - Error reading data: 'ShimmerBluetooth' object has no attribute 'read'
2025-11-13 11:12:43,464 - shimmer_device - ERROR - Error reading data: 'ShimmerBluetooth' object has no attribute 'read'
2025-11-13 11:12:43,465 - shimmer_device - ERROR - Error reading data: 'ShimmerBluetooth' object has no attribute 'read'
2025-11-13 11:12:43,467 - shimmer_device - ERROR - Error reading data: 'ShimmerBluetooth' object has no attribute 'read'
2025-11-13 11:12:43,468 - shimmer_device - ERROR - Error reading data: 'ShimmerBluetooth' object has no attribute 'read'
2025-11-13 11:12:43,469 - shimmer_device - ERROR - Error reading data: 'ShimmerBluetooth' object has no attribute 'read'
2025-11-13 11:12:43,471 - shimmer_device - ERROR - Error reading data: 'ShimmerBluetooth' object has no attribute 'read'
2025-11-13 11:12:43,472 - shimmer_device - ERROR - Error reading data: 'ShimmerBluetooth' object has no attribute 'read'
2025-11-13 11:12:43,473 - shimmer_device - ERROR - Error reading data: 'ShimmerBluetooth' object has no attribute 'read'
2025-11-13 11:12:43,475 - shimmer_device - ERROR - Error reading data: 'ShimmerBluetooth' object has no attribute 'read'
2025-11-13 11:12:43,476 - shimmer_device - ERROR - Error reading data: 'ShimmerBluetooth' object has no attribute 'read'
2025-11-13 11:12:43,478 - shimmer_device - ERROR - Error reading data: 'ShimmerBluetooth' object has no attribute 'read'
2025-11-13 11:12:43,480 - shimmer_device - ERROR - Error reading data: 'ShimmerBluetooth' object has no attribute 'read'
2025-11-13 11:12:43,481 - shimmer_device - ERROR - Error reading data: 'ShimmerBluetooth' object has no attribute 'read'
2025-11-13 11:12:43,483 - shimmer_device - ERROR - Error reading data: 'ShimmerBluetooth' object has no attribute 'read'
2025-11-13 11:12:43,484 - shimmer_device - ERROR - Error reading data: 'ShimmerBluetooth' object has no attribute 'read'
2025-11-13 11:12:43,485 - shimmer_device - ERROR - Error reading data: 'ShimmerBluetooth' object has no attribute 'read'
2025-11-13 11:12:43,486 - shimmer_device - ERROR - Error reading data: 'ShimmerBluetooth' object has no attribute 'read'
2025-11-13 11:12:43,488 - shimmer_device - ERROR - Error reading data: 'ShimmerBluetooth' object has no attribute 'read'
2025-11-13 11:12:43,490 - shimmer_device - ERROR - Error reading data: 'ShimmerBluetooth' object has no attribute 'read'
2025-11-13 11:12:43,491 - shimmer_device - ERROR - Error reading data: 'ShimmerBluetooth' object has no attribute 'read'
2025-11-13 11:12:43,492 - shimmer_device - ERROR - Error reading data: 'ShimmerBluetooth' object has no attribute 'read'
2025-11-13 11:12:43,493 - shimmer_device - ERROR - Error reading data: 'ShimmerBluetooth' object has no attribute 'read'
2025-11-13 11:12:43,495 - shimmer_device - ERROR - Error reading data: 'ShimmerBluetooth' object has no attribute 'read'
2025-11-13 11:12:43,496 - shimmer_device - ERROR - Error reading data: 'ShimmerBluetooth' object has no attribute 'read'
2025-11-13 11:12:43,498 - shimmer_device - ERROR - Error reading data: 'ShimmerBluetooth' object has no attribute 'read'
2025-11-13 11:12:43,499 - shimmer_device - ERROR - Error reading data: 'ShimmerBluetooth' object has no attribute 'read'
2025-11-13 11:12:43,500 - shimmer_device - ERROR - Error reading data: 'ShimmerBluetooth' object has no attribute 'read'
2025-11-13 11:12:43,501 - shimmer_device - ERROR - Error reading data: 'ShimmerBluetooth' object has no attribute 'read'
2025-11-13 11:12:43,503 - shimmer_device - ERROR - Error reading data: 'ShimmerBluetooth' object has no attribute 'read'
2025-11-13 11:12:43,504 - shimmer_device - ERROR - Error reading data: 'ShimmerBluetooth' object has no attribute 'read'
2025-11-13 11:12:43,506 - shimmer_device - ERROR - Error reading data: 'ShimmerBluetooth' object has no attribute 'read'
2025-11-13 11:12:43,507 - shimmer_device - ERROR - Error reading data: 'ShimmerBluetooth' object has no attribute 'read'
2025-11-13 11:12:43,509 - shimmer_device - ERROR - Error reading data: 'ShimmerBluetooth' object has no attribute 'read'
2025-11-13 11:12:43,510 - shimmer_device - ERROR - Error reading data: 'ShimmerBluetooth' object has no attribute 'read'
2025-11-13 11:12:43,512 - shimmer_device - ERROR - Error reading data: 'ShimmerBluetooth' object has no attribute 'read'
2025-11-13 11:12:43,514 - shimmer_device - ERROR - Error reading data: 'ShimmerBluetooth' object has no attribute 'read'
2025-11-13 11:12:43,515 - shimmer_device - ERROR - Error reading data: 'ShimmerBluetooth' object has no attribute 'read'
2025-11-13 11:12:43,516 - shimmer_device - ERROR - Error reading data: 'ShimmerBluetooth' object has no attribute 'read'
2025-11-13 11:12:43,517 - shimmer_device - ERROR - Error reading data: 'ShimmerBluetooth' object has no attribute 'read'
2025-11-13 11:12:43,519 - shimmer_device - ERROR - Error reading data: 'ShimmerBluetooth' object has no attribute 'read'
2025-11-13 11:12:43,520 - shimmer_device - ERROR - Error reading data: 'ShimmerBluetooth' object has no attribute 'read'
2025-11-13 11:12:43,522 - shimmer_device - ERROR - Error reading data: 'ShimmerBluetooth' object has no attribute 'read'
2025-11-13 11:12:43,524 - shimmer_device - ERROR - Error reading data: 'ShimmerBluetooth' object has no attribute 'read'
2025-11-13 11:12:43,525 - shimmer_device - ERROR - Error reading data: 'ShimmerBluetooth' object has no attribute 'read'
2025-11-13 11:12:43,527 - shimmer_device - ERROR - Error reading data: 'ShimmerBluetooth' object has no attribute 'read'
2025-11-13 11:12:43,528 - shimmer_device - ERROR - Error reading data: 'ShimmerBluetooth' object has no attribute 'read'
2025-11-13 11:12:43,530 - shimmer_device - ERROR - Error reading data: 'ShimmerBluetooth' object has no attribute 'read'
2025-11-13 11:12:43,531 - shimmer_device - ERROR - Error reading data: 'ShimmerBluetooth' object has no attribute 'read'
2025-11-13 11:12:43,532 - shimmer_device - ERROR - Error reading data: 'ShimmerBluetooth' object has no attribute 'read'
2025-11-13 11:12:43,534 - shimmer_device - ERROR - Error reading data: 'ShimmerBluetooth' object has no attribute 'read'
2025-11-13 11:12:43,535 - shimmer_device - ERROR - Error reading data: 'ShimmerBluetooth' object has no attribute 'read'
2025-11-13 11:12:43,536 - shimmer_device - ERROR - Error reading data: 'ShimmerBluetooth' object has no attribute 'read'
2025-11-13 11:12:43,537 - shimmer_device - ERROR - Error reading data: 'ShimmerBluetooth' object has no attribute 'read'
2025-11-13 11:12:43,539 - shimmer_device - ERROR - Error reading data: 'ShimmerBluetooth' object has no attribute 'read'
2025-11-13 11:12:43,541 - shimmer_device - ERROR - Error reading data: 'ShimmerBluetooth' object has no attribute 'read'
2025-11-13 11:12:43,542 - shimmer_device - ERROR - Error reading data: 'ShimmerBluetooth' object has no attribute 'read'
2025-11-13 11:12:43,544 - shimmer_device - ERROR - Error reading data: 'ShimmerBluetooth' object has no attribute 'read'
2025-11-13 11:12:43,545 - shimmer_device - ERROR - Error reading data: 'ShimmerBluetooth' object has no attribute 'read'
2025-11-13 11:12:43,547 - shimmer_device - ERROR - Error reading data: 'ShimmerBluetooth' object has no attribute 'read'
2025-11-13 11:12:43,548 - shimmer_device - ERROR - Error reading data: 'ShimmerBluetooth' object has no attribute 'read'
2025-11-13 11:12:43,550 - shimmer_device - ERROR - Error reading data: 'ShimmerBluetooth' object has no attribute 'read'
2025-11-13 11:12:43,551 - shimmer_device - ERROR - Error reading data: 'ShimmerBluetooth' object has no attribute 'read'
2025-11-13 11:12:43,552 - shimmer_device - ERROR - Error reading data: 'ShimmerBluetooth' object has no attribute 'read'
2025-11-13 11:12:43,554 - shimmer_device - ERROR - Error reading data: 'ShimmerBluetooth' object has no attribute 'read'
2025-11-13 11:12:43,556 - shimmer_device - ERROR - Error reading data: 'ShimmerBluetooth' object has no attribute 'read'
2025-11-13 11:12:43,557 - shimmer_device - ERROR - Error reading data: 'ShimmerBluetooth' object has no attribute 'read'
2025-11-13 11:12:43,558 - shimmer_device - ERROR - Error reading data: 'ShimmerBluetooth' object has no attribute 'read'
2025-11-13 11:12:43,560 - shimmer_device - ERROR - Error reading data: 'ShimmerBluetooth' object has no attribute 'read'
2025-11-13 11:12:43,561 - shimmer_device - ERROR - Error reading data: 'ShimmerBluetooth' object has no attribute 'read'
2025-11-13 11:12:43,563 - shimmer_device - ERROR - Error reading data: 'ShimmerBluetooth' object has no attribute 'read'
2025-11-13 11:12:43,565 - shimmer_device - ERROR - Error reading data: 'ShimmerBluetooth' object has no attribute 'read'
2025-11-13 11:12:43,566 - shimmer_device - ERROR - Error reading data: 'ShimmerBluetooth' object has no attribute 'read'
2025-11-13 11:12:43,568 - shimmer_device - ERROR - Error reading data: 'ShimmerBluetooth' object has no attribute 'read'
2025-11-13 11:12:43,569 - shimmer_device - ERROR - Error reading data: 'ShimmerBluetooth' object has no attribute 'read'
2025-11-13 11:12:43,571 - shimmer_device - ERROR - Error reading data: 'ShimmerBluetooth' object has no attribute 'read'
2025-11-13 11:12:43,572 - shimmer_device - ERROR - Error reading data: 'ShimmerBluetooth' object has no attribute 'read'
2025-11-13 11:12:43,573 - shimmer_device - ERROR - Error reading data: 'ShimmerBluetooth' object has no attribute 'read'
2025-11-13 11:12:43,575 - shimmer_device - ERROR - Error reading data: 'ShimmerBluetooth' object has no attribute 'read'
2025-11-13 11:12:43,576 - shimmer_device - ERROR - Error reading data: 'ShimmerBluetooth' object has no attribute 'read'
2025-11-13 11:12:43,577 - shimmer_device - ERROR - Error reading data: 'ShimmerBluetooth' object has no attribute 'read'
2025-11-13 11:12:43,580 - shimmer_device - ERROR - Error reading data: 'ShimmerBluetooth' object has no attribute 'read'
2025-11-13 11:12:43,581 - shimmer_device - ERROR - Error reading data: 'ShimmerBluetooth' object has no attribute 'read'
2025-11-13 11:12:43,582 - shimmer_device - ERROR - Error reading data: 'ShimmerBluetooth' object has no attribute 'read'
2025-11-13 11:12:43,583 - shimmer_device - ERROR - Error reading data: 'ShimmerBluetooth' object has no attribute 'read'
2025-11-13 11:12:43,584 - shimmer_device - ERROR - Error reading data: 'ShimmerBluetooth' object has no attribute 'read'
2025-11-13 11:12:43,585 - shimmer_device - ERROR - Error reading data: 'ShimmerBluetooth' object has no attribute 'read'
2025-11-13 11:12:43,587 - shimmer_device - ERROR - Error reading data: 'ShimmerBluetooth' object has no attribute 'read'
2025-11-13 11:12:43,588 - shimmer_device - ERROR - Error reading data: 'ShimmerBluetooth' object has no attribute 'read'
2025-11-13 11:12:43,589 - shimmer_device - ERROR - Error reading data: 'ShimmerBluetooth' object has no attribute 'read'
2025-11-13 11:12:43,591 - shimmer_device - ERROR - Error reading data: 'ShimmerBluetooth' object has no attribute 'read'
2025-11-13 11:12:43,593 - shimmer_device - ERROR - Error reading data: 'ShimmerBluetooth' object has no attribute 'read'
2025-11-13 11:12:43,594 - shimmer_device - ERROR - Error reading data: 'ShimmerBluetooth' object has no attribute 'read'
2025-11-13 11:12:43,596 - shimmer_device - ERROR - Error reading data: 'ShimmerBluetooth' object has no attribute 'read'
2025-11-13 11:12:43,597 - shimmer_device - ERROR - Error reading data: 'ShimmerBluetooth' object has no attribute 'read'
2025-11-13 11:12:43,598 - shimmer_device - ERROR - Error reading data: 'ShimmerBluetooth' object has no attribute 'read'
2025-11-13 11:12:43,600 - shimmer_device - ERROR - Error reading data: 'ShimmerBluetooth' object has no attribute 'read'
2025-11-13 11:12:43,601 - shimmer_device - ERROR - Error reading data: 'ShimmerBluetooth' object has no attribute 'read'
2025-11-13 11:12:43,602 - shimmer_device - ERROR - Error reading data: 'ShimmerBluetooth' object has no attribute 'read'
2025-11-13 11:12:43,603 - shimmer_device - ERROR - Error reading data: 'ShimmerBluetooth' object has no attribute 'read'
2025-11-13 11:12:43,605 - shimmer_device - ERROR - Error reading data: 'ShimmerBluetooth' object has no attribute 'read'
2025-11-13 11:12:43,606 - shimmer_device - ERROR - Error reading data: 'ShimmerBluetooth' object has no attribute 'read'
2025-11-13 11:12:43,607 - shimmer_device - ERROR - Error reading data: 'ShimmerBluetooth' object has no attribute 'read'
2025-11-13 11:12:43,608 - shimmer_device - ERROR - Error reading data: 'ShimmerBluetooth' object has no attribute 'read'
2025-11-13 11:12:43,609 - shimmer_device - ERROR - Error reading data: 'ShimmerBluetooth' object has no attribute 'read'
2025-11-13 11:12:43,611 - shimmer_device - ERROR - Error reading data: 'ShimmerBluetooth' object has no attribute 'read'
2025-11-13 11:12:43,612 - shimmer_device - ERROR - Error reading data: 'ShimmerBluetooth' object has no attribute 'read'
2025-11-13 11:12:43,613 - shimmer_device - ERROR - Error reading data: 'ShimmerBluetooth' object has no attribute 'read'
2025-11-13 11:12:43,614 - shimmer_device - ERROR - Error reading data: 'ShimmerBluetooth' object has no attribute 'read'
2025-11-13 11:12:43,615 - shimmer_device - ERROR - Error reading data: 'ShimmerBluetooth' object has no attribute 'read'
2025-11-13 11:12:43,616 - shimmer_device - ERROR - Error reading data: 'ShimmerBluetooth' object has no attribute 'read'
2025-11-13 11:12:43,617 - shimmer_device - ERROR - Error reading data: 'ShimmerBluetooth' object has no attribute 'read'
2025-11-13 11:12:43,619 - shimmer_device - ERROR - Error reading data: 'ShimmerBluetooth' object has no attribute 'read'
2025-11-13 11:12:43,620 - shimmer_device - ERROR - Error reading data: 'ShimmerBluetooth' object has no attribute 'read'
2025-11-13 11:12:43,622 - shimmer_device - ERROR - Error reading data: 'ShimmerBluetooth' object has no attribute 'read'
2025-11-13 11:12:43,624 - shimmer_device - ERROR - Error reading data: 'ShimmerBluetooth' object has no attribute 'read'
2025-11-13 11:12:43,625 - shimmer_device - ERROR - Error reading data: 'ShimmerBluetooth' object has no attribute 'read'
2025-11-13 11:12:43,626 - shimmer_device - ERROR - Error reading data: 'ShimmerBluetooth' object has no attribute 'read'
2025-11-13 11:12:43,627 - shimmer_device - ERROR - Error reading data: 'ShimmerBluetooth' object has no attribute 'read'
2025-11-13 11:12:43,628 - shimmer_device - ERROR - Error reading data: 'ShimmerBluetooth' object has no attribute 'read'
2025-11-13 11:12:43,630 - shimmer_device - ERROR - Error reading data: 'ShimmerBluetooth' object has no attribute 'read'
2025-11-13 11:12:43,631 - shimmer_device - ERROR - Error reading data: 'ShimmerBluetooth' object has no attribute 'read'
2025-11-13 11:12:43,632 - shimmer_device - ERROR - Error reading data: 'ShimmerBluetooth' object has no attribute 'read'
2025-11-13 11:12:43,633 - shimmer_device - ERROR - Error reading data: 'ShimmerBluetooth' object has no attribute 'read'
2025-11-13 11:12:43,635 - shimmer_device - ERROR - Error reading data: 'ShimmerBluetooth' object has no attribute 'read'
2025-11-13 11:12:43,637 - shimmer_device - ERROR - Error reading data: 'ShimmerBluetooth' object has no attribute 'read'
2025-11-13 11:12:43,639 - shimmer_device - ERROR - Error reading data: 'ShimmerBluetooth' object has no attribute 'read'
2025-11-13 11:12:43,640 - shimmer_device - ERROR - Error reading data: 'ShimmerBluetooth' object has no attribute 'read'
2025-11-13 11:12:43,641 - shimmer_device - ERROR - Error reading data: 'ShimmerBluetooth' object has no attribute 'read'
2025-11-13 11:12:43,642 - shimmer_device - ERROR - Error reading data: 'ShimmerBluetooth' object has no attribute 'read'
2025-11-13 11:12:43,643 - shimmer_device - ERROR - Error reading data: 'ShimmerBluetooth' object has no attribute 'read'
2025-11-13 11:12:43,644 - shimmer_device - ERROR - Error reading data: 'ShimmerBluetooth' object has no attribute 'read'
2025-11-13 11:12:43,646 - shimmer_device - ERROR - Error reading data: 'ShimmerBluetooth' object has no attribute 'read'
2025-11-13 11:12:43,647 - shimmer_device - ERROR - Error reading data: 'ShimmerBluetooth' object has no attribute 'read'
2025-11-13 11:12:43,649 - shimmer_device - ERROR - Error reading data: 'ShimmerBluetooth' object has no attribute 'read'
2025-11-13 11:12:43,650 - shimmer_device - ERROR - Error reading data: 'ShimmerBluetooth' object has no attribute 'read'
2025-11-13 11:12:43,652 - shimmer_device - ERROR - Error reading data: 'ShimmerBluetooth' object has no attribute 'read'
2025-11-13 11:12:43,653 - shimmer_device - ERROR - Error reading data: 'ShimmerBluetooth' object has no attribute 'read'
2025-11-13 11:12:43,655 - shimmer_device - ERROR - Error reading data: 'ShimmerBluetooth' object has no attribute 'read'
2025-11-13 11:12:43,656 - shimmer_device - ERROR - Error reading data: 'ShimmerBluetooth' object has no attribute 'read'
2025-11-13 11:12:43,657 - shimmer_device - ERROR - Error reading data: 'ShimmerBluetooth' object has no attribute 'read'
2025-11-13 11:12:43,659 - shimmer_device - ERROR - Error reading data: 'ShimmerBluetooth' object has no attribute 'read'
2025-11-13 11:12:43,660 - shimmer_device - ERROR - Error reading data: 'ShimmerBluetooth' object has no attribute 'read'
2025-11-13 11:12:43,661 - shimmer_device - ERROR - Error reading data: 'ShimmerBluetooth' object has no attribute 'read'
2025-11-13 11:12:43,663 - shimmer_device - ERROR - Error reading data: 'ShimmerBluetooth' object has no attribute 'read'
2025-11-13 11:12:43,665 - shimmer_device - ERROR - Error reading data: 'ShimmerBluetooth' object has no attribute 'read'
2025-11-13 11:12:43,667 - shimmer_device - ERROR - Error reading data: 'ShimmerBluetooth' object has no attribute 'read'
2025-11-13 11:12:43,669 - shimmer_device - ERROR - Error reading data: 'ShimmerBluetooth' object has no attribute 'read'
2025-11-13 11:12:43,670 - shimmer_device - ERROR - Error reading data: 'ShimmerBluetooth' object has no attribute 'read'
2025-11-13 11:12:43,671 - shimmer_device - ERROR - Error reading data: 'ShimmerBluetooth' object has no attribute 'read'
2025-11-13 11:12:43,672 - shimmer_device - ERROR - Error reading data: 'ShimmerBluetooth' object has no attribute 'read'
2025-11-13 11:12:43,673 - shimmer_device - ERROR - Error reading data: 'ShimmerBluetooth' object has no attribute 'read'
2025-11-13 11:12:43,675 - shimmer_device - ERROR - Error reading data: 'ShimmerBluetooth' object has no attribute 'read'
2025-11-13 11:12:43,676 - shimmer_device - ERROR - Error reading data: 'ShimmerBluetooth' object has no attribute 'read'
2025-11-13 11:12:43,677 - shimmer_device - ERROR - Error reading data: 'ShimmerBluetooth' object has no attribute 'read'
2025-11-13 11:12:43,679 - shimmer_device - ERROR - Error reading data: 'ShimmerBluetooth' object has no attribute 'read'
2025-11-13 11:12:43,680 - shimmer_device - ERROR - Error reading data: 'ShimmerBluetooth' object has no attribute 'read'
2025-11-13 11:12:43,682 - shimmer_device - ERROR - Error reading data: 'ShimmerBluetooth' object has no attribute 'read'
2025-11-13 11:12:43,683 - shimmer_device - ERROR - Error reading data: 'ShimmerBluetooth' object has no attribute 'read'
2025-11-13 11:12:43,685 - shimmer_device - ERROR - Error reading data: 'ShimmerBluetooth' object has no attribute 'read'
2025-11-13 11:12:43,686 - shimmer_device - ERROR - Error reading data: 'ShimmerBluetooth' object has no attribute 'read'
2025-11-13 11:12:43,687 - shimmer_device - ERROR - Error reading data: 'ShimmerBluetooth' object has no attribute 'read'
2025-11-13 11:12:43,688 - shimmer_device - ERROR - Error reading data: 'ShimmerBluetooth' object has no attribute 'read'
2025-11-13 11:12:43,690 - shimmer_device - ERROR - Error reading data: 'ShimmerBluetooth' object has no attribute 'read'
2025-11-13 11:12:43,691 - shimmer_device - ERROR - Error reading data: 'ShimmerBluetooth' object has no attribute 'read'
2025-11-13 11:12:43,692 - shimmer_device - ERROR - Error reading data: 'ShimmerBluetooth' object has no attribute 'read'
2025-11-13 11:12:43,694 - shimmer_device - ERROR - Error reading data: 'ShimmerBluetooth' object has no attribute 'read'
2025-11-13 11:12:43,696 - shimmer_device - ERROR - Error reading data: 'ShimmerBluetooth' object has no attribute 'read'
2025-11-13 11:12:43,697 - shimmer_device - ERROR - Error reading data: 'ShimmerBluetooth' object has no attribute 'read'
2025-11-13 11:12:43,699 - shimmer_device - ERROR - Error reading data: 'ShimmerBluetooth' object has no attribute 'read'
2025-11-13 11:12:43,701 - shimmer_device - ERROR - Error reading data: 'ShimmerBluetooth' object has no attribute 'read'
2025-11-13 11:12:43,702 - shimmer_device - ERROR - Error reading data: 'ShimmerBluetooth' object has no attribute 'read'
2025-11-13 11:12:43,704 - shimmer_device - ERROR - Error reading data: 'ShimmerBluetooth' object has no attribute 'read'
2025-11-13 11:12:43,705 - shimmer_device - ERROR - Error reading data: 'ShimmerBluetooth' object has no attribute 'read'
2025-11-13 11:12:43,707 - shimmer_device - ERROR - Error reading data: 'ShimmerBluetooth' object has no attribute 'read'
2025-11-13 11:12:43,708 - shimmer_device - ERROR - Error reading data: 'ShimmerBluetooth' object has no attribute 'read'
2025-11-13 11:12:43,710 - shimmer_device - ERROR - Error reading data: 'ShimmerBluetooth' object has no attribute 'read'
2025-11-13 11:12:43,712 - shimmer_device - ERROR - Error reading data: 'ShimmerBluetooth' object has no attribute 'read'
2025-11-13 11:12:43,713 - shimmer_device - ERROR - Error reading data: 'ShimmerBluetooth' object has no attribute 'read'
2025-11-13 11:12:43,714 - shimmer_device - ERROR - Error reading data: 'ShimmerBluetooth' object has no attribute 'read'
2025-11-13 11:12:43,715 - shimmer_device - ERROR - Error reading data: 'ShimmerBluetooth' object has no attribute 'read'
2025-11-13 11:12:43,717 - shimmer_device - ERROR - Error reading data: 'ShimmerBluetooth' object has no attribute 'read'
2025-11-13 11:12:43,719 - shimmer_device - ERROR - Error reading data: 'ShimmerBluetooth' object has no attribute 'read'
2025-11-13 11:12:43,720 - shimmer_device - ERROR - Error reading data: 'ShimmerBluetooth' object has no attribute 'read'
2025-11-13 11:12:43,722 - shimmer_device - ERROR - Error reading data: 'ShimmerBluetooth' object has no attribute 'read'
2025-11-13 11:12:43,723 - shimmer_device - ERROR - Error reading data: 'ShimmerBluetooth' object has no attribute 'read'
2025-11-13 11:12:43,724 - shimmer_device - ERROR - Error reading data: 'ShimmerBluetooth' object has no attribute 'read'
2025-11-13 11:12:43,726 - shimmer_device - ERROR - Error reading data: 'ShimmerBluetooth' object has no attribute 'read'
2025-11-13 11:12:43,728 - shimmer_device - ERROR - Error reading data: 'ShimmerBluetooth' object has no attribute 'read'
2025-11-13 11:12:43,730 - shimmer_device - ERROR - Error reading data: 'ShimmerBluetooth' object has no attribute 'read'
2025-11-13 11:12:43,732 - shimmer_device - ERROR - Error reading data: 'ShimmerBluetooth' object has no attribute 'read'
2025-11-13 11:12:43,733 - shimmer_device - ERROR - Error reading data: 'ShimmerBluetooth' object has no attribute 'read'
2025-11-13 11:12:43,735 - shimmer_device - ERROR - Error reading data: 'ShimmerBluetooth' object has no attribute 'read'
2025-11-13 11:12:43,736 - shimmer_device - ERROR - Error reading data: 'ShimmerBluetooth' object has no attribute 'read'
2025-11-13 11:12:43,737 - shimmer_device - ERROR - Error reading data: 'ShimmerBluetooth' object has no attribute 'read'
2025-11-13 11:12:43,738 - shimmer_device - ERROR - Error reading data: 'ShimmerBluetooth' object has no attribute 'read'
2025-11-13 11:12:43,739 - shimmer_device - ERROR - Error reading data: 'ShimmerBluetooth' object has no attribute 'read'
2025-11-13 11:12:43,740 - shimmer_device - ERROR - Error reading data: 'ShimmerBluetooth' object has no attribute 'read'
2025-11-13 11:12:43,741 - shimmer_device - ERROR - Error reading data: 'ShimmerBluetooth' object has no attribute 'read'
2025-11-13 11:12:43,742 - shimmer_device - ERROR - Error reading data: 'ShimmerBluetooth' object has no attribute 'read'
2025-11-13 11:12:43,744 - shimmer_device - ERROR - Error reading data: 'ShimmerBluetooth' object has no attribute 'read'
2025-11-13 11:12:43,745 - shimmer_device - ERROR - Error reading data: 'ShimmerBluetooth' object has no attribute 'read'
2025-11-13 11:12:43,746 - shimmer_device - ERROR - Error reading data: 'ShimmerBluetooth' object has no attribute 'read'
2025-11-13 11:12:43,747 - shimmer_device - ERROR - Error reading data: 'ShimmerBluetooth' object has no attribute 'read'
2025-11-13 11:12:43,748 - shimmer_device - ERROR - Error reading data: 'ShimmerBluetooth' object has no attribute 'read'
2025-11-13 11:12:43,749 - shimmer_device - ERROR - Error reading data: 'ShimmerBluetooth' object has no attribute 'read'
2025-11-13 11:12:43,750 - shimmer_device - ERROR - Error reading data: 'ShimmerBluetooth' object has no attribute 'read'
2025-11-13 11:12:43,751 - shimmer_device - ERROR - Error reading data: 'ShimmerBluetooth' object has no attribute 'read'
2025-11-13 11:12:43,752 - shimmer_device - ERROR - Error reading data: 'ShimmerBluetooth' object has no attribute 'read'
2025-11-13 11:12:43,754 - shimmer_device - ERROR - Error reading data: 'ShimmerBluetooth' object has no attribute 'read'
2025-11-13 11:12:43,755 - shimmer_device - ERROR - Error reading data: 'ShimmerBluetooth' object has no attribute 'read'
2025-11-13 11:12:43,756 - shimmer_device - ERROR - Error reading data: 'ShimmerBluetooth' object has no attribute 'read'
2025-11-13 11:12:43,757 - shimmer_device - ERROR - Error reading data: 'ShimmerBluetooth' object has no attribute 'read'
2025-11-13 11:12:43,758 - shimmer_device - ERROR - Error reading data: 'ShimmerBluetooth' object has no attribute 'read'
2025-11-13 11:12:43,759 - shimmer_device - ERROR - Error reading data: 'ShimmerBluetooth' object has no attribute 'read'
2025-11-13 11:12:43,760 - shimmer_device - ERROR - Error reading data: 'ShimmerBluetooth' object has no attribute 'read'
2025-11-13 11:12:43,761 - shimmer_device - ERROR - Error reading data: 'ShimmerBluetooth' object has no attribute 'read'
2025-11-13 11:12:43,762 - shimmer_device - ERROR - Error reading data: 'ShimmerBluetooth' object has no attribute 'read'
2025-11-13 11:12:43,763 - shimmer_device - ERROR - Error reading data: 'ShimmerBluetooth' object has no attribute 'read'
2025-11-13 11:12:43,765 - shimmer_device - ERROR - Error reading data: 'ShimmerBluetooth' object has no attribute 'read'
2025-11-13 11:12:43,766 - shimmer_device - ERROR - Error reading data: 'ShimmerBluetooth' object has no attribute 'read'
2025-11-13 11:12:43,767 - shimmer_device - ERROR - Error reading data: 'ShimmerBluetooth' object has no attribute 'read'
2025-11-13 11:12:43,768 - shimmer_device - ERROR - Error reading data: 'ShimmerBluetooth' object has no attribute 'read'
2025-11-13 11:12:43,769 - shimmer_device - ERROR - Error reading data: 'ShimmerBluetooth' object has no attribute 'read'
2025-11-13 11:12:43,770 - shimmer_device - ERROR - Error reading data: 'ShimmerBluetooth' object has no attribute 'read'
2025-11-13 11:12:43,771 - shimmer_device - ERROR - Error reading data: 'ShimmerBluetooth' object has no attribute 'read'
2025-11-13 11:12:43,772 - shimmer_device - ERROR - Error reading data: 'ShimmerBluetooth' object has no attribute 'read'
2025-11-13 11:12:43,774 - shimmer_device - ERROR - Error reading data: 'ShimmerBluetooth' object has no attribute 'read'
2025-11-13 11:12:43,775 - shimmer_device - ERROR - Error reading data: 'ShimmerBluetooth' object has no attribute 'read'
2025-11-13 11:12:43,776 - shimmer_device - ERROR - Error reading data: 'ShimmerBluetooth' object has no attribute 'read'
2025-11-13 11:12:43,777 - shimmer_device - ERROR - Error reading data: 'ShimmerBluetooth' object has no attribute 'read'
2025-11-13 11:12:43,778 - shimmer_device - ERROR - Error reading data: 'ShimmerBluetooth' object has no attribute 'read'
2025-11-13 11:12:43,780 - shimmer_device - ERROR - Error reading data: 'ShimmerBluetooth' object has no attribute 'read'
2025-11-13 11:12:43,781 - shimmer_device - ERROR - Error reading data: 'ShimmerBluetooth' object has no attribute 'read'
2025-11-13 11:12:43,782 - shimmer_device - ERROR - Error reading data: 'ShimmerBluetooth' object has no attribute 'read'
2025-11-13 11:12:43,783 - shimmer_device - ERROR - Error reading data: 'ShimmerBluetooth' object has no attribute 'read'
2025-11-13 11:12:43,784 - shimmer_device - ERROR - Error reading data: 'ShimmerBluetooth' object has no attribute 'read'
2025-11-13 11:12:43,785 - shimmer_device - ERROR - Error reading data: 'ShimmerBluetooth' object has no attribute 'read'
2025-11-13 11:12:43,786 - shimmer_device - ERROR - Error reading data: 'ShimmerBluetooth' object has no attribute 'read'
2025-11-13 11:12:43,787 - shimmer_device - ERROR - Error reading data: 'ShimmerBluetooth' object has no attribute 'read'
2025-11-13 11:12:43,788 - shimmer_device - ERROR - Error reading data: 'ShimmerBluetooth' object has no attribute 'read'
2025-11-13 11:12:43,789 - shimmer_device - ERROR - Error reading data: 'ShimmerBluetooth' object has no attribute 'read'
2025-11-13 11:12:43,790 - shimmer_device - ERROR - Error reading data: 'ShimmerBluetooth' object has no attribute 'read'
2025-11-13 11:12:43,792 - shimmer_device - ERROR - Error reading data: 'ShimmerBluetooth' object has no attribute 'read'
2025-11-13 11:12:43,793 - shimmer_device - ERROR - Error reading data: 'ShimmerBluetooth' object has no attribute 'read'
2025-11-13 11:12:43,795 - shimmer_device - ERROR - Error reading data: 'ShimmerBluetooth' object has no attribute 'read'
2025-11-13 11:12:43,796 - shimmer_device - ERROR - Error reading data: 'ShimmerBluetooth' object has no attribute 'read'
2025-11-13 11:12:43,797 - shimmer_device - ERROR - Error reading data: 'ShimmerBluetooth' object has no attribute 'read'
2025-11-13 11:12:43,798 - shimmer_device - ERROR - Error reading data: 'ShimmerBluetooth' object has no attribute 'read'
2025-11-13 11:12:43,800 - shimmer_device - ERROR - Error reading data: 'ShimmerBluetooth' object has no attribute 'read'
2025-11-13 11:12:43,801 - shimmer_device - ERROR - Error reading data: 'ShimmerBluetooth' object has no attribute 'read'
2025-11-13 11:12:43,803 - shimmer_device - ERROR - Error reading data: 'ShimmerBluetooth' object has no attribute 'read'
2025-11-13 11:12:43,804 - shimmer_device - ERROR - Error reading data: 'ShimmerBluetooth' object has no attribute 'read'
2025-11-13 11:12:43,806 - shimmer_device - ERROR - Error reading data: 'ShimmerBluetooth' object has no attribute 'read'
2025-11-13 11:12:43,807 - shimmer_device - ERROR - Error reading data: 'ShimmerBluetooth' object has no attribute 'read'
2025-11-13 11:12:43,808 - shimmer_device - ERROR - Error reading data: 'ShimmerBluetooth' object has no attribute 'read'
2025-11-13 11:12:43,810 - shimmer_device - ERROR - Error reading data: 'ShimmerBluetooth' object has no attribute 'read'
2025-11-13 11:12:43,811 - shimmer_device - ERROR - Error reading data: 'ShimmerBluetooth' object has no attribute 'read'
2025-11-13 11:12:43,813 - shimmer_device - ERROR - Error reading data: 'ShimmerBluetooth' object has no attribute 'read'
2025-11-13 11:12:43,815 - shimmer_device - ERROR - Error reading data: 'ShimmerBluetooth' object has no attribute 'read'
2025-11-13 11:12:43,816 - shimmer_device - ERROR - Error reading data: 'ShimmerBluetooth' object has no attribute 'read'
2025-11-13 11:12:43,817 - shimmer_device - ERROR - Error reading data: 'ShimmerBluetooth' object has no attribute 'read'
2025-11-13 11:12:43,819 - shimmer_device - ERROR - Error reading data: 'ShimmerBluetooth' object has no attribute 'read'
2025-11-13 11:12:43,820 - shimmer_device - ERROR - Error reading data: 'ShimmerBluetooth' object has no attribute 'read'
2025-11-13 11:12:43,822 - shimmer_device - ERROR - Error reading data: 'ShimmerBluetooth' object has no attribute 'read'
2025-11-13 11:12:43,824 - shimmer_device - ERROR - Error reading data: 'ShimmerBluetooth' object has no attribute 'read'
2025-11-13 11:12:43,826 - shimmer_device - ERROR - Error reading data: 'ShimmerBluetooth' object has no attribute 'read'
2025-11-13 11:12:43,829 - shimmer_device - ERROR - Error reading data: 'ShimmerBluetooth' object has no attribute 'read'
2025-11-13 11:12:43,830 - shimmer_device - ERROR - Error reading data: 'ShimmerBluetooth' object has no attribute 'read'
2025-11-13 11:12:43,831 - shimmer_device - ERROR - Error reading data: 'ShimmerBluetooth' object has no attribute 'read'
2025-11-13 11:12:43,833 - shimmer_device - ERROR - Error reading data: 'ShimmerBluetooth' object has no attribute 'read'
2025-11-13 11:12:43,834 - shimmer_device - ERROR - Error reading data: 'ShimmerBluetooth' object has no attribute 'read'
2025-11-13 11:12:43,836 - shimmer_device - ERROR - Error reading data: 'ShimmerBluetooth' object has no attribute 'read'
2025-11-13 11:12:43,837 - shimmer_device - ERROR - Error reading data: 'ShimmerBluetooth' object has no attribute 'read'
2025-11-13 11:12:43,839 - shimmer_device - ERROR - Error reading data: 'ShimmerBluetooth' object has no attribute 'read'
2025-11-13 11:12:43,841 - shimmer_device - ERROR - Error reading data: 'ShimmerBluetooth' object has no attribute 'read'
2025-11-13 11:12:43,843 - shimmer_device - ERROR - Error reading data: 'ShimmerBluetooth' object has no attribute 'read'
2025-11-13 11:12:43,844 - shimmer_device - ERROR - Error reading data: 'ShimmerBluetooth' object has no attribute 'read'
2025-11-13 11:12:43,846 - shimmer_device - ERROR - Error reading data: 'ShimmerBluetooth' object has no attribute 'read'
2025-11-13 11:12:43,848 - shimmer_device - ERROR - Error reading data: 'ShimmerBluetooth' object has no attribute 'read'
2025-11-13 11:12:43,849 - shimmer_device - ERROR - Error reading data: 'ShimmerBluetooth' object has no attribute 'read'
2025-11-13 11:12:43,851 - shimmer_device - ERROR - Error reading data: 'ShimmerBluetooth' object has no attribute 'read'
2025-11-13 11:12:43,852 - shimmer_device - ERROR - Error reading data: 'ShimmerBluetooth' object has no attribute 'read'
2025-11-13 11:12:43,853 - shimmer_device - ERROR - Error reading data: 'ShimmerBluetooth' object has no attribute 'read'
2025-11-13 11:12:43,854 - shimmer_device - ERROR - Error reading data: 'ShimmerBluetooth' object has no attribute 'read'
2025-11-13 11:12:43,855 - shimmer_device - ERROR - Error reading data: 'ShimmerBluetooth' object has no attribute 'read'
2025-11-13 11:12:43,857 - shimmer_device - ERROR - Error reading data: 'ShimmerBluetooth' object has no attribute 'read'
2025-11-13 11:12:43,859 - shimmer_device - ERROR - Error reading data: 'ShimmerBluetooth' object has no attribute 'read'
2025-11-13 11:12:43,861 - shimmer_device - ERROR - Error reading data: 'ShimmerBluetooth' object has no attribute 'read'
2025-11-13 11:12:43,862 - shimmer_device - ERROR - Error reading data: 'ShimmerBluetooth' object has no attribute 'read'
2025-11-13 11:12:43,864 - shimmer_device - ERROR - Error reading data: 'ShimmerBluetooth' object has no attribute 'read'
2025-11-13 11:12:43,865 - shimmer_device - ERROR - Error reading data: 'ShimmerBluetooth' object has no attribute 'read'
2025-11-13 11:12:43,867 - shimmer_device - ERROR - Error reading data: 'ShimmerBluetooth' object has no attribute 'read'
2025-11-13 11:12:43,868 - shimmer_device - ERROR - Error reading data: 'ShimmerBluetooth' object has no attribute 'read'
2025-11-13 11:12:43,869 - shimmer_device - ERROR - Error reading data: 'ShimmerBluetooth' object has no attribute 'read'
2025-11-13 11:12:43,871 - shimmer_device - ERROR - Error reading data: 'ShimmerBluetooth' object has no attribute 'read'
2025-11-13 11:12:43,873 - shimmer_device - ERROR - Error reading data: 'ShimmerBluetooth' object has no attribute 'read'
2025-11-13 11:12:43,875 - shimmer_device - ERROR - Error reading data: 'ShimmerBluetooth' object has no attribute 'read'
2025-11-13 11:12:43,877 - shimmer_device - ERROR - Error reading data: 'ShimmerBluetooth' object has no attribute 'read'
2025-11-13 11:12:43,879 - shimmer_device - ERROR - Error reading data: 'ShimmerBluetooth' object has no attribute 'read'
2025-11-13 11:12:43,880 - shimmer_device - ERROR - Error reading data: 'ShimmerBluetooth' object has no attribute 'read'
2025-11-13 11:12:43,881 - shimmer_device - ERROR - Error reading data: 'ShimmerBluetooth' object has no attribute 'read'
2025-11-13 11:12:43,883 - shimmer_device - ERROR - Error reading data: 'ShimmerBluetooth' object has no attribute 'read'
2025-11-13 11:12:43,884 - shimmer_device - ERROR - Error reading data: 'ShimmerBluetooth' object has no attribute 'read'
2025-11-13 11:12:43,886 - shimmer_device - ERROR - Error reading data: 'ShimmerBluetooth' object has no attribute 'read'
2025-11-13 11:12:43,887 - shimmer_device - ERROR - Error reading data: 'ShimmerBluetooth' object has no attribute 'read'
2025-11-13 11:12:43,889 - shimmer_device - ERROR - Error reading data: 'ShimmerBluetooth' object has no attribute 'read'
2025-11-13 11:12:43,890 - shimmer_device - ERROR - Error reading data: 'ShimmerBluetooth' object has no attribute 'read'
2025-11-13 11:12:43,892 - shimmer_device - ERROR - Error reading data: 'ShimmerBluetooth' object has no attribute 'read'
2025-11-13 11:12:43,893 - shimmer_device - ERROR - Error reading data: 'ShimmerBluetooth' object has no attribute 'read'
2025-11-13 11:12:43,895 - shimmer_device - ERROR - Error reading data: 'ShimmerBluetooth' object has no attribute 'read'
2025-11-13 11:12:43,896 - shimmer_device - ERROR - Error reading data: 'ShimmerBluetooth' object has no attribute 'read'
2025-11-13 11:12:43,897 - shimmer_device - ERROR - Error reading data: 'ShimmerBluetooth' object has no attribute 'read'
2025-11-13 11:12:43,898 - shimmer_device - ERROR - Error reading data: 'ShimmerBluetooth' object has no attribute 'read'
2025-11-13 11:12:43,900 - shimmer_device - ERROR - Error reading data: 'ShimmerBluetooth' object has no attribute 'read'
2025-11-13 11:12:43,902 - shimmer_device - ERROR - Error reading data: 'ShimmerBluetooth' object has no attribute 'read'
2025-11-13 11:12:43,904 - shimmer_device - ERROR - Error reading data: 'ShimmerBluetooth' object has no attribute 'read'
2025-11-13 11:12:43,905 - shimmer_device - ERROR - Error reading data: 'ShimmerBluetooth' object has no attribute 'read'
2025-11-13 11:12:43,907 - shimmer_device - ERROR - Error reading data: 'ShimmerBluetooth' object has no attribute 'read'
2025-11-13 11:12:43,909 - shimmer_device - ERROR - Error reading data: 'ShimmerBluetooth' object has no attribute 'read'
2025-11-13 11:12:43,910 - shimmer_device - ERROR - Error reading data: 'ShimmerBluetooth' object has no attribute 'read'
2025-11-13 11:12:43,911 - shimmer_device - ERROR - Error reading data: 'ShimmerBluetooth' object has no attribute 'read'
2025-11-13 11:12:43,913 - shimmer_device - ERROR - Error reading data: 'ShimmerBluetooth' object has no attribute 'read'
2025-11-13 11:12:43,914 - shimmer_device - ERROR - Error reading data: 'ShimmerBluetooth' object has no attribute 'read'
2025-11-13 11:12:43,915 - shimmer_device - ERROR - Error reading data: 'ShimmerBluetooth' object has no attribute 'read'
2025-11-13 11:12:43,917 - shimmer_device - ERROR - Error reading data: 'ShimmerBluetooth' object has no attribute 'read'
2025-11-13 11:12:43,918 - shimmer_device - ERROR - Error reading data: 'ShimmerBluetooth' object has no attribute 'read'
2025-11-13 11:12:43,919 - shimmer_device - ERROR - Error reading data: 'ShimmerBluetooth' object has no attribute 'read'
2025-11-13 11:12:43,920 - shimmer_device - ERROR - Error reading data: 'ShimmerBluetooth' object has no attribute 'read'
2025-11-13 11:12:43,921 - shimmer_device - ERROR - Error reading data: 'ShimmerBluetooth' object has no attribute 'read'
2025-11-13 11:12:43,923 - shimmer_device - ERROR - Error reading data: 'ShimmerBluetooth' object has no attribute 'read'
2025-11-13 11:12:43,924 - shimmer_device - ERROR - Error reading data: 'ShimmerBluetooth' object has no attribute 'read'
2025-11-13 11:12:43,926 - shimmer_device - ERROR - Error reading data: 'ShimmerBluetooth' object has no attribute 'read'
2025-11-13 11:12:43,927 - shimmer_device - ERROR - Error reading data: 'ShimmerBluetooth' object has no attribute 'read'
2025-11-13 11:12:43,929 - shimmer_device - ERROR - Error reading data: 'ShimmerBluetooth' object has no attribute 'read'
2025-11-13 11:12:43,930 - shimmer_device - ERROR - Error reading data: 'ShimmerBluetooth' object has no attribute 'read'
2025-11-13 11:12:43,931 - shimmer_device - ERROR - Error reading data: 'ShimmerBluetooth' object has no attribute 'read'
2025-11-13 11:12:43,932 - shimmer_device - ERROR - Error reading data: 'ShimmerBluetooth' object has no attribute 'read'
2025-11-13 11:12:43,934 - shimmer_device - ERROR - Error reading data: 'ShimmerBluetooth' object has no attribute 'read'
2025-11-13 11:12:43,935 - shimmer_device - ERROR - Error reading data: 'ShimmerBluetooth' object has no attribute 'read'
2025-11-13 11:12:43,936 - shimmer_device - ERROR - Error reading data: 'ShimmerBluetooth' object has no attribute 'read'
2025-11-13 11:12:43,937 - shimmer_device - ERROR - Error reading data: 'ShimmerBluetooth' object has no attribute 'read'
2025-11-13 11:12:43,938 - shimmer_device - ERROR - Error reading data: 'ShimmerBluetooth' object has no attribute 'read'
2025-11-13 11:12:43,940 - shimmer_device - ERROR - Error reading data: 'ShimmerBluetooth' object has no attribute 'read'
2025-11-13 11:12:43,941 - shimmer_device - ERROR - Error reading data: 'ShimmerBluetooth' object has no attribute 'read'
2025-11-13 11:12:43,942 - shimmer_device - ERROR - Error reading data: 'ShimmerBluetooth' object has no attribute 'read'
2025-11-13 11:12:43,944 - shimmer_device - ERROR - Error reading data: 'ShimmerBluetooth' object has no attribute 'read'
2025-11-13 11:12:43,945 - shimmer_device - ERROR - Error reading data: 'ShimmerBluetooth' object has no attribute 'read'
2025-11-13 11:12:43,946 - shimmer_device - ERROR - Error reading data: 'ShimmerBluetooth' object has no attribute 'read'
2025-11-13 11:12:43,947 - shimmer_device - ERROR - Error reading data: 'ShimmerBluetooth' object has no attribute 'read'
2025-11-13 11:12:43,948 - shimmer_device - ERROR - Error reading data: 'ShimmerBluetooth' object has no attribute 'read'
2025-11-13 11:12:43,950 - shimmer_device - ERROR - Error reading data: 'ShimmerBluetooth' object has no attribute 'read'
2025-11-13 11:12:43,951 - shimmer_device - ERROR - Error reading data: 'ShimmerBluetooth' object has no attribute 'read'
2025-11-13 11:12:43,952 - shimmer_device - ERROR - Error reading data: 'ShimmerBluetooth' object has no attribute 'read'
2025-11-13 11:12:43,954 - shimmer_device - ERROR - Error reading data: 'ShimmerBluetooth' object has no attribute 'read'
2025-11-13 11:12:43,955 - shimmer_device - ERROR - Error reading data: 'ShimmerBluetooth' object has no attribute 'read'
2025-11-13 11:12:43,956 - shimmer_device - ERROR - Error reading data: 'ShimmerBluetooth' object has no attribute 'read'
2025-11-13 11:12:43,957 - shimmer_device - ERROR - Error reading data: 'ShimmerBluetooth' object has no attribute 'read'
2025-11-13 11:12:43,959 - shimmer_device - ERROR - Error reading data: 'ShimmerBluetooth' object has no attribute 'read'
2025-11-13 11:12:43,960 - shimmer_device - ERROR - Error reading data: 'ShimmerBluetooth' object has no attribute 'read'
2025-11-13 11:12:43,961 - shimmer_device - ERROR - Error reading data: 'ShimmerBluetooth' object has no attribute 'read'
2025-11-13 11:12:43,962 - shimmer_device - ERROR - Error reading data: 'ShimmerBluetooth' object has no attribute 'read'
2025-11-13 11:12:43,964 - shimmer_device - ERROR - Error reading data: 'ShimmerBluetooth' object has no attribute 'read'
2025-11-13 11:12:43,965 - shimmer_device - ERROR - Error reading data: 'ShimmerBluetooth' object has no attribute 'read'
2025-11-13 11:12:43,966 - shimmer_device - ERROR - Error reading data: 'ShimmerBluetooth' object has no attribute 'read'
2025-11-13 11:12:43,967 - shimmer_device - ERROR - Error reading data: 'ShimmerBluetooth' object has no attribute 'read'
2025-11-13 11:12:43,968 - shimmer_device - ERROR - Error reading data: 'ShimmerBluetooth' object has no attribute 'read'
2025-11-13 11:12:43,969 - shimmer_device - ERROR - Error reading data: 'ShimmerBluetooth' object has no attribute 'read'
2025-11-13 11:12:43,970 - shimmer_device - ERROR - Error reading data: 'ShimmerBluetooth' object has no attribute 'read'
2025-11-13 11:12:43,972 - shimmer_device - ERROR - Error reading data: 'ShimmerBluetooth' object has no attribute 'read'
2025-11-13 11:12:43,973 - shimmer_device - ERROR - Error reading data: 'ShimmerBluetooth' object has no attribute 'read'
2025-11-13 11:12:43,975 - shimmer_device - ERROR - Error reading data: 'ShimmerBluetooth' object has no attribute 'read'
2025-11-13 11:12:43,976 - shimmer_device - ERROR - Error reading data: 'ShimmerBluetooth' object has no attribute 'read'
2025-11-13 11:12:43,977 - shimmer_device - ERROR - Error reading data: 'ShimmerBluetooth' object has no attribute 'read'
2025-11-13 11:12:43,979 - shimmer_device - ERROR - Error reading data: 'ShimmerBluetooth' object has no attribute 'read'
2025-11-13 11:12:43,980 - shimmer_device - ERROR - Error reading data: 'ShimmerBluetooth' object has no attribute 'read'
2025-11-13 11:12:43,981 - shimmer_device - ERROR - Error reading data: 'ShimmerBluetooth' object has no attribute 'read'
2025-11-13 11:12:43,982 - shimmer_device - ERROR - Error reading data: 'ShimmerBluetooth' object has no attribute 'read'
2025-11-13 11:12:43,983 - shimmer_device - ERROR - Error reading data: 'ShimmerBluetooth' object has no attribute 'read'
2025-11-13 11:12:43,985 - shimmer_device - ERROR - Error reading data: 'ShimmerBluetooth' object has no attribute 'read'
2025-11-13 11:12:43,987 - shimmer_device - ERROR - Error reading data: 'ShimmerBluetooth' object has no attribute 'read'
2025-11-13 11:12:43,989 - shimmer_device - ERROR - Error reading data: 'ShimmerBluetooth' object has no attribute 'read'
2025-11-13 11:12:43,991 - shimmer_device - ERROR - Error reading data: 'ShimmerBluetooth' object has no attribute 'read'
2025-11-13 11:12:43,993 - shimmer_device - ERROR - Error reading data: 'ShimmerBluetooth' object has no attribute 'read'
2025-11-13 11:12:43,994 - shimmer_device - ERROR - Error reading data: 'ShimmerBluetooth' object has no attribute 'read'
2025-11-13 11:12:43,996 - shimmer_device - ERROR - Error reading data: 'ShimmerBluetooth' object has no attribute 'read'
2025-11-13 11:12:43,997 - shimmer_device - ERROR - Error reading data: 'ShimmerBluetooth' object has no attribute 'read'
2025-11-13 11:12:43,998 - shimmer_device - ERROR - Error reading data: 'ShimmerBluetooth' object has no attribute 'read'
2025-11-13 11:12:43,999 - shimmer_device - ERROR - Error reading data: 'ShimmerBluetooth' object has no attribute 'read'
2025-11-13 11:12:44,001 - shimmer_device - ERROR - Error reading data: 'ShimmerBluetooth' object has no attribute 'read'
2025-11-13 11:12:44,003 - shimmer_device - ERROR - Error reading data: 'ShimmerBluetooth' object has no attribute 'read'
2025-11-13 11:12:44,005 - shimmer_device - ERROR - Error reading data: 'ShimmerBluetooth' object has no attribute 'read'
2025-11-13 11:12:44,005 - __main__ - INFO - 
Received interrupt signal. Shutting down...
2025-11-13 11:12:44,005 - __main__ - INFO - 
Stopping components...
2025-11-13 11:12:44,033 - shimmer_device - INFO - Stopped data streaming
2025-11-13 11:12:44,034 - shimmer_device - INFO - Shimmer device shutdown
2025-11-13 11:12:44,034 - shimmer_device - INFO - Disconnected from Shimmer device
2025-11-13 11:12:44,034 - __main__ - INFO - Device disconnected
2025-11-13 11:12:44,035 - data_saver - INFO - Stopped saving. Total samples saved: 0
2025-11-13 11:12:44,036 - __main__ - INFO - Data saving stopped
2025-11-13 11:12:44,036 - __main__ - INFO - Final LSL statistics: {'samples_pushed': 0, 'elapsed_time': 9.020640850067139, 'effective_rate': 0.0, 'nominal_rate': 128.0, 'rate_accuracy': 0.0}
2025-11-13 11:12:44,036 - lsl_manager - INFO - Destroying LSL outlet. Statistics: {'samples_pushed': 0, 'elapsed_time': 9.020640850067139, 'effective_rate': 0.0, 'nominal_rate': 128.0, 'rate_accuracy': 0.0}
2025-11-13 11:12:44,062 - __main__ - INFO - LSL outlet destroyed
2025-11-13 11:12:44,062 - __main__ - INFO - 
============================================================
2025-11-13 11:12:44,062 - __main__ - INFO - Session ended. Total samples processed: 0
2025-11-13 11:12:44,062 - __main__ - INFO - ============================================================
2025-11-13 11:12:44,062 - __main__ - INFO - 
Stopping components...
2025-11-13 11:12:44,062 - shimmer_device - ERROR - Error during disconnect: byref() argument must be a ctypes instance, not 'NoneType'
2025-11-13 11:12:44,062 - __main__ - INFO - Device disconnected
2025-11-13 11:12:44,063 - data_saver - INFO - Stopped saving. Total samples saved: 0
2025-11-13 11:12:44,064 - __main__ - INFO - Data saving stopped
2025-11-13 11:12:44,064 - __main__ - INFO - Final LSL statistics: {}
2025-11-13 11:12:44,064 - __main__ - INFO - LSL outlet destroyed
2025-11-13 11:12:44,064 - __main__ - INFO - 
============================================================
2025-11-13 11:12:44,064 - __main__ - INFO - Session ended. Total samples processed: 0
2025-11-13 11:12:44,064 - __main__ - INFO - ============================================================
2025-11-13 11:12:44,064 - shimmer_device - ERROR - Error during disconnect: byref() argument must be a ctypes instance, not 'NoneType'
