Shimmer_A5E0_Timestamp_Unix_CAL,Shimmer_A5E0_GSR_Skin_Conductance_CAL_uS,Shimmer_A5E0_GSR_Skin_Resistance_CAL_kOhm,Shimmer_A5E0_PPG_A13_CAL_mV,Shimmer_A5E0_Accel_LN_X_CAL_m/s^2,Shimmer_A5E0_Accel_LN_Y_CAL_m/s^2,Shimmer_A5E0_Accel_LN_Z_CAL_m/s^2,Shimmer_A5E0_Accel_WR_X_CAL_m/s^2,Shimmer_A5E0_Accel_WR_Y_CAL_m/s^2,Shimmer_A5E0_Accel_WR_Z_CAL_m/s^2,Shimmer_A5E0_Gyro_X_CAL_deg/s,Shimmer_A5E0_Gyro_Y_CAL_deg/s,Shimmer_A5E0_Gyro_Z_CAL_deg/s,Shimmer_A5E0_Mag_X_CAL_local,Shimmer_A5E0_Mag_Y_CAL_local,Shimmer_A5E0_Mag_Z_CAL_local,Shimmer_A5E0_Temperature_BMP280_CAL_Celcius,Shimmer_A5E0_Pressure_BMP280_CAL_Pa,Shimmer_A5E0_Ext_Exp_A7_CAL_mV,Shimmer_A5E0_VSenseBatt_CAL_mV,Shimmer_A5E0_PPGtoHR_CAL_BPM
3545631000,0.7494509516837482,1334.3101343101343,2211.0,2045.0,2053.0,1224.0,440.0,-232.0,-16032.0,873.0,-350.0,-29.0,-69.0,-178.0,472.0,32768.0,5513984.0,2247.0,2816.0,0.0
3545887000,0.7494509516837482,1334.3101343101343,2252.0,2041.0,2053.0,1219.0,356.0,-272.0,-16140.0,895.0,-367.0,-5.0,-69.0,-178.0,472.0,32768.0,5513984.0,2250.0,2817.0,0.0
3546143000,0.7494509516837482,1334.3101343101343,2209.0,2041.0,2051.0,1218.0,360.0,-244.0,-16180.0,855.0,-358.0,-10.0,-66.0,-176.0,465.0,32768.0,5513984.0,2238.0,2816.0,0.0
3546399000,0.7494509516837482,1334.3101343101343,2190.0,2042.0,2052.0,1222.0,372.0,-280.0,-16124.0,859.0,-358.0,-18.0,-64.0,-179.0,467.0,32768.0,5513984.0,2240.0,2816.0,0.0
3546655000,0.7494509516837482,1334.3101343101343,2212.0,2043.0,2052.0,1223.0,416.0,-288.0,-16020.0,866.0,-349.0,-21.0,-66.0,-184.0,466.0,32768.0,5514240.0,2240.0,2816.0,0.0
3546911000,0.7494509516837482,1334.3101343101343,2187.0,2044.0,2052.0,1223.0,416.0,-268.0,-16096.0,869.0,-365.0,-45.0,-66.0,-184.0,466.0,32768.0,5514240.0,2247.0,2817.0,0.0
3547167000,0.7494509516837482,1334.3101343101343,2282.0,2043.0,2052.0,1222.0,404.0,-284.0,-16108.0,872.0,-342.0,-32.0,-71.0,-178.0,474.0,32768.0,5515008.0,2497.0,2815.0,0.0
3547423000,0.7494509516837482,1334.3101343101343,2243.0,2042.0,2053.0,1220.0,392.0,-264.0,-16088.0,870.0,-350.0,-36.0,-69.0,-183.0,473.0,32768.0,5515008.0,2357.0,2816.0,0.0
3547679000,0.02998857578065499,33346.031746031746,2303.0,2041.0,2053.0,1218.0,384.0,-292.0,-16128.0,871.0,-359.0,-27.0,-68.0,-182.0,470.0,32768.0,5514240.0,2300.0,2817.0,0.0
3547935000,0.02998857578065499,33346.031746031746,2344.0,2041.0,2050.0,1223.0,376.0,-256.0,-16184.0,865.0,-355.0,-22.0,-63.0,-188.0,471.0,32768.0,5514240.0,2275.0,2817.0,0.0
3548191000,0.02998857578065499,33346.031746031746,2271.0,2043.0,2051.0,1226.0,448.0,-276.0,-16100.0,871.0,-341.0,-16.0,-63.0,-188.0,471.0,32768.0,5514752.0,2256.0,2816.0,0.0
3548447000,0.02998857578065499,33346.031746031746,2265.0,2043.0,2053.0,1224.0,432.0,-256.0,-16116.0,864.0,-356.0,-15.0,-66.0,-172.0,472.0,32768.0,5514752.0,2248.0,2816.0,0.0
3548703000,0.02998857578065499,33346.031746031746,2254.0,2043.0,2052.0,1223.0,412.0,-252.0,-16064.0,875.0,-339.0,-25.0,-63.0,-180.0,471.0,32768.0,5514496.0,2250.0,2817.0,0.0
3548959000,0.02998857578065499,33346.031746031746,2220.0,2042.0,2053.0,1220.0,404.0,-272.0,-16112.0,875.0,-355.0,-17.0,-58.0,-174.0,469.0,32768.0,5514496.0,2252.0,2817.0,0.0
3549215000,0.02998857578065499,33346.031746031746,2230.0,2042.0,2052.0,1221.0,412.0,-256.0,-16160.0,857.0,-339.0,-31.0,-64.0,-179.0,470.0,32768.0,5514752.0,2459.0,2795.0,0.0
3549471000,0.02998857578065499,33346.031746031746,2155.0,2044.0,2051.0,1223.0,392.0,-252.0,-16140.0,873.0,-355.0,-29.0,-64.0,-179.0,470.0,32768.0,5514752.0,2562.0,2799.0,0.0
3549727000,0.02998857578065499,33346.031746031746,2259.0,2044.0,2052.0,1225.0,416.0,-256.0,-16076.0,873.0,-346.0,-24.0,-68.0,-181.0,471.0,32768.0,5514496.0,2394.0,2817.0,0.0
3549983000,0.02998857578065499,33346.031746031746,2169.0,2043.0,2053.0,1227.0,412.0,-300.0,-16032.0,884.0,-356.0,-39.0,-75.0,-180.0,467.0,32768.0,5514496.0,2317.0,2817.0,0.0
3550239000,0.02998857578065499,33346.031746031746,2213.0,2042.0,2053.0,1221.0,412.0,-296.0,-16096.0,878.0,-346.0,-20.0,-70.0,-179.0,469.0,32768.0,5514752.0,2275.0,2816.0,0.0
3550495000,0.015299488896195116,65361.66056166056,2322.0,2044.0,2052.0,1220.0,416.0,-304.0,-16168.0,867.0,-350.0,-34.0,-71.0,-181.0,475.0,32768.0,5514752.0,2510.0,2815.0,0.0
3550751000,0.015299488896195116,65361.66056166056,2270.0,2042.0,2051.0,1221.0,416.0,-308.0,-16140.0,880.0,-358.0,-29.0,-71.0,-181.0,475.0,32768.0,5515008.0,2363.0,2816.0,0.0
3551007000,0.015299488896195116,65361.66056166056,2341.0,2042.0,2052.0,1225.0,396.0,-284.0,-16048.0,868.0,-362.0,-27.0,-70.0,-184.0,473.0,32768.0,5515008.0,2303.0,2817.0,0.0
3551263000,0.015299488896195116,65361.66056166056,2343.0,2043.0,2053.0,1223.0,404.0,-272.0,-16068.0,856.0,-344.0,-35.0,-77.0,-179.0,466.0,32768.0,5515008.0,2269.0,2816.0,0.0
3551519000,0.015299488896195116,65361.66056166056,2254.0,2043.0,2052.0,1221.0,420.0,-304.0,-16080.0,859.0,-343.0,-29.0,-62.0,-179.0,469.0,32768.0,5515008.0,2470.0,2800.0,0.0
3551775000,0.015299488896195116,65361.66056166056,2235.0,2044.0,2053.0,1221.0,416.0,-304.0,-16144.0,880.0,-356.0,-36.0,-62.0,-179.0,469.0,32768.0,5514496.0,2344.0,2816.0,0.0
3552031000,0.015299488896195116,65361.66056166056,2297.0,2042.0,2050.0,1220.0,372.0,-296.0,-16112.0,873.0,-350.0,-19.0,-71.0,-181.0,468.0,32768.0,5514496.0,2296.0,2818.0,0.0
3552287000,0.015299488896195116,65361.66056166056,2284.0,2041.0,2052.0,1225.0,372.0,-236.0,-16084.0,865.0,-347.0,-13.0,-64.0,-179.0,472.0,32768.0,5515008.0,2266.0,2816.0,0.0
3552543000,0.015299488896195116,65361.66056166056,2287.0,2042.0,2052.0,1223.0,452.0,-272.0,-16080.0,865.0,-332.0,-26.0,-63.0,-183.0,469.0,32768.0,5515008.0,2252.0,2816.0,0.0
3552799000,0.015299488896195116,65361.66056166056,2223.0,2044.0,2052.0,1223.0,460.0,-268.0,-16064.0,890.0,-334.0,-17.0,-83.0,-185.0,473.0,32768.0,5514752.0,2245.0,2816.0,0.0
3553055000,0.015299488896195116,65361.66056166056,2250.0,2044.0,2052.0,1224.0,476.0,-248.0,-16116.0,888.0,-327.0,-23.0,-83.0,-185.0,473.0,32768.0,5514752.0,2250.0,2817.0,0.0
3553311000,0.010266863228834468,97400.73260073259,2227.0,2042.0,2053.0,1221.0,448.0,-252.0,-16060.0,876.0,-359.0,-10.0,-66.0,-179.0,472.0,32768.0,5515264.0,2244.0,2816.0,0.0
3553567000,0.010266863228834468,97400.73260073259,2183.0,2043.0,2052.0,1219.0,388.0,-268.0,-16092.0,860.0,-354.0,-32.0,-62.0,-177.0,468.0,32768.0,5515264.0,2459.0,2800.0,0.0
3553823000,0.010266863228834468,97400.73260073259,2204.0,2043.0,2051.0,1223.0,428.0,-240.0,-16128.0,880.0,-333.0,-24.0,-63.0,-179.0,472.0,32768.0,5514752.0,2346.0,2817.0,0.0
3554079000,0.010266863228834468,97400.73260073259,2235.0,2042.0,2053.0,1222.0,396.0,-304.0,-16096.0,875.0,-345.0,-21.0,-66.0,-178.0,470.0,32768.0,5514752.0,2497.0,2796.0,0.0
3554335000,0.010266863228834468,97400.73260073259,2298.0,2043.0,2053.0,1223.0,408.0,-284.0,-16072.0,875.0,-359.0,-15.0,-66.0,-178.0,470.0,32768.0,5514752.0,2611.0,2815.0,0.0
3554591000,0.010266863228834468,97400.73260073259,2359.0,2043.0,2052.0,1221.0,392.0,-292.0,-16080.0,863.0,-352.0,-31.0,-67.0,-185.0,467.0,32768.0,5514752.0,2627.0,2800.0,0.0
3554847000,0.010266863228834468,97400.73260073259,2378.0,2042.0,2052.0,1221.0,464.0,-260.0,-16112.0,873.0,-339.0,-24.0,-73.0,-181.0,469.0,32768.0,5515008.0,2424.0,2817.0,0.0
3555103000,0.010266863228834468,97400.73260073259,2287.0,2042.0,2053.0,1223.0,400.0,-272.0,-16100.0,872.0,-350.0,-25.0,-74.0,-181.0,466.0,32768.0,5515008.0,2331.0,2817.0,0.0
3555359000,0.010266863228834468,97400.73260073259,2292.0,2044.0,2052.0,1221.0,444.0,-264.0,-16108.0,862.0,-356.0,-27.0,-71.0,-185.0,469.0,32768.0,5515520.0,2281.0,2816.0,0.0
3555615000,0.010266863228834468,97400.73260073259,2271.0,2041.0,2051.0,1221.0,388.0,-268.0,-16084.0,885.0,-341.0,-38.0,-71.0,-185.0,469.0,32768.0,5515520.0,2476.0,2800.0,0.0
3555871000,0.010266863228834468,97400.73260073259,2258.0,2044.0,2052.0,1220.0,440.0,-280.0,-16092.0,850.0,-342.0,-14.0,-67.0,-178.0,469.0,32768.0,5515264.0,2355.0,2818.0,0.0
3556127000,0.010266863228834468,97400.73260073259,2302.0,2045.0,2051.0,1224.0,452.0,-260.0,-16064.0,861.0,-339.0,-15.0,-79.0,-180.0,469.0,32768.0,5515264.0,2301.0,2818.0,0.0
3556383000,0.010266863228834468,97400.73260073259,2329.0,2043.0,2052.0,1222.0,428.0,-260.0,-16088.0,877.0,-344.0,-15.0,-66.0,-182.0,474.0,32768.0,5514496.0,2268.0,2816.0,0.0
3556639000,0.010266863228834468,97400.73260073259,2331.0,2043.0,2052.0,1222.0,456.0,-256.0,-16076.0,870.0,-368.0,-27.0,-66.0,-182.0,474.0,32768.0,5514496.0,2506.0,2815.0,0.0
3556895000,0.010266863228834468,97400.73260073259,2290.0,2042.0,2053.0,1222.0,436.0,-328.0,-16080.0,877.0,-355.0,-41.0,-67.0,-178.0,471.0,32768.0,5515264.0,2368.0,2817.0,0.0
3557151000,0.010266863228834468,97400.73260073259,2174.0,2043.0,2052.0,1225.0,420.0,-300.0,-16064.0,874.0,-382.0,-22.0,-63.0,-177.0,468.0,32768.0,5515264.0,2305.0,2817.0,0.0
3557407000,0.010266863228834468,97400.73260073259,2204.0,2042.0,2054.0,1225.0,424.0,-292.0,-16040.0,876.0,-350.0,-35.0,-66.0,-176.0,469.0,32768.0,5515264.0,2270.0,2816.0,0.0
3557663000,0.010266863228834468,97400.73260073259,2245.0,2042.0,2051.0,1221.0,436.0,-284.0,-16100.0,867.0,-352.0,-33.0,-57.0,-178.0,469.0,32768.0,5515264.0,2476.0,2799.0,0.0
3557919000,0.010266863228834468,97400.73260073259,2203.0,2042.0,2052.0,1222.0,432.0,-296.0,-16092.0,863.0,-349.0,-29.0,-57.0,-178.0,469.0,32768.0,5515264.0,2347.0,2816.0,0.0
3558175000,0.010266863228834468,97400.73260073259,2252.0,2041.0,2052.0,1224.0,428.0,-280.0,-16060.0,863.0,-349.0,-29.0,-67.0,-186.0,467.0,32768.0,5515264.0,2498.0,2796.0,0.0
3558431000,0.010266863228834468,97400.73260073259,2262.0,2043.0,2050.0,1224.0,448.0,-256.0,-16064.0,877.0,-347.0,-24.0,-64.0,-175.0,468.0,32768.0,5515520.0,2357.0,2816.0,0.0
3558687000,0.010266863228834468,97400.73260073259,2293.0,2045.0,2050.0,1224.0,460.0,-224.0,-16032.0,873.0,-349.0,-22.0,-60.0,-180.0,471.0,32768.0,5515520.0,2294.0,2816.0,0.0
3558943000,0.010266863228834468,97400.73260073259,2364.0,2046.0,2053.0,1238.0,456.0,-320.0,-15768.0,865.0,-362.0,-22.0,-70.0,-179.0,467.0,32768.0,5514496.0,2518.0,2815.0,0.0
3559199000,0.010266863228834468,97400.73260073259,2280.0,2041.0,2051.0,1197.0,380.0,-244.0,-16668.0,873.0,-375.0,-45.0,-70.0,-179.0,467.0,32768.0,5514496.0,2576.0,2796.0,0.0
3559455000,0.010266863228834468,97400.73260073259,2302.0,2039.0,2048.0,1228.0,368.0,-212.0,-15900.0,859.0,-328.0,-30.0,-71.0,-183.0,475.0,32768.0,5515008.0,2400.0,2817.0,0.0
3559711000,0.010266863228834468,97400.73260073259,2416.0,2041.0,2052.0,1228.0,360.0,-232.0,-16000.0,871.0,-364.0,-33.0,-71.0,-176.0,471.0,32768.0,5515008.0,2537.0,2801.0,0.0
3559967000,0.010266863228834468,97400.73260073259,2335.0,2048.0,2052.0,1230.0,528.0,-276.0,-15972.0,879.0,-370.0,-25.0,-66.0,-174.0,469.0,32768.0,5515264.0,2375.0,2816.0,0.0
3560223000,0.010266863228834468,97400.73260073259,2384.0,2050.0,2056.0,1264.0,544.0,-380.0,-15320.0,883.0,-364.0,-20.0,-66.0,-174.0,469.0,32768.0,5515264.0,2302.0,2816.0,0.0
3560479000,0.010266863228834468,97400.73260073259,2413.0,2034.0,2053.0,1142.0,228.0,-260.0,-17812.0,854.0,-397.0,-40.0,-64.0,-176.0,473.0,32768.0,5515520.0,2522.0,2815.0,0.0
3560735000,0.010266863228834468,97400.73260073259,2377.0,2035.0,2050.0,1251.0,328.0,-232.0,-15104.0,883.0,-302.0,-39.0,-70.0,-177.0,469.0,32768.0,5515520.0,2623.0,2815.0,0.0
3560991000,0.010266863228834468,97400.73260073259,2449.0,2040.0,2052.0,1237.0,332.0,-224.0,-15568.0,858.0,-329.0,-30.0,-66.0,-179.0,471.0,32768.0,5515264.0,2422.0,2817.0,0.0
3561247000,0.010266863228834468,97400.73260073259,2267.0,2051.0,2054.0,1206.0,632.0,-296.0,-16504.0,865.0,-380.0,-31.0,-60.0,-184.0,467.0,32768.0,5515264.0,2330.0,2817.0,0.0
3561503000,0.010266863228834468,97400.73260073259,2364.0,2052.0,2054.0,1248.0,720.0,-332.0,-15884.0,910.0,-322.0,-23.0,-60.0,-184.0,467.0,32768.0,5515520.0,2535.0,2815.0,0.0
3561759000,0.010266863228834468,97400.73260073259,2351.0,2034.0,2049.0,1212.0,312.0,-196.0,-16304.0,851.0,-358.0,-36.0,-60.0,-174.0,467.0,32768.0,5515520.0,2375.0,2816.0,0.0
3562015000,0.010266863228834468,97400.73260073259,2157.0,2031.0,2048.0,1212.0,188.0,-188.0,-16500.0,899.0,-333.0,-31.0,-65.0,-179.0,469.0,32768.0,5515776.0,2308.0,2817.0,0.0
3562271000,0.010266863228834468,97400.73260073259,2275.0,2044.0,2051.0,1229.0,460.0,-296.0,-15948.0,866.0,-321.0,-9.0,-61.0,-180.0,474.0,32768.0,5515776.0,2279.0,2818.0,0.0
3562527000,0.010266863228834468,97400.73260073259,2316.0,2050.0,2056.0,1223.0,628.0,-352.0,-16192.0,868.0,-351.0,-16.0,-62.0,-178.0,463.0,32768.0,5515776.0,2511.0,2815.0,0.0
3562783000,0.010266863228834468,97400.73260073259,2255.0,2046.0,2052.0,1231.0,536.0,-296.0,-15960.0,860.0,-357.0,-17.0,-62.0,-178.0,463.0,32768.0,5515776.0,2581.0,2800.0,0.0
3563039000,0.010266863228834468,97400.73260073259,2342.0,2039.0,2050.0,1231.0,400.0,-232.0,-15924.0,858.0,-332.0,-30.0,-67.0,-176.0,473.0,32768.0,5515776.0,2402.0,2817.0,0.0
3563295000,0.010266863228834468,97400.73260073259,2187.0,2038.0,2052.0,1212.0,348.0,-268.0,-16224.0,884.0,-325.0,-28.0,-67.0,-178.0,471.0,32768.0,5515776.0,2323.0,2818.0,0.0
3563551000,0.010266863228834468,97400.73260073259,2293.0,2042.0,2056.0,1202.0,424.0,-344.0,-16472.0,864.0,-356.0,-27.0,-66.0,-179.0,474.0,32768.0,5516032.0,2285.0,2817.0,0.0
3563807000,0.010266863228834468,97400.73260073259,2264.0,2044.0,2056.0,1232.0,476.0,-324.0,-16120.0,880.0,-325.0,-24.0,-74.0,-178.0,468.0,32768.0,5516032.0,2477.0,2800.0,0.0
3564063000,0.010266863228834468,97400.73260073259,2204.0,2044.0,2052.0,1238.0,480.0,-304.0,-15744.0,865.0,-345.0,-31.0,-74.0,-178.0,468.0,32768.0,5515264.0,2348.0,2816.0,0.0
3564319000,0.010266863228834468,97400.73260073259,2326.0,2047.0,2051.0,1218.0,472.0,-256.0,-16248.0,873.0,-375.0,-37.0,-67.0,-175.0,469.0,32768.0,5515264.0,2297.0,2818.0,0.0
3564575000,0.010266863228834468,97400.73260073259,2288.0,2040.0,2050.0,1212.0,432.0,-232.0,-16264.0,865.0,-343.0,-49.0,-66.0,-181.0,477.0,32768.0,5515776.0,2267.0,2816.0,0.0
3564831000,0.010266863228834468,97400.73260073259,2278.0,2035.0,2052.0,1217.0,276.0,-272.0,-16188.0,880.0,-358.0,-39.0,-76.0,-181.0,473.0,32768.0,5515776.0,2252.0,2816.0,0.0
3565087000,0.010266863228834468,97400.73260073259,2254.0,2041.0,2054.0,1230.0,396.0,-300.0,-15980.0,857.0,-348.0,-31.0,-76.0,-181.0,473.0,32768.0,5515264.0,2246.0,2816.0,0.0
3565343000,0.010266657306751175,97402.68620268619,2219.0,2048.0,2051.0,1226.0,600.0,-268.0,-16068.0,876.0,-352.0,-41.0,-75.0,-183.0,467.0,32768.0,5515264.0,2249.0,2817.0,0.0
3565599000,0.010266863228834468,97400.73260073259,2264.0,2047.0,2052.0,1221.0,588.0,-252.0,-16124.0,854.0,-359.0,-6.0,-69.0,-186.0,477.0,32768.0,5515776.0,2251.0,2817.0,0.0
3565855000,0.010266863228834468,97400.73260073259,2227.0,2039.0,2052.0,1228.0,356.0,-228.0,-16000.0,866.0,-345.0,-29.0,-72.0,-179.0,476.0,32768.0,5515776.0,2252.0,2817.0,0.0
3566111000,0.010266863228834468,97400.73260073259,2229.0,2036.0,2052.0,1217.0,280.0,-232.0,-16100.0,874.0,-366.0,-28.0,-68.0,-172.0,470.0,32768.0,5515776.0,2246.0,2816.0,0.0
3566367000,0.010266863228834468,97400.73260073259,2241.0,2043.0,2052.0,1218.0,412.0,-308.0,-16248.0,878.0,-344.0,-61.0,-68.0,-172.0,470.0,32768.0,5515776.0,2250.0,2817.0,0.0
3566623000,0.010266863228834468,97400.73260073259,2196.0,2047.0,2052.0,1224.0,548.0,-284.0,-15972.0,871.0,-359.0,-25.0,-67.0,-179.0,471.0,32768.0,5515264.0,2244.0,2816.0,0.0
3566879000,0.010266863228834468,97400.73260073259,2231.0,2044.0,2053.0,1230.0,504.0,-284.0,-15928.0,881.0,-349.0,-23.0,-62.0,-179.0,475.0,32768.0,5515264.0,2242.0,2816.0,0.0
3567135000,0.010266863228834468,97400.73260073259,2209.0,2040.0,2052.0,1221.0,372.0,-264.0,-16084.0,850.0,-347.0,-18.0,-64.0,-178.0,469.0,32768.0,5515776.0,2248.0,2817.0,0.0
3567391000,0.010266863228834468,97400.73260073259,2219.0,2038.0,2055.0,1216.0,352.0,-300.0,-16220.0,875.0,-346.0,-28.0,-61.0,-179.0,471.0,32768.0,5515776.0,2251.0,2817.0,0.0
3567647000,0.010266863228834468,97400.73260073259,2237.0,2042.0,2054.0,1219.0,456.0,-272.0,-16164.0,870.0,-359.0,-34.0,-61.0,-179.0,471.0,32768.0,5515520.0,2245.0,2816.0,0.0
3567903000,0.010266863228834468,97400.73260073259,2190.0,2044.0,2054.0,1229.0,484.0,-332.0,-16024.0,872.0,-344.0,-38.0,-66.0,-180.0,465.0,32768.0,5515520.0,2466.0,2802.0,0.0
3568159000,0.010266863228834468,97400.73260073259,2214.0,2044.0,2051.0,1227.0,440.0,-256.0,-15980.0,882.0,-343.0,-36.0,-71.0,-185.0,468.0,32768.0,5515008.0,2349.0,2817.0,0.0
3568415000,0.010266863228834468,97400.73260073259,2292.0,2042.0,2052.0,1219.0,364.0,-272.0,-16132.0,866.0,-344.0,-12.0,-67.0,-177.0,468.0,32768.0,5515008.0,2298.0,2818.0,0.0
3568671000,0.010266863228834468,97400.73260073259,2333.0,2039.0,2053.0,1220.0,404.0,-268.0,-16136.0,867.0,-350.0,-28.0,-67.0,-177.0,468.0,32768.0,5515264.0,2520.0,2815.0,0.0
3568927000,0.010266863228834468,97400.73260073259,2338.0,2042.0,2050.0,1223.0,456.0,-228.0,-16100.0,872.0,-343.0,-29.0,-69.0,-173.0,471.0,32768.0,5515264.0,2374.0,2817.0,0.0
3569183000,0.010266863228834468,97400.73260073259,2151.0,2046.0,2052.0,1222.0,468.0,-268.0,-16072.0,861.0,-337.0,-30.0,-68.0,-178.0,470.0,32768.0,5515264.0,2308.0,2817.0,0.0
3569439000,0.010266863228834468,97400.73260073259,2263.0,2044.0,2050.0,1220.0,436.0,-264.0,-16048.0,855.0,-356.0,-11.0,-69.0,-176.0,466.0,32768.0,5515264.0,2279.0,2818.0,0.0
3569695000,0.010266863228834468,97400.73260073259,2261.0,2043.0,2051.0,1223.0,404.0,-264.0,-16168.0,866.0,-343.0,-18.0,-73.0,-182.0,469.0,32768.0,5515776.0,2258.0,2816.0,0.0
3569951000,0.010266863228834468,97400.73260073259,2219.0,2040.0,2051.0,1226.0,356.0,-260.0,-16068.0,873.0,-358.0,-16.0,-73.0,-182.0,469.0,32768.0,5515776.0,2248.0,2816.0,0.0
3570207000,0.010266863228834468,97400.73260073259,2263.0,2042.0,2052.0,1219.0,356.0,-508.0,-16168.0,862.0,-356.0,-20.0,-86.0,-180.0,464.0,32768.0,5515776.0,2251.0,2817.0,0.0
3570463000,0.010266863228834468,97400.73260073259,2229.0,2044.0,2053.0,1219.0,420.0,-268.0,-16132.0,877.0,-327.0,-25.0,-71.0,-178.0,471.0,32768.0,5515776.0,2253.0,2818.0,0.0
3570719000,0.010266863228834468,97400.73260073259,2235.0,2044.0,2053.0,1226.0,432.0,-316.0,-15952.0,902.0,-362.0,-39.0,-71.0,-178.0,473.0,32768.0,5515776.0,2246.0,2816.0,0.0
3570975000,0.010266863228834468,97400.73260073259,2225.0,2042.0,2052.0,1226.0,456.0,-280.0,-16060.0,881.0,-349.0,-16.0,-77.0,-179.0,465.0,32768.0,5515776.0,2466.0,2801.0,0.0
3571231000,0.010266657306751175,97402.68620268619,2161.0,2040.0,2051.0,1220.0,380.0,-256.0,-16136.0,871.0,-356.0,-27.0,-77.0,-179.0,465.0,32768.0,5515776.0,2342.0,2816.0,0.0
3571487000,0.010266863228834468,97400.73260073259,2303.0,2041.0,2054.0,1219.0,360.0,-264.0,-16140.0,873.0,-351.0,-11.0,-67.0,-179.0,468.0,32768.0,5515776.0,2511.0,2804.0,0.0
3571743000,0.010266863228834468,97400.73260073259,2265.0,2043.0,2053.0,1220.0,428.0,-292.0,-16112.0,872.0,-339.0,-24.0,-65.0,-175.0,469.0,32768.0,5515264.0,2370.0,2817.0,0.0
3571999000,0.010266863228834468,97400.73260073259,2355.0,2044.0,2052.0,1224.0,452.0,-304.0,-16080.0,869.0,-355.0,-25.0,-59.0,-177.0,473.0,32768.0,5515264.0,2530.0,2803.0,0.0
3572255000,0.010266863228834468,97400.73260073259,2328.0,2045.0,2050.0,1223.0,452.0,-256.0,-16108.0,878.0,-350.0,-28.0,-63.0,-177.0,469.0,32768.0,5515776.0,2372.0,2816.0,0.0
3572511000,0.010266863228834468,97400.73260073259,2146.0,2041.0,2051.0,1220.0,356.0,-280.0,-16144.0,865.0,-349.0,-31.0,-63.0,-177.0,469.0,32768.0,5515776.0,2308.0,2818.0,0.0
3572767000,0.010266863228834468,97400.73260073259,2265.0,2040.0,2052.0,1221.0,320.0,-288.0,-16120.0,871.0,-345.0,-36.0,-67.0,-178.0,468.0,32768.0,5516288.0,2278.0,2817.0,0.0
3573023000,0.010266863228834468,97400.73260073259,2251.0,2043.0,2054.0,1219.0,424.0,-260.0,-16120.0,865.0,-342.0,-24.0,-68.0,-174.0,471.0,32768.0,5516288.0,2481.0,2802.0,0.0
3573279000,0.010266863228834468,97400.73260073259,2211.0,2047.0,2052.0,1223.0,480.0,-292.0,-16100.0,869.0,-354.0,-29.0,-69.0,-178.0,478.0,32768.0,5515776.0,2350.0,2816.0,0.0
3573535000,0.010266863228834468,97400.73260073259,2322.0,2046.0,2051.0,1227.0,472.0,-268.0,-15996.0,868.0,-360.0,-31.0,-69.0,-178.0,478.0,32768.0,5515776.0,2297.0,2817.0,0.0
3573791000,0.010266863228834468,97400.73260073259,2279.0,2041.0,2052.0,1225.0,432.0,-264.0,-15988.0,862.0,-340.0,-12.0,-69.0,-182.0,466.0,32768.0,5515264.0,2266.0,2816.0,0.0
3574047000,0.010266863228834468,97400.73260073259,2286.0,2040.0,2052.0,1220.0,368.0,-288.0,-16076.0,865.0,-353.0,-24.0,-73.0,-177.0,473.0,32768.0,5515264.0,2476.0,2802.0,0.0
3574303000,0.010266863228834468,97400.73260073259,2244.0,2043.0,2053.0,1221.0,428.0,-304.0,-16168.0,894.0,-350.0,-27.0,-72.0,-183.0,477.0,32768.0,5515520.0,2355.0,2818.0,0.0
3574559000,0.010266863228834468,97400.73260073259,2308.0,2042.0,2053.0,1221.0,376.0,-288.0,-16148.0,836.0,-351.0,-30.0,-71.0,-174.0,472.0,32768.0,5515520.0,2299.0,2817.0,0.0
3574815000,0.010266863228834468,97400.73260073259,2333.0,2043.0,2052.0,1229.0,452.0,-300.0,-15956.0,883.0,-352.0,-10.0,-71.0,-174.0,472.0,32768.0,5515776.0,2267.0,2816.0,0.0
3575071000,0.010266863228834468,97400.73260073259,2282.0,2043.0,2052.0,1223.0,440.0,-268.0,-15988.0,883.0,-352.0,-10.0,-64.0,-180.0,472.0,32768.0,5515776.0,2483.0,2803.0,0.0
3575327000,0.010266863228834468,97400.73260073259,2268.0,2042.0,2052.0,1220.0,412.0,-264.0,-16064.0,867.0,-353.0,-10.0,-66.0,-180.0,467.0,32768.0,5515776.0,2357.0,2817.0,0.0
3575583000,0.010266863228834468,97400.73260073259,2341.0,2042.0,2052.0,1217.0,400.0,-228.0,-16100.0,867.0,-357.0,-19.0,-84.0,-174.0,474.0,32768.0,5515776.0,2302.0,2818.0,0.0
3575839000,0.010266863228834468,97400.73260073259,2293.0,2043.0,2051.0,1219.0,420.0,-292.0,-16152.0,883.0,-340.0,-33.0,-60.0,-180.0,467.0,32768.0,5515520.0,2268.0,2816.0,0.0
3576095000,0.010266863228834468,97400.73260073259,2318.0,2044.0,2050.0,1224.0,424.0,-276.0,-16056.0,862.0,-348.0,-23.0,-60.0,-180.0,467.0,32768.0,5515520.0,2483.0,2803.0,0.0
3576351000,0.010266863228834468,97400.73260073259,2249.0,2042.0,2051.0,1223.0,428.0,-216.0,-16044.0,853.0,-361.0,-17.0,-59.0,-177.0,471.0,32768.0,5516032.0,2358.0,2818.0,0.0
3576607000,0.010266863228834468,97400.73260073259,2337.0,2043.0,2051.0,1224.0,412.0,-260.0,-16084.0,878.0,-327.0,-25.0,-65.0,-180.0,471.0,32768.0,5516032.0,2302.0,2818.0,0.0
3576863000,0.010266863228834468,97400.73260073259,2326.0,2043.0,2051.0,1222.0,404.0,-304.0,-16072.0,872.0,-352.0,-31.0,-63.0,-178.0,475.0,32768.0,5515008.0,2268.0,2816.0,0.0
3577119000,0.010266863228834468,97400.73260073259,2259.0,2042.0,2052.0,1222.0,376.0,-296.0,-16100.0,871.0,-332.0,-58.0,-65.0,-176.0,468.0,32768.0,5515008.0,2253.0,2816.0,0.0
3577375000,0.010266863228834468,97400.73260073259,2288.0,2042.0,2055.0,1220.0,372.0,-308.0,-16108.0,873.0,-356.0,-20.0,-65.0,-176.0,468.0,32768.0,5515776.0,2253.0,2817.0,0.0
3577631000,0.010266863228834468,97400.73260073259,2251.0,2042.0,2054.0,1222.0,420.0,-296.0,-16072.0,868.0,-343.0,-16.0,-67.0,-178.0,473.0,32768.0,5515776.0,2253.0,2817.0,0.0
3577887000,0.010266863228834468,97400.73260073259,2292.0,2043.0,2053.0,1224.0,432.0,-320.0,-16132.0,885.0,-357.0,-22.0,-75.0,-181.0,469.0,32768.0,5515264.0,2499.0,2815.0,0.0
3578143000,0.010266863228834468,97400.73260073259,2273.0,2042.0,2052.0,1228.0,424.0,-304.0,-15988.0,879.0,-344.0,-22.0,-68.0,-183.0,469.0,32768.0,5515264.0,2582.0,2802.0,0.0
3578399000,0.010266863228834468,97400.73260073259,2282.0,2043.0,2052.0,1224.0,412.0,-288.0,-16084.0,863.0,-349.0,-28.0,-68.0,-183.0,469.0,32768.0,5515264.0,2396.0,2816.0,0.0
3578655000,0.010266863228834468,97400.73260073259,2391.0,2043.0,2051.0,1220.0,420.0,-284.0,-16156.0,866.0,-339.0,-19.0,-67.0,-182.0,467.0,32768.0,5515264.0,2527.0,2797.0,0.0
3578911000,0.010266863228834468,97400.73260073259,2337.0,2040.0,2052.0,1218.0,368.0,-264.0,-16164.0,875.0,-359.0,-26.0,-89.0,-174.0,472.0,32768.0,5515264.0,2377.0,2816.0,0.0
3579167000,0.010266863228834468,97400.73260073259,2174.0,2042.0,2051.0,1222.0,368.0,-232.0,-16084.0,869.0,-335.0,-26.0,-69.0,-183.0,469.0,32768.0,5515264.0,2309.0,2817.0,0.0
3579423000,0.010266863228834468,97400.73260073259,2261.0,2046.0,2049.0,1226.0,488.0,-196.0,-15960.0,859.0,-353.0,-18.0,-63.0,-177.0,471.0,32768.0,5516032.0,2272.0,2816.0,0.0
3579679000,0.010266863228834468,97400.73260073259,2236.0,2045.0,2051.0,1226.0,488.0,-204.0,-15996.0,876.0,-349.0,-18.0,-63.0,-177.0,471.0,32768.0,5516032.0,2261.0,2817.0,0.0
3579935000,0.010266863228834468,97400.73260073259,2261.0,2042.0,2051.0,1237.0,380.0,-260.0,-15920.0,877.0,-353.0,-29.0,-86.0,-178.0,470.0,32768.0,5515264.0,2250.0,2816.0,0.0
3580191000,0.010266863228834468,97400.73260073259,2249.0,2038.0,2048.0,1252.0,424.0,-276.0,-16056.0,876.0,-381.0,-56.0,-55.0,-178.0,474.0,32768.0,5515264.0,2475.0,2803.0,0.0
3580447000,0.010266863228834468,97400.73260073259,2191.0,2042.0,2052.0,1151.0,340.0,-236.0,-17504.0,858.0,-374.0,-39.0,-63.0,-183.0,462.0,32768.0,5515776.0,2346.0,2816.0,0.0
3580703000,0.010266863228834468,97400.73260073259,2306.0,2050.0,2053.0,1205.0,556.0,-316.0,-16076.0,875.0,-313.0,-26.0,-61.0,-177.0,470.0,32768.0,5515776.0,2289.0,2816.0,0.0
3580959000,0.010266863228834468,97400.73260073259,2265.0,2043.0,2054.0,1244.0,456.0,-324.0,-15504.0,879.0,-338.0,-27.0,-61.0,-177.0,470.0,32768.0,5515520.0,2262.0,2816.0,0.0
3581215000,0.010266863228834468,97400.73260073259,2270.0,2039.0,2053.0,1238.0,308.0,-332.0,-15804.0,864.0,-359.0,-18.0,-65.0,-174.0,468.0,32768.0,5515520.0,2475.0,2804.0,0.0
3581471000,0.010266863228834468,97400.73260073259,2244.0,2044.0,2056.0,1239.0,432.0,-360.0,-15616.0,866.0,-338.0,-22.0,-65.0,-179.0,465.0,32768.0,5515520.0,2353.0,2817.0,0.0
3581727000,0.010266657306751175,97402.68620268619,2277.0,2044.0,2058.0,1210.0,472.0,-376.0,-16388.0,858.0,-343.0,-30.0,-68.0,-184.0,467.0,32768.0,5515520.0,2507.0,2797.0,0.0
3581983000,0.010266863228834468,97400.73260073259,2289.0,2039.0,2055.0,1214.0,356.0,-360.0,-16392.0,876.0,-370.0,-33.0,-68.0,-184.0,467.0,32768.0,5515776.0,2361.0,2816.0,0.0
3582239000,0.010266863228834468,97400.73260073259,2324.0,2041.0,2052.0,1227.0,352.0,-236.0,-15960.0,871.0,-355.0,-38.0,-76.0,-180.0,467.0,32768.0,5515776.0,2520.0,2804.0,0.0
3582495000,0.010266863228834468,97400.73260073259,2316.0,2047.0,2050.0,1217.0,484.0,-244.0,-16248.0,870.0,-363.0,-22.0,-71.0,-177.0,469.0,32768.0,5515520.0,2375.0,2817.0,0.0
3582751000,0.010266863228834468,97400.73260073259,2188.0,2045.0,2048.0,1224.0,460.0,-224.0,-16116.0,889.0,-353.0,-31.0,-66.0,-175.0,471.0,32768.0,5515520.0,2310.0,2818.0,0.0
3583007000,0.010266863228834468,97400.73260073259,2211.0,2040.0,2049.0,1246.0,352.0,-176.0,-15524.0,860.0,-343.0,-36.0,-88.0,-173.0,469.0,32768.0,5515008.0,2272.0,2816.0,0.0
3583263000,0.010266863228834468,97400.73260073259,2270.0,2042.0,2048.0,1230.0,372.0,-236.0,-15680.0,873.0,-362.0,-43.0,-88.0,-173.0,469.0,32768.0,5515008.0,2484.0,2803.0,0.0
3583519000,0.010266863228834468,97400.73260073259,2238.0,2048.0,2051.0,1189.0,524.0,-244.0,-16736.0,861.0,-370.0,-31.0,-83.0,-173.0,469.0,32768.0,5515776.0,2359.0,2818.0,0.0
3583775000,0.010266863228834468,97400.73260073259,2319.0,2044.0,2051.0,1210.0,472.0,-228.0,-16552.0,864.0,-350.0,-23.0,-64.0,-173.0,471.0,32768.0,5515776.0,2303.0,2818.0,0.0
3584031000,0.010266863228834468,97400.73260073259,2334.0,2036.0,2051.0,1231.0,316.0,-248.0,-15828.0,903.0,-352.0,-31.0,-60.0,-175.0,474.0,32768.0,5515008.0,2269.0,2816.0,0.0
3584287000,0.010266863228834468,97400.73260073259,2261.0,2040.0,2053.0,1236.0,396.0,-300.0,-15852.0,876.0,-344.0,-20.0,-76.0,-176.0,468.0,32768.0,5515008.0,2253.0,2816.0,0.0
3584543000,0.010266657306751175,97402.68620268619,2269.0,2047.0,2056.0,1217.0,532.0,-304.0,-16124.0,883.0,-342.0,-29.0,-76.0,-176.0,468.0,32768.0,5515776.0,2246.0,2816.0,0.0
3584799000,0.010266863228834468,97400.73260073259,2249.0,2046.0,2055.0,1210.0,472.0,-348.0,-16352.0,863.0,-352.0,-37.0,-63.0,-177.0,470.0,32768.0,5515776.0,2251.0,2818.0,0.0
3585055000,0.010266863228834468,97400.73260073259,2219.0,2037.0,2054.0,1225.0,360.0,-300.0,-16048.0,883.0,-339.0,-19.0,-60.0,-185.0,469.0,32768.0,5515008.0,2245.0,2816.0,0.0
3585311000,0.010266863228834468,97400.73260073259,2243.0,2038.0,2054.0,1226.0,316.0,-348.0,-16080.0,877.0,-343.0,-25.0,-63.0,-179.0,471.0,32768.0,5515008.0,2467.0,2804.0,0.0
3585567000,0.010266863228834468,97400.73260073259,2173.0,2046.0,2054.0,1217.0,440.0,-344.0,-16208.0,877.0,-349.0,-25.0,-64.0,-180.0,469.0,32768.0,5515776.0,2343.0,2816.0,0.0
3585823000,0.010266863228834468,97400.73260073259,2294.0,2046.0,2051.0,1226.0,484.0,-228.0,-16064.0,860.0,-344.0,-40.0,-64.0,-180.0,469.0,32768.0,5515776.0,2294.0,2817.0,0.0
3586079000,0.010266863228834468,97400.73260073259,2294.0,2042.0,2051.0,1231.0,452.0,-260.0,-15896.0,870.0,-334.0,-24.0,-63.0,-182.0,461.0,32768.0,5515776.0,2265.0,2816.0,0.0
3586335000,0.010266863228834468,97400.73260073259,2227.0,2041.0,2049.0,1219.0,368.0,-244.0,-16080.0,871.0,-355.0,-38.0,-65.0,-179.0,470.0,32768.0,5515776.0,2468.0,2800.0,0.0
3586591000,0.010266863228834468,97400.73260073259,2228.0,2044.0,2050.0,1212.0,456.0,-256.0,-16272.0,886.0,-349.0,-13.0,-70.0,-178.0,468.0,32768.0,5516032.0,2343.0,2816.0,0.0
3586847000,0.010266863228834468,97400.73260073259,2267.0,2044.0,2052.0,1221.0,476.0,-212.0,-16140.0,870.0,-353.0,-26.0,-70.0,-178.0,468.0,32768.0,5516032.0,2287.0,2816.0,0.0
3587103000,0.010266863228834468,97400.73260073259,2284.0,2042.0,2050.0,1234.0,416.0,-216.0,-15928.0,863.0,-333.0,-24.0,-76.0,-176.0,465.0,32768.0,5515776.0,2262.0,2816.0,0.0
3587359000,0.010266863228834468,97400.73260073259,2285.0,2042.0,2051.0,1224.0,424.0,-228.0,-15908.0,889.0,-342.0,-27.0,-73.0,-177.0,463.0,32768.0,5515776.0,2481.0,2805.0,0.0
3587615000,0.010266863228834468,97400.73260073259,2217.0,2042.0,2052.0,1215.0,408.0,-264.0,-16196.0,878.0,-348.0,-26.0,-67.0,-186.0,466.0,32768.0,5516288.0,2356.0,2817.0,0.0
3587871000,0.010266863228834468,97400.73260073259,2339.0,2042.0,2052.0,1222.0,460.0,-304.0,-16236.0,882.0,-354.0,-12.0,-71.0,-178.0,472.0,32768.0,5516288.0,2300.0,2817.0,0.0
3588127000,0.010266863228834468,97400.73260073259,2301.0,2040.0,2054.0,1225.0,416.0,-288.0,-16024.0,872.0,-333.0,-25.0,-71.0,-178.0,472.0,32768.0,5515264.0,2267.0,2816.0,0.0
3588383000,0.010266863228834468,97400.73260073259,2289.0,2040.0,2053.0,1224.0,452.0,-324.0,-16180.0,870.0,-347.0,-35.0,-68.0,-179.0,471.0,32768.0,5515264.0,2484.0,2805.0,0.0
3588639000,0.010266863228834468,97400.73260073259,2272.0,2043.0,2054.0,1222.0,428.0,-332.0,-16108.0,865.0,-344.0,-24.0,-70.0,-174.0,469.0,32768.0,5515264.0,2357.0,2817.0,0.0
3588895000,0.010266863228834468,97400.73260073259,2303.0,2041.0,2053.0,1223.0,428.0,-328.0,-16008.0,872.0,-346.0,-27.0,-68.0,-178.0,465.0,32768.0,5515264.0,2300.0,2817.0,0.0
3589151000,0.010266863228834468,97400.73260073259,2329.0,2041.0,2054.0,1226.0,424.0,-308.0,-16008.0,862.0,-359.0,-23.0,-68.0,-180.0,473.0,32768.0,5515264.0,2268.0,2816.0,0.0
3589407000,0.010266863228834468,97400.73260073259,2278.0,2042.0,2053.0,1220.0,444.0,-280.0,-16132.0,867.0,-342.0,-36.0,-68.0,-180.0,473.0,32768.0,5515264.0,2253.0,2816.0,0.0
3589663000,0.010266863228834468,97400.73260073259,2241.0,2043.0,2051.0,1218.0,480.0,-232.0,-16088.0,862.0,-353.0,-28.0,-67.0,-175.0,466.0,32768.0,5515520.0,2246.0,2816.0,0.0
3589919000,0.010266863228834468,97400.73260073259,2263.0,2043.0,2050.0,1223.0,420.0,-280.0,-16092.0,883.0,-343.0,-24.0,-62.0,-182.0,472.0,32768.0,5515520.0,2250.0,2817.0,0.0
3590175000,0.010266863228834468,97400.73260073259,2208.0,2043.0,2051.0,1227.0,440.0,-244.0,-16012.0,856.0,-366.0,-21.0,-65.0,-176.0,465.0,32768.0,5515776.0,2245.0,2816.0,0.0
3590431000,0.010266863228834468,97400.73260073259,2244.0,2042.0,2053.0,1221.0,404.0,-300.0,-16132.0,877.0,-349.0,-14.0,-63.0,-176.0,469.0,32768.0,5515776.0,2473.0,2805.0,0.0
3590687000,0.010266863228834468,97400.73260073259,2201.0,2043.0,2050.0,1220.0,460.0,-276.0,-16152.0,851.0,-339.0,-26.0,-63.0,-176.0,469.0,32768.0,5515776.0,2345.0,2816.0,0.0
3590943000,0.010266863228834468,97400.73260073259,2272.0,2042.0,2052.0,1221.0,472.0,-288.0,-16080.0,877.0,-352.0,-26.0,-67.0,-180.0,464.0,32768.0,5515776.0,2296.0,2818.0,0.0
3591199000,0.010266863228834468,97400.73260073259,2311.0,2043.0,2052.0,1224.0,420.0,-300.0,-16048.0,884.0,-344.0,-19.0,-67.0,-178.0,467.0,32768.0,5515520.0,2266.0,2816.0,0.0
3591455000,0.010266863228834468,97400.73260073259,2215.0,2042.0,2053.0,1222.0,420.0,-268.0,-16032.0,882.0,-343.0,-17.0,-75.0,-181.0,468.0,32768.0,5515520.0,2460.0,2796.0,0.0
3591711000,0.010266863228834468,97400.73260073259,2192.0,2042.0,2055.0,1224.0,432.0,-308.0,-16116.0,888.0,-357.0,-17.0,-75.0,-181.0,468.0,32768.0,5515776.0,2340.0,2816.0,0.0
3591967000,0.010266863228834468,97400.73260073259,2271.0,2042.0,2052.0,1221.0,440.0,-308.0,-16052.0,888.0,-357.0,-17.0,-67.0,-179.0,469.0,32768.0,5515776.0,2501.0,2797.0,0.0
3592223000,0.010266863228834468,97400.73260073259,2224.0,2041.0,2053.0,1221.0,412.0,-308.0,-16032.0,871.0,-362.0,-29.0,-80.0,-174.0,471.0,32768.0,5516032.0,2359.0,2816.0,0.0
3592479000,0.010266863228834468,97400.73260073259,2335.0,2042.0,2051.0,1222.0,436.0,-304.0,-16104.0,869.0,-333.0,-5.0,-71.0,-175.0,466.0,32768.0,5516032.0,2294.0,2816.0,0.0
3592735000,0.010266863228834468,97400.73260073259,2289.0,2041.0,2053.0,1222.0,476.0,-280.0,-16144.0,883.0,-340.0,-25.0,-68.0,-180.0,467.0,32768.0,5515264.0,2265.0,2816.0,0.0
3592991000,0.010266863228834468,97400.73260073259,2285.0,2041.0,2053.0,1222.0,452.0,-284.0,-16112.0,868.0,-351.0,-42.0,-68.0,-180.0,467.0,32768.0,5515264.0,2258.0,2817.0,0.0
3593247000,0.010266863228834468,97400.73260073259,2267.0,2042.0,2052.0,1224.0,460.0,-276.0,-16060.0,869.0,-349.0,-32.0,-74.0,-176.0,466.0,32768.0,5515264.0,2248.0,2816.0,0.0
3593503000,0.010266657306751175,97402.68620268619,2225.0,2043.0,2050.0,1221.0,456.0,-224.0,-16100.0,882.0,-340.0,-1.0,-86.0,-180.0,465.0,32768.0,5515264.0,2475.0,2806.0,0.0
3593759000,0.010266863228834468,97400.73260073259,2247.0,2043.0,2050.0,1220.0,448.0,-236.0,-16116.0,888.0,-360.0,-32.0,-61.0,-183.0,468.0,32768.0,5515776.0,2353.0,2817.0,0.0
3594015000,0.010266863228834468,97400.73260073259,2306.0,2040.0,2050.0,1224.0,440.0,-252.0,-16084.0,870.0,-326.0,-7.0,-67.0,-174.0,467.0,32768.0,5515776.0,2299.0,2817.0,0.0
3594271000,0.010266863228834468,97400.73260073259,2301.0,2043.0,2050.0,1224.0,412.0,-308.0,-16108.0,889.0,-346.0,-26.0,-67.0,-174.0,467.0,32768.0,5515520.0,2267.0,2816.0,0.0
3594527000,0.010266863228834468,97400.73260073259,2297.0,2044.0,2053.0,1222.0,452.0,-292.0,-16060.0,862.0,-362.0,-21.0,-66.0,-180.0,467.0,32768.0,5515520.0,2253.0,2816.0,0.0
3594783000,0.010266863228834468,97400.73260073259,2236.0,2043.0,2052.0,1221.0,424.0,-324.0,-16092.0,869.0,-342.0,-29.0,-67.0,-170.0,467.0,32768.0,5515776.0,2252.0,2817.0,0.0
3595039000,0.010266863228834468,97400.73260073259,2272.0,2041.0,2053.0,1225.0,428.0,-328.0,-16096.0,851.0,-351.0,-28.0,-78.0,-181.0,470.0,32768.0,5515776.0,2253.0,2817.0,0.0
3595295000,0.010266657306751175,97402.68620268619,2234.0,2042.0,2053.0,1223.0,416.0,-352.0,-16060.0,893.0,-348.0,-29.0,-78.0,-181.0,470.0,32768.0,5516032.0,2246.0,2816.0,0.0
3595551000,0.010266657306751175,97402.68620268619,2207.0,2042.0,2053.0,1220.0,468.0,-300.0,-16032.0,877.0,-347.0,-21.0,-68.0,-181.0,470.0,32768.0,5516032.0,2242.0,2816.0,0.0
3595807000,0.010266863228834468,97400.73260073259,2241.0,2041.0,2054.0,1222.0,460.0,-340.0,-16084.0,862.0,-360.0,-23.0,-70.0,-176.0,468.0,32768.0,5515776.0,2248.0,2817.0,0.0
3596063000,0.010266863228834468,97400.73260073259,2206.0,2043.0,2054.0,1224.0,472.0,-292.0,-16072.0,871.0,-347.0,-18.0,-70.0,-179.0,470.0,32768.0,5515776.0,2252.0,2818.0,0.0
3596319000,0.010266863228834468,97400.73260073259,2234.0,2041.0,2051.0,1222.0,456.0,-296.0,-16092.0,860.0,-352.0,-28.0,-71.0,-179.0,469.0,32768.0,5516032.0,2245.0,2816.0,0.0
3596575000,0.010266863228834468,97400.73260073259,2230.0,2042.0,2052.0,1223.0,448.0,-276.0,-16088.0,870.0,-355.0,-13.0,-71.0,-179.0,469.0,32768.0,5516032.0,2474.0,2806.0,0.0
3596831000,0.010266863228834468,97400.73260073259,2196.0,2043.0,2052.0,1222.0,424.0,-272.0,-16088.0,894.0,-350.0,-33.0,-75.0,-177.0,471.0,32768.0,5516288.0,2354.0,2818.0,0.0
3597087000,0.010266863228834468,97400.73260073259,2330.0,2043.0,2052.0,1221.0,460.0,-268.0,-16060.0,872.0,-357.0,-36.0,-65.0,-178.0,475.0,32768.0,5516288.0,2299.0,2817.0,0.0
3597343000,0.010266863228834468,97400.73260073259,2289.0,2042.0,2050.0,1222.0,468.0,-260.0,-16124.0,857.0,-339.0,-6.0,-71.0,-178.0,478.0,32768.0,5516032.0,2267.0,2816.0,0.0
3597599000,0.010266863228834468,97400.73260073259,2276.0,2043.0,2051.0,1221.0,444.0,-276.0,-16088.0,880.0,-340.0,-37.0,-72.0,-176.0,468.0,32768.0,5516032.0,2252.0,2816.0,0.0
3597855000,0.010266863228834468,97400.73260073259,2257.0,2041.0,2051.0,1223.0,464.0,-260.0,-16104.0,885.0,-353.0,-30.0,-72.0,-176.0,468.0,32768.0,5516288.0,2246.0,2816.0,0.0
3598111000,0.010266863228834468,97400.73260073259,2218.0,2041.0,2053.0,1227.0,464.0,-288.0,-16072.0,841.0,-360.0,-25.0,-64.0,-180.0,471.0,32768.0,5516288.0,2250.0,2818.0,0.0
3598367000,0.010266863228834468,97400.73260073259,2219.0,2043.0,2050.0,1224.0,500.0,-304.0,-16108.0,876.0,-342.0,-40.0,-61.0,-181.0,466.0,32768.0,5516288.0,2453.0,2796.0,0.0
3598623000,0.010266863228834468,97400.73260073259,2165.0,2042.0,2051.0,1222.0,456.0,-308.0,-16092.0,884.0,-367.0,-25.0,-62.0,-181.0,472.0,32768.0,5516288.0,2344.0,2817.0,0.0
3598879000,0.010266657306751175,97402.68620268619,2320.0,2042.0,2055.0,1227.0,428.0,-380.0,-16016.0,865.0,-368.0,-27.0,-59.0,-179.0,468.0,32768.0,5516800.0,2541.0,2815.0,0.0
3599135000,0.010266863228834468,97400.73260073259,2333.0,2042.0,2055.0,1229.0,444.0,-280.0,-15964.0,862.0,-360.0,-23.0,-59.0,-179.0,468.0,32768.0,5516800.0,2384.0,2817.0,0.0
3599391000,0.010266863228834468,97400.73260073259,2143.0,2043.0,2050.0,1227.0,488.0,-296.0,-16000.0,872.0,-386.0,-15.0,-68.0,-175.0,470.0,32768.0,5515776.0,2305.0,2816.0,0.0
3599647000,0.010266863228834468,97400.73260073259,2265.0,2044.0,2052.0,1219.0,460.0,-308.0,-15908.0,883.0,-383.0,-16.0,-56.0,-178.0,473.0,32768.0,5515776.0,2277.0,2817.0,0.0
3599903000,0.010266863228834468,97400.73260073259,2257.0,2042.0,2051.0,1210.0,460.0,-244.0,-16332.0,873.0,-374.0,-26.0,-69.0,-177.0,467.0,32768.0,5516800.0,2264.0,2817.0,0.0
3600159000,0.010266863228834468,97400.73260073259,2248.0,2039.0,2051.0,1217.0,372.0,-248.0,-16400.0,858.0,-351.0,-32.0,-69.0,-177.0,467.0,32768.0,5516800.0,2258.0,2817.0,0.0
3600415000,0.010266863228834468,97400.73260073259,2261.0,2040.0,2050.0,1223.0,388.0,-252.0,-16020.0,865.0,-365.0,-36.0,-70.0,-181.0,468.0,32768.0,5516288.0,2248.0,2816.0,0.0
3600671000,0.010266657306751175,97402.68620268619,2220.0,2043.0,2050.0,1226.0,452.0,-272.0,-16040.0,864.0,-344.0,-29.0,-72.0,-175.0,468.0,32768.0,5516288.0,2251.0,2817.0,0.0
3600927000,0.010266863228834468,97400.73260073259,2247.0,2044.0,2052.0,1221.0,528.0,-296.0,-15984.0,860.0,-344.0,-51.0,-77.0,-179.0,470.0,32768.0,5516032.0,2245.0,2816.0,0.0
3601183000,0.010266863228834468,97400.73260073259,2230.0,2041.0,2053.0,1220.0,424.0,-300.0,-16128.0,882.0,-345.0,-36.0,-78.0,-174.0,470.0,32768.0,5516032.0,2249.0,2817.0,0.0
3601439000,0.010266863228834468,97400.73260073259,2201.0,2041.0,2052.0,1223.0,400.0,-324.0,-16084.0,868.0,-361.0,-25.0,-78.0,-174.0,470.0,32768.0,5516288.0,2244.0,2816.0,0.0
3601695000,0.010266863228834468,97400.73260073259,2246.0,2042.0,2053.0,1223.0,432.0,-324.0,-16080.0,879.0,-345.0,-26.0,-69.0,-183.0,467.0,32768.0,5516288.0,2249.0,2817.0,0.0
3601951000,0.010266863228834468,97400.73260073259,2215.0,2044.0,2053.0,1223.0,460.0,-324.0,-16028.0,882.0,-350.0,-8.0,-67.0,-177.0,471.0,32768.0,5516032.0,2251.0,2817.0,0.0
3602207000,0.010266863228834468,97400.73260073259,2242.0,2044.0,2052.0,1224.0,416.0,-308.0,-16000.0,893.0,-341.0,-37.0,-68.0,-179.0,468.0,32768.0,5516032.0,2252.0,2817.0,0.0
3602463000,0.010266863228834468,97400.73260073259,2292.0,2042.0,2053.0,1225.0,416.0,-316.0,-16028.0,867.0,-363.0,-38.0,-67.0,-181.0,471.0,32768.0,5515776.0,2499.0,2815.0,0.0
3602719000,0.010266863228834468,97400.73260073259,2241.0,2042.0,2052.0,1220.0,420.0,-276.0,-16128.0,868.0,-357.0,-35.0,-67.0,-181.0,471.0,32768.0,5515776.0,2364.0,2817.0,0.0
3602975000,0.010266863228834468,97400.73260073259,2364.0,2042.0,2051.0,1216.0,456.0,-260.0,-16220.0,880.0,-333.0,-33.0,-62.0,-180.0,471.0,32768.0,5515520.0,2303.0,2817.0,0.0
3603231000,0.010266863228834468,97400.73260073259,2318.0,2042.0,2049.0,1221.0,436.0,-312.0,-16144.0,876.0,-340.0,-25.0,-57.0,-181.0,468.0,32768.0,5515520.0,2276.0,2817.0,0.0
3603487000,0.010266863228834468,97400.73260073259,2297.0,2041.0,2051.0,1226.0,448.0,-280.0,-15964.0,869.0,-334.0,-26.0,-65.0,-181.0,473.0,32768.0,5516544.0,2256.0,2816.0,0.0
3603743000,0.010266863228834468,97400.73260073259,2286.0,2044.0,2052.0,1223.0,432.0,-276.0,-16016.0,876.0,-332.0,-35.0,-65.0,-181.0,473.0,32768.0,5516544.0,2480.0,2808.0,0.0
3603999000,0.010266863228834468,97400.73260073259,2217.0,2044.0,2052.0,1219.0,484.0,-288.0,-16176.0,873.0,-356.0,-20.0,-64.0,-179.0,469.0,32768.0,5516032.0,2356.0,2817.0,0.0
3604255000,0.010266863228834468,97400.73260073259,2369.0,2041.0,2050.0,1220.0,408.0,-260.0,-16088.0,871.0,-347.0,-38.0,-59.0,-179.0,462.0,32768.0,5516032.0,2534.0,2812.0,0.0
3604511000,0.010266863228834468,97400.73260073259,2310.0,2041.0,2054.0,1223.0,408.0,-296.0,-16028.0,874.0,-347.0,-25.0,-62.0,-180.0,468.0,32768.0,5516032.0,2374.0,2816.0,0.0
3604767000,0.010266863228834468,97400.73260073259,2381.0,2042.0,2052.0,1223.0,416.0,-256.0,-16068.0,865.0,-358.0,-24.0,-68.0,-179.0,469.0,32768.0,5516032.0,2534.0,2808.0,0.0
3605023000,0.010266863228834468,97400.73260073259,2353.0,2043.0,2053.0,1223.0,476.0,-308.0,-16096.0,858.0,-344.0,-15.0,-68.0,-179.0,469.0,32768.0,5515776.0,2374.0,2816.0,0.0
3605279000,0.010266863228834468,97400.73260073259,2164.0,2042.0,2052.0,1225.0,456.0,-312.0,-16012.0,871.0,-362.0,-28.0,-72.0,-176.0,471.0,32768.0,5515776.0,2309.0,2818.0,0.0
3605535000,0.010266863228834468,97400.73260073259,2237.0,2041.0,2052.0,1223.0,432.0,-320.0,-16012.0,868.0,-366.0,-49.0,-72.0,-184.0,472.0,32768.0,5515520.0,2480.0,2796.0,0.0
3605791000,0.010266863228834468,97400.73260073259,2209.0,2042.0,2055.0,1221.0,392.0,-316.0,-16116.0,878.0,-350.0,-25.0,-72.0,-174.0,467.0,32768.0,5515520.0,2356.0,2817.0,0.0
3606047000,0.010266863228834468,97400.73260073259,2280.0,2044.0,2052.0,1222.0,456.0,-332.0,-16144.0,868.0,-345.0,-31.0,-71.0,-178.0,472.0,32768.0,5516032.0,2293.0,2816.0,0.0
3606303000,0.010266863228834468,97400.73260073259,2323.0,2043.0,2051.0,1227.0,468.0,-292.0,-16052.0,865.0,-338.0,-41.0,-71.0,-178.0,472.0,32768.0,5516032.0,2271.0,2817.0,0.0
3606559000,0.010266863228834468,97400.73260073259,2263.0,2041.0,2050.0,1227.0,428.0,-276.0,-16096.0,860.0,-352.0,-22.0,-70.0,-174.0,468.0,32768.0,5516288.0,2255.0,2816.0,0.0
3606815000,0.010266863228834468,97400.73260073259,2273.0,2041.0,2052.0,1222.0,416.0,-256.0,-16076.0,866.0,-345.0,-30.0,-64.0,-180.0,470.0,32768.0,5516288.0,2247.0,2816.0,0.0
3607071000,0.010266863228834468,97400.73260073259,2240.0,2043.0,2052.0,1220.0,448.0,-232.0,-16108.0,861.0,-350.0,-29.0,-73.0,-177.0,472.0,32768.0,5516032.0,2243.0,2816.0,0.0
3607327000,0.010266863228834468,97400.73260073259,2210.0,2043.0,2053.0,1224.0,480.0,-252.0,-16132.0,856.0,-344.0,-2.0,-63.0,-177.0,468.0,32768.0,5516032.0,2248.0,2817.0,0.0
3607583000,0.010266863228834468,97400.73260073259,2239.0,2044.0,2052.0,1225.0,464.0,-268.0,-16120.0,868.0,-332.0,-24.0,-63.0,-177.0,468.0,32768.0,5516032.0,2244.0,2816.0,0.0
3607839000,0.010266863228834468,97400.73260073259,2218.0,2040.0,2053.0,1224.0,456.0,-292.0,-16072.0,857.0,-350.0,-33.0,-67.0,-181.0,472.0,32768.0,5516032.0,2480.0,2809.0,0.0
3608095000,0.010266863228834468,97400.73260073259,2215.0,2041.0,2052.0,1224.0,400.0,-268.0,-16068.0,867.0,-356.0,-36.0,-63.0,-176.0,469.0,32768.0,5516288.0,2349.0,2816.0,0.0
3608351000,0.010266863228834468,97400.73260073259,2308.0,2042.0,2051.0,1222.0,428.0,-264.0,-16040.0,867.0,-343.0,-37.0,-61.0,-178.0,467.0,32768.0,5516288.0,2297.0,2817.0,0.0
3608607000,0.010266863228834468,97400.73260073259,2326.0,2042.0,2054.0,1220.0,448.0,-304.0,-16128.0,864.0,-337.0,-37.0,-61.0,-178.0,467.0,32768.0,5516288.0,2520.0,2815.0,0.0
3608863000,0.010266863228834468,97400.73260073259,2363.0,2043.0,2052.0,1222.0,424.0,-320.0,-16116.0,864.0,-337.0,-37.0,-69.0,-182.0,467.0,32768.0,5516288.0,2607.0,2810.0,0.0
3609119000,0.010266863228834468,97400.73260073259,2371.0,2043.0,2052.0,1221.0,400.0,-292.0,-16084.0,868.0,-372.0,-21.0,-69.0,-176.0,471.0,32865.0,5516288.0,2414.0,2817.0,0.0
3609375000,0.010266863228834468,97400.73260073259,2243.0,2040.0,2052.0,1224.0,380.0,-300.0,-16032.0,864.0,-326.0,-31.0,-66.0,-173.0,470.0,32865.0,5516288.0,2326.0,2817.0,0.0
3609631000,0.010266863228834468,97400.73260073259,2360.0,2041.0,2052.0,1222.0,412.0,-256.0,-16068.0,841.0,-339.0,-28.0,-66.0,-174.0,469.0,32865.0,5516032.0,2534.0,2815.0,0.0
3609887000,0.010266863228834468,97400.73260073259,2321.0,2043.0,2051.0,1223.0,448.0,-272.0,-16108.0,877.0,-369.0,-38.0,-66.0,-174.0,469.0,32865.0,5516032.0,2613.0,2810.0,0.0
3610143000,0.010266863228834468,97400.73260073259,2406.0,2044.0,2051.0,1222.0,444.0,-316.0,-16048.0,896.0,-349.0,-29.0,-74.0,-180.0,468.0,32865.0,5516544.0,2411.0,2816.0,0.0
3610399000,0.010266863228834468,97400.73260073259,2240.0,2042.0,2051.0,1224.0,444.0,-276.0,-16060.0,886.0,-349.0,-25.0,-72.0,-179.0,468.0,32865.0,5516544.0,2326.0,2818.0,0.0
3610655000,0.010266863228834468,97400.73260073259,2282.0,2042.0,2052.0,1221.0,396.0,-248.0,-16048.0,879.0,-355.0,-13.0,-75.0,-178.0,465.0,32865.0,5516032.0,2279.0,2816.0,0.0
3610911000,0.010266863228834468,97400.73260073259,2294.0,2043.0,2052.0,1221.0,388.0,-272.0,-16072.0,872.0,-356.0,-19.0,-70.0,-174.0,473.0,32865.0,5516032.0,2258.0,2816.0,0.0
3611167000,0.010266863228834468,97400.73260073259,2228.0,2043.0,2051.0,1222.0,420.0,-256.0,-16088.0,866.0,-336.0,-23.0,-70.0,-174.0,473.0,32865.0,5516032.0,2248.0,2816.0,0.0
3611423000,0.010266863228834468,97400.73260073259,2262.0,2043.0,2050.0,1222.0,412.0,-256.0,-16076.0,888.0,-351.0,-27.0,-72.0,-173.0,469.0,32865.0,5516032.0,2252.0,2818.0,0.0
3611679000,0.010266863228834468,97400.73260073259,2221.0,2042.0,2052.0,1224.0,412.0,-276.0,-16024.0,888.0,-346.0,-22.0,-71.0,-178.0,477.0,32865.0,5515520.0,2239.0,2816.0,0.0
3611935000,0.010266863228834468,97400.73260073259,2191.0,2040.0,2053.0,1224.0,440.0,-316.0,-16096.0,862.0,-344.0,-37.0,-65.0,-176.0,469.0,32865.0,5515520.0,2240.0,2816.0,0.0
3612191000,0.010266863228834468,97400.73260073259,2218.0,2041.0,2053.0,1222.0,388.0,-272.0,-16108.0,859.0,-350.0,-24.0,-65.0,-176.0,469.0,32865.0,5516288.0,2240.0,2816.0,0.0
3612447000,0.010266863228834468,97400.73260073259,2188.0,2042.0,2051.0,1221.0,432.0,-332.0,-16140.0,871.0,-349.0,-31.0,-87.0,-178.0,471.0,32865.0,5516288.0,2248.0,2818.0,0.0
3612703000,0.010266863228834468,97400.73260073259,2236.0,2041.0,2052.0,1221.0,404.0,-244.0,-16108.0,864.0,-347.0,-38.0,-63.0,-180.0,468.0,32865.0,5516032.0,2251.0,2817.0,0.0
3612959000,0.010266863228834468,97400.73260073259,2252.0,2044.0,2053.0,1223.0,416.0,-288.0,-16088.0,884.0,-345.0,-19.0,-54.0,-173.0,470.0,32865.0,5516032.0,2484.0,2810.0,0.0
3613215000,0.010266657306751175,97402.68620268619,2201.0,2041.0,2052.0,1222.0,384.0,-292.0,-16112.0,877.0,-350.0,-14.0,-63.0,-178.0,470.0,32865.0,5516288.0,2351.0,2816.0,0.0
3613471000,0.010266863228834468,97400.73260073259,2326.0,2042.0,2052.0,1221.0,404.0,-256.0,-16076.0,877.0,-349.0,-22.0,-63.0,-178.0,470.0,32865.0,5516288.0,2297.0,2817.0,0.0
3613727000,0.010266863228834468,97400.73260073259,2262.0,2041.0,2052.0,1222.0,412.0,-284.0,-16060.0,862.0,-339.0,-31.0,-60.0,-181.0,464.0,32865.0,5516032.0,2475.0,2796.0,0.0
3613983000,0.010266863228834468,97400.73260073259,2273.0,2044.0,2052.0,1221.0,392.0,-260.0,-16084.0,877.0,-357.0,-40.0,-66.0,-175.0,470.0,32865.0,5516032.0,2593.0,2811.0,0.0
3614239000,0.010266863228834468,97400.73260073259,2334.0,2042.0,2050.0,1223.0,420.0,-272.0,-16064.0,860.0,-345.0,-38.0,-74.0,-182.0,473.0,32865.0,5516032.0,2401.0,2816.0,0.0
3614495000,0.010266863228834468,97400.73260073259,2160.0,2042.0,2051.0,1222.0,408.0,-284.0,-16056.0,885.0,-351.0,-39.0,-69.0,-175.0,471.0,32865.0,5516032.0,2313.0,2816.0,0.0
3614751000,0.010266863228834468,97400.73260073259,2269.0,2043.0,2052.0,1223.0,408.0,-268.0,-16108.0,884.0,-347.0,-11.0,-69.0,-175.0,471.0,32865.0,5516288.0,2273.0,2816.0,0.0
3615007000,0.010266863228834468,97400.73260073259,2257.0,2041.0,2051.0,1222.0,456.0,-260.0,-16064.0,896.0,-331.0,-31.0,-68.0,-174.0,468.0,32865.0,5516288.0,2263.0,2817.0,0.0
3615263000,0.010266657306751175,97402.68620268619,2261.0,2041.0,2052.0,1222.0,428.0,-288.0,-16088.0,862.0,-330.0,-12.0,-70.0,-178.0,472.0,32865.0,5516032.0,2258.0,2818.0,0.0
3615519000,0.010266863228834468,97400.73260073259,2309.0,2043.0,2053.0,1223.0,420.0,-308.0,-16116.0,872.0,-352.0,-19.0,-69.0,-188.0,470.0,32865.0,5516032.0,2495.0,2813.0,0.0
3615775000,0.010266657306751175,97402.68620268619,2227.0,2040.0,2052.0,1221.0,392.0,-244.0,-16136.0,873.0,-342.0,-22.0,-70.0,-178.0,468.0,32865.0,5516544.0,2356.0,2816.0,0.0
3616031000,0.010266863228834468,97400.73260073259,2371.0,2043.0,2052.0,1222.0,396.0,-284.0,-16060.0,892.0,-347.0,-16.0,-70.0,-178.0,468.0,32865.0,5516544.0,2533.0,2810.0,0.0
3616287000,0.010266863228834468,97400.73260073259,2327.0,2043.0,2051.0,1222.0,392.0,-320.0,-16072.0,868.0,-358.0,-30.0,-65.0,-178.0,464.0,32865.0,5516544.0,2380.0,2817.0,0.0
3616543000,0.010266863228834468,97400.73260073259,2172.0,2040.0,2052.0,1221.0,388.0,-312.0,-16068.0,882.0,-363.0,-31.0,-66.0,-179.0,472.0,32865.0,5516544.0,2312.0,2818.0,0.0
3616799000,0.010266863228834468,97400.73260073259,2265.0,2043.0,2051.0,1224.0,428.0,-264.0,-16076.0,877.0,-349.0,-42.0,-57.0,-175.0,469.0,32865.0,5516800.0,2273.0,2816.0,0.0
3617055000,0.010266863228834468,97400.73260073259,2255.0,2043.0,2050.0,1224.0,436.0,-288.0,-16068.0,878.0,-360.0,-30.0,-57.0,-175.0,469.0,32865.0,5516800.0,2494.0,2810.0,0.0
3617311000,0.010266863228834468,97400.73260073259,2260.0,2043.0,2050.0,1222.0,452.0,-260.0,-16088.0,886.0,-339.0,-41.0,-66.0,-184.0,465.0,32865.0,5516544.0,2356.0,2816.0,0.0
3617567000,0.010266863228834468,97400.73260073259,2325.0,2042.0,2051.0,1225.0,424.0,-240.0,-16080.0,884.0,-354.0,-32.0,-64.0,-175.0,477.0,32865.0,5516544.0,2301.0,2818.0,0.0
3617823000,0.010266657306751175,97402.68620268619,2293.0,2042.0,2051.0,1222.0,436.0,-260.0,-16112.0,878.0,-335.0,-39.0,-63.0,-171.0,469.0,32865.0,5516288.0,2268.0,2816.0,0.0
3618079000,0.010266863228834468,97400.73260073259,2302.0,2041.0,2052.0,1221.0,376.0,-284.0,-16080.0,884.0,-346.0,-17.0,-61.0,-179.0,473.0,32865.0,5516288.0,2253.0,2816.0,0.0
3618335000,0.010266863228834468,97400.73260073259,2232.0,2042.0,2051.0,1220.0,360.0,-296.0,-16084.0,859.0,-351.0,-29.0,-61.0,-179.0,473.0,32865.0,5516032.0,2246.0,2816.0,0.0
3618591000,0.010266863228834468,97400.73260073259,2257.0,2043.0,2053.0,1223.0,412.0,-280.0,-16072.0,869.0,-350.0,-29.0,-69.0,-175.0,470.0,32865.0,5516032.0,2251.0,2818.0,0.0
3618847000,0.010266863228834468,97400.73260073259,2242.0,2042.0,2053.0,1222.0,416.0,-288.0,-16056.0,869.0,-371.0,-41.0,-67.0,-183.0,474.0,32865.0,5516288.0,2245.0,2816.0,0.0
3619103000,0.010266863228834468,97400.73260073259,2196.0,2041.0,2054.0,1223.0,432.0,-348.0,-16116.0,876.0,-339.0,-42.0,-65.0,-180.0,468.0,32865.0,5516288.0,2242.0,2816.0,0.0
3619359000,0.010266863228834468,97400.73260073259,2231.0,2042.0,2054.0,1223.0,432.0,-312.0,-16088.0,864.0,-326.0,-19.0,-74.0,-176.0,467.0,32865.0,5516800.0,2241.0,2816.0,0.0
3619615000,0.010266863228834468,97400.73260073259,2205.0,2042.0,2054.0,1221.0,412.0,-300.0,-16076.0,879.0,-343.0,-11.0,-74.0,-176.0,467.0,32865.0,5516800.0,2247.0,2817.0,0.0
3619871000,0.010266863228834468,97400.73260073259,2228.0,2042.0,2052.0,1222.0,432.0,-288.0,-16080.0,870.0,-327.0,-28.0,-67.0,-180.0,473.0,32865.0,5515776.0,2250.0,2817.0,0.0
3620127000,0.010266863228834468,97400.73260073259,2264.0,2043.0,2052.0,1220.0,436.0,-276.0,-16084.0,880.0,-343.0,-31.0,-70.0,-181.0,465.0,32865.0,5515776.0,2485.0,2812.0,0.0
3620383000,0.010266863228834468,97400.73260073259,2210.0,2042.0,2053.0,1222.0,432.0,-256.0,-16092.0,871.0,-361.0,-18.0,-66.0,-178.0,472.0,32865.0,5516032.0,2358.0,2817.0,0.0
3620639000,0.010266863228834468,97400.73260073259,2328.0,2043.0,2054.0,1223.0,404.0,-280.0,-16092.0,872.0,-350.0,-19.0,-84.0,-177.0,465.0,32865.0,5516032.0,2294.0,2816.0,0.0
3620895000,0.010266863228834468,97400.73260073259,2301.0,2041.0,2050.0,1223.0,416.0,-252.0,-16088.0,885.0,-349.0,-25.0,-84.0,-177.0,465.0,32865.0,5515776.0,2272.0,2817.0,0.0
3621151000,0.010266863228834468,97400.73260073259,2311.0,2041.0,2051.0,1223.0,420.0,-276.0,-16088.0,863.0,-337.0,-32.0,-69.0,-180.0,473.0,32865.0,5515776.0,2495.0,2812.0,0.0
3621407000,0.010266863228834468,97400.73260073259,2296.0,2044.0,2049.0,1223.0,424.0,-244.0,-16096.0,863.0,-344.0,-24.0,-64.0,-172.0,475.0,32865.0,5516544.0,2362.0,2817.0,0.0
3621663000,0.010266863228834468,97400.73260073259,2116.0,2042.0,2051.0,1221.0,424.0,-256.0,-16068.0,864.0,-343.0,-25.0,-63.0,-183.0,466.0,32865.0,5516544.0,2304.0,2818.0,0.0
3621919000,0.010266863228834468,97400.73260073259,2233.0,2043.0,2052.0,1222.0,412.0,-248.0,-16084.0,860.0,-347.0,-27.0,-63.0,-183.0,466.0,32865.0,5516544.0,2269.0,2816.0,0.0
3622175000,0.010266863228834468,97400.73260073259,2237.0,2042.0,2052.0,1221.0,416.0,-292.0,-16052.0,871.0,-352.0,-16.0,-80.0,-178.0,466.0,32865.0,5516544.0,2260.0,2817.0,0.0
3622431000,0.010266863228834468,97400.73260073259,2230.0,2043.0,2052.0,1223.0,444.0,-276.0,-16096.0,888.0,-360.0,-28.0,-69.0,-177.0,473.0,32865.0,5516288.0,2256.0,2817.0,0.0
3622687000,0.010266863228834468,97400.73260073259,2266.0,2042.0,2052.0,1223.0,408.0,-288.0,-16136.0,869.0,-340.0,-29.0,-62.0,-175.0,467.0,32865.0,5516288.0,2254.0,2817.0,0.0
3622943000,0.010266657306751175,97402.68620268619,2266.0,2042.0,2054.0,1221.0,380.0,-292.0,-16080.0,871.0,-358.0,-27.0,-65.0,-176.0,473.0,32865.0,5516288.0,2500.0,2815.0,0.0
3623199000,0.010266863228834468,97400.73260073259,2302.0,2041.0,2053.0,1222.0,424.0,-284.0,-16136.0,881.0,-355.0,-32.0,-65.0,-176.0,473.0,32865.0,5516288.0,2599.0,2812.0,0.0
3623455000,0.010266863228834468,97400.73260073259,2358.0,2043.0,2052.0,1222.0,416.0,-292.0,-16096.0,863.0,-359.0,-23.0,-67.0,-174.0,467.0,32865.0,5516288.0,2411.0,2817.0,0.0
3623711000,0.010266863228834468,97400.73260073259,2387.0,2042.0,2052.0,1221.0,396.0,-260.0,-16080.0,860.0,-358.0,-36.0,-69.0,-178.0,473.0,32865.0,5516288.0,2533.0,2797.0,0.0
3623967000,0.010266863228834468,97400.73260073259,2371.0,2042.0,2052.0,1220.0,440.0,-240.0,-16088.0,865.0,-358.0,-39.0,-71.0,-175.0,470.0,32865.0,5516800.0,2374.0,2816.0,0.0
3624223000,0.010266863228834468,97400.73260073259,2364.0,2041.0,2050.0,1222.0,388.0,-240.0,-16080.0,878.0,-336.0,-37.0,-68.0,-179.0,468.0,32865.0,5516800.0,2301.0,2816.0,0.0
3624479000,0.010266863228834468,97400.73260073259,2345.0,2042.0,2049.0,1221.0,420.0,-272.0,-16112.0,881.0,-351.0,-26.0,-68.0,-179.0,468.0,32865.0,5516032.0,2268.0,2816.0,0.0
3624735000,0.010266863228834468,97400.73260073259,2323.0,2044.0,2050.0,1220.0,452.0,-288.0,-16116.0,868.0,-344.0,-32.0,-68.0,-179.0,471.0,32865.0,5516032.0,2261.0,2818.0,0.0
3624991000,0.010266657306751175,97402.68620268619,2252.0,2042.0,2051.0,1224.0,420.0,-236.0,-16088.0,871.0,-346.0,-21.0,-69.0,-176.0,466.0,32865.0,5516544.0,2250.0,2816.0,0.0
3625247000,0.010266863228834468,97400.73260073259,2301.0,2041.0,2052.0,1223.0,428.0,-260.0,-16040.0,879.0,-357.0,-32.0,-84.0,-179.0,471.0,32865.0,5516544.0,2485.0,2812.0,0.0
3625503000,0.010266863228834468,97400.73260073259,2228.0,2043.0,2053.0,1223.0,420.0,-268.0,-16156.0,855.0,-355.0,-29.0,-84.0,-179.0,471.0,32865.0,5516288.0,2351.0,2816.0,0.0
3625759000,0.010266863228834468,97400.73260073259,2321.0,2042.0,2053.0,1219.0,456.0,-300.0,-16120.0,855.0,-355.0,-29.0,-67.0,-184.0,475.0,32865.0,5516288.0,2299.0,2818.0,0.0
3626015000,0.010266863228834468,97400.73260073259,2327.0,2042.0,2054.0,1222.0,404.0,-296.0,-16108.0,876.0,-351.0,-29.0,-62.0,-181.0,473.0,32865.0,5515776.0,2267.0,2816.0,0.0
3626271000,0.010266657306751175,97402.68620268619,2258.0,2043.0,2053.0,1223.0,412.0,-328.0,-16044.0,882.0,-344.0,-40.0,-67.0,-181.0,465.0,32865.0,5515776.0,2253.0,2816.0,0.0
3626527000,0.010266863228834468,97400.73260073259,2273.0,2041.0,2053.0,1220.0,416.0,-276.0,-16020.0,881.0,-360.0,-24.0,-85.0,-177.0,478.0,32865.0,5516288.0,2246.0,2816.0,0.0
3626783000,0.010266863228834468,97400.73260073259,2239.0,2043.0,2053.0,1222.0,412.0,-268.0,-16080.0,892.0,-346.0,-32.0,-85.0,-177.0,478.0,32865.0,5516288.0,2250.0,2817.0,0.0
3627039000,0.010266863228834468,97400.73260073259,2221.0,2042.0,2053.0,1222.0,400.0,-292.0,-16124.0,875.0,-337.0,-22.0,-59.0,-178.0,471.0,32865.0,5516032.0,2245.0,2816.0,0.0
3627295000,0.010266863228834468,97400.73260073259,2249.0,2043.0,2053.0,1221.0,424.0,-296.0,-16092.0,881.0,-337.0,-34.0,-65.0,-173.0,466.0,32865.0,5516032.0,2249.0,2817.0,0.0
3627551000,0.010266863228834468,97400.73260073259,2214.0,2043.0,2051.0,1222.0,436.0,-268.0,-16060.0,877.0,-346.0,-37.0,-62.0,-185.0,465.0,32865.0,5516800.0,2251.0,2817.0,0.0
3627807000,0.010266863228834468,97400.73260073259,2252.0,2044.0,2053.0,1224.0,472.0,-288.0,-16088.0,888.0,-359.0,-20.0,-67.0,-174.0,474.0,32865.0,5516800.0,2252.0,2817.0,0.0
3628063000,0.010266863228834468,97400.73260073259,2225.0,2043.0,2052.0,1223.0,456.0,-256.0,-16096.0,870.0,-341.0,-26.0,-67.0,-174.0,474.0,32865.0,5516800.0,2245.0,2816.0,0.0
3628319000,0.010266657306751175,97402.68620268619,2245.0,2043.0,2050.0,1223.0,452.0,-276.0,-16104.0,865.0,-363.0,-11.0,-63.0,-175.0,464.0,32865.0,5516800.0,2489.0,2813.0,0.0
3628575000,0.010266863228834468,97400.73260073259,2253.0,2043.0,2051.0,1222.0,428.0,-324.0,-16016.0,874.0,-335.0,-23.0,-66.0,-181.0,470.0,32865.0,5516544.0,2353.0,2816.0,0.0
3628831000,0.010266657306751175,97402.68620268619,2297.0,2041.0,2052.0,1219.0,412.0,-272.0,-16084.0,886.0,-355.0,-24.0,-70.0,-183.0,470.0,32865.0,5516544.0,2299.0,2817.0,0.0
3629087000,0.010266863228834468,97400.73260073259,2318.0,2043.0,2052.0,1221.0,456.0,-292.0,-16096.0,871.0,-351.0,-41.0,-63.0,-176.0,467.0,32865.0,5517312.0,2267.0,2816.0,0.0
3629343000,0.010266863228834468,97400.73260073259,2334.0,2043.0,2053.0,1224.0,444.0,-304.0,-16100.0,865.0,-343.0,-23.0,-63.0,-176.0,467.0,32865.0,5517312.0,2499.0,2813.0,0.0
3629599000,0.010266863228834468,97400.73260073259,2265.0,2043.0,2055.0,1222.0,440.0,-308.0,-16072.0,862.0,-352.0,-29.0,-71.0,-177.0,469.0,32865.0,5516288.0,2364.0,2817.0,0.0
3629855000,0.010266863228834468,97400.73260073259,2166.0,2042.0,2054.0,1223.0,412.0,-292.0,-16036.0,862.0,-349.0,-32.0,-66.0,-177.0,473.0,32865.0,5516288.0,2304.0,2818.0,0.0
3630111000,0.010266863228834468,97400.73260073259,2187.0,2043.0,2054.0,1222.0,472.0,-268.0,-16076.0,868.0,-332.0,-20.0,-67.0,-177.0,470.0,32865.0,5516800.0,2484.0,2797.0,0.0
3630367000,0.010266863228834468,97400.73260073259,2200.0,2043.0,2053.0,1222.0,460.0,-304.0,-16128.0,881.0,-356.0,-29.0,-67.0,-177.0,470.0,32865.0,5516800.0,2351.0,2816.0,0.0
3630623000,0.010266863228834468,97400.73260073259,2305.0,2042.0,2052.0,1223.0,448.0,-292.0,-16116.0,872.0,-350.0,-17.0,-63.0,-176.0,468.0,32865.0,5516800.0,2298.0,2817.0,0.0
3630879000,0.010266657306751175,97402.68620268619,2280.0,2042.0,2052.0,1225.0,464.0,-264.0,-16024.0,875.0,-343.0,-36.0,-63.0,-180.0,472.0,32865.0,5516800.0,2273.0,2817.0,0.0
3631135000,0.010266863228834468,97400.73260073259,2306.0,2042.0,2050.0,1223.0,396.0,-252.0,-16084.0,850.0,-332.0,-38.0,-72.0,-176.0,471.0,32865.0,5516032.0,2255.0,2816.0,0.0
3631391000,0.010266863228834468,97400.73260073259,2250.0,2044.0,2050.0,1222.0,452.0,-268.0,-16112.0,870.0,-362.0,-2.0,-61.0,-179.0,467.0,32865.0,5516032.0,2247.0,2816.0,0.0
3631647000,0.010266863228834468,97400.73260073259,2226.0,2043.0,2052.0,1223.0,472.0,-292.0,-16124.0,879.0,-350.0,-39.0,-61.0,-179.0,467.0,32865.0,5516544.0,2244.0,2816.0,0.0
3631903000,0.010266863228834468,97400.73260073259,2249.0,2043.0,2053.0,1222.0,440.0,-288.0,-16072.0,861.0,-345.0,-24.0,-63.0,-177.0,472.0,32865.0,5516544.0,2249.0,2818.0,0.0
3632159000,0.010266863228834468,97400.73260073259,2196.0,2042.0,2053.0,1221.0,408.0,-248.0,-16076.0,862.0,-359.0,-15.0,-72.0,-187.0,471.0,32865.0,5516544.0,2244.0,2816.0,0.0
3632415000,0.010266863228834468,97400.73260073259,2244.0,2045.0,2052.0,1221.0,416.0,-280.0,-16084.0,868.0,-324.0,-29.0,-62.0,-178.0,470.0,32865.0,5516544.0,2249.0,2817.0,0.0
3632671000,0.010266863228834468,97400.73260073259,2272.0,2044.0,2052.0,1223.0,440.0,-292.0,-16128.0,874.0,-348.0,-34.0,-69.0,-177.0,470.0,32865.0,5516288.0,2498.0,2815.0,0.0
3632927000,0.010266863228834468,97400.73260073259,2245.0,2044.0,2052.0,1221.0,424.0,-300.0,-16120.0,873.0,-348.0,-18.0,-69.0,-177.0,470.0,32865.0,5516288.0,2364.0,2817.0,0.0
3633183000,0.010266863228834468,97400.73260073259,2346.0,2041.0,2053.0,1221.0,408.0,-292.0,-16072.0,874.0,-340.0,-34.0,-68.0,-175.0,467.0,32865.0,5516288.0,2297.0,2816.0,0.0
3633439000,0.010266863228834468,97400.73260073259,2286.0,2042.0,2054.0,1223.0,420.0,-296.0,-16072.0,870.0,-341.0,-37.0,-66.0,-173.0,470.0,32865.0,5516288.0,2488.0,2799.0,0.0
3633695000,0.010266863228834468,97400.73260073259,2267.0,2041.0,2052.0,1222.0,436.0,-308.0,-16092.0,865.0,-354.0,-26.0,-74.0,-179.0,472.0,32865.0,5516544.0,2352.0,2816.0,0.0
3633951000,0.010266863228834468,97400.73260073259,2329.0,2043.0,2054.0,1223.0,436.0,-284.0,-16104.0,866.0,-351.0,-31.0,-74.0,-179.0,472.0,32865.0,5516544.0,2299.0,2817.0,0.0
3634207000,0.010266863228834468,97400.73260073259,2272.0,2041.0,2051.0,1223.0,436.0,-324.0,-16108.0,859.0,-350.0,-29.0,-64.0,-181.0,472.0,32865.0,5516032.0,2475.0,2796.0,0.0
3634463000,0.010266863228834468,97400.73260073259,2260.0,2043.0,2053.0,1223.0,456.0,-304.0,-16068.0,870.0,-336.0,-31.0,-85.0,-181.0,465.0,32865.0,5516032.0,2347.0,2816.0,0.0
3634719000,0.010266863228834468,97400.73260073259,2292.0,2042.0,2051.0,1222.0,424.0,-300.0,-16072.0,872.0,-352.0,-25.0,-68.0,-179.0,471.0,32865.0,5516288.0,2296.0,2817.0,0.0
3634975000,0.010266863228834468,97400.73260073259,2314.0,2040.0,2052.0,1222.0,452.0,-268.0,-16096.0,877.0,-353.0,-23.0,-63.0,-176.0,469.0,32865.0,5516288.0,2272.0,2817.0,0.0
3635231000,0.010266863228834468,97400.73260073259,2294.0,2041.0,2052.0,1223.0,432.0,-232.0,-16080.0,861.0,-345.0,-9.0,-63.0,-176.0,469.0,32865.0,5516800.0,2255.0,2816.0,0.0
3635487000,0.010266863228834468,97400.73260073259,2278.0,2042.0,2052.0,1222.0,420.0,-268.0,-16064.0,862.0,-360.0,-41.0,-84.0,-178.0,474.0,32865.0,5516800.0,2494.0,2814.0,0.0
3635743000,0.010266863228834468,97400.73260073259,2283.0,2042.0,2052.0,1222.0,452.0,-280.0,-16080.0,866.0,-355.0,-13.0,-58.0,-181.0,470.0,32865.0,5516288.0,2355.0,2816.0,0.0
3635999000,0.010266863228834468,97400.73260073259,2315.0,2043.0,2052.0,1221.0,432.0,-276.0,-16068.0,876.0,-333.0,-15.0,-66.0,-177.0,471.0,32865.0,5516288.0,2300.0,2817.0,0.0
3636255000,0.010266863228834468,97400.73260073259,2316.0,2042.0,2052.0,1224.0,436.0,-300.0,-16136.0,880.0,-355.0,-33.0,-65.0,-181.0,469.0,32865.0,5516032.0,2267.0,2816.0,0.0
3636511000,0.010266863228834468,97400.73260073259,2342.0,2042.0,2053.0,1223.0,472.0,-244.0,-16088.0,892.0,-337.0,-26.0,-65.0,-181.0,469.0,32865.0,5516032.0,2499.0,2813.0,0.0
3636767000,0.010266863228834468,97400.73260073259,2264.0,2044.0,2052.0,1224.0,464.0,-300.0,-16044.0,877.0,-360.0,-34.0,-57.0,-173.0,472.0,32865.0,5516544.0,2364.0,2817.0,0.0
3637023000,0.010266863228834468,97400.73260073259,2166.0,2042.0,2053.0,1224.0,392.0,-296.0,-16060.0,846.0,-343.0,-22.0,-61.0,-180.0,473.0,32865.0,5516544.0,2304.0,2817.0,0.0
3637279000,0.010266863228834468,97400.73260073259,2221.0,2044.0,2052.0,1222.0,444.0,-336.0,-16080.0,867.0,-345.0,-17.0,-62.0,-178.0,471.0,32865.0,5516032.0,2276.0,2817.0,0.0
3637535000,0.010266863228834468,97400.73260073259,2265.0,2043.0,2052.0,1221.0,460.0,-320.0,-16116.0,868.0,-358.0,-19.0,-74.0,-175.0,475.0,32865.0,5516032.0,2497.0,2812.0,0.0
3637791000,0.010266863228834468,97400.73260073259,2265.0,2043.0,2051.0,1220.0,428.0,-260.0,-16120.0,859.0,-350.0,-34.0,-74.0,-175.0,475.0,32865.0,5516288.0,2357.0,2816.0,0.0
3638047000,0.010266863228834468,97400.73260073259,2304.0,2043.0,2051.0,1223.0,412.0,-272.0,-16040.0,874.0,-364.0,-28.0,-70.0,-182.0,468.0,32865.0,5516288.0,2302.0,2818.0,0.0
3638303000,0.010266863228834468,97400.73260073259,2329.0,2042.0,2050.0,1223.0,452.0,-232.0,-16040.0,881.0,-364.0,-35.0,-63.0,-178.0,471.0,32865.0,5516288.0,2268.0,2816.0,0.0
3638559000,0.010266863228834468,97400.73260073259,2289.0,2043.0,2051.0,1221.0,448.0,-264.0,-16104.0,897.0,-348.0,-38.0,-71.0,-177.0,467.0,32865.0,5516288.0,2260.0,2817.0,0.0
3638815000,0.010266863228834468,97400.73260073259,2242.0,2041.0,2051.0,1221.0,452.0,-280.0,-16128.0,879.0,-341.0,-11.0,-71.0,-177.0,467.0,32865.0,5516288.0,2248.0,2816.0,0.0
3639071000,0.010266863228834468,97400.73260073259,2274.0,2041.0,2052.0,1218.0,396.0,-292.0,-16068.0,872.0,-349.0,-30.0,-75.0,-181.0,471.0,32865.0,5516288.0,2253.0,2818.0,0.0
3639327000,0.010266863228834468,97400.73260073259,2224.0,2041.0,2052.0,1222.0,420.0,-256.0,-16040.0,874.0,-347.0,-35.0,-70.0,-179.0,471.0,32865.0,5517056.0,2252.0,2817.0,0.0
3639583000,0.010266863228834468,97400.73260073259,2251.0,2043.0,2052.0,1220.0,444.0,-288.0,-16108.0,863.0,-347.0,-30.0,-66.0,-179.0,474.0,32865.0,5517056.0,2252.0,2817.0,0.0
3639839000,0.010266863228834468,97400.73260073259,2243.0,2043.0,2052.0,1224.0,464.0,-312.0,-16068.0,877.0,-344.0,-31.0,-64.0,-173.0,471.0,32865.0,5516544.0,2252.0,2817.0,0.0
3640095000,0.010266657306751175,97402.68620268619,2214.0,2043.0,2051.0,1224.0,436.0,-292.0,-16028.0,870.0,-347.0,-37.0,-64.0,-173.0,471.0,32865.0,5516544.0,2252.0,2817.0,0.0
3640351000,0.010266863228834468,97400.73260073259,2250.0,2043.0,2052.0,1224.0,452.0,-288.0,-16052.0,862.0,-338.0,-32.0,-67.0,-177.0,471.0,32865.0,5516544.0,2246.0,2816.0,0.0
3640607000,0.010266863228834468,97400.73260073259,2213.0,2042.0,2054.0,1223.0,484.0,-308.0,-16112.0,876.0,-343.0,-17.0,-64.0,-176.0,472.0,32865.0,5516544.0,2249.0,2817.0,0.0
3640863000,0.010266863228834468,97400.73260073259,2221.0,2043.0,2052.0,1222.0,444.0,-292.0,-16092.0,863.0,-342.0,-11.0,-65.0,-174.0,468.0,32865.0,5516288.0,2244.0,2816.0,0.0
3641119000,0.010266863228834468,97400.73260073259,2233.0,2042.0,2053.0,1221.0,432.0,-336.0,-16068.0,866.0,-360.0,-4.0,-62.0,-175.0,476.0,32865.0,5516288.0,2249.0,2817.0,0.0
3641375000,0.010266863228834468,97400.73260073259,2189.0,2043.0,2053.0,1222.0,428.0,-304.0,-16064.0,884.0,-353.0,-14.0,-62.0,-175.0,476.0,32865.0,5516288.0,2244.0,2816.0,0.0
3641631000,0.010266863228834468,97400.73260073259,2277.0,2042.0,2052.0,1222.0,468.0,-316.0,-16052.0,881.0,-343.0,-22.0,-62.0,-182.0,466.0,32865.0,5516288.0,2489.0,2814.0,0.0
3641887000,0.010266863228834468,97400.73260073259,2232.0,2043.0,2051.0,1222.0,432.0,-308.0,-16076.0,880.0,-357.0,-28.0,-74.0,-178.0,467.0,32865.0,5516288.0,2359.0,2817.0,0.0
3642143000,0.010266863228834468,97400.73260073259,2321.0,2043.0,2050.0,1222.0,428.0,-252.0,-16076.0,849.0,-353.0,-39.0,-72.0,-179.0,468.0,32865.0,5516288.0,2302.0,2817.0,0.0
3642399000,0.010266863228834468,97400.73260073259,2383.0,2042.0,2051.0,1220.0,412.0,-244.0,-16116.0,884.0,-358.0,-39.0,-70.0,-182.0,472.0,32865.0,5516288.0,2522.0,2815.0,0.0
3642655000,0.010266863228834468,97400.73260073259,2311.0,2041.0,2051.0,1221.0,452.0,-288.0,-16088.0,884.0,-358.0,-39.0,-70.0,-182.0,472.0,32865.0,5516288.0,2375.0,2817.0,0.0
3642911000,0.010266863228834468,97400.73260073259,2200.0,2042.0,2050.0,1222.0,424.0,-284.0,-16028.0,871.0,-335.0,-34.0,-73.0,-180.0,468.0,32865.0,5515776.0,2308.0,2817.0,0.0
3643167000,0.010266863228834468,97400.73260073259,2248.0,2044.0,2054.0,1223.0,452.0,-280.0,-16068.0,873.0,-347.0,-27.0,-70.0,-185.0,468.0,32865.0,5515776.0,2278.0,2817.0,0.0
3643423000,0.010266863228834468,97400.73260073259,2244.0,2044.0,2050.0,1222.0,420.0,-276.0,-16068.0,871.0,-340.0,-18.0,-77.0,-178.0,469.0,32865.0,5516288.0,2257.0,2816.0,0.0
3643679000,0.010266863228834468,97400.73260073259,2256.0,2042.0,2053.0,1222.0,448.0,-280.0,-16068.0,879.0,-353.0,-32.0,-77.0,-178.0,469.0,32865.0,5516288.0,2248.0,2816.0,0.0
3643935000,0.010266863228834468,97400.73260073259,2214.0,2042.0,2054.0,1222.0,440.0,-284.0,-16136.0,865.0,-348.0,-28.0,-65.0,-177.0,474.0,32865.0,5516288.0,2250.0,2817.0,0.0
3644191000,0.010266863228834468,97400.73260073259,2252.0,2041.0,2053.0,1221.0,436.0,-312.0,-16072.0,847.0,-355.0,-30.0,-65.0,-180.0,474.0,32865.0,5516288.0,2252.0,2817.0,0.0
3644447000,0.010266863228834468,97400.73260073259,2241.0,2043.0,2052.0,1223.0,428.0,-300.0,-16064.0,869.0,-342.0,-15.0,-65.0,-171.0,472.0,32865.0,5516288.0,2251.0,2816.0,0.0
3644703000,0.010266863228834468,97400.73260073259,2212.0,2043.0,2052.0,1221.0,464.0,-332.0,-16052.0,871.0,-357.0,-32.0,-65.0,-175.0,467.0,32865.0,5516288.0,2245.0,2816.0,0.0
3644959000,0.010266863228834468,97400.73260073259,2237.0,2042.0,2052.0,1219.0,440.0,-296.0,-16076.0,866.0,-347.0,-26.0,-65.0,-175.0,467.0,32865.0,5516288.0,2242.0,2816.0,0.0
3645215000,0.010266863228834468,97400.73260073259,2206.0,2040.0,2051.0,1221.0,460.0,-296.0,-16096.0,878.0,-344.0,-42.0,-61.0,-183.0,468.0,32865.0,5516288.0,2249.0,2818.0,0.0
3645471000,0.010266863228834468,97400.73260073259,2241.0,2042.0,2051.0,1222.0,436.0,-304.0,-16104.0,876.0,-353.0,-30.0,-64.0,-172.0,468.0,32865.0,5516544.0,2251.0,2817.0,0.0
3645727000,0.010266863228834468,97400.73260073259,2274.0,2044.0,2053.0,1224.0,476.0,-276.0,-16028.0,882.0,-345.0,-28.0,-61.0,-175.0,473.0,32865.0,5516544.0,2492.0,2814.0,0.0
3645983000,0.010266863228834468,97400.73260073259,2212.0,2044.0,2050.0,1224.0,448.0,-264.0,-16036.0,869.0,-340.0,-35.0,-65.0,-178.0,464.0,32865.0,5516032.0,2354.0,2816.0,0.0
3646239000,0.010266863228834468,97400.73260073259,2341.0,2042.0,2051.0,1222.0,456.0,-288.0,-16108.0,848.0,-354.0,-21.0,-65.0,-178.0,464.0,32865.0,5516032.0,2299.0,2817.0,0.0
3646495000,0.010266863228834468,97400.73260073259,2299.0,2043.0,2053.0,1223.0,444.0,-292.0,-16092.0,876.0,-344.0,-26.0,-70.0,-179.0,465.0,32865.0,5516288.0,2267.0,2816.0,0.0
3646751000,0.010266863228834468,97400.73260073259,2326.0,2042.0,2051.0,1224.0,432.0,-292.0,-16072.0,879.0,-345.0,-15.0,-72.0,-179.0,471.0,32865.0,5516288.0,2500.0,2814.0,0.0
3647007000,0.010266863228834468,97400.73260073259,2287.0,2040.0,2053.0,1223.0,428.0,-304.0,-16048.0,878.0,-354.0,-44.0,-68.0,-182.0,474.0,32865.0,5516800.0,2358.0,2816.0,0.0
3647263000,0.010266863228834468,97400.73260073259,2314.0,2043.0,2053.0,1222.0,416.0,-296.0,-16100.0,867.0,-342.0,-25.0,-68.0,-182.0,474.0,32865.0,5516800.0,2301.0,2817.0,0.0
3647519000,0.010266863228834468,97400.73260073259,2341.0,2042.0,2053.0,1223.0,424.0,-300.0,-16096.0,881.0,-342.0,-42.0,-69.0,-173.0,472.0,32865.0,5516288.0,2268.0,2816.0,0.0
3647775000,0.010266863228834468,97400.73260073259,2321.0,2041.0,2054.0,1221.0,396.0,-304.0,-16072.0,888.0,-335.0,-30.0,-68.0,-176.0,468.0,32865.0,5516288.0,2500.0,2814.0,0.0
3648031000,0.010266863228834468,97400.73260073259,2279.0,2043.0,2053.0,1220.0,416.0,-312.0,-16036.0,882.0,-375.0,-12.0,-72.0,-172.0,469.0,32865.0,5516800.0,2364.0,2817.0,0.0
3648287000,0.010266863228834468,97400.73260073259,2347.0,2043.0,2052.0,1220.0,440.0,-304.0,-16060.0,873.0,-353.0,-18.0,-80.0,-182.0,468.0,32865.0,5516800.0,2512.0,2797.0,0.0
3648543000,0.010266863228834468,97400.73260073259,2263.0,2042.0,2052.0,1222.0,404.0,-280.0,-16124.0,861.0,-335.0,-14.0,-80.0,-182.0,468.0,32865.0,5516032.0,2364.0,2816.0,0.0
3648799000,0.010266863228834468,97400.73260073259,2418.0,2042.0,2052.0,1223.0,448.0,-328.0,-16088.0,881.0,-346.0,-37.0,-68.0,-186.0,474.0,32865.0,5516032.0,2550.0,2815.0,0.0
3649055000,0.010266863228834468,97400.73260073259,2358.0,2043.0,2052.0,1224.0,432.0,-312.0,-16076.0,872.0,-356.0,-18.0,-60.0,-177.0,475.0,32865.0,5516800.0,2381.0,2816.0,0.0
3649311000,0.010266863228834468,97400.73260073259,2190.0,2042.0,2051.0,1223.0,412.0,-260.0,-16048.0,879.0,-352.0,-38.0,-61.0,-176.0,470.0,32865.0,5516800.0,2311.0,2817.0,0.0
3649567000,0.010266863228834468,97400.73260073259,2271.0,2043.0,2051.0,1222.0,460.0,-268.0,-16072.0,868.0,-337.0,-8.0,-60.0,-180.0,472.0,32865.0,5516544.0,2272.0,2816.0,0.0
3649823000,0.010266863228834468,97400.73260073259,2275.0,2042.0,2051.0,1222.0,420.0,-292.0,-16076.0,869.0,-349.0,-23.0,-60.0,-180.0,472.0,32865.0,5516544.0,2502.0,2814.0,0.0
3650079000,0.010266863228834468,97400.73260073259,2291.0,2042.0,2052.0,1222.0,436.0,-268.0,-16120.0,867.0,-344.0,-25.0,-58.0,-183.0,474.0,32865.0,5516544.0,2366.0,2817.0,0.0
3650335000,0.010266863228834468,97400.73260073259,2142.0,2042.0,2050.0,1222.0,420.0,-284.0,-16056.0,886.0,-353.0,-27.0,-59.0,-179.0,470.0,32865.0,5516544.0,2304.0,2817.0,0.0
3650591000,0.010266863228834468,97400.73260073259,2197.0,2042.0,2053.0,1224.0,440.0,-300.0,-16080.0,888.0,-354.0,-41.0,-74.0,-180.0,475.0,32865.0,5516544.0,2270.0,2816.0,0.0
3650847000,0.010266863228834468,97400.73260073259,2250.0,2042.0,2053.0,1222.0,404.0,-300.0,-16080.0,875.0,-341.0,-13.0,-65.0,-173.0,469.0,32865.0,5516544.0,2254.0,2816.0,0.0
3651103000,0.010266657306751175,97402.68620268619,2221.0,2043.0,2053.0,1222.0,428.0,-308.0,-16124.0,858.0,-353.0,-46.0,-65.0,-173.0,469.0,32865.0,5517056.0,2253.0,2817.0,0.0
3651359000,0.010266863228834468,97400.73260073259,2247.0,2042.0,2054.0,1221.0,416.0,-256.0,-16044.0,875.0,-365.0,-40.0,-64.0,-181.0,472.0,32865.0,5517056.0,2253.0,2817.0,0.0
3651615000,0.010266863228834468,97400.73260073259,2240.0,2042.0,2052.0,1223.0,416.0,-264.0,-16060.0,881.0,-364.0,-15.0,-66.0,-174.0,475.0,32865.0,5516800.0,2246.0,2816.0,0.0
3651871000,0.010266657306751175,97402.68620268619,2207.0,2042.0,2052.0,1222.0,448.0,-316.0,-16124.0,858.0,-325.0,-23.0,-68.0,-181.0,471.0,32865.0,5516800.0,2249.0,2817.0,0.0
3652127000,0.010266863228834468,97400.73260073259,2239.0,2043.0,2052.0,1226.0,424.0,-268.0,-16104.0,867.0,-356.0,-23.0,-68.0,-181.0,471.0,32865.0,5516800.0,2244.0,2816.0,0.0
3652383000,0.010266863228834468,97400.73260073259,2213.0,2043.0,2052.0,1222.0,440.0,-244.0,-16088.0,864.0,-350.0,-21.0,-67.0,-179.0,468.0,32865.0,5516800.0,2249.0,2817.0,0.0
3652639000,0.010266863228834468,97400.73260073259,2214.0,2042.0,2050.0,1223.0,396.0,-280.0,-16032.0,874.0,-359.0,-41.0,-74.0,-183.0,473.0,32865.0,5516800.0,2244.0,2816.0,0.0
3652895000,0.010266863228834468,97400.73260073259,2267.0,2042.0,2051.0,1223.0,424.0,-284.0,-16092.0,868.0,-353.0,-47.0,-70.0,-179.0,471.0,32865.0,5516800.0,2489.0,2814.0,0.0
3653151000,0.010266863228834468,97400.73260073259,2212.0,2043.0,2050.0,1221.0,468.0,-288.0,-16124.0,876.0,-346.0,-20.0,-70.0,-178.0,474.0,32865.0,5516288.0,2360.0,2817.0,0.0
3653407000,0.010266863228834468,97400.73260073259,2341.0,2042.0,2049.0,1222.0,428.0,-288.0,-16076.0,879.0,-357.0,-18.0,-70.0,-178.0,474.0,32865.0,5516288.0,2302.0,2817.0,0.0
3653663000,0.010266863228834468,97400.73260073259,2323.0,2042.0,2052.0,1223.0,424.0,-264.0,-16052.0,878.0,-337.0,-32.0,-62.0,-185.0,474.0,32865.0,5517312.0,2275.0,2817.0,0.0
3653919000,0.010266863228834468,97400.73260073259,2300.0,2043.0,2053.0,1224.0,420.0,-280.0,-16060.0,871.0,-343.0,-17.0,-68.0,-180.0,466.0,32865.0,5517312.0,2263.0,2817.0,0.0
3654175000,0.010266863228834468,97400.73260073259,2304.0,2043.0,2055.0,1222.0,444.0,-300.0,-16072.0,865.0,-351.0,-20.0,-67.0,-176.0,472.0,32865.0,5517056.0,2257.0,2817.0,0.0
3654431000,0.010266863228834468,97400.73260073259,2232.0,2042.0,2054.0,1221.0,416.0,-272.0,-16096.0,874.0,-341.0,-37.0,-63.0,-180.0,473.0,32865.0,5517056.0,2248.0,2816.0,0.0
3654687000,0.010266863228834468,97400.73260073259,2249.0,2041.0,2053.0,1225.0,420.0,-312.0,-16064.0,873.0,-354.0,-34.0,-63.0,-180.0,473.0,32865.0,5516800.0,2244.0,2816.0,0.0
3654943000,0.010266863228834468,97400.73260073259,2232.0,2042.0,2052.0,1220.0,416.0,-296.0,-16092.0,893.0,-342.0,-37.0,-66.0,-177.0,471.0,32865.0,5516800.0,2249.0,2817.0,0.0
3655199000,0.010266863228834468,97400.73260073259,2204.0,2043.0,2053.0,1219.0,408.0,-308.0,-16064.0,874.0,-363.0,-12.0,-58.0,-177.0,471.0,32865.0,5516800.0,2244.0,2816.0,0.0
3655455000,0.010266863228834468,97400.73260073259,2246.0,2042.0,2052.0,1222.0,412.0,-280.0,-16100.0,855.0,-350.0,-27.0,-67.0,-178.0,475.0,32865.0,5516800.0,2249.0,2817.0,0.0
3655711000,0.010266863228834468,97400.73260073259,2194.0,2042.0,2054.0,1222.0,416.0,-288.0,-16116.0,862.0,-353.0,-28.0,-67.0,-178.0,475.0,32865.0,5517312.0,2244.0,2816.0,0.0
3655967000,0.010266863228834468,97400.73260073259,2232.0,2042.0,2052.0,1223.0,428.0,-244.0,-16152.0,870.0,-353.0,-18.0,-73.0,-182.0,467.0,32865.0,5517312.0,2249.0,2817.0,0.0
3656223000,0.010266863228834468,97400.73260073259,2221.0,2043.0,2051.0,1224.0,404.0,-260.0,-16040.0,885.0,-349.0,-25.0,-74.0,-175.0,469.0,32865.0,5516800.0,2244.0,2816.0,0.0
3656479000,0.010266863228834468,97400.73260073259,2196.0,2043.0,2052.0,1222.0,412.0,-256.0,-16080.0,871.0,-344.0,-45.0,-67.0,-183.0,473.0,32865.0,5516800.0,2248.0,2817.0,0.0
3656735000,0.010266863228834468,97400.73260073259,2233.0,2042.0,2049.0,1221.0,444.0,-260.0,-16088.0,868.0,-343.0,-18.0,-70.0,-181.0,469.0,32865.0,5516800.0,2244.0,2816.0,0.0
3656991000,0.010266863228834468,97400.73260073259,2234.0,2041.0,2051.0,1221.0,396.0,-280.0,-16116.0,875.0,-353.0,-29.0,-70.0,-181.0,469.0,32865.0,5516800.0,2489.0,2814.0,0.0
3657247000,0.010266863228834468,97400.73260073259,2231.0,2041.0,2052.0,1223.0,416.0,-256.0,-16084.0,875.0,-348.0,-32.0,-80.0,-182.0,473.0,32865.0,5516800.0,2353.0,2816.0,0.0
3657503000,0.010266863228834468,97400.73260073259,2325.0,2042.0,2052.0,1223.0,428.0,-284.0,-16044.0,873.0,-340.0,-38.0,-66.0,-180.0,470.0,32865.0,5516800.0,2299.0,2817.0,0.0
3657759000,0.010266657306751175,97402.68620268619,2291.0,2044.0,2053.0,1222.0,408.0,-288.0,-16076.0,865.0,-355.0,-27.0,-65.0,-177.0,469.0,32865.0,5516288.0,2273.0,2817.0,0.0
3658015000,0.010266863228834468,97400.73260073259,2296.0,2043.0,2053.0,1223.0,404.0,-308.0,-16092.0,864.0,-357.0,-36.0,-91.0,-183.0,470.0,32865.0,5516288.0,2471.0,2798.0,0.0
3658271000,0.010266863228834468,97400.73260073259,2224.0,2042.0,2053.0,1221.0,432.0,-292.0,-16120.0,886.0,-357.0,-40.0,-91.0,-183.0,470.0,32865.0,5516800.0,2352.0,2817.0,0.0
3658527000,0.010266863228834468,97400.73260073259,2309.0,2042.0,2052.0,1222.0,396.0,-280.0,-16060.0,865.0,-350.0,-21.0,-60.0,-181.0,467.0,32865.0,5516800.0,2298.0,2817.0,0.0
3658783000,0.010266863228834468,97400.73260073259,2296.0,2042.0,2053.0,1219.0,384.0,-300.0,-16040.0,885.0,-347.0,-31.0,-64.0,-177.0,465.0,32865.0,5516800.0,2475.0,2796.0,0.0
3659039000,0.010266863228834468,97400.73260073259,2220.0,2042.0,2053.0,1220.0,412.0,-316.0,-16116.0,881.0,-346.0,-29.0,-66.0,-172.0,471.0,32865.0,5516800.0,2354.0,2817.0,0.0
3659295000,0.010266863228834468,97400.73260073259,2386.0,2041.0,2051.0,1220.0,432.0,-232.0,-16112.0,867.0,-340.0,-30.0,-57.0,-180.0,473.0,32865.0,5516544.0,2546.0,2815.0,0.0
3659551000,0.010266863228834468,97400.73260073259,2348.0,2041.0,2052.0,1223.0,416.0,-280.0,-16048.0,869.0,-366.0,-17.0,-57.0,-180.0,473.0,32865.0,5516544.0,2386.0,2817.0,0.0
3659807000,0.010266863228834468,97400.73260073259,2179.0,2044.0,2052.0,1223.0,452.0,-280.0,-16080.0,869.0,-366.0,-17.0,-69.0,-178.0,470.0,32865.0,5516800.0,2307.0,2816.0,0.0
3660063000,0.010266863228834468,97400.73260073259,2320.0,2042.0,2050.0,1223.0,408.0,-300.0,-16072.0,875.0,-341.0,-17.0,-68.0,-181.0,472.0,32865.0,5516800.0,2524.0,2815.0,0.0
3660319000,0.010266863228834468,97400.73260073259,2317.0,2042.0,2050.0,1223.0,416.0,-240.0,-16100.0,871.0,-364.0,-20.0,-71.0,-178.0,466.0,32865.0,5517312.0,2624.0,2815.0,0.0
3660575000,0.010266863228834468,97400.73260073259,2375.0,2041.0,2050.0,1221.0,400.0,-260.0,-16104.0,870.0,-346.0,-27.0,-71.0,-178.0,466.0,32865.0,5517312.0,2624.0,2796.0,0.0
3660831000,0.010266863228834468,97400.73260073259,2397.0,2043.0,2051.0,1220.0,392.0,-276.0,-16096.0,885.0,-332.0,-19.0,-66.0,-178.0,470.0,32865.0,5516544.0,2416.0,2816.0,0.0
3661087000,0.010266863228834468,97400.73260073259,2283.0,2041.0,2051.0,1221.0,412.0,-236.0,-16084.0,872.0,-351.0,-37.0,-75.0,-177.0,469.0,32865.0,5516544.0,2575.0,2815.0,0.0
3661343000,0.010266863228834468,97400.73260073259,2361.0,2041.0,2052.0,1223.0,412.0,-284.0,-16064.0,856.0,-358.0,-45.0,-66.0,-175.0,466.0,32865.0,5516800.0,2399.0,2817.0,0.0
3661599000,0.010266863228834468,97400.73260073259,2191.0,2041.0,2052.0,1223.0,400.0,-268.0,-16084.0,868.0,-344.0,-51.0,-66.0,-173.0,468.0,32865.0,5516800.0,2319.0,2817.0,0.0
3661855000,0.010266863228834468,97400.73260073259,2266.0,2042.0,2051.0,1221.0,412.0,-316.0,-16080.0,880.0,-358.0,-19.0,-66.0,-173.0,468.0,32865.0,5517056.0,2276.0,2816.0,0.0
3662111000,0.010266863228834468,97400.73260073259,2332.0,2042.0,2054.0,1221.0,420.0,-284.0,-16100.0,872.0,-355.0,-32.0,-68.0,-176.0,466.0,32865.0,5517056.0,2511.0,2815.0,0.0
3662367000,0.010266657306751175,97402.68620268619,2274.0,2042.0,2053.0,1223.0,420.0,-308.0,-16068.0,874.0,-348.0,-15.0,-63.0,-176.0,472.0,32865.0,5516544.0,2370.0,2817.0,0.0
3662623000,0.010266863228834468,97400.73260073259,2179.0,2042.0,2052.0,1222.0,420.0,-304.0,-16056.0,874.0,-356.0,-44.0,-61.0,-176.0,474.0,32865.0,5516544.0,2306.0,2817.0,0.0
3662879000,0.010266863228834468,97400.73260073259,2272.0,2043.0,2052.0,1223.0,392.0,-264.0,-16128.0,869.0,-342.0,-29.0,-64.0,-178.0,469.0,32865.0,5516032.0,2523.0,2815.0,0.0
3663135000,0.010266863228834468,97400.73260073259,2277.0,2042.0,2054.0,1224.0,400.0,-276.0,-16072.0,877.0,-345.0,-18.0,-64.0,-178.0,469.0,32865.0,5516032.0,2369.0,2816.0,0.0
3663391000,0.010266863228834468,97400.73260073259,2355.0,2043.0,2052.0,1223.0,412.0,-252.0,-16076.0,882.0,-351.0,-21.0,-52.0,-176.0,470.0,32865.0,5516032.0,2299.0,2816.0,0.0
3663647000,0.010266863228834468,97400.73260073259,2307.0,2043.0,2051.0,1222.0,396.0,-300.0,-16072.0,863.0,-347.0,-47.0,-68.0,-177.0,469.0,32865.0,5516032.0,2274.0,2817.0,0.0
3663903000,0.010266863228834468,97400.73260073259,2315.0,2041.0,2051.0,1221.0,448.0,-272.0,-16096.0,871.0,-344.0,-45.0,-68.0,-179.0,465.0,32865.0,5516800.0,2256.0,2816.0,0.0
3664159000,0.010266863228834468,97400.73260073259,2299.0,2042.0,2052.0,1220.0,388.0,-260.0,-16080.0,863.0,-349.0,-22.0,-62.0,-175.0,469.0,32865.0,5516800.0,2494.0,2814.0,0.0
3664415000,0.010266863228834468,97400.73260073259,2269.0,2042.0,2051.0,1224.0,408.0,-228.0,-16096.0,874.0,-348.0,-24.0,-62.0,-175.0,469.0,32865.0,5516544.0,2363.0,2817.0,0.0
3664671000,0.010266863228834468,97400.73260073259,2348.0,2043.0,2052.0,1221.0,408.0,-268.0,-16028.0,866.0,-352.0,-22.0,-64.0,-177.0,474.0,32865.0,5516544.0,2511.0,2797.0,0.0
3664927000,0.010266863228834468,97400.73260073259,2269.0,2041.0,2053.0,1223.0,388.0,-248.0,-16056.0,879.0,-336.0,-36.0,-76.0,-178.0,467.0,32865.0,5517056.0,2363.0,2816.0,0.0
3665183000,0.010266863228834468,97400.73260073259,2362.0,2042.0,2052.0,1221.0,424.0,-308.0,-16088.0,872.0,-351.0,-42.0,-67.0,-183.0,468.0,32865.0,5517056.0,2297.0,2816.0,0.0
3665439000,0.010266863228834468,97400.73260073259,2330.0,2041.0,2052.0,1220.0,412.0,-304.0,-16132.0,871.0,-340.0,-11.0,-67.0,-183.0,468.0,32865.0,5516800.0,2273.0,2817.0,0.0
3665695000,0.010266657306751175,97402.68620268619,2300.0,2043.0,2052.0,1223.0,420.0,-268.0,-16080.0,860.0,-353.0,-21.0,-68.0,-183.0,471.0,32865.0,5516800.0,2263.0,2818.0,0.0
3665951000,0.010266863228834468,97400.73260073259,2303.0,2042.0,2051.0,1221.0,408.0,-4.0,-16040.0,891.0,-355.0,-37.0,-71.0,-177.0,471.0,32865.0,5516800.0,2251.0,2816.0,0.0
3666207000,0.010266863228834468,97400.73260073259,2287.0,2043.0,2051.0,1223.0,404.0,-312.0,-16072.0,870.0,-337.0,-4.0,-82.0,-181.0,467.0,32865.0,5516800.0,2498.0,2815.0,0.0
3666463000,0.010266863228834468,97400.73260073259,2276.0,2042.0,2053.0,1222.0,432.0,-264.0,-16092.0,877.0,-351.0,-20.0,-70.0,-173.0,465.0,32865.0,5516544.0,2357.0,2816.0,0.0
3666719000,0.010266863228834468,97400.73260073259,2335.0,2042.0,2052.0,1221.0,404.0,-268.0,-16124.0,872.0,-334.0,-25.0,-70.0,-173.0,465.0,32865.0,5516544.0,2300.0,2817.0,0.0
3666975000,0.010266657306751175,97402.68620268619,2299.0,2042.0,2052.0,1222.0,424.0,-296.0,-16120.0,865.0,-346.0,-24.0,-68.0,-184.0,466.0,32865.0,5516800.0,2267.0,2816.0,0.0
3667231000,0.010266863228834468,97400.73260073259,2320.0,2042.0,2051.0,1222.0,380.0,-272.0,-16084.0,868.0,-338.0,-30.0,-67.0,-180.0,471.0,32865.0,5516800.0,2259.0,2817.0,0.0
3667487000,0.010266863228834468,97400.73260073259,2251.0,2043.0,2050.0,1224.0,400.0,-276.0,-16052.0,869.0,-359.0,-17.0,-66.0,-178.0,465.0,32865.0,5516544.0,2249.0,2816.0,0.0
3667743000,0.010266863228834468,97400.73260073259,2241.0,2044.0,2051.0,1222.0,436.0,-260.0,-16064.0,876.0,-339.0,-41.0,-67.0,-178.0,469.0,32865.0,5516544.0,2244.0,2816.0,0.0
3667999000,0.010266863228834468,97400.73260073259,2232.0,2042.0,2051.0,1223.0,404.0,-264.0,-16072.0,879.0,-338.0,-27.0,-67.0,-178.0,469.0,32865.0,5516544.0,2242.0,2816.0,0.0
3668255000,0.010266863228834468,97400.73260073259,2170.0,2043.0,2052.0,1224.0,440.0,-288.0,-16132.0,853.0,-352.0,-14.0,-65.0,-174.0,471.0,32865.0,5516544.0,2458.0,2800.0,0.0
3668511000,0.010266863228834468,97400.73260073259,2204.0,2042.0,2052.0,1222.0,440.0,-288.0,-16072.0,876.0,-350.0,-6.0,-62.0,-174.0,472.0,32865.0,5516288.0,2346.0,2817.0,0.0
3668767000,0.010266863228834468,97400.73260073259,2273.0,2041.0,2053.0,1223.0,412.0,-292.0,-16048.0,868.0,-352.0,-31.0,-62.0,-182.0,469.0,32865.0,5516288.0,2295.0,2817.0,0.0
3669023000,0.010266657306751175,97402.68620268619,2282.0,2043.0,2053.0,1220.0,440.0,-332.0,-16056.0,855.0,-349.0,-14.0,-62.0,-182.0,469.0,32865.0,5516800.0,2265.0,2816.0,0.0
3669279000,0.010266863228834468,97400.73260073259,2277.0,2042.0,2052.0,1223.0,472.0,-268.0,-16132.0,869.0,-345.0,-32.0,-64.0,-175.0,475.0,32865.0,5516800.0,2252.0,2816.0,0.0
3669535000,0.010266863228834468,97400.73260073259,2217.0,2043.0,2053.0,1224.0,476.0,-312.0,-16108.0,862.0,-353.0,-7.0,-68.0,-175.0,468.0,32865.0,5516800.0,2245.0,2816.0,0.0
3669791000,0.010266863228834468,97400.73260073259,2256.0,2042.0,2050.0,1224.0,432.0,-300.0,-16056.0,865.0,-349.0,-34.0,-73.0,-181.0,466.0,32865.0,5516800.0,2249.0,2817.0,0.0
3670047000,0.010266863228834468,97400.73260073259,2279.0,2042.0,2052.0,1222.0,444.0,-288.0,-16056.0,871.0,-360.0,-5.0,-68.0,-176.0,474.0,32865.0,5516544.0,2498.0,2815.0,0.0
3670303000,0.010266657306751175,97402.68620268619,2298.0,2041.0,2051.0,1221.0,444.0,-276.0,-16092.0,866.0,-339.0,-25.0,-68.0,-176.0,474.0,32865.0,5516544.0,2611.0,2815.0,0.0
3670559000,0.010266863228834468,97400.73260073259,2386.0,2042.0,2052.0,1223.0,464.0,-296.0,-16096.0,865.0,-336.0,-41.0,-70.0,-177.0,468.0,32865.0,5517056.0,2416.0,2817.0,0.0
3670815000,0.010266863228834468,97400.73260073259,2218.0,2041.0,2051.0,1223.0,408.0,-288.0,-16032.0,879.0,-347.0,-12.0,-62.0,-175.0,465.0,32865.0,5517056.0,2327.0,2817.0,0.0
3671071000,0.010266863228834468,97400.73260073259,2301.0,2041.0,2052.0,1222.0,428.0,-300.0,-16076.0,872.0,-351.0,-44.0,-67.0,-180.0,471.0,32865.0,5517056.0,2280.0,2816.0,0.0
3671327000,0.010266657306751175,97402.68620268619,2273.0,2042.0,2053.0,1224.0,452.0,-268.0,-16100.0,892.0,-340.0,-32.0,-72.0,-173.0,468.0,32865.0,5517056.0,2258.0,2816.0,0.0
3671583000,0.010266657306751175,97402.68620268619,2232.0,2042.0,2052.0,1223.0,412.0,-320.0,-16128.0,859.0,-340.0,-19.0,-72.0,-173.0,468.0,32865.0,5516544.0,2248.0,2816.0,0.0
3671839000,0.010266863228834468,97400.73260073259,2270.0,2043.0,2051.0,1222.0,452.0,-308.0,-16036.0,881.0,-352.0,-37.0,-76.0,-180.0,468.0,32865.0,5516544.0,2251.0,2817.0,0.0
3672095000,0.010266863228834468,97400.73260073259,2214.0,2042.0,2050.0,1222.0,396.0,-284.0,-16036.0,854.0,-360.0,-41.0,-60.0,-175.0,473.0,32865.0,5517056.0,2245.0,2816.0,0.0
3672351000,0.010266863228834468,97400.73260073259,2226.0,2043.0,2054.0,1222.0,424.0,-260.0,-16072.0,872.0,-356.0,-41.0,-57.0,-180.0,472.0,32865.0,5517056.0,2242.0,2816.0,0.0
3672607000,0.010266863228834468,97400.73260073259,2216.0,2043.0,2050.0,1221.0,424.0,-308.0,-16104.0,878.0,-352.0,-32.0,-64.0,-175.0,470.0,32865.0,5516800.0,2241.0,2816.0,0.0
3672863000,0.010266863228834468,97400.73260073259,2196.0,2043.0,2051.0,1220.0,516.0,-268.0,-16064.0,858.0,-335.0,-39.0,-64.0,-175.0,470.0,32865.0,5516800.0,2247.0,2817.0,0.0
3673119000,0.010266863228834468,97400.73260073259,2239.0,2043.0,2052.0,1220.0,472.0,-292.0,-16096.0,862.0,-335.0,-35.0,-64.0,-181.0,471.0,32865.0,5516800.0,2243.0,2816.0,0.0
3673375000,0.010266863228834468,97400.73260073259,2255.0,2043.0,2051.0,1222.0,436.0,-268.0,-16072.0,880.0,-338.0,-26.0,-66.0,-179.0,473.0,32865.0,5516800.0,2495.0,2815.0,0.0
3673631000,0.010266657306751175,97402.68620268619,2244.0,2043.0,2051.0,1221.0,476.0,-284.0,-16080.0,874.0,-367.0,-38.0,-60.0,-180.0,471.0,32865.0,5516288.0,2355.0,2816.0,0.0
3673887000,0.010266863228834468,97400.73260073259,2321.0,2043.0,2053.0,1222.0,428.0,-296.0,-16120.0,879.0,-346.0,-10.0,-60.0,-180.0,471.0,32865.0,5516288.0,2293.0,2816.0,0.0
3674143000,0.010266863228834468,97400.73260073259,2271.0,2042.0,2052.0,1221.0,404.0,-244.0,-16128.0,889.0,-357.0,-23.0,-71.0,-184.0,469.0,32865.0,5516800.0,2264.0,2816.0,0.0
3674399000,0.010266863228834468,97400.73260073259,2303.0,2042.0,2052.0,1221.0,440.0,-312.0,-16068.0,873.0,-347.0,-27.0,-67.0,-182.0,471.0,32865.0,5516800.0,2258.0,2817.0,0.0
3674655000,0.010266863228834468,97400.73260073259,2245.0,2043.0,2054.0,1223.0,412.0,-264.0,-16036.0,885.0,-339.0,-32.0,-70.0,-182.0,472.0,32875.0,5516800.0,2248.0,2816.0,0.0
3674911000,0.010266863228834468,97400.73260073259,2223.0,2041.0,2053.0,1224.0,436.0,-320.0,-16092.0,872.0,-352.0,-33.0,-70.0,-180.0,473.0,32875.0,5516800.0,2244.0,2816.0,0.0
3675167000,0.010266863228834468,97400.73260073259,2232.0,2043.0,2052.0,1223.0,440.0,-264.0,-16080.0,874.0,-359.0,-24.0,-70.0,-180.0,473.0,32875.0,5517056.0,2242.0,2816.0,0.0
3675423000,0.010266863228834468,97400.73260073259,2195.0,2042.0,2051.0,1223.0,476.0,-280.0,-16048.0,864.0,-360.0,-35.0,-71.0,-174.0,472.0,32875.0,5517056.0,2248.0,2817.0,0.0
3675679000,0.010266863228834468,97400.73260073259,2235.0,2042.0,2053.0,1223.0,440.0,-280.0,-16084.0,875.0,-357.0,-39.0,-72.0,-188.0,469.0,32875.0,5516544.0,2243.0,2816.0,0.0
3675935000,0.010266863228834468,97400.73260073259,2221.0,2041.0,2052.0,1220.0,432.0,-284.0,-16080.0,882.0,-348.0,-32.0,-71.0,-179.0,468.0,32875.0,5516544.0,2249.0,2817.0,0.0
3676191000,0.010266863228834468,97400.73260073259,2258.0,2041.0,2051.0,1223.0,480.0,-296.0,-16128.0,876.0,-320.0,-22.0,-72.0,-181.0,474.0,32875.0,5516544.0,2497.0,2815.0,0.0
3676447000,0.010266863228834468,97400.73260073259,2325.0,2042.0,2053.0,1222.0,436.0,-264.0,-16076.0,862.0,-342.0,-19.0,-72.0,-181.0,474.0,32875.0,5516544.0,2611.0,2815.0,0.0
3676703000,0.010266863228834468,97400.73260073259,2335.0,2042.0,2051.0,1225.0,444.0,-288.0,-16064.0,862.0,-342.0,-19.0,-65.0,-174.0,477.0,32875.0,5516544.0,2409.0,2816.0,0.0
3676959000,0.010266863228834468,97400.73260073259,2236.0,2043.0,2051.0,1222.0,440.0,-276.0,-16044.0,868.0,-358.0,-22.0,-62.0,-182.0,473.0,32875.0,5516544.0,2324.0,2817.0,0.0
3677215000,0.010266863228834468,97400.73260073259,2264.0,2042.0,2050.0,1221.0,408.0,-260.0,-16096.0,870.0,-344.0,-21.0,-63.0,-178.0,470.0,32875.0,5516800.0,2272.0,2816.0,0.0
3677471000,0.010266657306751175,97402.68620268619,2290.0,2042.0,2051.0,1223.0,444.0,-276.0,-16040.0,869.0,-351.0,-44.0,-63.0,-178.0,470.0,32875.0,5516800.0,2508.0,2815.0,0.0
3677727000,0.010266863228834468,97400.73260073259,2312.0,2044.0,2052.0,1225.0,444.0,-304.0,-16028.0,872.0,-354.0,-14.0,-67.0,-176.0,472.0,32875.0,5517056.0,2369.0,2817.0,0.0
3677983000,0.010266863228834468,97400.73260073259,2322.0,2044.0,2052.0,1223.0,436.0,-260.0,-16040.0,869.0,-323.0,-30.0,-60.0,-181.0,470.0,32875.0,5517056.0,2514.0,2797.0,0.0
3678239000,0.010266863228834468,97400.73260073259,2317.0,2041.0,2053.0,1221.0,468.0,-300.0,-16072.0,876.0,-340.0,-31.0,-70.0,-184.0,469.0,32875.0,5517056.0,2371.0,2817.0,0.0
3678495000,0.010266863228834468,97400.73260073259,2365.0,2041.0,2051.0,1224.0,448.0,-268.0,-16120.0,869.0,-331.0,-26.0,-63.0,-172.0,468.0,32875.0,5517056.0,2300.0,2816.0,0.0
3678751000,0.010266657306751175,97402.68620268619,2306.0,2042.0,2051.0,1222.0,428.0,-292.0,-16100.0,895.0,-360.0,-44.0,-63.0,-172.0,468.0,32875.0,5516288.0,2267.0,2816.0,0.0
3679007000,0.010266863228834468,97400.73260073259,2324.0,2041.0,2050.0,1223.0,440.0,-312.0,-16044.0,885.0,-347.0,-21.0,-70.0,-176.0,473.0,32875.0,5516288.0,2260.0,2817.0,0.0
3679263000,0.010266863228834468,97400.73260073259,2258.0,2043.0,2053.0,1223.0,436.0,-276.0,-16044.0,869.0,-347.0,-14.0,-69.0,-181.0,471.0,32875.0,5516800.0,2249.0,2816.0,0.0
3679519000,0.010266863228834468,97400.73260073259,2300.0,2042.0,2050.0,1222.0,460.0,-296.0,-16080.0,887.0,-360.0,-27.0,-76.0,-177.0,477.0,32875.0,5516800.0,2498.0,2815.0,0.0
3679775000,0.010266863228834468,97400.73260073259,2273.0,2042.0,2052.0,1221.0,472.0,-292.0,-16084.0,849.0,-357.0,-39.0,-73.0,-178.0,472.0,32875.0,5517056.0,2357.0,2816.0,0.0
3680031000,0.010266657306751175,97402.68620268619,2302.0,2042.0,2052.0,1221.0,460.0,-296.0,-16088.0,875.0,-363.0,-36.0,-73.0,-178.0,472.0,32875.0,5517056.0,2300.0,2817.0,0.0
3680287000,0.010266863228834468,97400.73260073259,2333.0,2041.0,2053.0,1223.0,452.0,-316.0,-16036.0,857.0,-332.0,-33.0,-70.0,-183.0,470.0,32875.0,5517056.0,2268.0,2816.0,0.0
3680543000,0.010266863228834468,97400.73260073259,2279.0,2041.0,2053.0,1223.0,428.0,-252.0,-16044.0,877.0,-348.0,-36.0,-65.0,-176.0,470.0,32875.0,5517056.0,2253.0,2816.0,0.0
3680799000,0.010266863228834468,97400.73260073259,2256.0,2043.0,2054.0,1224.0,440.0,-296.0,-16068.0,869.0,-342.0,-23.0,-62.0,-177.0,476.0,32875.0,5517056.0,2253.0,2817.0,0.0
3681055000,0.010266863228834468,97400.73260073259,2260.0,2042.0,2052.0,1222.0,436.0,-268.0,-16088.0,886.0,-359.0,-18.0,-84.0,-183.0,473.0,32875.0,5517056.0,2246.0,2816.0,0.0
3681311000,0.010266863228834468,97400.73260073259,2201.0,2041.0,2053.0,1222.0,416.0,-296.0,-16060.0,877.0,-337.0,-36.0,-84.0,-183.0,473.0,32875.0,5516800.0,2242.0,2816.0,0.0
3681567000,0.010266863228834468,97400.73260073259,2291.0,2042.0,2053.0,1221.0,488.0,-296.0,-16076.0,867.0,-350.0,-27.0,-69.0,-179.0,468.0,32875.0,5516800.0,2495.0,2815.0,0.0
3681823000,0.010266863228834468,97400.73260073259,2254.0,2042.0,2053.0,1223.0,468.0,-284.0,-16104.0,856.0,-354.0,-49.0,-63.0,-177.0,471.0,32875.0,5517056.0,2362.0,2817.0,0.0
3682079000,0.010266657306751175,97402.68620268619,2303.0,2042.0,2053.0,1224.0,404.0,-304.0,-16048.0,871.0,-341.0,-45.0,-63.0,-181.0,479.0,32875.0,5517056.0,2296.0,2816.0,0.0
3682335000,0.010266863228834468,97400.73260073259,2326.0,2042.0,2052.0,1221.0,448.0,-272.0,-16148.0,889.0,-329.0,-24.0,-63.0,-181.0,479.0,32875.0,5516800.0,2266.0,2816.0,0.0
3682591000,0.010266863228834468,97400.73260073259,2255.0,2041.0,2052.0,1222.0,428.0,-264.0,-16096.0,880.0,-367.0,-20.0,-59.0,-176.0,466.0,32875.0,5516800.0,2252.0,2816.0,0.0
3682847000,0.010266863228834468,97400.73260073259,2259.0,2042.0,2052.0,1224.0,440.0,-260.0,-16060.0,881.0,-358.0,-14.0,-63.0,-182.0,471.0,32875.0,5516800.0,2246.0,2816.0,0.0
3683103000,0.010266863228834468,97400.73260073259,2247.0,2041.0,2052.0,1223.0,424.0,-268.0,-16072.0,870.0,-358.0,-29.0,-63.0,-178.0,472.0,32875.0,5516800.0,2249.0,2817.0,0.0
3683359000,0.010266863228834468,97400.73260073259,2262.0,2044.0,2054.0,1223.0,444.0,-316.0,-16044.0,864.0,-344.0,-37.0,-66.0,-183.0,476.0,32875.0,5517056.0,2498.0,2815.0,0.0
3683615000,0.010266863228834468,97400.73260073259,2283.0,2044.0,2054.0,1223.0,448.0,-288.0,-16056.0,876.0,-346.0,-26.0,-66.0,-183.0,476.0,32875.0,5517056.0,2364.0,2817.0,0.0
3683871000,0.010266657306751175,97402.68620268619,2325.0,2042.0,2052.0,1223.0,464.0,-304.0,-16056.0,894.0,-351.0,-39.0,-70.0,-182.0,470.0,32875.0,5516544.0,2303.0,2817.0,0.0
3684127000,0.010266863228834468,97400.73260073259,2335.0,2043.0,2052.0,1224.0,416.0,-328.0,-16056.0,848.0,-353.0,-34.0,-71.0,-177.0,468.0,32875.0,5516544.0,2276.0,2817.0,0.0
3684383000,0.010266863228834468,97400.73260073259,2304.0,2043.0,2054.0,1222.0,452.0,-276.0,-16044.0,865.0,-365.0,-36.0,-72.0,-179.0,469.0,32875.0,5516800.0,2256.0,2816.0,0.0
3684639000,0.010266657306751175,97402.68620268619,2234.0,2044.0,2050.0,1224.0,432.0,-292.0,-16108.0,883.0,-365.0,-28.0,-69.0,-180.0,466.0,32875.0,5516800.0,2248.0,2816.0,0.0
3684895000,0.010266863228834468,97400.73260073259,2269.0,2041.0,2051.0,1223.0,488.0,-304.0,-16072.0,880.0,-344.0,-25.0,-69.0,-180.0,466.0,32875.0,5516544.0,2250.0,2817.0,0.0
3685151000,0.010266863228834468,97400.73260073259,2238.0,2042.0,2053.0,1223.0,440.0,-280.0,-16072.0,891.0,-336.0,-19.0,-67.0,-174.0,471.0,32875.0,5516544.0,2251.0,2817.0,0.0
3685407000,0.010266863228834468,97400.73260073259,2228.0,2043.0,2051.0,1223.0,480.0,-316.0,-16044.0,873.0,-328.0,-16.0,-72.0,-179.0,472.0,32875.0,5516800.0,2245.0,2816.0,0.0
3685663000,0.010266863228834468,97400.73260073259,2288.0,2043.0,2051.0,1223.0,444.0,-280.0,-16072.0,884.0,-358.0,-35.0,-64.0,-180.0,474.0,32875.0,5516800.0,2496.0,2815.0,0.0
3685919000,0.010266657306751175,97402.68620268619,2235.0,2042.0,2050.0,1223.0,456.0,-232.0,-16096.0,874.0,-358.0,-9.0,-64.0,-183.0,475.0,32875.0,5516800.0,2363.0,2817.0,0.0
3686175000,0.010266863228834468,97400.73260073259,2359.0,2043.0,2052.0,1223.0,444.0,-328.0,-16068.0,863.0,-347.0,-22.0,-64.0,-183.0,475.0,32875.0,5516800.0,2303.0,2817.0,0.0
3686431000,0.010266863228834468,97400.73260073259,2321.0,2042.0,2053.0,1222.0,452.0,-280.0,-16056.0,878.0,-329.0,-17.0,-66.0,-177.0,468.0,32875.0,5516800.0,2269.0,2816.0,0.0
3686687000,0.010266863228834468,97400.73260073259,2284.0,2041.0,2052.0,1222.0,460.0,-264.0,-16044.0,865.0,-344.0,-33.0,-64.0,-173.0,466.0,32875.0,5516800.0,2260.0,2817.0,0.0
3686943000,0.010266863228834468,97400.73260073259,2286.0,2042.0,2051.0,1222.0,436.0,-320.0,-16044.0,865.0,-343.0,-43.0,-61.0,-181.0,466.0,32875.0,5516544.0,2249.0,2816.0,0.0
3687199000,0.010266657306751175,97402.68620268619,2214.0,2042.0,2053.0,1221.0,432.0,-300.0,-16060.0,861.0,-336.0,-35.0,-61.0,-181.0,466.0,32875.0,5516544.0,2244.0,2816.0,0.0
3687455000,0.010266863228834468,97400.73260073259,2237.0,2043.0,2054.0,1221.0,448.0,-304.0,-16088.0,859.0,-356.0,-44.0,-63.0,-170.0,470.0,32875.0,5516544.0,2242.0,2816.0,0.0
3687711000,0.010266863228834468,97400.73260073259,2213.0,2042.0,2053.0,1224.0,436.0,-300.0,-15996.0,860.0,-335.0,-14.0,-58.0,-170.0,466.0,32875.0,5516544.0,2241.0,2816.0,0.0
3687967000,0.010266863228834468,97400.73260073259,2198.0,2043.0,2051.0,1222.0,416.0,-260.0,-16036.0,883.0,-337.0,-29.0,-68.0,-177.0,469.0,32875.0,5517312.0,2248.0,2817.0,0.0
3688223000,0.010266863228834468,97400.73260073259,2235.0,2043.0,2050.0,1222.0,424.0,-304.0,-16064.0,874.0,-349.0,-26.0,-71.0,-179.0,477.0,32875.0,5517312.0,2243.0,2816.0,0.0
3688479000,0.010266657306751175,97402.68620268619,2248.0,2043.0,2052.0,1222.0,480.0,-300.0,-16100.0,875.0,-339.0,-25.0,-71.0,-179.0,477.0,32875.0,5516800.0,2495.0,2815.0,0.0
3688735000,0.010266863228834468,97400.73260073259,2245.0,2042.0,2051.0,1220.0,444.0,-280.0,-16068.0,877.0,-347.0,-4.0,-72.0,-176.0,471.0,32875.0,5516800.0,2356.0,2816.0,0.0
3688991000,0.010266863228834468,97400.73260073259,2325.0,2042.0,2052.0,1222.0,444.0,-264.0,-16032.0,866.0,-357.0,-26.0,-63.0,-178.0,472.0,32875.0,5517056.0,2300.0,2817.0,0.0
3689247000,0.010266657306751175,97402.68620268619,2295.0,2042.0,2052.0,1221.0,448.0,-252.0,-16040.0,856.0,-361.0,-29.0,-68.0,-182.0,469.0,32875.0,5517056.0,2274.0,2817.0,0.0
3689503000,0.010266863228834468,97400.73260073259,2367.0,2041.0,2052.0,1221.0,416.0,-300.0,-16076.0,884.0,-345.0,-18.0,-69.0,-185.0,471.0,32875.0,5517056.0,2509.0,2815.0,0.0
3689759000,0.010266863228834468,97400.73260073259,2297.0,2043.0,2051.0,1222.0,452.0,-344.0,-16104.0,875.0,-350.0,-38.0,-69.0,-185.0,471.0,32875.0,5517056.0,2369.0,2817.0,0.0
3690015000,0.010266863228834468,97400.73260073259,2164.0,2042.0,2052.0,1220.0,452.0,-284.0,-16096.0,881.0,-342.0,-33.0,-68.0,-182.0,469.0,32875.0,5516544.0,2305.0,2817.0,0.0
3690271000,0.010266863228834468,97400.73260073259,2249.0,2041.0,2052.0,1219.0,444.0,-276.0,-16092.0,888.0,-350.0,-45.0,-66.0,-180.0,463.0,32875.0,5516544.0,2276.0,2817.0,0.0
3690527000,0.010266863228834468,97400.73260073259,2222.0,2042.0,2053.0,1221.0,452.0,-284.0,-16044.0,888.0,-349.0,-23.0,-61.0,-176.0,470.0,32875.0,5517312.0,2257.0,2816.0,0.0
3690783000,0.010266863228834468,97400.73260073259,2254.0,2043.0,2053.0,1223.0,456.0,-304.0,-16120.0,876.0,-352.0,-21.0,-61.0,-176.0,470.0,32875.0,5517312.0,2248.0,2816.0,0.0
3691039000,0.010266863228834468,97400.73260073259,2229.0,2043.0,2051.0,1223.0,440.0,-324.0,-16104.0,880.0,-362.0,-19.0,-62.0,-175.0,469.0,32875.0,5516800.0,2250.0,2817.0,0.0
3691295000,0.010266863228834468,97400.73260073259,2226.0,2044.0,2053.0,1221.0,460.0,-304.0,-16064.0,874.0,-348.0,-21.0,-64.0,-179.0,468.0,32875.0,5516800.0,2252.0,2817.0,0.0
3691551000,0.010266863228834468,97400.73260073259,2242.0,2044.0,2053.0,1220.0,452.0,-296.0,-16056.0,873.0,-344.0,-31.0,-66.0,-177.0,474.0,32875.0,5516800.0,2245.0,2816.0,0.0
3691807000,0.010266863228834468,97400.73260073259,2196.0,2043.0,2054.0,1222.0,456.0,-280.0,-16076.0,861.0,-378.0,-28.0,-61.0,-174.0,469.0,32875.0,5516800.0,2243.0,2816.0,0.0
3692063000,0.010266863228834468,97400.73260073259,2227.0,2043.0,2053.0,1224.0,440.0,-264.0,-16104.0,878.0,-348.0,-26.0,-61.0,-174.0,469.0,32875.0,5516800.0,2241.0,2816.0,0.0
3692319000,0.010266863228834468,97400.73260073259,2219.0,2042.0,2053.0,1225.0,472.0,-300.0,-16124.0,875.0,-340.0,-33.0,-61.0,-177.0,467.0,32875.0,5516800.0,2247.0,2817.0,0.0
3692575000,0.010266863228834468,97400.73260073259,2257.0,2042.0,2052.0,1222.0,436.0,-288.0,-16032.0,871.0,-333.0,-37.0,-69.0,-178.0,469.0,32875.0,5517056.0,2497.0,2815.0,0.0
3692831000,0.010266863228834468,97400.73260073259,2276.0,2042.0,2052.0,1223.0,448.0,-288.0,-16080.0,873.0,-359.0,-12.0,-69.0,-179.0,469.0,32875.0,5517056.0,2364.0,2817.0,0.0
3693087000,0.010266863228834468,97400.73260073259,2297.0,2043.0,2053.0,1222.0,428.0,-228.0,-16140.0,858.0,-329.0,-28.0,-65.0,-181.0,466.0,32875.0,5517056.0,2296.0,2816.0,0.0
3693343000,0.010266863228834468,97400.73260073259,2318.0,2042.0,2053.0,1222.0,420.0,-252.0,-16100.0,884.0,-364.0,-32.0,-65.0,-181.0,466.0,32875.0,5517056.0,2266.0,2816.0,0.0
3693599000,0.010266863228834468,97400.73260073259,2279.0,2044.0,2052.0,1223.0,392.0,-284.0,-16056.0,884.0,-364.0,-32.0,-73.0,-175.0,465.0,32875.0,5517056.0,2252.0,2816.0,0.0
3693855000,0.010266863228834468,97400.73260073259,2229.0,2043.0,2051.0,1223.0,412.0,-288.0,-16064.0,878.0,-343.0,-16.0,-66.0,-180.0,474.0,32875.0,5517056.0,2246.0,2816.0,0.0
3694111000,0.010266863228834468,97400.73260073259,2248.0,2042.0,2050.0,1221.0,440.0,-280.0,-16080.0,864.0,-337.0,-47.0,-64.0,-178.0,467.0,32875.0,5516288.0,2242.0,2816.0,0.0
3694367000,0.010266863228834468,97400.73260073259,2206.0,2042.0,2054.0,1221.0,420.0,-280.0,-16120.0,859.0,-358.0,-30.0,-83.0,-180.0,470.0,32875.0,5516288.0,2248.0,2817.0,0.0
3694623000,0.010266863228834468,97400.73260073259,2232.0,2043.0,2053.0,1220.0,424.0,-256.0,-16108.0,885.0,-338.0,-37.0,-83.0,-180.0,470.0,32875.0,5516800.0,2250.0,2817.0,0.0
3694879000,0.010266863228834468,97400.73260073259,2233.0,2043.0,2054.0,1222.0,416.0,-280.0,-16036.0,884.0,-349.0,-20.0,-73.0,-177.0,469.0,32875.0,5516800.0,2245.0,2816.0,0.0
3695135000,0.010266863228834468,97400.73260073259,2202.0,2041.0,2052.0,1223.0,428.0,-284.0,-16060.0,857.0,-355.0,-29.0,-62.0,-176.0,468.0,32875.0,5516800.0,2249.0,2817.0,0.0
3695391000,0.010266863228834468,97400.73260073259,2257.0,2042.0,2052.0,1222.0,424.0,-300.0,-16144.0,879.0,-358.0,-25.0,-59.0,-177.0,473.0,32875.0,5516800.0,2251.0,2817.0,0.0
3695647000,0.010266863228834468,97400.73260073259,2181.0,2043.0,2052.0,1223.0,448.0,-296.0,-16088.0,862.0,-344.0,-27.0,-59.0,-177.0,473.0,32875.0,5516544.0,2454.0,2796.0,0.0
3695903000,0.010266863228834468,97400.73260073259,2173.0,2044.0,2052.0,1222.0,404.0,-264.0,-16056.0,876.0,-354.0,-27.0,-63.0,-182.0,474.0,32875.0,5516544.0,2344.0,2817.0,0.0
3696159000,0.010266863228834468,97400.73260073259,2294.0,2043.0,2054.0,1222.0,432.0,-260.0,-16080.0,869.0,-343.0,-39.0,-62.0,-172.0,467.0,32875.0,5517312.0,2295.0,2817.0,0.0
3696415000,0.010266863228834468,97400.73260073259,2267.0,2043.0,2051.0,1223.0,464.0,-268.0,-16056.0,862.0,-346.0,-24.0,-62.0,-176.0,463.0,32875.0,5517312.0,2272.0,2817.0,0.0
3696671000,0.010266863228834468,97400.73260073259,2291.0,2041.0,2052.0,1222.0,400.0,-268.0,-16104.0,863.0,-356.0,-14.0,-58.0,-179.0,469.0,32875.0,5516800.0,2254.0,2816.0,0.0
3696927000,0.010266863228834468,97400.73260073259,2248.0,2042.0,2052.0,1222.0,436.0,-264.0,-16112.0,872.0,-356.0,-40.0,-58.0,-179.0,469.0,32875.0,5516800.0,2247.0,2816.0,0.0
3697183000,0.010266863228834468,97400.73260073259,2233.0,2043.0,2051.0,1224.0,420.0,-264.0,-16088.0,886.0,-330.0,-30.0,-69.0,-179.0,471.0,32875.0,5516544.0,2250.0,2817.0,0.0
3697439000,0.010266863228834468,97400.73260073259,2263.0,2041.0,2051.0,1222.0,408.0,-288.0,-16060.0,878.0,-369.0,-37.0,-70.0,-177.0,469.0,32875.0,5516544.0,2251.0,2817.0,0.0
3697695000,0.010266657306751175,97402.68620268619,2208.0,2042.0,2052.0,1220.0,432.0,-280.0,-16104.0,876.0,-349.0,-11.0,-65.0,-177.0,470.0,32875.0,5516800.0,2245.0,2816.0,0.0
3697951000,0.010266863228834468,97400.73260073259,2232.0,2043.0,2053.0,1221.0,416.0,-272.0,-16116.0,860.0,-342.0,-19.0,-68.0,-177.0,476.0,32875.0,5516800.0,2242.0,2816.0,0.0
3698207000,0.010266863228834468,97400.73260073259,2218.0,2042.0,2053.0,1223.0,368.0,-272.0,-16088.0,863.0,-329.0,-16.0,-68.0,-177.0,476.0,32875.0,5516800.0,2248.0,2817.0,0.0
3698463000,0.010266863228834468,97400.73260073259,2209.0,2041.0,2053.0,1224.0,384.0,-284.0,-16036.0,865.0,-344.0,-21.0,-70.0,-178.0,466.0,32875.0,5516800.0,2250.0,2817.0,0.0
3698719000,0.010266863228834468,97400.73260073259,2242.0,2041.0,2053.0,1223.0,448.0,-312.0,-16088.0,877.0,-353.0,-12.0,-68.0,-181.0,468.0,32875.0,5517312.0,2245.0,2816.0,0.0
3698975000,0.010266657306751175,97402.68620268619,2193.0,2042.0,2054.0,1221.0,416.0,-296.0,-16132.0,857.0,-329.0,-14.0,-78.0,-175.0,463.0,32875.0,5517312.0,2242.0,2816.0,0.0
3699231000,0.010266863228834468,97400.73260073259,2222.0,2041.0,2051.0,1222.0,440.0,-312.0,-16084.0,873.0,-349.0,-26.0,-78.0,-175.0,463.0,32875.0,5516800.0,2248.0,2817.0,0.0
3699487000,0.010266863228834468,97400.73260073259,2232.0,2042.0,2052.0,1223.0,384.0,-280.0,-16048.0,869.0,-358.0,-33.0,-64.0,-174.0,468.0,32875.0,5516800.0,2250.0,2817.0,0.0
3699743000,0.010266863228834468,97400.73260073259,2198.0,2043.0,2052.0,1222.0,364.0,-280.0,-16076.0,871.0,-343.0,-14.0,-66.0,-183.0,466.0,32875.0,5517312.0,2245.0,2816.0,0.0
3699999000,0.010266863228834468,97400.73260073259,2247.0,2042.0,2053.0,1221.0,388.0,-24.0,-16048.0,876.0,-337.0,-29.0,-61.0,-180.0,469.0,32875.0,5517312.0,2249.0,2817.0,0.0
3700255000,0.010266863228834468,97400.73260073259,2201.0,2042.0,2051.0,1223.0,432.0,-272.0,-16084.0,866.0,-347.0,-18.0,-87.0,-170.0,471.0,32875.0,5516800.0,2244.0,2816.0,0.0
3700511000,0.010266863228834468,97400.73260073259,2224.0,2042.0,2051.0,1222.0,424.0,-276.0,-16092.0,875.0,-368.0,-13.0,-87.0,-170.0,471.0,32875.0,5516800.0,2249.0,2817.0,0.0
3700767000,0.010266863228834468,97400.73260073259,2226.0,2042.0,2051.0,1223.0,392.0,-284.0,-16072.0,885.0,-344.0,-21.0,-62.0,-179.0,466.0,32875.0,5516800.0,2244.0,2816.0,0.0
3701023000,0.010266863228834468,97400.73260073259,2197.0,2042.0,2051.0,1222.0,424.0,-244.0,-16044.0,879.0,-329.0,-24.0,-63.0,-172.0,466.0,32875.0,5516800.0,2249.0,2817.0,0.0
3701279000,0.010266863228834468,97400.73260073259,2254.0,2041.0,2053.0,1222.0,400.0,-296.0,-16116.0,877.0,-350.0,-36.0,-60.0,-173.0,466.0,32875.0,5517312.0,2251.0,2817.0,0.0
3701535000,0.010266863228834468,97400.73260073259,2216.0,2040.0,2052.0,1222.0,396.0,-284.0,-16076.0,872.0,-350.0,-25.0,-68.0,-182.0,472.0,32875.0,5517312.0,2245.0,2816.0,0.0
3701791000,0.010266657306751175,97402.68620268619,2206.0,2042.0,2053.0,1220.0,404.0,-296.0,-16060.0,891.0,-349.0,-13.0,-68.0,-182.0,472.0,32875.0,5517312.0,2242.0,2816.0,0.0
3702047000,0.010266863228834468,97400.73260073259,2229.0,2043.0,2052.0,1222.0,412.0,-268.0,-16092.0,872.0,-348.0,-28.0,-66.0,-177.0,473.0,32875.0,5517312.0,2241.0,2816.0,0.0
3702303000,0.010266863228834468,97400.73260073259,2196.0,2042.0,2052.0,1224.0,444.0,-252.0,-16040.0,888.0,-355.0,-21.0,-67.0,-181.0,462.0,32875.0,5516800.0,2247.0,2817.0,0.0
3702559000,0.010266863228834468,97400.73260073259,2245.0,2041.0,2050.0,1225.0,400.0,-264.0,-16044.0,859.0,-364.0,-34.0,-67.0,-180.0,471.0,32875.0,5516800.0,2250.0,2817.0,0.0
3702815000,0.010266863228834468,97400.73260073259,2212.0,2040.0,2052.0,1218.0,348.0,-272.0,-16176.0,856.0,-358.0,-44.0,-71.0,-178.0,466.0,32875.0,5517312.0,2244.0,2816.0,0.0
3703071000,0.010266863228834468,97400.73260073259,2195.0,2040.0,2054.0,1221.0,364.0,-292.0,-16184.0,875.0,-340.0,-33.0,-71.0,-178.0,466.0,32875.0,5517312.0,2242.0,2816.0,0.0
3703327000,0.010266863228834468,97400.73260073259,2236.0,2042.0,2055.0,1226.0,428.0,-300.0,-16012.0,876.0,-343.0,-8.0,-67.0,-181.0,466.0,32875.0,5517056.0,2248.0,2817.0,0.0
3703583000,0.010266863228834468,97400.73260073259,2200.0,2044.0,2053.0,1224.0,460.0,-304.0,-16060.0,868.0,-346.0,-33.0,-70.0,-173.0,468.0,32875.0,5517056.0,2250.0,2817.0,0.0
3703839000,0.010266863228834468,97400.73260073259,2288.0,2042.0,2053.0,1223.0,460.0,-320.0,-16072.0,871.0,-355.0,-46.0,-72.0,-180.0,469.0,32875.0,5517056.0,2498.0,2815.0,0.0
3704095000,0.010266863228834468,97400.73260073259,2259.0,2041.0,2053.0,1221.0,396.0,-304.0,-16084.0,866.0,-353.0,-30.0,-72.0,-180.0,469.0,32875.0,5517056.0,2364.0,2817.0,0.0
3704351000,0.010266657306751175,97402.68620268619,2318.0,2042.0,2050.0,1220.0,376.0,-272.0,-16124.0,846.0,-353.0,-39.0,-64.0,-179.0,467.0,32875.0,5517312.0,2303.0,2817.0,0.0
3704607000,0.010266863228834468,97400.73260073259,2353.0,2044.0,2051.0,1220.0,416.0,-292.0,-16128.0,872.0,-347.0,-43.0,-63.0,-179.0,468.0,32875.0,5517312.0,2276.0,2817.0,0.0
3704863000,0.010266863228834468,97400.73260073259,2276.0,2043.0,2050.0,1222.0,416.0,-228.0,-16108.0,883.0,-361.0,-30.0,-66.0,-179.0,474.0,32875.0,5517056.0,2256.0,2816.0,0.0
3705119000,0.010266863228834468,97400.73260073259,2264.0,2044.0,2052.0,1226.0,416.0,-268.0,-16012.0,858.0,-347.0,-31.0,-63.0,-185.0,472.0,32875.0,5517056.0,2248.0,2816.0,0.0
3705375000,0.010266863228834468,97400.73260073259,2256.0,2043.0,2050.0,1221.0,404.0,-292.0,-16052.0,886.0,-330.0,-12.0,-63.0,-185.0,472.0,32875.0,5516800.0,2250.0,2817.0,0.0
3705631000,0.010266657306751175,97402.68620268619,2217.0,2044.0,2050.0,1221.0,452.0,-284.0,-16108.0,883.0,-352.0,-37.0,-60.0,-171.0,467.0,32875.0,5516800.0,2252.0,2817.0,0.0
3705887000,0.010266863228834468,97400.73260073259,2253.0,2041.0,2053.0,1220.0,392.0,-248.0,-16136.0,866.0,-363.0,-25.0,-66.0,-175.0,473.0,32875.0,5517056.0,2245.0,2816.0,0.0
3706143000,0.010266863228834468,97400.73260073259,2218.0,2040.0,2052.0,1221.0,372.0,-268.0,-16088.0,878.0,-344.0,-45.0,-64.0,-177.0,472.0,32875.0,5517056.0,2473.0,2805.0,0.0
3706399000,0.010266863228834468,97400.73260073259,2253.0,2043.0,2054.0,1224.0,448.0,-296.0,-16036.0,879.0,-342.0,-23.0,-78.0,-180.0,471.0,32875.0,5517312.0,2600.0,2815.0,0.0
3706655000,0.010266863228834468,97400.73260073259,2347.0,2045.0,2052.0,1230.0,484.0,-280.0,-15980.0,878.0,-356.0,-12.0,-78.0,-180.0,471.0,32875.0,5517312.0,2411.0,2817.0,0.0
3706911000,0.010266657306751175,97402.68620268619,2175.0,2041.0,2052.0,1221.0,404.0,-276.0,-16140.0,868.0,-360.0,-35.0,-78.0,-174.0,467.0,32875.0,5516800.0,2318.0,2816.0,0.0
3707167000,0.010266863228834468,97400.73260073259,2297.0,2040.0,2051.0,1221.0,356.0,-292.0,-16136.0,886.0,-351.0,-35.0,-71.0,-180.0,472.0,32875.0,5516800.0,2283.0,2817.0,0.0
3707423000,0.010266863228834468,97400.73260073259,2278.0,2042.0,2052.0,1221.0,388.0,-244.0,-16104.0,853.0,-348.0,-17.0,-71.0,-180.0,467.0,32875.0,5517312.0,2266.0,2817.0,0.0
3707679000,0.010266657306751175,97402.68620268619,2267.0,2044.0,2053.0,1218.0,452.0,-268.0,-16208.0,877.0,-335.0,-37.0,-74.0,-181.0,467.0,32875.0,5517312.0,2259.0,2817.0,0.0
3707935000,0.010266863228834468,97400.73260073259,2270.0,2043.0,2050.0,1224.0,420.0,-288.0,-16044.0,873.0,-347.0,-42.0,-74.0,-181.0,467.0,32875.0,5517312.0,2248.0,2816.0,0.0
3708191000,0.010266863228834468,97400.73260073259,2225.0,2042.0,2052.0,1227.0,412.0,-300.0,-15996.0,859.0,-344.0,-35.0,-70.0,-173.0,470.0,32875.0,5517312.0,2251.0,2817.0,0.0
3708447000,0.010266863228834468,97400.73260073259,2260.0,2044.0,2052.0,1219.0,368.0,-240.0,-16160.0,860.0,-349.0,-32.0,-66.0,-180.0,472.0,32875.0,5516800.0,2252.0,2817.0,0.0
3708703000,0.010266863228834468,97400.73260073259,2237.0,2042.0,2050.0,1220.0,376.0,-268.0,-16048.0,899.0,-345.0,-25.0,-68.0,-180.0,471.0,32875.0,5516800.0,2252.0,2817.0,0.0
3708959000,0.010266863228834468,97400.73260073259,2270.0,2041.0,2052.0,1223.0,400.0,-260.0,-16068.0,863.0,-368.0,-32.0,-68.0,-180.0,471.0,32875.0,5516800.0,2499.0,2815.0,0.0
3709215000,0.010266863228834468,97400.73260073259,2277.0,2042.0,2052.0,1220.0,436.0,-244.0,-16152.0,873.0,-358.0,-43.0,-88.0,-174.0,463.0,32875.0,5516800.0,2357.0,2816.0,0.0
3709471000,0.010266863228834468,97400.73260073259,2310.0,2041.0,2050.0,1225.0,456.0,-256.0,-16056.0,896.0,-359.0,-33.0,-59.0,-179.0,471.0,32875.0,5516800.0,2301.0,2817.0,0.0
3709727000,0.010266863228834468,97400.73260073259,2341.0,2042.0,2052.0,1223.0,436.0,-272.0,-16056.0,877.0,-359.0,-41.0,-68.0,-179.0,475.0,32875.0,5516800.0,2275.0,2817.0,0.0
3709983000,0.010266863228834468,97400.73260073259,2368.0,2041.0,2054.0,1223.0,412.0,-304.0,-16100.0,863.0,-335.0,-34.0,-64.0,-172.0,466.0,32875.0,5517312.0,2516.0,2815.0,0.0
3710239000,0.010266657306751175,97402.68620268619,2287.0,2041.0,2055.0,1223.0,444.0,-320.0,-16124.0,878.0,-351.0,-35.0,-64.0,-172.0,466.0,32875.0,5517312.0,2365.0,2816.0,0.0
3710495000,0.010266863228834468,97400.73260073259,2377.0,2040.0,2055.0,1221.0,424.0,-284.0,-16096.0,878.0,-351.0,-35.0,-63.0,-175.0,466.0,32875.0,5516800.0,2297.0,2816.0,0.0
3710751000,0.010266657306751175,97402.68620268619,2322.0,2041.0,2052.0,1222.0,440.0,-328.0,-16060.0,884.0,-356.0,-22.0,-61.0,-174.0,471.0,32875.0,5516800.0,2273.0,2817.0,0.0
3711007000,0.010266863228834468,97400.73260073259,2305.0,2042.0,2052.0,1223.0,416.0,-280.0,-16012.0,874.0,-358.0,-27.0,-76.0,-182.0,466.0,32875.0,5517056.0,2255.0,2816.0,0.0
3711263000,0.010266863228834468,97400.73260073259,2328.0,2042.0,2053.0,1223.0,440.0,-288.0,-16064.0,868.0,-349.0,-28.0,-67.0,-179.0,473.0,32875.0,5517056.0,2500.0,2815.0,0.0
3711519000,0.010266657306751175,97402.68620268619,2246.0,2043.0,2051.0,1222.0,452.0,-264.0,-16108.0,864.0,-371.0,-30.0,-67.0,-179.0,473.0,32875.0,5517568.0,2358.0,2816.0,0.0
3711775000,0.010267069159178435,97398.77899877899,2352.0,2044.0,2052.0,1223.0,420.0,-268.0,-16028.0,875.0,-358.0,-11.0,-73.0,-179.0,463.0,32875.0,5517568.0,2294.0,2816.0,0.0
3712031000,0.010266863228834468,97400.73260073259,2357.0,2042.0,2050.0,1225.0,440.0,-260.0,-16032.0,897.0,-351.0,-19.0,-68.0,-180.0,473.0,32875.0,5516544.0,2518.0,2815.0,0.0
3712287000,0.010266863228834468,97400.73260073259,2308.0,2040.0,2050.0,1221.0,448.0,-272.0,-16060.0,850.0,-341.0,-27.0,-68.0,-176.0,466.0,32875.0,5516544.0,2366.0,2816.0,0.0
3712543000,0.010266863228834468,97400.73260073259,2427.0,2041.0,2050.0,1222.0,428.0,-240.0,-16120.0,869.0,-349.0,-22.0,-68.0,-176.0,466.0,32875.0,5517056.0,2552.0,2815.0,0.0
3712799000,0.010266657306751175,97402.68620268619,2343.0,2042.0,2052.0,1223.0,424.0,-288.0,-16092.0,893.0,-350.0,-34.0,-77.0,-174.0,467.0,32875.0,5517056.0,2382.0,2816.0,0.0
3713055000,0.010266863228834468,97400.73260073259,2480.0,2043.0,2051.0,1221.0,460.0,-264.0,-16120.0,871.0,-376.0,-17.0,-70.0,-182.0,469.0,32875.0,5516800.0,2559.0,2815.0,0.0
3713311000,0.010266863228834468,97400.73260073259,2398.0,2043.0,2054.0,1222.0,472.0,-288.0,-16056.0,878.0,-353.0,-37.0,-68.0,-178.0,469.0,32875.0,5516800.0,2385.0,2816.0,0.0
3713567000,0.010266863228834468,97400.73260073259,2199.0,2041.0,2052.0,1223.0,428.0,-288.0,-16084.0,879.0,-337.0,-47.0,-68.0,-178.0,469.0,32875.0,5516800.0,2306.0,2816.0,0.0
3713823000,0.010266863228834468,97400.73260073259,2255.0,2041.0,2054.0,1222.0,400.0,-320.0,-16052.0,870.0,-353.0,-15.0,-68.0,-178.0,469.0,32875.0,5516800.0,2479.0,2796.0,0.0
3714079000,0.010266863228834468,97400.73260073259,2183.0,2043.0,2054.0,1224.0,456.0,-320.0,-16148.0,866.0,-353.0,-28.0,-62.0,-172.0,471.0,32875.0,5516800.0,2348.0,2816.0,0.0
3714335000,0.010266863228834468,97400.73260073259,2301.0,2044.0,2052.0,1222.0,452.0,-284.0,-16044.0,865.0,-350.0,-15.0,-62.0,-186.0,464.0,32875.0,5516800.0,2290.0,2816.0,0.0
3714591000,0.010266863228834468,97400.73260073259,2296.0,2043.0,2053.0,1223.0,416.0,-268.0,-16004.0,868.0,-364.0,-51.0,-61.0,-179.0,467.0,32875.0,5516800.0,2270.0,2817.0,0.0
3714847000,0.010266657306751175,97402.68620268619,2254.0,2042.0,2052.0,1224.0,440.0,-272.0,-16052.0,882.0,-345.0,-23.0,-64.0,-172.0,473.0,32875.0,5516800.0,2254.0,2816.0,0.0
3715103000,0.010266863228834468,97400.73260073259,2269.0,2042.0,2051.0,1222.0,448.0,-292.0,-16128.0,879.0,-356.0,-31.0,-64.0,-172.0,473.0,32875.0,5516800.0,2246.0,2816.0,0.0
3715359000,0.010266863228834468,97400.73260073259,2214.0,2043.0,2050.0,1221.0,432.0,-276.0,-16056.0,870.0,-349.0,-16.0,-67.0,-177.0,463.0,32875.0,5516800.0,2243.0,2816.0,0.0
3715615000,0.010266863228834468,97400.73260073259,2233.0,2043.0,2051.0,1222.0,416.0,-284.0,-16016.0,877.0,-347.0,-29.0,-66.0,-181.0,468.0,32875.0,5516800.0,2248.0,2817.0,0.0
3715871000,0.010266863228834468,97400.73260073259,2239.0,2042.0,2052.0,1220.0,464.0,-292.0,-16112.0,873.0,-345.0,-29.0,-66.0,-180.0,466.0,32875.0,5516800.0,2250.0,2817.0,0.0
3716127000,0.010266657306751175,97402.68620268619,2252.0,2043.0,2052.0,1221.0,400.0,-300.0,-16088.0,873.0,-349.0,-21.0,-73.0,-171.0,467.0,32875.0,5517056.0,2498.0,2815.0,0.0
3716383000,0.010266863228834468,97400.73260073259,2273.0,2041.0,2051.0,1222.0,416.0,-292.0,-16108.0,877.0,-343.0,-36.0,-73.0,-171.0,467.0,32875.0,5517056.0,2357.0,2816.0,0.0
3716639000,0.010266863228834468,97400.73260073259,2314.0,2042.0,2052.0,1223.0,396.0,-300.0,-16020.0,864.0,-357.0,-24.0,-71.0,-177.0,466.0,32875.0,5517056.0,2301.0,2817.0,0.0
3716895000,0.010266863228834468,97400.73260073259,2330.0,2042.0,2053.0,1221.0,436.0,-316.0,-16068.0,884.0,-332.0,-7.0,-69.0,-174.0,465.0,32875.0,5517056.0,2275.0,2817.0,0.0
3717151000,0.010266863228834468,97400.73260073259,2365.0,2042.0,2052.0,1221.0,424.0,-312.0,-16140.0,862.0,-347.0,-19.0,-68.0,-180.0,472.0,32875.0,5517056.0,2509.0,2815.0,0.0
3717407000,0.010266863228834468,97400.73260073259,2270.0,2042.0,2054.0,1221.0,448.0,-316.0,-16128.0,886.0,-355.0,-32.0,-68.0,-180.0,472.0,32875.0,5517056.0,2362.0,2816.0,0.0
3717663000,0.010266863228834468,97400.73260073259,2383.0,2043.0,2051.0,1224.0,440.0,-268.0,-16012.0,886.0,-349.0,-30.0,-71.0,-178.0,462.0,32875.0,5517312.0,2303.0,2817.0,0.0
3717919000,0.010266863228834468,97400.73260073259,2343.0,2042.0,2049.0,1223.0,436.0,-276.0,-16072.0,887.0,-342.0,-16.0,-67.0,-171.0,466.0,32875.0,5517312.0,2277.0,2818.0,0.0
3718175000,0.010266863228834468,97400.73260073259,2354.0,2041.0,2053.0,1221.0,428.0,-328.0,-16052.0,867.0,-338.0,-11.0,-62.0,-179.0,475.0,32875.0,5517056.0,2510.0,2815.0,0.0
3718431000,0.010266863228834468,97400.73260073259,2381.0,2042.0,2052.0,1221.0,428.0,-288.0,-16092.0,865.0,-334.0,-32.0,-62.0,-182.0,472.0,32875.0,5517056.0,2617.0,2815.0,0.0
3718687000,0.010266863228834468,97400.73260073259,2364.0,2043.0,2050.0,1221.0,444.0,-272.0,-16124.0,860.0,-358.0,-20.0,-62.0,-182.0,472.0,32875.0,5517312.0,2412.0,2816.0,0.0
3718943000,0.010266863228834468,97400.73260073259,2266.0,2043.0,2051.0,1221.0,452.0,-276.0,-16040.0,869.0,-365.0,-38.0,-69.0,-175.0,473.0,32875.0,5517312.0,2326.0,2817.0,0.0
3719199000,0.010266863228834468,97400.73260073259,2292.0,2042.0,2053.0,1219.0,440.0,-272.0,-16052.0,878.0,-356.0,-28.0,-68.0,-180.0,468.0,32875.0,5517568.0,2279.0,2816.0,0.0
3719455000,0.010266657306751175,97402.68620268619,2287.0,2041.0,2051.0,1223.0,448.0,-284.0,-16108.0,884.0,-348.0,-26.0,-66.0,-175.0,470.0,32875.0,5517568.0,2491.0,2808.0,0.0
3719711000,0.010266863228834468,97400.73260073259,2276.0,2041.0,2052.0,1225.0,416.0,-296.0,-16068.0,893.0,-348.0,-34.0,-71.0,-174.0,469.0,32875.0,5516800.0,2354.0,2816.0,0.0
3719967000,0.010266863228834468,97400.73260073259,2308.0,2042.0,2051.0,1224.0,404.0,-256.0,-16040.0,864.0,-331.0,-31.0,-71.0,-174.0,469.0,32875.0,5516800.0,2299.0,2817.0,0.0
3720223000,0.010266863228834468,97400.73260073259,2300.0,2043.0,2052.0,1221.0,452.0,-308.0,-16084.0,852.0,-362.0,-27.0,-68.0,-177.0,468.0,32875.0,5517312.0,2476.0,2796.0,0.0
3720479000,0.010266863228834468,97400.73260073259,2253.0,2042.0,2053.0,1224.0,444.0,-304.0,-16056.0,862.0,-349.0,-27.0,-70.0,-178.0,465.0,32875.0,5517312.0,2354.0,2817.0,0.0
3720735000,0.010266657306751175,97402.68620268619,2288.0,2042.0,2054.0,1221.0,408.0,-324.0,-16064.0,886.0,-353.0,-33.0,-72.0,-168.0,463.0,32875.0,5517312.0,2292.0,2816.0,0.0
3720991000,0.010266863228834468,97400.73260073259,2315.0,2042.0,2052.0,1221.0,436.0,-296.0,-16112.0,887.0,-337.0,-8.0,-72.0,-168.0,463.0,32875.0,5517312.0,2264.0,2816.0,0.0
3721247000,0.010266863228834468,97400.73260073259,2305.0,2043.0,2053.0,1221.0,448.0,-308.0,-16084.0,865.0,-351.0,-34.0,-71.0,-178.0,467.0,32875.0,5516800.0,2504.0,2815.0,0.0
3721503000,0.010266863228834468,97400.73260073259,2279.0,2042.0,2051.0,1221.0,452.0,-292.0,-16040.0,862.0,-355.0,-38.0,-72.0,-178.0,469.0,32875.0,5516800.0,2360.0,2816.0,0.0
3721759000,0.010266863228834468,97400.73260073259,2353.0,2043.0,2051.0,1223.0,440.0,-280.0,-16040.0,876.0,-353.0,-29.0,-70.0,-180.0,464.0,32875.0,5517056.0,2302.0,2817.0,0.0
3722015000,0.010266863228834468,97400.73260073259,2272.0,2041.0,2052.0,1226.0,464.0,-292.0,-16004.0,879.0,-359.0,-37.0,-68.0,-172.0,468.0,32875.0,5517056.0,2477.0,2796.0,0.0
3722271000,0.010266863228834468,97400.73260073259,2320.0,2043.0,2050.0,1222.0,448.0,-244.0,-16132.0,870.0,-344.0,-17.0,-68.0,-172.0,468.0,32875.0,5517056.0,2602.0,2815.0,0.0
3722527000,0.010266863228834468,97400.73260073259,2335.0,2042.0,2051.0,1220.0,424.0,-268.0,-16120.0,847.0,-335.0,-26.0,-70.0,-178.0,470.0,32875.0,5517056.0,2405.0,2816.0,0.0
3722783000,0.010266863228834468,97400.73260073259,2202.0,2042.0,2052.0,1223.0,436.0,-304.0,-16064.0,886.0,-347.0,-36.0,-68.0,-180.0,469.0,32875.0,5516800.0,2315.0,2816.0,0.0
3723039000,0.010266863228834468,97400.73260073259,2286.0,2043.0,2050.0,1223.0,464.0,-276.0,-16020.0,880.0,-368.0,-20.0,-64.0,-176.0,465.0,32875.0,5516800.0,2281.0,2817.0,0.0
3723295000,0.010266657306751175,97402.68620268619,2296.0,2042.0,2051.0,1223.0,476.0,-276.0,-16040.0,878.0,-359.0,-40.0,-67.0,-180.0,468.0,32875.0,5516800.0,2512.0,2815.0,0.0
3723551000,0.010266863228834468,97400.73260073259,2303.0,2042.0,2054.0,1217.0,392.0,-308.0,-16132.0,859.0,-345.0,-15.0,-67.0,-180.0,468.0,32875.0,5516800.0,2364.0,2816.0,0.0
3723807000,0.010266863228834468,97400.73260073259,2337.0,2041.0,2053.0,1221.0,428.0,-328.0,-16076.0,870.0,-364.0,-36.0,-62.0,-181.0,467.0,32875.0,5517568.0,2297.0,2816.0,0.0
3724063000,0.010266863228834468,97400.73260073259,2319.0,2040.0,2052.0,1220.0,436.0,-316.0,-16076.0,863.0,-357.0,-37.0,-63.0,-177.0,469.0,32875.0,5517568.0,2273.0,2817.0,0.0
3724319000,0.010266863228834468,97400.73260073259,2367.0,2044.0,2053.0,1224.0,428.0,-308.0,-16064.0,864.0,-346.0,-18.0,-62.0,-181.0,473.0,32875.0,5517056.0,2508.0,2815.0,0.0
3724575000,0.010266657306751175,97402.68620268619,2271.0,2043.0,2052.0,1223.0,440.0,-292.0,-16100.0,875.0,-355.0,-36.0,-68.0,-184.0,471.0,32875.0,5517056.0,2362.0,2816.0,0.0
3724831000,0.010266863228834468,97400.73260073259,2358.0,2041.0,2051.0,1224.0,440.0,-276.0,-16052.0,893.0,-346.0,-19.0,-68.0,-184.0,471.0,32875.0,5517568.0,2296.0,2816.0,0.0
3725087000,0.010266863228834468,97400.73260073259,2326.0,2042.0,2051.0,1223.0,464.0,-268.0,-16060.0,883.0,-358.0,-20.0,-72.0,-180.0,472.0,32875.0,5517568.0,2272.0,2817.0,0.0
3725343000,0.010266863228834468,97400.73260073259,2328.0,2043.0,2051.0,1221.0,428.0,-248.0,-16128.0,871.0,-341.0,-27.0,-71.0,-179.0,469.0,32875.0,5517312.0,2508.0,2815.0,0.0
3725599000,0.010266863228834468,97400.73260073259,2316.0,2043.0,2050.0,1222.0,468.0,-280.0,-16108.0,882.0,-339.0,-43.0,-65.0,-176.0,466.0,32875.0,5517312.0,2362.0,2816.0,0.0
3725855000,0.010266863228834468,97400.73260073259,2320.0,2043.0,2050.0,1223.0,484.0,-288.0,-16096.0,871.0,-347.0,-14.0,-65.0,-176.0,466.0,32875.0,5516800.0,2296.0,2816.0,0.0
3726111000,0.010266863228834468,97400.73260073259,2334.0,2043.0,2051.0,1223.0,424.0,-248.0,-16052.0,879.0,-338.0,-19.0,-66.0,-179.0,466.0,32875.0,5516800.0,2272.0,2817.0,0.0
3726367000,0.010266863228834468,97400.73260073259,2353.0,2044.0,2053.0,1224.0,452.0,-260.0,-16100.0,882.0,-355.0,-27.0,-76.0,-182.0,470.0,32875.0,5517312.0,2508.0,2815.0,0.0
3726623000,0.010266657306751175,97402.68620268619,2286.0,2042.0,2053.0,1222.0,460.0,-312.0,-16092.0,866.0,-345.0,-29.0,-62.0,-179.0,470.0,32875.0,5517312.0,2369.0,2817.0,0.0
3726879000,0.010266863228834468,97400.73260073259,2382.0,2042.0,2052.0,1222.0,428.0,-264.0,-16060.0,896.0,-350.0,-40.0,-67.0,-179.0,472.0,32875.0,5517312.0,2299.0,2816.0,0.0
3727135000,0.010266863228834468,97400.73260073259,2325.0,2041.0,2054.0,1223.0,384.0,-288.0,-16052.0,864.0,-363.0,-40.0,-67.0,-179.0,472.0,32875.0,5517312.0,2273.0,2817.0,0.0
3727391000,0.010266863228834468,97400.73260073259,2362.0,2043.0,2052.0,1223.0,444.0,-328.0,-16084.0,864.0,-363.0,-40.0,-60.0,-173.0,469.0,32875.0,5517312.0,2509.0,2815.0,0.0
3727647000,0.010266863228834468,97400.73260073259,2314.0,2044.0,2051.0,1221.0,452.0,-308.0,-16080.0,875.0,-367.0,-37.0,-58.0,-177.0,464.0,32875.0,5517312.0,2362.0,2816.0,0.0
3727903000,0.010266863228834468,97400.73260073259,2318.0,2043.0,2054.0,1221.0,424.0,-284.0,-16040.0,875.0,-355.0,-33.0,-60.0,-182.0,461.0,32875.0,5517056.0,2296.0,2816.0,0.0
3728159000,0.010266863228834468,97400.73260073259,2348.0,2043.0,2053.0,1221.0,416.0,-284.0,-16036.0,872.0,-342.0,-45.0,-65.0,-178.0,462.0,32875.0,5517056.0,2272.0,2817.0,0.0
3728415000,0.010266863228834468,97400.73260073259,2344.0,2043.0,2051.0,1223.0,484.0,-284.0,-16064.0,854.0,-336.0,-44.0,-65.0,-178.0,462.0,32875.0,5517568.0,2509.0,2815.0,0.0
3728671000,0.010266863228834468,97400.73260073259,2306.0,2043.0,2052.0,1221.0,440.0,-268.0,-16072.0,877.0,-356.0,-34.0,-63.0,-174.0,471.0,32875.0,5517568.0,2369.0,2817.0,0.0
3728927000,0.010266863228834468,97400.73260073259,2378.0,2043.0,2052.0,1223.0,416.0,-272.0,-16084.0,864.0,-336.0,-27.0,-60.0,-177.0,467.0,32875.0,5517568.0,2299.0,2816.0,0.0
3729183000,0.010266863228834468,97400.73260073259,2318.0,2041.0,2050.0,1223.0,392.0,-264.0,-16060.0,879.0,-352.0,-18.0,-62.0,-182.0,468.0,32875.0,5517568.0,2274.0,2817.0,0.0
3729439000,0.010266863228834468,97400.73260073259,2370.0,2042.0,2052.0,1222.0,436.0,-272.0,-16120.0,886.0,-338.0,-31.0,-62.0,-182.0,468.0,32875.0,5516800.0,2503.0,2814.0,0.0
3729695000,0.010266863228834468,97400.73260073259,2294.0,2044.0,2052.0,1222.0,496.0,-264.0,-16084.0,894.0,-349.0,-12.0,-62.0,-175.0,468.0,32875.0,5516800.0,2359.0,2816.0,0.0
3729951000,0.010266657306751175,97402.68620268619,2332.0,2042.0,2051.0,1222.0,432.0,-284.0,-16024.0,872.0,-359.0,-10.0,-71.0,-179.0,460.0,32875.0,5517312.0,2295.0,2816.0,0.0
3730207000,0.010266863228834468,97400.73260073259,2349.0,2042.0,2051.0,1222.0,432.0,-328.0,-16068.0,858.0,-348.0,-41.0,-71.0,-179.0,468.0,32875.0,5517312.0,2272.0,2817.0,0.0
3730463000,0.010266863228834468,97400.73260073259,2316.0,2043.0,2054.0,1220.0,440.0,-280.0,-16084.0,882.0,-358.0,-24.0,-73.0,-184.0,469.0,32875.0,5517824.0,2502.0,2814.0,0.0
3730719000,0.010266863228834468,97400.73260073259,2356.0,2042.0,2052.0,1223.0,436.0,-308.0,-16100.0,872.0,-346.0,-40.0,-73.0,-184.0,469.0,32875.0,5517824.0,2613.0,2815.0,0.0
3730975000,0.010266863228834468,97400.73260073259,2382.0,2043.0,2053.0,1222.0,456.0,-328.0,-16084.0,847.0,-339.0,-25.0,-67.0,-178.0,471.0,32875.0,5517568.0,2410.0,2816.0,0.0
3731231000,0.010266863228834468,97400.73260073259,2220.0,2043.0,2052.0,1223.0,456.0,-328.0,-16052.0,879.0,-345.0,-33.0,-68.0,-174.0,464.0,32875.0,5517568.0,2325.0,2817.0,0.0
3731487000,0.010266863228834468,97400.73260073259,2367.0,2042.0,2052.0,1220.0,464.0,-308.0,-16060.0,882.0,-368.0,-33.0,-71.0,-175.0,469.0,32875.0,5517312.0,2533.0,2815.0,0.0
3731743000,0.010266863228834468,97400.73260073259,2352.0,2045.0,2052.0,1222.0,468.0,-292.0,-16112.0,872.0,-343.0,-19.0,-70.0,-174.0,471.0,32875.0,5517312.0,2628.0,2815.0,0.0
3731999000,0.010266863228834468,97400.73260073259,2409.0,2041.0,2052.0,1222.0,432.0,-252.0,-16096.0,875.0,-350.0,-35.0,-70.0,-174.0,471.0,32875.0,5517824.0,2417.0,2816.0,0.0
3732255000,0.010266863228834468,97400.73260073259,2268.0,2043.0,2051.0,1221.0,444.0,-260.0,-16120.0,876.0,-352.0,-12.0,-67.0,-176.0,471.0,32875.0,5517824.0,2328.0,2817.0,0.0
3732511000,0.010266657306751175,97402.68620268619,2252.0,2042.0,2052.0,1222.0,424.0,-236.0,-16076.0,868.0,-338.0,-34.0,-62.0,-174.0,477.0,32875.0,5516800.0,2489.0,2796.0,0.0
3732767000,0.010266863228834468,97400.73260073259,2274.0,2042.0,2049.0,1223.0,464.0,-248.0,-16076.0,871.0,-353.0,-26.0,-62.0,-180.0,471.0,32875.0,5516800.0,2360.0,2817.0,0.0
3733023000,0.010266863228834468,97400.73260073259,2364.0,2044.0,2052.0,1222.0,424.0,-292.0,-16088.0,885.0,-348.0,-41.0,-64.0,-183.0,478.0,32875.0,5517568.0,2549.0,2815.0,0.0
3733279000,0.010266863228834468,97400.73260073259,2360.0,2043.0,2054.0,1222.0,428.0,-272.0,-16144.0,875.0,-354.0,-34.0,-64.0,-183.0,478.0,32875.0,5517568.0,2387.0,2817.0,0.0
3733535000,0.010266863228834468,97400.73260073259,2265.0,2041.0,2053.0,1222.0,408.0,-300.0,-16104.0,871.0,-347.0,-30.0,-70.0,-181.0,468.0,32875.0,5517056.0,2561.0,2815.0,0.0
3733791000,0.010266657306751175,97402.68620268619,2267.0,2042.0,2052.0,1223.0,448.0,-332.0,-16008.0,876.0,-333.0,-29.0,-76.0,-177.0,472.0,32875.0,5517056.0,2387.0,2816.0,0.0
3734047000,0.010266863228834468,97400.73260073259,2180.0,2042.0,2052.0,1224.0,408.0,-312.0,-16140.0,867.0,-347.0,-23.0,-66.0,-178.0,465.0,32875.0,5517056.0,2307.0,2816.0,0.0
3734303000,0.010266863228834468,97400.73260073259,2222.0,2042.0,2051.0,1224.0,432.0,-268.0,-16116.0,881.0,-341.0,-17.0,-66.0,-178.0,465.0,32875.0,5517056.0,2270.0,2816.0,0.0
3734559000,0.010266863228834468,97400.73260073259,2287.0,2042.0,2054.0,1222.0,452.0,-300.0,-16136.0,884.0,-353.0,-23.0,-70.0,-175.0,468.0,32875.0,5517056.0,2507.0,2815.0,0.0
3734815000,0.010266863228834468,97400.73260073259,2296.0,2042.0,2053.0,1222.0,444.0,-292.0,-16076.0,882.0,-344.0,-27.0,-70.0,-183.0,473.0,32875.0,5517056.0,2368.0,2817.0,0.0
3735071000,0.010266863228834468,97400.73260073259,2121.0,2042.0,2051.0,1223.0,432.0,-336.0,-16068.0,879.0,-358.0,-20.0,-73.0,-176.0,467.0,32875.0,5516544.0,2305.0,2817.0,0.0
3735327000,0.010266863228834468,97400.73260073259,2249.0,2042.0,2051.0,1221.0,436.0,-300.0,-16120.0,857.0,-331.0,-44.0,-65.0,-178.0,470.0,32875.0,5516544.0,2277.0,2817.0,0.0
3735583000,0.010266863228834468,97400.73260073259,2298.0,2043.0,2051.0,1225.0,440.0,-256.0,-16012.0,877.0,-351.0,-28.0,-65.0,-178.0,470.0,32875.0,5517568.0,2510.0,2815.0,0.0
3735839000,0.010266863228834468,97400.73260073259,2260.0,2044.0,2051.0,1217.0,432.0,-276.0,-16072.0,867.0,-358.0,-43.0,-68.0,-182.0,469.0,32875.0,5517568.0,2363.0,2816.0,0.0
3736095000,0.010266863228834468,97400.73260073259,2370.0,2043.0,2051.0,1220.0,412.0,-236.0,-16112.0,842.0,-341.0,-46.0,-69.0,-174.0,471.0,32875.0,5517056.0,2303.0,2817.0,0.0
3736351000,0.010266863228834468,97400.73260073259,2320.0,2042.0,2052.0,1223.0,436.0,-264.0,-16056.0,872.0,-368.0,-22.0,-73.0,-180.0,466.0,32875.0,5517056.0,2275.0,2817.0,0.0
3736607000,0.010266863228834468,97400.73260073259,2355.0,2042.0,2053.0,1222.0,448.0,-292.0,-16140.0,879.0,-353.0,-25.0,-68.0,-179.0,471.0,32875.0,5517312.0,2504.0,2814.0,0.0
3736863000,0.010266863228834468,97400.73260073259,2295.0,2042.0,2054.0,1226.0,448.0,-276.0,-16016.0,892.0,-361.0,-24.0,-68.0,-179.0,471.0,32875.0,5517312.0,2360.0,2816.0,0.0
3737119000,0.010266657306751175,97402.68620268619,2320.0,2042.0,2056.0,1223.0,424.0,-328.0,-16008.0,868.0,-356.0,-18.0,-65.0,-176.0,467.0,32875.0,5517312.0,2295.0,2816.0,0.0
3737375000,0.010266863228834468,97400.73260073259,2348.0,2041.0,2053.0,1221.0,436.0,-232.0,-16132.0,877.0,-343.0,-37.0,-65.0,-174.0,469.0,32875.0,5517312.0,2272.0,2817.0,0.0
3737631000,0.010266863228834468,97400.73260073259,2321.0,2042.0,2052.0,1224.0,440.0,-276.0,-16092.0,883.0,-372.0,-21.0,-71.0,-178.0,467.0,32875.0,5517312.0,2502.0,2814.0,0.0
3737887000,0.010266863228834468,97400.73260073259,2289.0,2043.0,2053.0,1221.0,428.0,-268.0,-16096.0,876.0,-343.0,-44.0,-71.0,-178.0,467.0,32875.0,5517312.0,2359.0,2816.0,0.0
3738143000,0.010266863228834468,97400.73260073259,2348.0,2044.0,2053.0,1221.0,384.0,-268.0,-16128.0,880.0,-347.0,-13.0,-62.0,-173.0,477.0,32875.0,5517568.0,2294.0,2816.0,0.0
3738399000,0.010266863228834468,97400.73260073259,2262.0,2043.0,2053.0,1225.0,364.0,-256.0,-16028.0,853.0,-351.0,-18.0,-60.0,-174.0,467.0,32875.0,5517568.0,2474.0,2796.0,0.0
3738655000,0.010266863228834468,97400.73260073259,2300.0,2042.0,2052.0,1223.0,384.0,-240.0,-16080.0,885.0,-358.0,-14.0,-60.0,-175.0,472.0,32875.0,5517312.0,2594.0,2814.0,0.0
3738911000,0.010266863228834468,97400.73260073259,2318.0,2041.0,2053.0,1222.0,396.0,-312.0,-16136.0,874.0,-344.0,-22.0,-68.0,-174.0,466.0,32875.0,5517312.0,2402.0,2816.0,0.0
3739167000,0.010266863228834468,97400.73260073259,2183.0,2041.0,2052.0,1223.0,432.0,-240.0,-16112.0,866.0,-347.0,-34.0,-68.0,-174.0,466.0,32875.0,5516800.0,2314.0,2816.0,0.0
3739423000,0.010266863228834468,97400.73260073259,2266.0,2041.0,2051.0,1223.0,412.0,-284.0,-16088.0,870.0,-350.0,-37.0,-70.0,-180.0,470.0,32875.0,5516800.0,2274.0,2816.0,0.0
3739679000,0.010266657306751175,97402.68620268619,2285.0,2043.0,2052.0,1222.0,396.0,-260.0,-16076.0,873.0,-353.0,-9.0,-78.0,-183.0,471.0,32875.0,5517056.0,2509.0,2815.0,0.0
3739935000,0.010266863228834468,97400.73260073259,2309.0,2040.0,2053.0,1223.0,460.0,-260.0,-16124.0,852.0,-368.0,-21.0,-68.0,-173.0,472.0,32875.0,5517056.0,2369.0,2817.0,0.0
3740191000,0.010266863228834468,97400.73260073259,2345.0,2043.0,2053.0,1224.0,440.0,-268.0,-16092.0,882.0,-344.0,-37.0,-65.0,-178.0,466.0,32883.0,5517056.0,2299.0,2816.0,0.0
3740447000,0.010266863228834468,97400.73260073259,2314.0,2043.0,2051.0,1223.0,388.0,-248.0,-16120.0,877.0,-349.0,-31.0,-65.0,-178.0,466.0,32883.0,5517056.0,2267.0,2816.0,0.0
3740703000,0.010266863228834468,97400.73260073259,2353.0,2042.0,2053.0,1220.0,388.0,-272.0,-16112.0,888.0,-350.0,-27.0,-71.0,-173.0,470.0,32883.0,5517824.0,2500.0,2814.0,0.0
3740959000,0.010266863228834468,97400.73260073259,2257.0,2042.0,2053.0,1222.0,396.0,-292.0,-16068.0,862.0,-346.0,-41.0,-74.0,-181.0,466.0,32883.0,5517824.0,2358.0,2816.0,0.0
3741215000,0.010266863228834468,97400.73260073259,2348.0,2042.0,2052.0,1223.0,408.0,-304.0,-16096.0,867.0,-338.0,-13.0,-69.0,-178.0,468.0,32883.0,5517056.0,2294.0,2816.0,0.0
3741471000,0.010266863228834468,97400.73260073259,2313.0,2043.0,2052.0,1222.0,444.0,-276.0,-16124.0,870.0,-346.0,-23.0,-67.0,-179.0,467.0,32883.0,5517056.0,2265.0,2816.0,0.0
3741727000,0.010266863228834468,97400.73260073259,2310.0,2043.0,2050.0,1220.0,396.0,-240.0,-16068.0,866.0,-359.0,-32.0,-67.0,-179.0,467.0,32883.0,5517312.0,2499.0,2814.0,0.0
3741983000,0.010266863228834468,97400.73260073259,2310.0,2043.0,2051.0,1222.0,372.0,-260.0,-16060.0,883.0,-334.0,-37.0,-66.0,-176.0,466.0,32883.0,5517312.0,2364.0,2817.0,0.0
3742239000,0.010266863228834468,97400.73260073259,2323.0,2042.0,2051.0,1224.0,416.0,-260.0,-16060.0,881.0,-363.0,-19.0,-70.0,-180.0,471.0,32883.0,5517568.0,2297.0,2816.0,0.0
3742495000,0.010266863228834468,97400.73260073259,2325.0,2042.0,2053.0,1223.0,436.0,-240.0,-16124.0,869.0,-336.0,-22.0,-81.0,-181.0,469.0,32883.0,5517568.0,2266.0,2816.0,0.0
3742751000,0.010266863228834468,97400.73260073259,2325.0,2042.0,2052.0,1221.0,428.0,-232.0,-16104.0,869.0,-338.0,-31.0,-81.0,-181.0,469.0,32883.0,5516800.0,2493.0,2814.0,0.0
3743007000,0.010266657306751175,97402.68620268619,2246.0,2042.0,2051.0,1220.0,388.0,-272.0,-16096.0,872.0,-355.0,-25.0,-61.0,-179.0,474.0,32883.0,5516800.0,2355.0,2816.0,0.0
3743263000,0.010266863228834468,97400.73260073259,2362.0,2042.0,2053.0,1222.0,372.0,-276.0,-16076.0,878.0,-340.0,-31.0,-66.0,-182.0,468.0,32883.0,5517312.0,2299.0,2817.0,0.0
3743519000,0.010266863228834468,97400.73260073259,2316.0,2043.0,2054.0,1221.0,392.0,-292.0,-16092.0,895.0,-364.0,-23.0,-72.0,-175.0,472.0,32883.0,5517312.0,2274.0,2817.0,0.0
3743775000,0.010266863228834468,97400.73260073259,2345.0,2043.0,2052.0,1222.0,436.0,-296.0,-16084.0,864.0,-346.0,-34.0,-71.0,-175.0,474.0,32883.0,5517568.0,2503.0,2814.0,0.0
3744031000,0.010266863228834468,97400.73260073259,2303.0,2042.0,2052.0,1220.0,396.0,-284.0,-16072.0,876.0,-345.0,-8.0,-71.0,-175.0,474.0,32883.0,5517568.0,2359.0,2816.0,0.0
3744287000,0.010266863228834468,97400.73260073259,2325.0,2041.0,2052.0,1222.0,412.0,-288.0,-16036.0,876.0,-345.0,-8.0,-76.0,-181.0,470.0,32883.0,5517568.0,2302.0,2817.0,0.0
3744543000,0.010266863228834468,97400.73260073259,2365.0,2043.0,2052.0,1223.0,436.0,-288.0,-16084.0,873.0,-357.0,-22.0,-73.0,-180.0,472.0,32883.0,5517568.0,2275.0,2817.0,0.0
3744799000,0.010266863228834468,97400.73260073259,2355.0,2042.0,2052.0,1221.0,388.0,-256.0,-16056.0,862.0,-358.0,-24.0,-70.0,-175.0,477.0,32883.0,5517568.0,2510.0,2815.0,0.0
3745055000,0.010266863228834468,97400.73260073259,2292.0,2043.0,2054.0,1222.0,420.0,-276.0,-16036.0,855.0,-345.0,-37.0,-72.0,-171.0,469.0,32883.0,5517568.0,2362.0,2816.0,0.0
3745311000,0.010266863228834468,97400.73260073259,2362.0,2041.0,2051.0,1222.0,412.0,-236.0,-16056.0,863.0,-334.0,-33.0,-72.0,-171.0,469.0,32883.0,5517568.0,2296.0,2816.0,0.0
3745567000,0.010266863228834468,97400.73260073259,2309.0,2042.0,2050.0,1221.0,400.0,-208.0,-16112.0,858.0,-348.0,-18.0,-69.0,-180.0,464.0,32883.0,5517568.0,2273.0,2817.0,0.0
3745823000,0.010266863228834468,97400.73260073259,2361.0,2042.0,2050.0,1222.0,420.0,-276.0,-16132.0,866.0,-370.0,-29.0,-72.0,-178.0,464.0,32883.0,5517312.0,2502.0,2814.0,0.0
3746079000,0.010266657306751175,97402.68620268619,2289.0,2043.0,2052.0,1223.0,436.0,-260.0,-16060.0,884.0,-348.0,-27.0,-66.0,-181.0,469.0,32883.0,5517312.0,2359.0,2816.0,0.0
3746335000,0.010266657306751175,97402.68620268619,2326.0,2043.0,2051.0,1223.0,408.0,-248.0,-16096.0,868.0,-343.0,-30.0,-63.0,-173.0,465.0,32883.0,5517312.0,2295.0,2816.0,0.0
3746591000,0.010266863228834468,97400.73260073259,2313.0,2043.0,2056.0,1220.0,432.0,-240.0,-16096.0,866.0,-350.0,-35.0,-63.0,-173.0,465.0,32883.0,5517312.0,2474.0,2796.0,0.0
3746847000,0.010266863228834468,97400.73260073259,2258.0,2043.0,2053.0,1223.0,408.0,-284.0,-16104.0,870.0,-358.0,-17.0,-81.0,-180.0,468.0,32883.0,5517824.0,2594.0,2813.0,0.0
3747103000,0.010266863228834468,97400.73260073259,2341.0,2041.0,2055.0,1223.0,392.0,-284.0,-16132.0,870.0,-353.0,-22.0,-58.0,-182.0,467.0,32883.0,5517824.0,2401.0,2816.0,0.0
3747359000,0.010266863228834468,97400.73260073259,2195.0,2042.0,2054.0,1224.0,428.0,-296.0,-16088.0,877.0,-353.0,-37.0,-66.0,-179.0,469.0,32883.0,5517312.0,2314.0,2816.0,0.0
3747615000,0.010266863228834468,97400.73260073259,2236.0,2042.0,2054.0,1221.0,404.0,-300.0,-16076.0,877.0,-344.0,-28.0,-66.0,-179.0,469.0,32883.0,5517312.0,2280.0,2817.0,0.0
3747871000,0.010266863228834468,97400.73260073259,2330.0,2042.0,2052.0,1223.0,408.0,-316.0,-16128.0,867.0,-346.0,-32.0,-62.0,-176.0,466.0,32883.0,5517568.0,2506.0,2814.0,0.0
3748127000,0.010266863228834468,97400.73260073259,2271.0,2043.0,2050.0,1222.0,424.0,-272.0,-16076.0,869.0,-345.0,-24.0,-67.0,-176.0,474.0,32883.0,5517568.0,2367.0,2817.0,0.0
3748383000,0.010266863228834468,97400.73260073259,2154.0,2043.0,2051.0,1221.0,396.0,-256.0,-16040.0,875.0,-341.0,-41.0,-69.0,-177.0,468.0,32883.0,5517824.0,2305.0,2817.0,0.0
3748639000,0.010266863228834468,97400.73260073259,2245.0,2042.0,2051.0,1223.0,420.0,-248.0,-16068.0,869.0,-361.0,-19.0,-71.0,-179.0,465.0,32883.0,5517824.0,2277.0,2817.0,0.0
3748895000,0.010266863228834468,97400.73260073259,2261.0,2041.0,2053.0,1223.0,420.0,-244.0,-16084.0,876.0,-336.0,-26.0,-71.0,-179.0,465.0,32883.0,5517312.0,2504.0,2813.0,0.0
3749151000,0.010266863228834468,97400.73260073259,2301.0,2041.0,2052.0,1221.0,416.0,-268.0,-16076.0,886.0,-345.0,-33.0,-74.0,-177.0,470.0,32883.0,5517312.0,2367.0,2817.0,0.0
3749407000,0.010266863228834468,97400.73260073259,2326.0,2043.0,2052.0,1222.0,392.0,-280.0,-16076.0,863.0,-343.0,-29.0,-76.0,-177.0,469.0,32883.0,5517312.0,2298.0,2816.0,0.0
3749663000,0.010266863228834468,97400.73260073259,2326.0,2042.0,2054.0,1222.0,396.0,-236.0,-16068.0,862.0,-360.0,-31.0,-72.0,-175.0,470.0,32883.0,5517312.0,2274.0,2817.0,0.0
3749919000,0.010266863228834468,97400.73260073259,2352.0,2042.0,2053.0,1224.0,360.0,-256.0,-16072.0,877.0,-364.0,-25.0,-72.0,-181.0,468.0,32883.0,5517312.0,2502.0,2814.0,0.0
3750175000,0.010266657306751175,97402.68620268619,2263.0,2041.0,2053.0,1222.0,404.0,-284.0,-16092.0,859.0,-365.0,-27.0,-72.0,-181.0,468.0,32883.0,5517312.0,2359.0,2816.0,0.0
3750431000,0.010266863228834468,97400.73260073259,2371.0,2041.0,2052.0,1222.0,444.0,-288.0,-16136.0,870.0,-344.0,-35.0,-72.0,-178.0,478.0,32883.0,5517568.0,2301.0,2817.0,0.0
3750687000,0.010266863228834468,97400.73260073259,2338.0,2042.0,2053.0,1221.0,432.0,-288.0,-16096.0,876.0,-343.0,-18.0,-67.0,-175.0,469.0,32883.0,5517568.0,2275.0,2817.0,0.0
3750943000,0.010266863228834468,97400.73260073259,2339.0,2041.0,2051.0,1222.0,404.0,-268.0,-16048.0,860.0,-374.0,-15.0,-65.0,-178.0,470.0,32883.0,5517568.0,2503.0,2814.0,0.0
3751199000,0.010266863228834468,97400.73260073259,2369.0,2041.0,2051.0,1221.0,404.0,-292.0,-16068.0,874.0,-339.0,-35.0,-65.0,-178.0,470.0,32883.0,5517568.0,2614.0,2815.0,0.0
3751455000,0.010266863228834468,97400.73260073259,2371.0,2042.0,2053.0,1224.0,416.0,-296.0,-16100.0,881.0,-370.0,-30.0,-85.0,-179.0,473.0,32883.0,5517568.0,2417.0,2817.0,0.0
3751711000,0.010266863228834468,97400.73260073259,2268.0,2041.0,2051.0,1219.0,412.0,-276.0,-16100.0,896.0,-351.0,-28.0,-69.0,-180.0,467.0,32883.0,5517568.0,2328.0,2817.0,0.0
3751967000,0.010266863228834468,97400.73260073259,2352.0,2042.0,2052.0,1220.0,436.0,-288.0,-16080.0,858.0,-353.0,-41.0,-63.0,-179.0,470.0,32883.0,5517568.0,2534.0,2815.0,0.0
3752223000,0.010266863228834468,97400.73260073259,2303.0,2043.0,2052.0,1219.0,428.0,-264.0,-16104.0,877.0,-346.0,-23.0,-65.0,-176.0,466.0,32883.0,5517568.0,2374.0,2816.0,0.0
3752479000,0.010266863228834468,97400.73260073259,2387.0,2043.0,2051.0,1223.0,456.0,-224.0,-16116.0,876.0,-346.0,-26.0,-65.0,-176.0,466.0,32883.0,5517824.0,2301.0,2816.0,0.0
3752735000,0.010266863228834468,97400.73260073259,2332.0,2041.0,2053.0,1224.0,444.0,-316.0,-16100.0,866.0,-359.0,-20.0,-65.0,-175.0,467.0,32883.0,5517824.0,2275.0,2817.0,0.0
3752991000,0.010266657306751175,97402.68620268619,2288.0,2042.0,2052.0,1224.0,428.0,-240.0,-16052.0,865.0,-341.0,-37.0,-67.0,-178.0,473.0,32883.0,5517312.0,2465.0,2796.0,0.0
3753247000,0.010266863228834468,97400.73260073259,2243.0,2044.0,2050.0,1223.0,464.0,-268.0,-16056.0,875.0,-366.0,-43.0,-70.0,-181.0,465.0,32883.0,5517312.0,2349.0,2817.0,0.0
3753503000,0.010266657306751175,97402.68620268619,2276.0,2043.0,2051.0,1224.0,472.0,-296.0,-16136.0,886.0,-337.0,-43.0,-71.0,-173.0,469.0,32883.0,5517824.0,2290.0,2816.0,0.0
3753759000,0.010266863228834468,97400.73260073259,2325.0,2042.0,2049.0,1222.0,444.0,-312.0,-16132.0,876.0,-358.0,-23.0,-71.0,-173.0,469.0,32883.0,5517824.0,2270.0,2817.0,0.0
3754015000,0.010266863228834468,97400.73260073259,2305.0,2042.0,2053.0,1222.0,424.0,-336.0,-16072.0,888.0,-358.0,-30.0,-71.0,-180.0,467.0,32883.0,5517568.0,2500.0,2813.0,0.0
3754271000,0.010266657306751175,97402.68620268619,2290.0,2042.0,2052.0,1221.0,452.0,-308.0,-16100.0,858.0,-356.0,-25.0,-78.0,-180.0,470.0,32883.0,5517568.0,2365.0,2817.0,0.0
3754527000,0.010266863228834468,97400.73260073259,2354.0,2043.0,2051.0,1226.0,476.0,-308.0,-16032.0,876.0,-354.0,-37.0,-71.0,-180.0,469.0,32883.0,5517568.0,2297.0,2816.0,0.0
3754783000,0.010266657306751175,97402.68620268619,2292.0,2042.0,2051.0,1224.0,436.0,-288.0,-16084.0,857.0,-357.0,-27.0,-71.0,-179.0,468.0,32883.0,5517568.0,2266.0,2816.0,0.0
3755039000,0.010266863228834468,97400.73260073259,2354.0,2043.0,2051.0,1222.0,424.0,-256.0,-16132.0,876.0,-354.0,-27.0,-71.0,-179.0,468.0,32883.0,5517568.0,2499.0,2813.0,0.0
3755295000,0.010266863228834468,97400.73260073259,2282.0,2042.0,2051.0,1221.0,448.0,-316.0,-16072.0,882.0,-356.0,-28.0,-70.0,-176.0,471.0,32883.0,5517568.0,2364.0,2817.0,0.0
3755551000,0.010266863228834468,97400.73260073259,2347.0,2041.0,2052.0,1221.0,404.0,-264.0,-16064.0,885.0,-366.0,-19.0,-74.0,-178.0,468.0,32883.0,5517568.0,2303.0,2817.0,0.0
3755807000,0.010266863228834468,97400.73260073259,2356.0,2043.0,2051.0,1222.0,408.0,-264.0,-16108.0,891.0,-344.0,-37.0,-63.0,-183.0,468.0,32883.0,5517568.0,2276.0,2817.0,0.0
3756063000,0.010266657306751175,97402.68620268619,2320.0,2043.0,2052.0,1220.0,420.0,-276.0,-16108.0,895.0,-360.0,-18.0,-63.0,-183.0,468.0,32883.0,5517568.0,2504.0,2814.0,0.0
3756319000,0.010266863228834468,97400.73260073259,2322.0,2042.0,2052.0,1221.0,460.0,-284.0,-16076.0,873.0,-347.0,-35.0,-65.0,-175.0,467.0,32883.0,5517568.0,2366.0,2817.0,0.0
3756575000,0.010266863228834468,97400.73260073259,2152.0,2043.0,2051.0,1223.0,448.0,-296.0,-16068.0,877.0,-344.0,-42.0,-67.0,-174.0,459.0,32883.0,5517824.0,2304.0,2817.0,0.0
3756831000,0.010266863228834468,97400.73260073259,2222.0,2043.0,2051.0,1222.0,432.0,-292.0,-16072.0,878.0,-353.0,-29.0,-67.0,-168.0,466.0,32883.0,5517824.0,2277.0,2817.0,0.0
3757087000,0.010266863228834468,97400.73260073259,2314.0,2043.0,2053.0,1224.0,448.0,-280.0,-16124.0,866.0,-368.0,-29.0,-63.0,-173.0,472.0,32883.0,5517312.0,2503.0,2813.0,0.0
3757343000,0.010266863228834468,97400.73260073259,2236.0,2042.0,2050.0,1222.0,428.0,-304.0,-16132.0,886.0,-349.0,-37.0,-63.0,-173.0,472.0,32883.0,5517312.0,2360.0,2816.0,0.0
3757599000,0.010266863228834468,97400.73260073259,2349.0,2043.0,2050.0,1223.0,440.0,-304.0,-16012.0,864.0,-354.0,-26.0,-66.0,-175.0,469.0,32883.0,5517824.0,2302.0,2817.0,0.0
3757855000,0.010266863228834468,97400.73260073259,2337.0,2042.0,2051.0,1222.0,452.0,-304.0,-16052.0,872.0,-348.0,-28.0,-69.0,-183.0,466.0,32883.0,5517824.0,2275.0,2817.0,0.0
3758111000,0.010266863228834468,97400.73260073259,2327.0,2045.0,2053.0,1221.0,460.0,-316.0,-16040.0,868.0,-334.0,-24.0,-69.0,-179.0,468.0,32883.0,5517056.0,2503.0,2813.0,0.0
3758367000,0.010266863228834468,97400.73260073259,2313.0,2043.0,2051.0,1222.0,428.0,-320.0,-16092.0,868.0,-346.0,-4.0,-70.0,-184.0,467.0,32883.0,5517056.0,2359.0,2816.0,0.0
3758623000,0.010266657306751175,97402.68620268619,2333.0,2042.0,2051.0,1223.0,404.0,-296.0,-16100.0,889.0,-350.0,-22.0,-70.0,-184.0,467.0,32883.0,5516800.0,2301.0,2817.0,0.0
3758879000,0.010266863228834468,97400.73260073259,2344.0,2043.0,2052.0,1222.0,420.0,-296.0,-16028.0,878.0,-360.0,-42.0,-69.0,-174.0,469.0,32883.0,5516800.0,2276.0,2818.0,0.0
3759135000,0.010266863228834468,97400.73260073259,2359.0,2041.0,2052.0,1223.0,460.0,-312.0,-16060.0,853.0,-344.0,-30.0,-80.0,-176.0,472.0,32883.0,5517056.0,2503.0,2813.0,0.0
3759391000,0.010266863228834468,97400.73260073259,2265.0,2042.0,2051.0,1222.0,436.0,-276.0,-16092.0,883.0,-363.0,-25.0,-74.0,-179.0,473.0,32883.0,5517056.0,2360.0,2816.0,0.0
3759647000,0.010266863228834468,97400.73260073259,2364.0,2042.0,2052.0,1223.0,476.0,-320.0,-16104.0,886.0,-351.0,-45.0,-74.0,-179.0,473.0,32883.0,5517824.0,2295.0,2816.0,0.0
3759903000,0.010266863228834468,97400.73260073259,2315.0,2043.0,2050.0,1224.0,448.0,-276.0,-16088.0,880.0,-347.0,-27.0,-73.0,-180.0,469.0,32883.0,5517824.0,2272.0,2817.0,0.0
3760159000,0.010266863228834468,97400.73260073259,2337.0,2042.0,2053.0,1224.0,400.0,-292.0,-16040.0,858.0,-336.0,-34.0,-70.0,-175.0,466.0,32883.0,5517568.0,2502.0,2814.0,0.0
3760415000,0.010266863228834468,97400.73260073259,2312.0,2042.0,2052.0,1224.0,424.0,-276.0,-16040.0,857.0,-355.0,-35.0,-87.0,-177.0,461.0,32883.0,5517568.0,2366.0,2817.0,0.0
3760671000,0.010266863228834468,97400.73260073259,2321.0,2043.0,2052.0,1223.0,420.0,-296.0,-16080.0,858.0,-353.0,-30.0,-69.0,-177.0,471.0,32883.0,5517056.0,2297.0,2816.0,0.0
3760927000,0.010266863228834468,97400.73260073259,2354.0,2041.0,2052.0,1224.0,428.0,-308.0,-16096.0,879.0,-362.0,-26.0,-69.0,-177.0,471.0,32883.0,5517056.0,2273.0,2817.0,0.0
3761183000,0.010266863228834468,97400.73260073259,2338.0,2040.0,2053.0,1222.0,428.0,-288.0,-16072.0,879.0,-362.0,-26.0,-69.0,-178.0,467.0,32883.0,5517568.0,2502.0,2813.0,0.0
3761439000,0.010266657306751175,97402.68620268619,2290.0,2041.0,2052.0,1222.0,420.0,-340.0,-16060.0,868.0,-356.0,-43.0,-67.0,-176.0,469.0,32883.0,5517568.0,2366.0,2817.0,0.0
3761695000,0.010266863228834468,97400.73260073259,2170.0,2042.0,2052.0,1224.0,444.0,-264.0,-16116.0,870.0,-344.0,-25.0,-62.0,-176.0,472.0,32883.0,5517056.0,2304.0,2817.0,0.0
3761951000,0.010266863228834468,97400.73260073259,2198.0,2043.0,2052.0,1223.0,444.0,-276.0,-16076.0,889.0,-337.0,-35.0,-63.0,-177.0,466.0,32883.0,5517056.0,2269.0,2816.0,0.0
3762207000,0.010266863228834468,97400.73260073259,2283.0,2042.0,2051.0,1222.0,440.0,-288.0,-16116.0,866.0,-347.0,-35.0,-63.0,-177.0,466.0,32883.0,5516800.0,2494.0,2812.0,0.0
3762463000,0.010266863228834468,97400.73260073259,2252.0,2041.0,2052.0,1220.0,404.0,-264.0,-16092.0,892.0,-322.0,-17.0,-69.0,-178.0,464.0,32883.0,5516800.0,2362.0,2817.0,0.0
3762719000,0.010266863228834468,97400.73260073259,2109.0,2042.0,2052.0,1222.0,448.0,-296.0,-16068.0,863.0,-326.0,-38.0,-70.0,-179.0,469.0,32883.0,5518080.0,2304.0,2818.0,0.0
3762975000,0.010266863228834468,97400.73260073259,2238.0,2043.0,2050.0,1222.0,468.0,-316.0,-16104.0,884.0,-344.0,-27.0,-73.0,-181.0,473.0,32883.0,5518080.0,2276.0,2817.0,0.0
3763231000,0.010266863228834468,97400.73260073259,2262.0,2041.0,2050.0,1222.0,468.0,-312.0,-16076.0,875.0,-351.0,-28.0,-66.0,-181.0,466.0,32883.0,5517056.0,2503.0,2813.0,0.0
3763487000,0.010266863228834468,97400.73260073259,2264.0,2042.0,2050.0,1224.0,416.0,-296.0,-16060.0,859.0,-364.0,-32.0,-66.0,-181.0,466.0,32883.0,5517056.0,2360.0,2816.0,0.0
3763743000,0.010266863228834468,97400.73260073259,2338.0,2043.0,2052.0,1223.0,404.0,-296.0,-16068.0,868.0,-360.0,-30.0,-70.0,-183.0,468.0,32883.0,5517824.0,2302.0,2817.0,0.0
3763999000,0.010266863228834468,97400.73260073259,2304.0,2043.0,2053.0,1223.0,452.0,-320.0,-16060.0,871.0,-349.0,-31.0,-70.0,-181.0,473.0,32883.0,5517824.0,2274.0,2817.0,0.0
3764255000,0.010266863228834468,97400.73260073259,2364.0,2043.0,2052.0,1219.0,464.0,-284.0,-16120.0,870.0,-351.0,-45.0,-63.0,-181.0,472.0,32883.0,5517312.0,2503.0,2813.0,0.0
3764511000,0.010266863228834468,97400.73260073259,2274.0,2042.0,2052.0,1221.0,448.0,-280.0,-16072.0,887.0,-341.0,-36.0,-63.0,-181.0,472.0,32883.0,5517312.0,2359.0,2816.0,0.0
3764767000,0.010266863228834468,97400.73260073259,2353.0,2044.0,2052.0,1225.0,464.0,-288.0,-16036.0,857.0,-359.0,-13.0,-66.0,-177.0,466.0,32883.0,5517568.0,2301.0,2817.0,0.0
3765023000,0.010266863228834468,97400.73260073259,2353.0,2042.0,2051.0,1222.0,432.0,-284.0,-16068.0,873.0,-350.0,-28.0,-64.0,-173.0,467.0,32883.0,5517568.0,2275.0,2817.0,0.0
3765279000,0.010266863228834468,97400.73260073259,2307.0,2042.0,2052.0,1225.0,460.0,-248.0,-16056.0,870.0,-357.0,-12.0,-66.0,-178.0,473.0,32883.0,5517824.0,2496.0,2812.0,0.0
3765535000,0.010266863228834468,97400.73260073259,2295.0,2042.0,2051.0,1222.0,428.0,-260.0,-16080.0,881.0,-327.0,-17.0,-69.0,-179.0,464.0,32883.0,5517824.0,2356.0,2816.0,0.0
3765791000,0.010266657306751175,97402.68620268619,2374.0,2042.0,2052.0,1219.0,400.0,-300.0,-16080.0,871.0,-360.0,-28.0,-69.0,-179.0,464.0,32883.0,5518080.0,2548.0,2815.0,0.0
3766047000,0.010266863228834468,97400.73260073259,2355.0,2041.0,2050.0,1221.0,432.0,-268.0,-16072.0,852.0,-352.0,-30.0,-62.0,-187.0,471.0,32883.0,5518080.0,2386.0,2817.0,0.0
3766303000,0.010266863228834468,97400.73260073259,2446.0,2043.0,2051.0,1223.0,424.0,-280.0,-16028.0,883.0,-340.0,-26.0,-66.0,-176.0,471.0,32883.0,5517824.0,2548.0,2812.0,0.0
3766559000,0.010266863228834468,97400.73260073259,2366.0,2043.0,2054.0,1222.0,444.0,-260.0,-16036.0,868.0,-355.0,-2.0,-66.0,-179.0,468.0,32883.0,5517824.0,2387.0,2817.0,0.0
3766815000,0.010266863228834468,97400.73260073259,2231.0,2042.0,2051.0,1223.0,440.0,-292.0,-16048.0,874.0,-336.0,-26.0,-64.0,-178.0,469.0,32883.0,5518592.0,2307.0,2816.0,0.0
3767071000,0.010266863228834468,97400.73260073259,2266.0,2042.0,2051.0,1222.0,452.0,-304.0,-16052.0,863.0,-345.0,-37.0,-64.0,-178.0,469.0,32883.0,5518592.0,2277.0,2817.0,0.0
3767327000,0.010266863228834468,97400.73260073259,2288.0,2040.0,2052.0,1223.0,404.0,-276.0,-16064.0,881.0,-364.0,-21.0,-79.0,-180.0,473.0,32883.0,5518080.0,2498.0,2812.0,0.0
3767583000,0.010266863228834468,97400.73260073259,2280.0,2041.0,2051.0,1220.0,440.0,-292.0,-16028.0,864.0,-352.0,-48.0,-68.0,-180.0,470.0,32883.0,5518080.0,2357.0,2816.0,0.0
3767839000,0.010266863228834468,97400.73260073259,2306.0,2042.0,2052.0,1221.0,420.0,-312.0,-16048.0,872.0,-355.0,-11.0,-66.0,-181.0,467.0,32883.0,5517312.0,2300.0,2817.0,0.0
3768095000,0.010266863228834468,97400.73260073259,2338.0,2043.0,2054.0,1223.0,440.0,-252.0,-16040.0,873.0,-352.0,-35.0,-66.0,-181.0,467.0,32883.0,5517312.0,2274.0,2817.0,0.0
3768351000,0.010266863228834468,97400.73260073259,2278.0,2043.0,2053.0,1222.0,432.0,-296.0,-16056.0,885.0,-353.0,-15.0,-66.0,-182.0,462.0,32883.0,5517824.0,2472.0,2800.0,0.0
3768607000,0.010266863228834468,97400.73260073259,2208.0,2043.0,2052.0,1222.0,432.0,-272.0,-16100.0,879.0,-359.0,-25.0,-82.0,-178.0,468.0,32883.0,5517824.0,2346.0,2816.0,0.0
3768863000,0.010266863228834468,97400.73260073259,2311.0,2041.0,2052.0,1222.0,476.0,-260.0,-16084.0,878.0,-353.0,-32.0,-70.0,-187.0,469.0,32883.0,5517312.0,2288.0,2816.0,0.0
3769119000,0.010266863228834468,97400.73260073259,2266.0,2044.0,2052.0,1222.0,432.0,-268.0,-16040.0,862.0,-348.0,-47.0,-67.0,-182.0,471.0,32883.0,5517312.0,2262.0,2816.0,0.0
3769375000,0.010266657306751175,97402.68620268619,2255.0,2043.0,2052.0,1224.0,464.0,-304.0,-16100.0,880.0,-356.0,-33.0,-67.0,-182.0,471.0,32883.0,5517568.0,2467.0,2800.0,0.0
3769631000,0.010266863228834468,97400.73260073259,2229.0,2042.0,2050.0,1221.0,444.0,-284.0,-16084.0,872.0,-359.0,-36.0,-66.0,-179.0,470.0,32883.0,5517568.0,2350.0,2817.0,0.0
3769887000,0.010266657306751175,97402.68620268619,2269.0,2042.0,2051.0,1220.0,464.0,-244.0,-16052.0,878.0,-341.0,-28.0,-63.0,-184.0,472.0,32883.0,5517056.0,2290.0,2816.0,0.0
3770143000,0.010266863228834468,97400.73260073259,2321.0,2042.0,2052.0,1224.0,456.0,-256.0,-16036.0,856.0,-339.0,-29.0,-70.0,-178.0,469.0,32883.0,5517056.0,2270.0,2817.0,0.0
3770399000,0.010266863228834468,97400.73260073259,2294.0,2042.0,2053.0,1221.0,436.0,-300.0,-16020.0,870.0,-350.0,-27.0,-64.0,-182.0,464.0,32883.0,5517824.0,2494.0,2812.0,0.0
3770655000,0.010266863228834468,97400.73260073259,2264.0,2042.0,2052.0,1222.0,420.0,-292.0,-16072.0,873.0,-364.0,-31.0,-64.0,-182.0,464.0,32883.0,5517824.0,2355.0,2816.0,0.0
3770911000,0.010266863228834468,97400.73260073259,2336.0,2040.0,2052.0,1223.0,460.0,-272.0,-16100.0,884.0,-344.0,-24.0,-63.0,-172.0,468.0,32883.0,5517312.0,2293.0,2816.0,0.0
3771167000,0.010266657306751175,97402.68620268619,2295.0,2042.0,2052.0,1223.0,416.0,-276.0,-16072.0,870.0,-347.0,-26.0,-63.0,-183.0,466.0,32883.0,5517312.0,2271.0,2817.0,0.0
3771423000,0.010266863228834468,97400.73260073259,2340.0,2043.0,2053.0,1221.0,456.0,-296.0,-16024.0,858.0,-345.0,-40.0,-70.0,-179.0,468.0,32883.0,5517824.0,2494.0,2812.0,0.0
3771679000,0.010266863228834468,97400.73260073259,2263.0,2042.0,2053.0,1223.0,440.0,-284.0,-16088.0,873.0,-333.0,-21.0,-67.0,-173.0,471.0,32883.0,5517824.0,2355.0,2816.0,0.0
3771935000,0.010266863228834468,97400.73260073259,2324.0,2042.0,2052.0,1223.0,388.0,-276.0,-16084.0,868.0,-352.0,-41.0,-67.0,-173.0,471.0,32883.0,5518336.0,2300.0,2817.0,0.0
3772191000,0.010266863228834468,97400.73260073259,2346.0,2041.0,2051.0,1222.0,444.0,-284.0,-16128.0,865.0,-355.0,-21.0,-71.0,-175.0,466.0,32883.0,5518336.0,2274.0,2817.0,0.0
3772447000,0.010266863228834468,97400.73260073259,2301.0,2042.0,2051.0,1223.0,452.0,-256.0,-16060.0,863.0,-346.0,-27.0,-71.0,-178.0,464.0,32883.0,5518336.0,2496.0,2812.0,0.0
3772703000,0.010266863228834468,97400.73260073259,2288.0,2044.0,2051.0,1221.0,444.0,-280.0,-16072.0,886.0,-347.0,-31.0,-73.0,-174.0,469.0,32883.0,5518336.0,2356.0,2816.0,0.0
3772959000,0.010266863228834468,97400.73260073259,2323.0,2041.0,2050.0,1223.0,448.0,-268.0,-16084.0,881.0,-339.0,-29.0,-73.0,-174.0,469.0,32883.0,5517312.0,2293.0,2816.0,0.0
3773215000,0.010266863228834468,97400.73260073259,2302.0,2043.0,2051.0,1223.0,464.0,-276.0,-16056.0,865.0,-341.0,-46.0,-74.0,-178.0,470.0,32883.0,5517312.0,2272.0,2817.0,0.0
3773471000,0.010266863228834468,97400.73260073259,2345.0,2043.0,2051.0,1222.0,448.0,-296.0,-16048.0,866.0,-353.0,-33.0,-72.0,-176.0,468.0,32883.0,5517312.0,2495.0,2812.0,0.0
3773727000,0.010266863228834468,97400.73260073259,2247.0,2044.0,2050.0,1222.0,456.0,-264.0,-16088.0,881.0,-360.0,-28.0,-71.0,-175.0,468.0,32883.0,5517312.0,2356.0,2816.0,0.0
3773983000,0.010266863228834468,97400.73260073259,2337.0,2043.0,2054.0,1221.0,444.0,-244.0,-16068.0,871.0,-345.0,-19.0,-73.0,-172.0,467.0,32883.0,5518080.0,2293.0,2816.0,0.0
3774239000,0.010266863228834468,97400.73260073259,2308.0,2042.0,2053.0,1221.0,452.0,-300.0,-16108.0,873.0,-346.0,-19.0,-73.0,-172.0,467.0,32883.0,5518080.0,2264.0,2816.0,0.0
3774495000,0.010266863228834468,97400.73260073259,2284.0,2042.0,2052.0,1223.0,428.0,-288.0,-16104.0,869.0,-366.0,-35.0,-63.0,-177.0,468.0,32883.0,5517568.0,2492.0,2812.0,0.0
3774751000,0.010266863228834468,97400.73260073259,2294.0,2041.0,2056.0,1223.0,436.0,-280.0,-16044.0,872.0,-355.0,-28.0,-71.0,-178.0,469.0,32883.0,5517568.0,2361.0,2817.0,0.0
3775007000,0.010266863228834468,97400.73260073259,2322.0,2042.0,2052.0,1222.0,456.0,-304.0,-16048.0,873.0,-350.0,-24.0,-68.0,-179.0,463.0,32883.0,5517824.0,2302.0,2817.0,0.0
3775263000,0.010266863228834468,97400.73260073259,2300.0,2043.0,2054.0,1219.0,444.0,-320.0,-16128.0,885.0,-344.0,-30.0,-60.0,-182.0,471.0,32883.0,5517824.0,2477.0,2796.0,0.0
3775519000,0.010266863228834468,97400.73260073259,2302.0,2041.0,2051.0,1224.0,460.0,-264.0,-16100.0,880.0,-337.0,-36.0,-60.0,-182.0,471.0,32883.0,5517824.0,2600.0,2811.0,0.0
3775775000,0.010266863228834468,97400.73260073259,2317.0,2042.0,2051.0,1224.0,448.0,-296.0,-16000.0,861.0,-352.0,-30.0,-63.0,-183.0,465.0,32883.0,5517824.0,2405.0,2816.0,0.0
3776031000,0.010266863228834468,97400.73260073259,2236.0,2042.0,2052.0,1224.0,424.0,-280.0,-16084.0,876.0,-357.0,-31.0,-61.0,-177.0,466.0,32883.0,5517568.0,2322.0,2817.0,0.0
3776287000,0.010266863228834468,97400.73260073259,2267.0,2044.0,2051.0,1221.0,416.0,-296.0,-16088.0,872.0,-344.0,-28.0,-68.0,-179.0,469.0,32883.0,5517568.0,2284.0,2817.0,0.0
3776543000,0.010266657306751175,97402.68620268619,2314.0,2042.0,2051.0,1221.0,464.0,-260.0,-16084.0,878.0,-345.0,-31.0,-68.0,-179.0,469.0,32883.0,5517312.0,2506.0,2811.0,0.0
3776799000,0.010266863228834468,97400.73260073259,2307.0,2041.0,2050.0,1222.0,436.0,-308.0,-16112.0,859.0,-331.0,-27.0,-75.0,-179.0,470.0,32883.0,5517312.0,2367.0,2817.0,0.0
3777055000,0.010266657306751175,97402.68620268619,2320.0,2044.0,2051.0,1222.0,392.0,-256.0,-16068.0,866.0,-329.0,-31.0,-75.0,-172.0,469.0,32883.0,5517568.0,2298.0,2816.0,0.0
3777311000,0.010266863228834468,97400.73260073259,2354.0,2042.0,2053.0,1224.0,424.0,-276.0,-16052.0,867.0,-348.0,-28.0,-71.0,-179.0,467.0,32883.0,5517568.0,2273.0,2817.0,0.0
3777567000,0.010266863228834468,97400.73260073259,2338.0,2042.0,2052.0,1222.0,416.0,-292.0,-16076.0,868.0,-336.0,-18.0,-70.0,-175.0,465.0,32883.0,5517824.0,2501.0,2811.0,0.0
3777823000,0.010266657306751175,97402.68620268619,2276.0,2043.0,2051.0,1222.0,432.0,-312.0,-16104.0,873.0,-340.0,-34.0,-70.0,-175.0,465.0,32883.0,5517824.0,2359.0,2816.0,0.0
3778079000,0.010266863228834468,97400.73260073259,2369.0,2044.0,2053.0,1219.0,412.0,-288.0,-16076.0,873.0,-340.0,-34.0,-71.0,-175.0,466.0,32883.0,5517824.0,2301.0,2817.0,0.0
3778335000,0.010266863228834468,97400.73260073259,2318.0,2041.0,2054.0,1224.0,408.0,-268.0,-16052.0,871.0,-339.0,-29.0,-70.0,-179.0,467.0,32883.0,5517824.0,2275.0,2817.0,0.0
3778591000,0.010266863228834468,97400.73260073259,2349.0,2043.0,2052.0,1225.0,412.0,-292.0,-16028.0,896.0,-328.0,-15.0,-84.0,-179.0,469.0,32883.0,5517824.0,2496.0,2812.0,0.0
3778847000,0.010266863228834468,97400.73260073259,2273.0,2043.0,2053.0,1222.0,420.0,-288.0,-16080.0,871.0,-357.0,-36.0,-66.0,-179.0,470.0,32883.0,5517824.0,2356.0,2816.0,0.0
3779103000,0.010266863228834468,97400.73260073259,2310.0,2044.0,2053.0,1222.0,444.0,-304.0,-16116.0,868.0,-353.0,-32.0,-66.0,-179.0,470.0,32883.0,5517568.0,2294.0,2816.0,0.0
3779359000,0.010266863228834468,97400.73260073259,2346.0,2042.0,2051.0,1223.0,392.0,-248.0,-16048.0,853.0,-349.0,-19.0,-66.0,-179.0,468.0,32883.0,5517568.0,2271.0,2817.0,0.0
3779615000,0.010266657306751175,97402.68620268619,2307.0,2044.0,2052.0,1223.0,400.0,-264.0,-16032.0,864.0,-366.0,-30.0,-66.0,-171.0,465.0,32883.0,5517568.0,2495.0,2812.0,0.0
3779871000,0.010266657306751175,97402.68620268619,2338.0,2043.0,2051.0,1222.0,412.0,-248.0,-16080.0,873.0,-346.0,-27.0,-62.0,-178.0,468.0,32883.0,5517568.0,2610.0,2815.0,0.0
3780127000,0.010266863228834468,97400.73260073259,2437.0,2043.0,2051.0,1220.0,436.0,-276.0,-16104.0,863.0,-349.0,-39.0,-68.0,-177.0,472.0,32883.0,5517824.0,2663.0,2815.0,0.0
3780383000,0.010266657306751175,97402.68620268619,2251.0,2044.0,2052.0,1221.0,368.0,-272.0,-16116.0,860.0,-335.0,-18.0,-68.0,-177.0,472.0,32883.0,5517824.0,2441.0,2817.0,0.0
3780639000,0.010266863228834468,97400.73260073259,2251.0,2041.0,2052.0,1222.0,368.0,-256.0,-16076.0,874.0,-351.0,-33.0,-70.0,-175.0,470.0,32883.0,5518080.0,2573.0,2812.0,0.0
3780895000,0.010266863228834468,97400.73260073259,2281.0,2042.0,2053.0,1222.0,412.0,-264.0,-16052.0,879.0,-356.0,-34.0,-64.0,-177.0,471.0,32883.0,5518080.0,2398.0,2817.0,0.0
3781151000,0.010266863228834468,97400.73260073259,2182.0,2042.0,2054.0,1221.0,416.0,-292.0,-16132.0,864.0,-346.0,-44.0,-74.0,-177.0,466.0,32883.0,5517312.0,2318.0,2817.0,0.0
3781407000,0.010266863228834468,97400.73260073259,2256.0,2042.0,2052.0,1221.0,432.0,-260.0,-16124.0,870.0,-347.0,-24.0,-74.0,-177.0,466.0,32883.0,5517312.0,2276.0,2816.0,0.0
3781663000,0.010266863228834468,97400.73260073259,2275.0,2041.0,2052.0,1225.0,408.0,-300.0,-16060.0,866.0,-343.0,-40.0,-68.0,-176.0,466.0,32883.0,5518080.0,2503.0,2811.0,0.0
3781919000,0.010266863228834468,97400.73260073259,2289.0,2042.0,2054.0,1224.0,392.0,-280.0,-16076.0,891.0,-352.0,-34.0,-74.0,-179.0,470.0,32883.0,5518080.0,2359.0,2816.0,0.0
3782175000,0.010266863228834468,97400.73260073259,2322.0,2041.0,2053.0,1222.0,436.0,-288.0,-16036.0,877.0,-350.0,-36.0,-65.0,-185.0,469.0,32883.0,5517312.0,2295.0,2816.0,0.0
3782431000,0.010266863228834468,97400.73260073259,2305.0,2043.0,2052.0,1221.0,416.0,-272.0,-16104.0,860.0,-359.0,-12.0,-77.0,-175.0,473.0,32883.0,5517312.0,2265.0,2816.0,0.0
3782687000,0.010266863228834468,97400.73260073259,2335.0,2042.0,2050.0,1223.0,440.0,-232.0,-16084.0,894.0,-338.0,-42.0,-77.0,-175.0,473.0,32883.0,5518080.0,2497.0,2811.0,0.0
3782943000,0.010266863228834468,97400.73260073259,2264.0,2041.0,2050.0,1221.0,456.0,-252.0,-16088.0,875.0,-335.0,-37.0,-80.0,-182.0,472.0,32883.0,5518080.0,2363.0,2817.0,0.0
3783199000,0.010266863228834468,97400.73260073259,2355.0,2042.0,2051.0,1221.0,400.0,-252.0,-16092.0,856.0,-345.0,-35.0,-64.0,-176.0,464.0,32883.0,5517824.0,2296.0,2816.0,0.0
3783455000,0.010266863228834468,97400.73260073259,2314.0,2042.0,2050.0,1221.0,424.0,-264.0,-16064.0,868.0,-346.0,-27.0,-64.0,-176.0,477.0,32883.0,5517824.0,2266.0,2816.0,0.0
3783711000,0.010266863228834468,97400.73260073259,2309.0,2044.0,2051.0,1222.0,428.0,-204.0,-16076.0,874.0,-345.0,-29.0,-65.0,-182.0,466.0,32883.0,5517824.0,2497.0,2811.0,0.0
3783967000,0.010266863228834468,97400.73260073259,2294.0,2042.0,2051.0,1219.0,404.0,-312.0,-16048.0,881.0,-359.0,-9.0,-65.0,-182.0,466.0,32883.0,5517824.0,2357.0,2816.0,0.0
3784223000,0.010266863228834468,97400.73260073259,2320.0,2041.0,2051.0,1224.0,408.0,-260.0,-16084.0,875.0,-346.0,-27.0,-78.0,-175.0,469.0,32883.0,5517568.0,2301.0,2817.0,0.0
3784479000,0.010266863228834468,97400.73260073259,2333.0,2043.0,2052.0,1220.0,396.0,-268.0,-16088.0,883.0,-343.0,-25.0,-65.0,-180.0,465.0,32883.0,5517568.0,2268.0,2816.0,0.0
3784735000,0.010266863228834468,97400.73260073259,2329.0,2042.0,2051.0,1222.0,396.0,-268.0,-16092.0,878.0,-342.0,-25.0,-62.0,-172.0,467.0,32883.0,5517312.0,2498.0,2811.0,0.0
3784991000,0.010266863228834468,97400.73260073259,2256.0,2042.0,2053.0,1224.0,412.0,-292.0,-16100.0,864.0,-350.0,-27.0,-76.0,-182.0,469.0,32883.0,5517312.0,2357.0,2816.0,0.0
3785247000,0.010266863228834468,97400.73260073259,2364.0,2041.0,2053.0,1222.0,400.0,-268.0,-16084.0,871.0,-353.0,-33.0,-76.0,-182.0,469.0,32883.0,5517568.0,2301.0,2817.0,0.0
3785503000,0.010266863228834468,97400.73260073259,2321.0,2042.0,2053.0,1221.0,436.0,-284.0,-16096.0,891.0,-357.0,-21.0,-62.0,-178.0,466.0,32883.0,5517568.0,2275.0,2817.0,0.0
3785759000,0.010266863228834468,97400.73260073259,2277.0,2043.0,2052.0,1222.0,436.0,-292.0,-16100.0,874.0,-338.0,-26.0,-69.0,-186.0,468.0,32883.0,5517312.0,2465.0,2796.0,0.0
3786015000,0.010266863228834468,97400.73260073259,2225.0,2042.0,2051.0,1225.0,444.0,-284.0,-16064.0,873.0,-369.0,-28.0,-69.0,-182.0,468.0,32883.0,5517312.0,2342.0,2816.0,0.0
3786271000,0.010266657306751175,97402.68620268619,2258.0,2041.0,2054.0,1222.0,388.0,-248.0,-16120.0,877.0,-356.0,-14.0,-69.0,-182.0,468.0,32883.0,5518336.0,2286.0,2816.0,0.0
3786527000,0.010266863228834468,97400.73260073259,2311.0,2042.0,2052.0,1222.0,424.0,-288.0,-16072.0,865.0,-357.0,-31.0,-67.0,-182.0,469.0,32883.0,5518336.0,2268.0,2817.0,0.0
3786783000,0.010266657306751175,97402.68620268619,2290.0,2041.0,2053.0,1222.0,436.0,-288.0,-16080.0,871.0,-369.0,-12.0,-66.0,-177.0,471.0,32883.0,5517568.0,2493.0,2812.0,0.0
3787039000,0.010266863228834468,97400.73260073259,2260.0,2040.0,2052.0,1224.0,408.0,-248.0,-16040.0,873.0,-344.0,-35.0,-75.0,-183.0,470.0,32883.0,5517568.0,2355.0,2816.0,0.0
3787295000,0.010266863228834468,97400.73260073259,2345.0,2041.0,2051.0,1220.0,368.0,-264.0,-16092.0,862.0,-362.0,-38.0,-76.0,-174.0,472.0,32883.0,5518080.0,2299.0,2817.0,0.0
3787551000,0.010266657306751175,97402.68620268619,2293.0,2042.0,2051.0,1221.0,388.0,-280.0,-16124.0,878.0,-355.0,-6.0,-76.0,-174.0,472.0,32883.0,5518080.0,2267.0,2816.0,0.0
3787807000,0.010266863228834468,97400.73260073259,2339.0,2043.0,2051.0,1221.0,420.0,-276.0,-16100.0,873.0,-330.0,-44.0,-66.0,-173.0,465.0,32883.0,5517312.0,2493.0,2812.0,0.0
3788063000,0.010266863228834468,97400.73260073259,2266.0,2044.0,2051.0,1222.0,420.0,-316.0,-16112.0,876.0,-336.0,-37.0,-68.0,-175.0,467.0,32883.0,5517312.0,2355.0,2816.0,0.0
3788319000,0.010266863228834468,97400.73260073259,2316.0,2041.0,2051.0,1220.0,412.0,-256.0,-16060.0,870.0,-363.0,-11.0,-67.0,-176.0,465.0,32883.0,5517824.0,2293.0,2816.0,0.0
3788575000,0.010266863228834468,97400.73260073259,2320.0,2042.0,2051.0,1222.0,416.0,-280.0,-16092.0,865.0,-344.0,-42.0,-84.0,-176.0,466.0,32883.0,5517824.0,2264.0,2816.0,0.0
3788831000,0.010266863228834468,97400.73260073259,2295.0,2043.0,2052.0,1224.0,428.0,-300.0,-16068.0,860.0,-356.0,-25.0,-84.0,-176.0,466.0,32883.0,5517312.0,2497.0,2811.0,0.0
3789087000,0.010266863228834468,97400.73260073259,2288.0,2041.0,2053.0,1222.0,416.0,-288.0,-16088.0,875.0,-346.0,-25.0,-62.0,-180.0,465.0,32883.0,5517312.0,2357.0,2816.0,0.0
3789343000,0.010266863228834468,97400.73260073259,2333.0,2041.0,2053.0,1220.0,388.0,-296.0,-16140.0,876.0,-314.0,-23.0,-67.0,-184.0,464.0,32883.0,5517824.0,2300.0,2817.0,0.0
3789599000,0.010266863228834468,97400.73260073259,2312.0,2041.0,2053.0,1218.0,416.0,-276.0,-16148.0,876.0,-333.0,-32.0,-64.0,-177.0,467.0,32883.0,5517824.0,2274.0,2817.0,0.0
3789855000,0.010266863228834468,97400.73260073259,2348.0,2041.0,2054.0,1221.0,404.0,-284.0,-16184.0,859.0,-337.0,-13.0,-64.0,-177.0,467.0,32883.0,5518080.0,2495.0,2810.0,0.0
3790111000,0.010266657306751175,97402.68620268619,2252.0,2043.0,2051.0,1225.0,456.0,-276.0,-16012.0,870.0,-347.0,-32.0,-81.0,-174.0,467.0,32883.0,5518080.0,2356.0,2816.0,0.0
3790367000,0.010266863228834468,97400.73260073259,2386.0,2044.0,2052.0,1224.0,460.0,-272.0,-16076.0,867.0,-336.0,-32.0,-75.0,-173.0,466.0,32883.0,5518080.0,2541.0,2814.0,0.0
3790623000,0.010266863228834468,97400.73260073259,2346.0,2043.0,2051.0,1226.0,428.0,-260.0,-16012.0,884.0,-356.0,-27.0,-65.0,-180.0,465.0,32883.0,5518080.0,2377.0,2816.0,0.0
3790879000,0.010266863228834468,97400.73260073259,2391.0,2041.0,2051.0,1222.0,432.0,-240.0,-16132.0,848.0,-349.0,-26.0,-71.0,-179.0,470.0,32883.0,5518080.0,2542.0,2810.0,0.0
3791135000,0.010266863228834468,97400.73260073259,2381.0,2042.0,2053.0,1221.0,424.0,-248.0,-16052.0,873.0,-353.0,-38.0,-71.0,-179.0,470.0,32883.0,5518080.0,2378.0,2816.0,0.0
3791391000,0.010266863228834468,97400.73260073259,2185.0,2044.0,2053.0,1222.0,456.0,-252.0,-16080.0,860.0,-348.0,-31.0,-62.0,-177.0,468.0,32883.0,5517568.0,2310.0,2817.0,0.0
3791647000,0.010266863228834468,97400.73260073259,2228.0,2044.0,2052.0,1223.0,452.0,-268.0,-16076.0,859.0,-349.0,-16.0,-74.0,-180.0,467.0,32883.0,5517568.0,2480.0,2796.0,0.0
3791903000,0.010266863228834468,97400.73260073259,2254.0,2042.0,2053.0,1225.0,388.0,-244.0,-16072.0,889.0,-338.0,-35.0,-71.0,-181.0,466.0,32883.0,5517056.0,2596.0,2811.0,0.0
3792159000,0.010266657306751175,97402.68620268619,2284.0,2042.0,2052.0,1224.0,376.0,-276.0,-16084.0,884.0,-345.0,-37.0,-69.0,-179.0,471.0,32883.0,5517056.0,2402.0,2816.0,0.0
3792415000,0.010266863228834468,97400.73260073259,2215.0,2043.0,2052.0,1221.0,412.0,-256.0,-16156.0,866.0,-341.0,-36.0,-69.0,-179.0,471.0,32883.0,5517568.0,2321.0,2817.0,0.0
3792671000,0.010266863228834468,97400.73260073259,2259.0,2043.0,2050.0,1222.0,448.0,-252.0,-16068.0,862.0,-336.0,-35.0,-66.0,-178.0,469.0,32883.0,5517568.0,2284.0,2817.0,0.0
3792927000,0.010266657306751175,97402.68620268619,2308.0,2042.0,2053.0,1224.0,444.0,-252.0,-16076.0,875.0,-353.0,-31.0,-73.0,-177.0,469.0,32883.0,5517824.0,2506.0,2811.0,0.0
3793183000,0.010266863228834468,97400.73260073259,2290.0,2042.0,2052.0,1223.0,412.0,-292.0,-16032.0,877.0,-353.0,-24.0,-64.0,-183.0,467.0,32883.0,5517824.0,2361.0,2816.0,0.0
3793439000,0.010266657306751175,97402.68620268619,2309.0,2042.0,2052.0,1220.0,432.0,-272.0,-16112.0,897.0,-373.0,-30.0,-69.0,-174.0,466.0,32883.0,5517568.0,2295.0,2816.0,0.0
3793695000,0.010266863228834468,97400.73260073259,2334.0,2041.0,2052.0,1221.0,456.0,-284.0,-16084.0,885.0,-362.0,-19.0,-69.0,-174.0,466.0,32883.0,5517568.0,2265.0,2816.0,0.0
3793951000,0.010266863228834468,97400.73260073259,2308.0,2042.0,2053.0,1224.0,416.0,-256.0,-16096.0,864.0,-357.0,-21.0,-63.0,-178.0,469.0,32883.0,5517824.0,2492.0,2812.0,0.0
3794207000,0.010266863228834468,97400.73260073259,2253.0,2042.0,2052.0,1224.0,452.0,-232.0,-16040.0,883.0,-347.0,-40.0,-58.0,-180.0,469.0,32883.0,5517824.0,2355.0,2816.0,0.0
3794463000,0.010266863228834468,97400.73260073259,2377.0,2042.0,2052.0,1225.0,420.0,-264.0,-16036.0,855.0,-342.0,-27.0,-64.0,-179.0,469.0,32883.0,5517312.0,2533.0,2812.0,0.0
3794719000,0.010266657306751175,97402.68620268619,2300.0,2041.0,2053.0,1216.0,464.0,-316.0,-16216.0,876.0,-340.0,-22.0,-64.0,-179.0,469.0,32883.0,5517312.0,2373.0,2816.0,0.0
3794975000,0.010266863228834468,97400.73260073259,2418.0,2041.0,2050.0,1221.0,404.0,-296.0,-16144.0,876.0,-340.0,-22.0,-67.0,-189.0,464.0,32883.0,5517824.0,2539.0,2807.0,0.0
3795231000,0.010266863228834468,97400.73260073259,2369.0,2044.0,2052.0,1228.0,416.0,-272.0,-15988.0,863.0,-347.0,-32.0,-66.0,-175.0,472.0,32883.0,5517824.0,2383.0,2817.0,0.0
3795487000,0.010266863228834468,97400.73260073259,2176.0,2043.0,2049.0,1222.0,464.0,-272.0,-16152.0,854.0,-346.0,-39.0,-71.0,-179.0,471.0,32883.0,5517312.0,2305.0,2816.0,0.0
3795743000,0.010266863228834468,97400.73260073259,2266.0,2043.0,2052.0,1224.0,432.0,-308.0,-16148.0,873.0,-351.0,-19.0,-67.0,-178.0,469.0,32883.0,5517312.0,2270.0,2816.0,0.0
3795999000,0.010266863228834468,97400.73260073259,2260.0,2040.0,2051.0,1225.0,424.0,-300.0,-16028.0,861.0,-347.0,-27.0,-67.0,-178.0,469.0,32883.0,5517824.0,2493.0,2810.0,0.0
3796255000,0.010266863228834468,97400.73260073259,2265.0,2041.0,2052.0,1218.0,440.0,-304.0,-16164.0,869.0,-376.0,-17.0,-75.0,-183.0,466.0,32883.0,5517824.0,2362.0,2817.0,0.0
3796511000,0.010266863228834468,97400.73260073259,2329.0,2041.0,2051.0,1225.0,428.0,-300.0,-15992.0,890.0,-367.0,-45.0,-75.0,-177.0,466.0,32883.0,5518080.0,2296.0,2816.0,0.0
3796767000,0.010266657306751175,97402.68620268619,2285.0,2043.0,2053.0,1222.0,476.0,-288.0,-16072.0,885.0,-342.0,-21.0,-79.0,-174.0,468.0,32883.0,5518080.0,2266.0,2816.0,0.0
3797023000,0.010266863228834468,97400.73260073259,2339.0,2042.0,2052.0,1224.0,472.0,-276.0,-16108.0,851.0,-362.0,-38.0,-69.0,-181.0,468.0,32883.0,5517568.0,2497.0,2811.0,0.0
3797279000,0.010266863228834468,97400.73260073259,2259.0,2042.0,2052.0,1223.0,468.0,-276.0,-16116.0,873.0,-352.0,-26.0,-69.0,-181.0,468.0,32883.0,5517568.0,2357.0,2816.0,0.0
3797535000,0.010266863228834468,97400.73260073259,2336.0,2042.0,2052.0,1220.0,416.0,-288.0,-16124.0,880.0,-328.0,-35.0,-74.0,-178.0,466.0,32883.0,5517824.0,2300.0,2817.0,0.0
3797791000,0.010266863228834468,97400.73260073259,2340.0,2044.0,2054.0,1220.0,440.0,-292.0,-16072.0,891.0,-363.0,-44.0,-61.0,-179.0,469.0,32883.0,5517824.0,2274.0,2817.0,0.0
3798047000,0.010266863228834468,97400.73260073259,2237.0,2041.0,2054.0,1221.0,464.0,-272.0,-16104.0,877.0,-349.0,-34.0,-66.0,-173.0,465.0,32883.0,5517568.0,2464.0,2796.0,0.0
3798303000,0.010266863228834468,97400.73260073259,2227.0,2042.0,2052.0,1223.0,444.0,-312.0,-16036.0,875.0,-350.0,-21.0,-66.0,-173.0,465.0,32883.0,5517568.0,2341.0,2816.0,0.0
3798559000,0.010266863228834468,97400.73260073259,2280.0,2042.0,2053.0,1222.0,464.0,-288.0,-16092.0,881.0,-353.0,-37.0,-63.0,-171.0,465.0,32883.0,5517824.0,2287.0,2816.0,0.0
3798815000,0.010266657306751175,97402.68620268619,2281.0,2043.0,2053.0,1221.0,460.0,-252.0,-16140.0,882.0,-356.0,-24.0,-67.0,-176.0,468.0,32883.0,5517824.0,2268.0,2817.0,0.0
3799071000,0.010266863228834468,97400.73260073259,2311.0,2043.0,2051.0,1221.0,436.0,-260.0,-16136.0,887.0,-347.0,-6.0,-59.0,-180.0,467.0,32883.0,5517824.0,2492.0,2810.0,0.0
3799327000,0.010266863228834468,97400.73260073259,2230.0,2044.0,2051.0,1224.0,452.0,-272.0,-16064.0,874.0,-333.0,-29.0,-63.0,-181.0,465.0,32883.0,5517824.0,2354.0,2816.0,0.0
3799583000,0.010266863228834468,97400.73260073259,2327.0,2042.0,2053.0,1223.0,444.0,-292.0,-16100.0,858.0,-360.0,-28.0,-63.0,-181.0,465.0,32883.0,5517824.0,2292.0,2816.0,0.0
3799839000,0.010266863228834468,97400.73260073259,2273.0,2043.0,2051.0,1222.0,456.0,-284.0,-16044.0,881.0,-345.0,-33.0,-75.0,-182.0,468.0,32883.0,5517824.0,2473.0,2796.0,0.0
3800095000,0.010266863228834468,97400.73260073259,2249.0,2042.0,2051.0,1223.0,436.0,-256.0,-16056.0,854.0,-344.0,-28.0,-68.0,-183.0,469.0,32883.0,5517824.0,2592.0,2811.0,0.0
3800351000,0.010266863228834468,97400.73260073259,2333.0,2041.0,2052.0,1219.0,440.0,-268.0,-16088.0,871.0,-350.0,-29.0,-71.0,-178.0,465.0,32883.0,5517824.0,2400.0,2816.0,0.0
3800607000,0.010266863228834468,97400.73260073259,2219.0,2043.0,2052.0,1220.0,444.0,-256.0,-16160.0,875.0,-356.0,-33.0,-69.0,-175.0,467.0,32883.0,5517568.0,2567.0,2815.0,0.0
3800863000,0.010266863228834468,97400.73260073259,2306.0,2042.0,2055.0,1222.0,456.0,-308.0,-16044.0,871.0,-358.0,-34.0,-69.0,-175.0,467.0,32883.0,5517568.0,2396.0,2817.0,0.0
3801119000,0.010266863228834468,97400.73260073259,2420.0,2042.0,2052.0,1223.0,424.0,-284.0,-16024.0,867.0,-360.0,-21.0,-73.0,-175.0,469.0,32883.0,5517824.0,2557.0,2811.0,0.0
3801375000,0.010266657306751175,97402.68620268619,2369.0,2043.0,2053.0,1223.0,452.0,-248.0,-16048.0,847.0,-344.0,-24.0,-66.0,-177.0,470.0,32883.0,5517824.0,2391.0,2817.0,0.0
3801631000,0.010266863228834468,97400.73260073259,2233.0,2041.0,2054.0,1219.0,436.0,-272.0,-16120.0,869.0,-349.0,-21.0,-71.0,-169.0,467.0,32883.0,5517824.0,2309.0,2816.0,0.0
3801887000,0.010266863228834468,97400.73260073259,2239.0,2042.0,2054.0,1220.0,468.0,-332.0,-16144.0,861.0,-342.0,-30.0,-69.0,-174.0,471.0,32883.0,5517824.0,2272.0,2816.0,0.0
3802143000,0.010266863228834468,97400.73260073259,2288.0,2043.0,2055.0,1223.0,440.0,-304.0,-16008.0,884.0,-358.0,-35.0,-69.0,-174.0,471.0,32883.0,5517824.0,2494.0,2810.0,0.0
3802399000,0.010266863228834468,97400.73260073259,2262.0,2042.0,2052.0,1223.0,436.0,-308.0,-16028.0,877.0,-348.0,-8.0,-70.0,-185.0,472.0,32883.0,5517824.0,2355.0,2816.0,0.0
3802655000,0.010266657306751175,97402.68620268619,2292.0,2042.0,2052.0,1225.0,448.0,-280.0,-16004.0,878.0,-360.0,-40.0,-63.0,-181.0,467.0,32883.0,5517824.0,2293.0,2816.0,0.0
3802911000,0.010266863228834468,97400.73260073259,2320.0,2041.0,2052.0,1217.0,424.0,-304.0,-16148.0,878.0,-346.0,-44.0,-62.0,-171.0,469.0,32883.0,5517824.0,2264.0,2816.0,0.0
3803167000,0.010266863228834468,97400.73260073259,2293.0,2041.0,2051.0,1219.0,468.0,-264.0,-16124.0,866.0,-346.0,-31.0,-62.0,-171.0,469.0,32883.0,5517824.0,2491.0,2810.0,0.0
3803423000,0.010266863228834468,97400.73260073259,2256.0,2043.0,2053.0,1223.0,456.0,-312.0,-16048.0,885.0,-344.0,-27.0,-66.0,-173.0,468.0,32883.0,5517824.0,2354.0,2816.0,0.0
3803679000,0.010266863228834468,97400.73260073259,2344.0,2042.0,2052.0,1225.0,480.0,-300.0,-15992.0,882.0,-362.0,-34.0,-60.0,-181.0,470.0,32883.0,5518080.0,2299.0,2817.0,0.0
3803935000,0.010266657306751175,97402.68620268619,2295.0,2044.0,2051.0,1224.0,468.0,-244.0,-16056.0,863.0,-355.0,-46.0,-62.0,-176.0,470.0,32883.0,5518080.0,2267.0,2816.0,0.0
3804191000,0.010266863228834468,97400.73260073259,2330.0,2041.0,2052.0,1222.0,416.0,-268.0,-16076.0,877.0,-349.0,-15.0,-60.0,-182.0,474.0,32883.0,5517824.0,2492.0,2810.0,0.0
3804447000,0.010266863228834468,97400.73260073259,2257.0,2040.0,2051.0,1220.0,452.0,-288.0,-16120.0,876.0,-355.0,-25.0,-60.0,-182.0,474.0,32883.0,5517824.0,2354.0,2816.0,0.0
3804703000,0.010266863228834468,97400.73260073259,2311.0,2043.0,2050.0,1221.0,416.0,-272.0,-16100.0,877.0,-334.0,-17.0,-79.0,-179.0,471.0,32883.0,5518080.0,2293.0,2816.0,0.0
3804959000,0.010266863228834468,97400.73260073259,2337.0,2044.0,2051.0,1224.0,440.0,-300.0,-16076.0,863.0,-346.0,-17.0,-67.0,-175.0,472.0,32883.0,5518080.0,2271.0,2817.0,0.0
3805215000,0.010266657306751175,97402.68620268619,2297.0,2042.0,2051.0,1224.0,464.0,-264.0,-16088.0,875.0,-350.0,-18.0,-73.0,-180.0,465.0,32883.0,5517824.0,2494.0,2810.0,0.0
3805471000,0.010266863228834468,97400.73260073259,2284.0,2043.0,2053.0,1222.0,440.0,-292.0,-16068.0,868.0,-353.0,-40.0,-70.0,-184.0,464.0,32883.0,5517824.0,2355.0,2816.0,0.0
3805727000,0.010266863228834468,97400.73260073259,2320.0,2042.0,2052.0,1221.0,456.0,-268.0,-16096.0,892.0,-342.0,-23.0,-70.0,-184.0,464.0,32891.0,5517824.0,2292.0,2816.0,0.0
3805983000,0.010266657306751175,97402.68620268619,2304.0,2041.0,2053.0,1221.0,420.0,-336.0,-16032.0,865.0,-353.0,-20.0,-65.0,-178.0,468.0,32891.0,5517824.0,2271.0,2817.0,0.0
3806239000,0.010266863228834468,97400.73260073259,2352.0,2042.0,2054.0,1222.0,492.0,-328.0,-16092.0,857.0,-342.0,-38.0,-67.0,-182.0,467.0,32891.0,5517056.0,2499.0,2811.0,0.0
3806495000,0.010266863228834468,97400.73260073259,2262.0,2044.0,2053.0,1223.0,448.0,-296.0,-16080.0,882.0,-358.0,-35.0,-70.0,-177.0,461.0,32891.0,5517056.0,2358.0,2816.0,0.0
3806751000,0.010266863228834468,97400.73260073259,2380.0,2043.0,2052.0,1223.0,424.0,-268.0,-16080.0,884.0,-342.0,-31.0,-70.0,-177.0,461.0,32891.0,5517568.0,2540.0,2811.0,0.0
3807007000,0.010266863228834468,97400.73260073259,2347.0,2044.0,2052.0,1223.0,448.0,-276.0,-16108.0,865.0,-326.0,-30.0,-67.0,-177.0,469.0,32891.0,5517568.0,2377.0,2816.0,0.0
3807263000,0.010266657306751175,97402.68620268619,2400.0,2044.0,2051.0,1224.0,488.0,-276.0,-16092.0,872.0,-337.0,-23.0,-65.0,-174.0,468.0,32891.0,5518080.0,2548.0,2811.0,0.0
3807519000,0.010266863228834468,97400.73260073259,2387.0,2044.0,2051.0,1224.0,468.0,-304.0,-16016.0,860.0,-356.0,-31.0,-67.0,-180.0,474.0,32891.0,5518080.0,2380.0,2816.0,0.0
3807775000,0.010266863228834468,97400.73260073259,2174.0,2043.0,2052.0,1224.0,416.0,-292.0,-16080.0,880.0,-336.0,-30.0,-63.0,-179.0,471.0,32891.0,5517824.0,2304.0,2816.0,0.0
3808031000,0.010266657306751175,97402.68620268619,2242.0,2043.0,2052.0,1223.0,416.0,-324.0,-16048.0,890.0,-355.0,-37.0,-63.0,-179.0,471.0,32891.0,5517824.0,2269.0,2816.0,0.0
3808287000,0.010266657306751175,97402.68620268619,2287.0,2041.0,2051.0,1223.0,456.0,-268.0,-16076.0,871.0,-353.0,-48.0,-81.0,-174.0,470.0,32891.0,5518080.0,2493.0,2811.0,0.0
3808543000,0.010266863228834468,97400.73260073259,2218.0,2043.0,2053.0,1223.0,440.0,-316.0,-16068.0,886.0,-357.0,-16.0,-66.0,-174.0,470.0,32891.0,5518080.0,2354.0,2816.0,0.0
3808799000,0.010266657306751175,97402.68620268619,2339.0,2043.0,2054.0,1222.0,444.0,-316.0,-16032.0,863.0,-360.0,-14.0,-71.0,-182.0,469.0,32891.0,5517568.0,2300.0,2817.0,0.0
3809055000,0.010266863228834468,97400.73260073259,2303.0,2042.0,2054.0,1221.0,420.0,-336.0,-16076.0,865.0,-369.0,-33.0,-75.0,-178.0,467.0,32891.0,5517568.0,2267.0,2816.0,0.0
3809311000,0.010266863228834468,97400.73260073259,2300.0,2042.0,2054.0,1223.0,444.0,-296.0,-16084.0,885.0,-360.0,-12.0,-75.0,-178.0,467.0,32891.0,5517568.0,2492.0,2810.0,0.0
3809567000,0.010266863228834468,97400.73260073259,2289.0,2042.0,2054.0,1220.0,416.0,-304.0,-16036.0,874.0,-356.0,-22.0,-72.0,-181.0,462.0,32891.0,5517568.0,2361.0,2817.0,0.0
3809823000,0.010266863228834468,97400.73260073259,2319.0,2043.0,2051.0,1223.0,448.0,-316.0,-16068.0,879.0,-348.0,-34.0,-70.0,-179.0,465.0,32891.0,5517568.0,2302.0,2817.0,0.0
3810079000,0.010266863228834468,97400.73260073259,2350.0,2042.0,2052.0,1223.0,460.0,-304.0,-16084.0,864.0,-358.0,-30.0,-69.0,-180.0,466.0,32891.0,5517568.0,2276.0,2817.0,0.0
3810335000,0.010266863228834468,97400.73260073259,2324.0,2042.0,2052.0,1220.0,464.0,-272.0,-16112.0,875.0,-348.0,-34.0,-67.0,-177.0,469.0,32891.0,5517824.0,2496.0,2810.0,0.0
3810591000,0.010266657306751175,97402.68620268619,2258.0,2042.0,2051.0,1222.0,480.0,-288.0,-16100.0,878.0,-348.0,-52.0,-67.0,-177.0,469.0,32891.0,5517824.0,2356.0,2816.0,0.0
3810847000,0.010266863228834468,97400.73260073259,2346.0,2042.0,2052.0,1223.0,464.0,-296.0,-16044.0,859.0,-353.0,-17.0,-74.0,-181.0,473.0,32891.0,5518080.0,2293.0,2816.0,0.0
3811103000,0.010266863228834468,97400.73260073259,2302.0,2043.0,2053.0,1224.0,440.0,-276.0,-16016.0,878.0,-347.0,-26.0,-73.0,-174.0,466.0,32891.0,5518080.0,2271.0,2817.0,0.0
3811359000,0.010266863228834468,97400.73260073259,2333.0,2042.0,2052.0,1222.0,492.0,-244.0,-16048.0,873.0,-348.0,-29.0,-87.0,-173.0,469.0,32891.0,5517824.0,2494.0,2810.0,0.0
3811615000,0.010266863228834468,97400.73260073259,2272.0,2043.0,2051.0,1223.0,476.0,-264.0,-16124.0,867.0,-356.0,-29.0,-87.0,-173.0,469.0,32891.0,5517824.0,2355.0,2816.0,0.0
3811871000,0.010266863228834468,97400.73260073259,2317.0,2043.0,2052.0,1217.0,496.0,-284.0,-16196.0,867.0,-356.0,-29.0,-66.0,-175.0,469.0,32891.0,5517568.0,2300.0,2817.0,0.0
3812127000,0.010266863228834468,97400.73260073259,2348.0,2042.0,2050.0,1223.0,468.0,-300.0,-16048.0,855.0,-344.0,-15.0,-63.0,-180.0,467.0,32891.0,5517568.0,2274.0,2817.0,0.0
3812383000,0.010266863228834468,97400.73260073259,2321.0,2041.0,2052.0,1225.0,432.0,-296.0,-16000.0,863.0,-339.0,-33.0,-59.0,-177.0,467.0,32891.0,5517568.0,2501.0,2811.0,0.0
3812639000,0.010266863228834468,97400.73260073259,2287.0,2043.0,2052.0,1222.0,444.0,-308.0,-16052.0,900.0,-371.0,-26.0,-63.0,-181.0,468.0,32891.0,5517568.0,2358.0,2816.0,0.0
3812895000,0.010266863228834468,97400.73260073259,2397.0,2042.0,2052.0,1222.0,464.0,-320.0,-16084.0,863.0,-353.0,-59.0,-63.0,-181.0,468.0,32891.0,5517824.0,2548.0,2815.0,0.0
3813151000,0.010266863228834468,97400.73260073259,2327.0,2044.0,2052.0,1222.0,468.0,-268.0,-16064.0,883.0,-353.0,-31.0,-62.0,-172.0,463.0,32891.0,5517824.0,2380.0,2816.0,0.0
3813407000,0.010266863228834468,97400.73260073259,2453.0,2044.0,2052.0,1220.0,424.0,-260.0,-16060.0,875.0,-333.0,-53.0,-70.0,-175.0,473.0,32891.0,5517824.0,2550.0,2811.0,0.0
3813663000,0.010266863228834468,97400.73260073259,2367.0,2043.0,2052.0,1220.0,424.0,-300.0,-16048.0,871.0,-349.0,-32.0,-63.0,-178.0,466.0,32891.0,5517824.0,2382.0,2816.0,0.0
3813919000,0.010266657306751175,97402.68620268619,2213.0,2041.0,2050.0,1222.0,468.0,-260.0,-16076.0,891.0,-342.0,-12.0,-75.0,-174.0,464.0,32891.0,5517824.0,2311.0,2817.0,0.0
3814175000,0.010266863228834468,97400.73260073259,2270.0,2042.0,2050.0,1223.0,424.0,-260.0,-16076.0,880.0,-338.0,-13.0,-75.0,-174.0,464.0,32891.0,5517824.0,2272.0,2816.0,0.0
3814431000,0.010266657306751175,97402.68620268619,2277.0,2043.0,2050.0,1222.0,460.0,-284.0,-16128.0,877.0,-355.0,-27.0,-66.0,-180.0,471.0,32891.0,5517568.0,2501.0,2811.0,0.0
3814687000,0.010266863228834468,97400.73260073259,2296.0,2042.0,2050.0,1220.0,448.0,-284.0,-16072.0,865.0,-352.0,-17.0,-74.0,-183.0,473.0,32891.0,5517568.0,2365.0,2817.0,0.0
3814943000,0.010266863228834468,97400.73260073259,2393.0,2043.0,2052.0,1224.0,424.0,-292.0,-16068.0,894.0,-352.0,-20.0,-77.0,-174.0,471.0,32891.0,5517312.0,2551.0,2815.0,0.0
3815199000,0.010266863228834468,97400.73260073259,2348.0,2042.0,2052.0,1225.0,396.0,-296.0,-16060.0,878.0,-355.0,-27.0,-77.0,-174.0,471.0,32891.0,5517312.0,2382.0,2816.0,0.0
3815455000,0.010266863228834468,97400.73260073259,2458.0,2042.0,2054.0,1224.0,424.0,-292.0,-16072.0,878.0,-342.0,-54.0,-69.0,-177.0,465.0,32891.0,5517824.0,2551.0,2811.0,0.0
3815711000,0.010266863228834468,97400.73260073259,2362.0,2042.0,2053.0,1222.0,456.0,-312.0,-16072.0,875.0,-352.0,-23.0,-71.0,-182.0,465.0,32891.0,5517824.0,2382.0,2816.0,0.0
3815967000,0.010266863228834468,97400.73260073259,2234.0,2042.0,2052.0,1223.0,444.0,-312.0,-16064.0,861.0,-363.0,-41.0,-76.0,-179.0,465.0,32891.0,5518080.0,2311.0,2817.0,0.0
3816223000,0.010266657306751175,97402.68620268619,2264.0,2042.0,2052.0,1226.0,420.0,-288.0,-16064.0,882.0,-355.0,-9.0,-67.0,-180.0,468.0,32891.0,5518080.0,2273.0,2816.0,0.0
3816479000,0.010266657306751175,97402.68620268619,2279.0,2043.0,2052.0,1223.0,424.0,-308.0,-16148.0,869.0,-354.0,2.0,-67.0,-180.0,468.0,32891.0,5518336.0,2495.0,2810.0,0.0
3816735000,0.010266863228834468,97400.73260073259,2273.0,2043.0,2054.0,1223.0,472.0,-276.0,-16060.0,881.0,-364.0,-39.0,-64.0,-182.0,466.0,32891.0,5518336.0,2356.0,2816.0,0.0
3816991000,0.010266863228834468,97400.73260073259,2298.0,2043.0,2054.0,1223.0,444.0,-248.0,-16044.0,878.0,-358.0,-36.0,-68.0,-175.0,465.0,32891.0,5518336.0,2293.0,2816.0,0.0
3817247000,0.010266863228834468,97400.73260073259,2308.0,2042.0,2050.0,1220.0,428.0,-272.0,-16052.0,870.0,-333.0,-39.0,-71.0,-179.0,463.0,32891.0,5518336.0,2264.0,2816.0,0.0
3817503000,0.010266863228834468,97400.73260073259,2310.0,2042.0,2050.0,1221.0,460.0,-268.0,-16100.0,863.0,-337.0,-37.0,-68.0,-176.0,472.0,32891.0,5517568.0,2491.0,2810.0,0.0
3817759000,0.010266863228834468,97400.73260073259,2291.0,2043.0,2049.0,1221.0,436.0,-280.0,-16124.0,868.0,-352.0,-21.0,-68.0,-176.0,472.0,32891.0,5517568.0,2608.0,2815.0,0.0
3818015000,0.010266863228834468,97400.73260073259,2394.0,2044.0,2050.0,1227.0,448.0,-284.0,-16032.0,878.0,-360.0,-38.0,-65.0,-175.0,469.0,32891.0,5517824.0,2415.0,2817.0,0.0
3818271000,0.010266863228834468,97400.73260073259,2228.0,2044.0,2051.0,1223.0,412.0,-260.0,-16028.0,879.0,-339.0,-22.0,-59.0,-185.0,466.0,32891.0,5517824.0,2327.0,2817.0,0.0
3818527000,0.010266863228834468,97400.73260073259,2329.0,2043.0,2053.0,1222.0,420.0,-280.0,-16076.0,853.0,-358.0,-30.0,-59.0,-176.0,468.0,32891.0,5517824.0,2519.0,2810.0,0.0
3818783000,0.010266863228834468,97400.73260073259,2306.0,2043.0,2052.0,1223.0,396.0,-296.0,-16100.0,870.0,-353.0,-25.0,-67.0,-175.0,467.0,32891.0,5517824.0,2367.0,2816.0,0.0
3819039000,0.010266863228834468,97400.73260073259,2323.0,2043.0,2052.0,1224.0,416.0,-320.0,-16148.0,876.0,-333.0,-9.0,-67.0,-175.0,467.0,32891.0,5518336.0,2298.0,2816.0,0.0
3819295000,0.010266863228834468,97400.73260073259,2357.0,2043.0,2053.0,1225.0,404.0,-260.0,-16064.0,890.0,-348.0,-49.0,-68.0,-179.0,475.0,32891.0,5518336.0,2273.0,2817.0,0.0
3819551000,0.010266863228834468,97400.73260073259,2327.0,2043.0,2053.0,1222.0,420.0,-292.0,-16064.0,884.0,-338.0,-30.0,-71.0,-179.0,468.0,32891.0,5518080.0,2500.0,2811.0,0.0
3819807000,0.010266863228834468,97400.73260073259,2292.0,2042.0,2055.0,1222.0,464.0,-276.0,-16096.0,867.0,-354.0,-16.0,-76.0,-185.0,467.0,32891.0,5518080.0,2365.0,2817.0,0.0
3820063000,0.010266863228834468,97400.73260073259,2360.0,2043.0,2052.0,1224.0,448.0,-296.0,-16060.0,875.0,-330.0,-23.0,-76.0,-185.0,467.0,32891.0,5518592.0,2297.0,2816.0,0.0
3820319000,0.010266657306751175,97402.68620268619,2276.0,2043.0,2052.0,1220.0,428.0,-296.0,-16116.0,860.0,-343.0,-14.0,-69.0,-188.0,469.0,32891.0,5518592.0,2475.0,2796.0,0.0
3820575000,0.010266863228834468,97400.73260073259,2302.0,2042.0,2053.0,1224.0,456.0,-304.0,-16040.0,894.0,-333.0,-6.0,-84.0,-174.0,461.0,32891.0,5518080.0,2593.0,2811.0,0.0
3820831000,0.010266863228834468,97400.73260073259,2336.0,2044.0,2052.0,1222.0,468.0,-248.0,-16036.0,875.0,-343.0,-21.0,-74.0,-176.0,469.0,32891.0,5518080.0,2408.0,2817.0,0.0
3821087000,0.010266863228834468,97400.73260073259,2183.0,2043.0,2050.0,1223.0,444.0,-268.0,-16100.0,890.0,-359.0,-28.0,-64.0,-181.0,466.0,32891.0,5517824.0,2316.0,2816.0,0.0
3821343000,0.010266863228834468,97400.73260073259,2278.0,2044.0,2051.0,1224.0,432.0,-288.0,-16140.0,856.0,-354.0,-32.0,-64.0,-181.0,466.0,32891.0,5517824.0,2275.0,2816.0,0.0
3821599000,0.010266863228834468,97400.73260073259,2279.0,2043.0,2050.0,1221.0,432.0,-252.0,-16096.0,886.0,-351.0,-17.0,-64.0,-171.0,466.0,32891.0,5518080.0,2502.0,2811.0,0.0
3821855000,0.010266863228834468,97400.73260073259,2284.0,2044.0,2050.0,1223.0,424.0,-272.0,-16044.0,877.0,-332.0,-30.0,-64.0,-176.0,467.0,32891.0,5518080.0,2359.0,2816.0,0.0
3822111000,0.010266863228834468,97400.73260073259,2370.0,2043.0,2052.0,1223.0,420.0,-300.0,-16096.0,876.0,-334.0,-23.0,-62.0,-176.0,473.0,32891.0,5517312.0,2540.0,2811.0,0.0
3822367000,0.010266863228834468,97400.73260073259,2315.0,2042.0,2052.0,1223.0,416.0,-284.0,-16048.0,880.0,-347.0,-34.0,-63.0,-177.0,468.0,32891.0,5517312.0,2377.0,2816.0,0.0
3822623000,0.010266863228834468,97400.73260073259,2441.0,2042.0,2051.0,1224.0,428.0,-268.0,-16112.0,882.0,-350.0,-16.0,-63.0,-177.0,468.0,32891.0,5518080.0,2543.0,2812.0,0.0
3822879000,0.010266863228834468,97400.73260073259,2357.0,2042.0,2052.0,1223.0,448.0,-280.0,-16052.0,894.0,-338.0,-32.0,-72.0,-173.0,464.0,32891.0,5518080.0,2385.0,2817.0,0.0
3823135000,0.010266863228834468,97400.73260073259,2207.0,2041.0,2052.0,1223.0,420.0,-264.0,-16024.0,868.0,-367.0,-37.0,-65.0,-174.0,469.0,32891.0,5518336.0,2306.0,2816.0,0.0
3823391000,0.010266863228834468,97400.73260073259,2274.0,2042.0,2054.0,1225.0,416.0,-256.0,-16080.0,857.0,-343.0,-27.0,-66.0,-177.0,467.0,32891.0,5518336.0,2277.0,2817.0,0.0
3823647000,0.010266657306751175,97402.68620268619,2265.0,2040.0,2053.0,1219.0,416.0,-292.0,-16120.0,877.0,-369.0,-7.0,-71.0,-176.0,473.0,32891.0,5518080.0,2497.0,2810.0,0.0
3823903000,0.010266863228834468,97400.73260073259,2301.0,2042.0,2052.0,1219.0,424.0,-264.0,-16148.0,881.0,-353.0,-9.0,-71.0,-176.0,473.0,32891.0,5518080.0,2363.0,2817.0,0.0
3824159000,0.010266863228834468,97400.73260073259,2331.0,2044.0,2053.0,1219.0,424.0,-284.0,-16092.0,861.0,-339.0,-27.0,-68.0,-176.0,462.0,32891.0,5517824.0,2303.0,2817.0,0.0
3824415000,0.010266863228834468,97400.73260073259,2336.0,2041.0,2053.0,1225.0,356.0,-240.0,-16036.0,856.0,-347.0,-11.0,-68.0,-174.0,468.0,32891.0,5517824.0,2276.0,2817.0,0.0
3824671000,0.010266863228834468,97400.73260073259,2353.0,1720.0,2303.0,1228.0,-2036.0,-2088.0,-16028.0,871.0,-352.0,-36.0,-70.0,-177.0,470.0,32891.0,5518336.0,2495.0,2810.0,0.0
3824927000,0.010266863228834468,97400.73260073259,2236.0,1485.0,2242.0,1223.0,-10568.0,-4244.0,-16256.0,870.0,-308.0,-333.0,-70.0,-177.0,470.0,32891.0,5518336.0,2356.0,2816.0,0.0
3825183000,0.010266863228834468,97400.73260073259,2362.0,1794.0,2085.0,1232.0,-5136.0,-1508.0,-16164.0,871.0,-342.0,-3629.0,-83.0,-176.0,467.0,32891.0,5517824.0,2293.0,2816.0,0.0
3825439000,0.010266863228834468,97400.73260073259,2313.0,1764.0,2240.0,1224.0,-5160.0,-4460.0,-15948.0,743.0,-352.0,-4672.0,-64.0,-179.0,465.0,32891.0,5517824.0,2272.0,2817.0,0.0
3825695000,0.010266863228834468,97400.73260073259,2313.0,1804.0,2273.0,1229.0,-5344.0,-4992.0,-16200.0,870.0,-413.0,-4176.0,-61.0,-181.0,472.0,32891.0,5518080.0,2500.0,2811.0,0.0
3825951000,0.010266863228834468,97400.73260073259,2367.0,2045.0,2178.0,1225.0,524.0,-1912.0,-15392.0,853.0,-312.0,-900.0,-74.0,-173.0,473.0,32891.0,5518080.0,2611.0,2815.0,0.0
3826207000,0.010266863228834468,97400.73260073259,2339.0,2209.0,1983.0,1222.0,3276.0,664.0,-16272.0,912.0,-283.0,2820.0,-74.0,-173.0,473.0,32891.0,5518592.0,2411.0,2816.0,0.0
3826463000,0.010266863228834468,97400.73260073259,2255.0,2241.0,1826.0,1234.0,4340.0,4312.0,-15952.0,875.0,-422.0,4778.0,-54.0,-176.0,470.0,32891.0,5518592.0,2317.0,2816.0,0.0
3826719000,0.010266863228834468,97400.73260073259,2315.0,2295.0,1762.0,1218.0,5756.0,6000.0,-16072.0,831.0,-404.0,5824.0,-45.0,-179.0,470.0,32891.0,5517824.0,2521.0,2811.0,0.0
3826975000,0.010266657306751175,97402.68620268619,2279.0,2315.0,1829.0,1226.0,6952.0,5404.0,-16464.0,818.0,-365.0,8192.0,-44.0,-184.0,470.0,32891.0,5517824.0,2375.0,2817.0,0.0
3827231000,0.010266863228834468,97400.73260073259,2395.0,2237.0,1818.0,1229.0,4136.0,5096.0,-15908.0,814.0,-277.0,10688.0,-46.0,-185.0,469.0,32891.0,5517824.0,2301.0,2816.0,0.0
3827487000,0.010266863228834468,97400.73260073259,2304.0,2109.0,1803.0,1212.0,3304.0,6284.0,-16308.0,862.0,-356.0,12584.0,-46.0,-185.0,469.0,32891.0,5517824.0,2276.0,2817.0,0.0
3827743000,0.010266657306751175,97402.68620268619,2356.0,2085.0,1925.0,1231.0,1388.0,3116.0,-16124.0,823.0,-302.0,15113.0,-38.0,-183.0,468.0,32891.0,5517824.0,2495.0,2810.0,0.0
3827999000,0.010266863228834468,97400.73260073259,2305.0,2107.0,2045.0,1218.0,2088.0,2012.0,-15584.0,1282.0,-452.0,17889.0,-40.0,-188.0,470.0,32891.0,5517824.0,2363.0,2817.0,0.0
3828255000,0.010266863228834468,97400.73260073259,2309.0,2059.0,2095.0,1224.0,840.0,-1684.0,-15840.0,904.0,-353.0,17934.0,-40.0,-197.0,464.0,32891.0,5517056.0,2297.0,2816.0,0.0
3828511000,0.010266863228834468,97400.73260073259,2354.0,2031.0,2052.0,1243.0,220.0,-1072.0,-15892.0,668.0,-222.0,15241.0,-40.0,-197.0,464.0,32891.0,5517056.0,2265.0,2816.0,0.0
3828767000,0.010266863228834468,97400.73260073259,2290.0,2040.0,2046.0,1225.0,416.0,-660.0,-15944.0,668.0,-222.0,15241.0,-43.0,-196.0,465.0,32891.0,5518080.0,2491.0,2810.0,0.0
3829023000,0.010266863228834468,97400.73260073259,2278.0,2073.0,2084.0,1199.0,1076.0,-1536.0,-16676.0,842.0,-343.0,12554.0,-40.0,-200.0,462.0,32891.0,5518080.0,2360.0,2817.0,0.0
3829279000,0.010266863228834468,97400.73260073259,2350.0,2092.0,2081.0,1210.0,1596.0,-1440.0,-16032.0,901.0,-273.0,10763.0,-41.0,-202.0,468.0,32891.0,5517824.0,2295.0,2816.0,0.0
3829535000,0.010266657306751175,97402.68620268619,2275.0,2096.0,2081.0,1224.0,1484.0,-1344.0,-15940.0,841.0,-298.0,9297.0,-42.0,-205.0,470.0,32891.0,5517824.0,2265.0,2816.0,0.0
3829791000,0.010266863228834468,97400.73260073259,2348.0,2240.0,1722.0,1222.0,1836.0,-864.0,-15804.0,818.0,-355.0,7810.0,-42.0,-205.0,470.0,32891.0,5518080.0,2491.0,2810.0,0.0
3830047000,0.010266863228834468,97400.73260073259,2246.0,2229.0,1229.0,1227.0,4080.0,13968.0,-15536.0,731.0,-304.0,2146.0,-38.0,-208.0,459.0,32891.0,5518080.0,2354.0,2816.0,0.0
3830303000,0.010266863228834468,97400.73260073259,2329.0,2186.0,1754.0,1235.0,4692.0,-2056.0,-16152.0,936.0,-332.0,-17417.0,-48.0,-196.0,462.0,32891.0,5517824.0,2299.0,2817.0,0.0
3830559000,0.010266863228834468,97400.73260073259,2355.0,2212.0,3023.0,1066.0,7256.0,-27368.0,-17780.0,922.0,-440.0,-24167.0,-37.0,-188.0,461.0,32891.0,5517824.0,2274.0,2817.0,0.0
3830815000,0.010266657306751175,97402.68620268619,2284.0,1877.0,2290.0,1081.0,-3428.0,-2880.0,-17996.0,-1930.0,-240.0,-121.0,-42.0,-192.0,463.0,32891.0,5517824.0,2495.0,2810.0,0.0
3831071000,0.010266863228834468,97400.73260073259,2321.0,1803.0,2198.0,1064.0,-4120.0,-1984.0,-17300.0,-7226.0,-98.0,2326.0,-42.0,-192.0,463.0,32891.0,5517824.0,2362.0,2817.0,0.0
3831327000,0.010266863228834468,97400.73260073259,2144.0,1955.0,2321.0,917.0,-940.0,-5544.0,-21832.0,-9597.0,-64.0,4536.0,-36.0,-190.0,456.0,32891.0,5517824.0,2304.0,2818.0,0.0
3831583000,0.010266657306751175,97402.68620268619,2211.0,2106.0,2358.0,1010.0,756.0,-7236.0,-21028.0,-17020.0,657.0,5146.0,-40.0,-172.0,463.0,32891.0,5517824.0,2277.0,2817.0,0.0
3831839000,0.010266863228834468,97400.73260073259,2328.0,2188.0,2289.0,1162.0,3336.0,-6312.0,-16788.0,-23592.0,881.0,3499.0,-40.0,-151.0,464.0,32891.0,5518592.0,2503.0,2811.0,0.0
3832095000,0.010266657306751175,97402.68620268619,2221.0,2179.0,2324.0,1218.0,3096.0,-6588.0,-15664.0,-25776.0,2040.0,-1000.0,-47.0,-119.0,457.0,32891.0,5518592.0,2360.0,2816.0,0.0
3832351000,0.010266657306751175,97402.68620268619,2361.0,2192.0,2322.0,1281.0,3196.0,-5516.0,-13636.0,-27698.0,2952.0,-3995.0,-47.0,-119.0,457.0,32891.0,5518080.0,2303.0,2818.0,0.0
3832607000,0.010266863228834468,97400.73260073259,2302.0,2174.0,2298.0,1365.0,2736.0,-4400.0,-9500.0,-28098.0,3352.0,-4357.0,-51.0,-99.0,447.0,32891.0,5518080.0,2478.0,2796.0,0.0
3832863000,0.010266657306751175,97402.68620268619,2249.0,2164.0,2234.0,1319.0,2672.0,-4280.0,-11996.0,-27890.0,3451.0,-3493.0,-63.0,-73.0,443.0,32891.0,5518080.0,2594.0,2811.0,0.0
3833119000,0.010266863228834468,97400.73260073259,2371.0,2160.0,2264.0,1416.0,2600.0,-4608.0,-10728.0,-26544.0,4020.0,-3849.0,-66.0,-40.0,432.0,32891.0,5518080.0,2408.0,2817.0,0.0
3833375000,0.010266863228834468,97400.73260073259,2173.0,2017.0,2360.0,1368.0,1176.0,-6260.0,-12164.0,-19819.0,4385.0,-4377.0,-66.0,-40.0,432.0,32891.0,5518592.0,2317.0,2816.0,0.0
3833631000,0.010266863228834468,97400.73260073259,2275.0,1962.0,2452.0,1231.0,-1516.0,-8324.0,-15268.0,-10175.0,6615.0,-3161.0,-66.0,-20.0,419.0,32891.0,5518592.0,2282.0,2817.0,0.0
3833887000,0.010266863228834468,97400.73260073259,2320.0,2162.0,2542.0,1182.0,2176.0,-10428.0,-15580.0,-1962.0,10557.0,-2939.0,-81.0,-10.0,420.0,32891.0,5518592.0,2499.0,2812.0,0.0
3834143000,0.010266863228834468,97400.73260073259,2227.0,2205.0,2477.0,1110.0,3896.0,-8900.0,-18168.0,194.0,13532.0,-2733.0,-105.0,-8.0,412.0,32891.0,5518592.0,2358.0,2816.0,0.0
3834399000,0.010266863228834468,97400.73260073259,2352.0,2253.0,2429.0,1114.0,5104.0,-7504.0,-16988.0,-4419.0,14393.0,-2426.0,-110.0,-5.0,406.0,32891.0,5518592.0,2294.0,2816.0,0.0
3834655000,0.010266863228834468,97400.73260073259,2290.0,2269.0,2439.0,1247.0,5452.0,-8888.0,-16636.0,-11183.0,15815.0,-1803.0,-110.0,-5.0,406.0,32891.0,5518592.0,2265.0,2816.0,0.0
3834911000,0.010266657306751175,97402.68620268619,2298.0,2246.0,2464.0,1428.0,4328.0,-9108.0,-12072.0,-16439.0,13729.0,-2819.0,-122.0,2.0,391.0,32891.0,5518080.0,2492.0,2812.0,0.0
3835167000,0.010266863228834468,97400.73260073259,2286.0,2283.0,2433.0,1422.0,4360.0,-8908.0,-12228.0,-19117.0,11805.0,-3753.0,-137.0,21.0,371.0,32891.0,5518080.0,2361.0,2817.0,0.0
3835423000,0.010266863228834468,97400.73260073259,2307.0,2415.0,2415.0,1408.0,7932.0,-8304.0,-12144.0,-23520.0,11006.0,-5306.0,-141.0,42.0,354.0,32891.0,5518080.0,2303.0,2817.0,0.0
3835679000,0.010266863228834468,97400.73260073259,2337.0,2410.0,2613.0,1492.0,8404.0,-11092.0,-10948.0,-32691.0,11433.0,-7741.0,-143.0,68.0,313.0,32891.0,5518080.0,2269.0,2816.0,0.0
3835935000,0.010266863228834468,97400.73260073259,2310.0,2229.0,2798.0,1578.0,3812.0,-16356.0,-8952.0,-32768.0,12906.0,-9231.0,-143.0,68.0,313.0,32891.0,5518080.0,2493.0,2810.0,0.0
3836191000,0.010266657306751175,97402.68620268619,2250.0,2205.0,2836.0,1757.0,4316.0,-17408.0,-6804.0,-32768.0,15016.0,-10857.0,-148.0,97.0,272.0,32891.0,5518080.0,2355.0,2816.0,0.0
3836447000,0.010266863228834468,97400.73260073259,2346.0,2002.0,2723.0,1921.0,288.0,-15700.0,-2940.0,-32768.0,15813.0,-13240.0,-154.0,118.0,223.0,32891.0,5518336.0,2299.0,2817.0,0.0
3836703000,0.010266863228834468,97400.73260073259,2352.0,1796.0,2529.0,1998.0,-4728.0,-10076.0,-1524.0,-32768.0,15548.0,-15626.0,-154.0,146.0,173.0,32891.0,5518336.0,2521.0,2815.0,0.0
3836959000,0.010266863228834468,97400.73260073259,2354.0,1677.0,2411.0,2074.0,-5936.0,-8168.0,-432.0,-32768.0,14434.0,-16881.0,-154.0,146.0,173.0,32891.0,5518080.0,2607.0,2809.0,0.0
3837215000,0.010266863228834468,97400.73260073259,2435.0,1768.0,2330.0,2035.0,-3900.0,-5100.0,-1328.0,-32768.0,11925.0,-16921.0,-147.0,153.0,115.0,32891.0,5518080.0,2662.0,2815.0,0.0
3837471000,0.010266657306751175,97402.68620268619,2247.0,1897.0,2626.0,2083.0,-4388.0,-11868.0,-1028.0,-32768.0,11406.0,-14797.0,-135.0,174.0,67.0,32891.0,5518336.0,2434.0,2816.0,0.0
3837727000,0.010266863228834468,97400.73260073259,2188.0,2068.0,2307.0,2171.0,1840.0,-6812.0,1912.0,-32768.0,9775.0,-12119.0,-133.0,189.0,19.0,32891.0,5518336.0,2328.0,2816.0,0.0
3837983000,0.010266863228834468,97400.73260073259,2274.0,1999.0,2446.0,2174.0,-532.0,-812.0,2448.0,-32768.0,9221.0,-18733.0,-121.0,194.0,-59.0,32891.0,5518336.0,2520.0,2809.0,0.0
3838239000,0.010266863228834468,97400.73260073259,2328.0,2353.0,3126.0,2174.0,7332.0,-16184.0,1692.0,-32768.0,11182.0,-17421.0,-121.0,194.0,-59.0,32891.0,5518336.0,2622.0,2815.0,0.0
3838495000,0.010266863228834468,97400.73260073259,2441.0,2574.0,3922.0,2350.0,12924.0,-29192.0,3800.0,-32768.0,8944.0,5267.0,-111.0,190.0,-161.0,32891.0,5518336.0,2670.0,2815.0,0.0
3838751000,0.010266863228834468,97400.73260073259,2261.0,2563.0,2848.0,2239.0,11504.0,-16220.0,2748.0,-32768.0,2677.0,28103.0,-116.0,173.0,-244.0,32891.0,5518336.0,2437.0,2816.0,0.0
3839007000,0.010266863228834468,97400.73260073259,2218.0,2528.0,2551.0,2172.0,10340.0,-10556.0,2380.0,-32768.0,-1426.0,30051.0,-147.0,139.0,-292.0,32891.0,5518336.0,2568.0,2809.0,0.0
3839263000,0.010266863228834468,97400.73260073259,2329.0,2437.0,2669.0,2201.0,9020.0,-12444.0,2996.0,-32768.0,-1926.0,29264.0,-173.0,95.0,-338.0,32891.0,5518336.0,2645.0,2815.0,0.0
3839519000,0.010266657306751175,97402.68620268619,2394.0,2301.0,2843.0,2307.0,5936.0,-16644.0,5324.0,-28657.0,-399.0,29339.0,-173.0,95.0,-338.0,32891.0,5517568.0,2425.0,2816.0,0.0
3839775000,0.010266863228834468,97400.73260073259,2256.0,2234.0,2843.0,2494.0,4508.0,-17100.0,7384.0,-17208.0,470.0,29975.0,-200.0,59.0,-350.0,32891.0,5517568.0,2325.0,2816.0,0.0
3840031000,0.010266863228834468,97400.73260073259,2323.0,2016.0,3222.0,2673.0,412.0,-20392.0,8140.0,-21943.0,10737.0,13346.0,-217.0,28.0,-361.0,32891.0,5518080.0,2519.0,2809.0,0.0
3840287000,0.010266863228834468,97400.73260073259,2296.0,2186.0,2801.0,2630.0,4772.0,-15976.0,11212.0,-16634.0,9188.0,16589.0,-211.0,6.0,-381.0,32891.0,5518080.0,2366.0,2816.0,0.0
3840543000,0.010266863228834468,97400.73260073259,2399.0,2438.0,2882.0,2646.0,8272.0,-18244.0,11756.0,-12172.0,9776.0,13333.0,-211.0,-14.0,-389.0,32891.0,5517824.0,2552.0,2815.0,0.0
3840799000,0.010266657306751175,97402.68620268619,2418.0,2506.0,2884.0,2602.0,9536.0,-18640.0,10452.0,-6843.0,10768.0,9488.0,-211.0,-14.0,-389.0,32891.0,5517824.0,2637.0,2815.0,0.0
3841055000,0.010266863228834468,97400.73260073259,2489.0,2426.0,2859.0,2587.0,8412.0,-18356.0,9832.0,-2587.0,10332.0,4503.0,-194.0,-28.0,-404.0,32891.0,5518336.0,2667.0,2809.0,0.0
3841311000,0.010266863228834468,97400.73260073259,2351.0,2360.0,2797.0,2543.0,6392.0,-16660.0,8548.0,-1630.0,7566.0,-474.0,-196.0,-41.0,-410.0,32891.0,5518336.0,2691.0,2815.0,0.0
3841567000,0.010266863228834468,97400.73260073259,2304.0,2343.0,2727.0,2515.0,6328.0,-15736.0,8116.0,-337.0,4471.0,-4681.0,-189.0,-42.0,-417.0,32891.0,5518592.0,2701.0,2815.0,0.0
3841823000,0.010266863228834468,97400.73260073259,2282.0,2321.0,2599.0,2588.0,5800.0,-12148.0,9556.0,436.0,1649.0,-7638.0,-189.0,-42.0,-417.0,32891.0,5518592.0,2706.0,2815.0,0.0
3842079000,0.010266863228834468,97400.73260073259,2245.0,2287.0,2548.0,2684.0,5428.0,-10588.0,11288.0,-2737.0,-928.0,-9553.0,-177.0,-34.0,-418.0,32891.0,5518336.0,2694.0,2809.0,0.0
3842335000,0.010266863228834468,97400.73260073259,2254.0,2313.0,2534.0,2787.0,5808.0,-10092.0,14440.0,-2932.0,-513.0,-10005.0,-172.0,-41.0,-419.0,32891.0,5518336.0,2703.0,2815.0,0.0
3842591000,0.010266863228834468,97400.73260073259,2252.0,2334.0,2565.0,2892.0,6260.0,-11104.0,17316.0,-3009.0,1000.0,-10162.0,-176.0,-43.0,-431.0,32891.0,5517312.0,2708.0,2815.0,0.0
3842847000,0.010266863228834468,97400.73260073259,2398.0,2378.0,2602.0,2952.0,6868.0,-11836.0,18060.0,-2957.0,3138.0,-10589.0,-166.0,-41.0,-422.0,32891.0,5517312.0,2669.0,2795.0,0.0
3843103000,0.010266863228834468,97400.73260073259,2481.0,2442.0,2626.0,2964.0,8500.0,-12372.0,18392.0,-2781.0,5868.0,-11736.0,-166.0,-41.0,-422.0,32891.0,5518592.0,2676.0,2809.0,0.0
3843359000,0.010266863228834468,97400.73260073259,2293.0,2495.0,2639.0,2945.0,8648.0,-12244.0,18268.0,-2441.0,7856.0,-12448.0,-156.0,-39.0,-427.0,32891.0,5518592.0,2440.0,2816.0,0.0
3843615000,0.010266863228834468,97400.73260073259,2269.0,2640.0,2671.0,2815.0,12664.0,-12880.0,14828.0,2126.0,9381.0,-11953.0,-141.0,-34.0,-444.0,32891.0,5517824.0,2585.0,2815.0,0.0
3843871000,0.010266863228834468,97400.73260073259,2366.0,2552.0,2663.0,2598.0,11788.0,-13096.0,11788.0,12280.0,10321.0,-11785.0,-129.0,-35.0,-451.0,32891.0,5517824.0,2652.0,2815.0,0.0
3844127000,0.010266863228834468,97400.73260073259,2445.0,2303.0,2446.0,2698.0,5944.0,-8512.0,10960.0,12123.0,6367.0,-12200.0,-109.0,-24.0,-451.0,32891.0,5517568.0,2662.0,2808.0,0.0
3844383000,0.010266863228834468,97400.73260073259,2534.0,2094.0,2368.0,2644.0,892.0,-6552.0,10816.0,4245.0,1550.0,-12873.0,-109.0,-24.0,-451.0,32891.0,5517568.0,2687.0,2815.0,0.0
3844639000,0.010266863228834468,97400.73260073259,2390.0,2017.0,2313.0,2613.0,188.0,-5856.0,11332.0,1233.0,2154.0,-13533.0,-99.0,-8.0,-452.0,32891.0,5517824.0,2700.0,2815.0,0.0
3844895000,0.010266863228834468,97400.73260073259,2277.0,1941.0,2291.0,2617.0,-1680.0,-5212.0,11952.0,-140.0,5286.0,-13712.0,-88.0,-8.0,-450.0,32891.0,5517824.0,2450.0,2816.0,0.0
3845151000,0.010266863228834468,97400.73260073259,2227.0,1847.0,2347.0,2697.0,-2912.0,-5840.0,12812.0,-2260.0,7821.0,-13446.0,-72.0,-12.0,-459.0,32891.0,5518080.0,2576.0,2809.0,0.0
3845407000,0.010266863228834468,97400.73260073259,2343.0,1804.0,2413.0,2752.0,-4028.0,-7856.0,14048.0,-3169.0,9419.0,-12966.0,-72.0,-12.0,-459.0,32891.0,5518080.0,2648.0,2815.0,0.0
3845663000,0.010266863228834468,97400.73260073259,2461.0,1678.0,2485.0,2766.0,-5676.0,-8900.0,13936.0,-2336.0,10586.0,-12884.0,-53.0,-10.0,-461.0,32891.0,5518336.0,2675.0,2814.0,0.0
3845919000,0.010266863228834468,97400.73260073259,2343.0,1645.0,2481.0,2748.0,-7312.0,-9108.0,13616.0,-2336.0,10586.0,-12884.0,-37.0,-22.0,-475.0,32891.0,5518336.0,2695.0,2815.0,0.0
3846175000,0.010266863228834468,97400.73260073259,2485.0,1670.0,2429.0,2696.0,-6588.0,-8488.0,13100.0,-1292.0,11222.0,-12508.0,-28.0,-17.0,-478.0,32891.0,5518336.0,2687.0,2809.0,0.0
3846431000,0.010266863228834468,97400.73260073259,2363.0,1629.0,2371.0,2628.0,-7304.0,-6928.0,11488.0,-287.0,12592.0,-12498.0,-14.0,-19.0,-486.0,32891.0,5518336.0,2700.0,2815.0,0.0
3846687000,0.010266657306751175,97402.68620268619,2314.0,1623.0,2318.0,2571.0,-7312.0,-5396.0,9760.0,534.0,13967.0,-12420.0,-14.0,-19.0,-486.0,32891.0,5517824.0,2706.0,2815.0,0.0
3846943000,0.010266863228834468,97400.73260073259,2297.0,1732.0,2295.0,2524.0,-5772.0,-4832.0,9024.0,832.0,14356.0,-11677.0,13.0,-27.0,-495.0,32891.0,5517824.0,2708.0,2815.0,0.0
3847199000,0.010266863228834468,97400.73260073259,2254.0,1808.0,2337.0,2503.0,-3744.0,-5560.0,7788.0,1272.0,13588.0,-10606.0,26.0,-22.0,-495.0,32891.0,5518080.0,2695.0,2809.0,0.0
3847455000,0.010266863228834468,97400.73260073259,2241.0,1882.0,2374.0,2454.0,-2860.0,-5984.0,6952.0,3555.0,11053.0,-8121.0,38.0,-29.0,-503.0,32891.0,5518080.0,2696.0,2813.0,0.0
3847711000,0.010266863228834468,97400.73260073259,2206.0,1917.0,2404.0,2395.0,-1816.0,-7144.0,5424.0,5923.0,7138.0,-5800.0,57.0,-14.0,-498.0,32891.0,5517824.0,2688.0,2809.0,0.0
3847967000,0.010266863228834468,97400.73260073259,2219.0,1899.0,2400.0,2328.0,-1992.0,-7356.0,4644.0,8263.0,2912.0,-4146.0,57.0,-14.0,-498.0,32891.0,5517824.0,2701.0,2815.0,0.0
3848223000,0.010266863228834468,97400.73260073259,2212.0,1802.0,2367.0,2279.0,-4156.0,-6764.0,3688.0,9449.0,-552.0,-3496.0,54.0,-18.0,-493.0,32891.0,5518080.0,2690.0,2809.0,0.0
3848479000,0.010266863228834468,97400.73260073259,2218.0,1732.0,2331.0,2273.0,-5788.0,-5572.0,3652.0,9883.0,-3215.0,-3149.0,58.0,-8.0,-486.0,32891.0,5518080.0,2702.0,2815.0,0.0
3848735000,0.010266863228834468,97400.73260073259,2243.0,1687.0,2303.0,2341.0,-6280.0,-5132.0,4484.0,9961.0,-5629.0,-2181.0,50.0,-6.0,-488.0,32891.0,5518080.0,2706.0,2815.0,0.0
3848991000,0.010266863228834468,97400.73260073259,2254.0,1662.0,2293.0,2435.0,-6924.0,-4660.0,7128.0,8878.0,-8530.0,-129.0,41.0,-1.0,-471.0,32891.0,5518080.0,2709.0,2815.0,0.0
3849247000,0.010266863228834468,97400.73260073259,2219.0,1608.0,2343.0,2549.0,-7540.0,-5340.0,8836.0,6026.0,-10897.0,2184.0,41.0,-1.0,-471.0,32891.0,5518336.0,2689.0,2808.0,0.0
3849503000,0.010266863228834468,97400.73260073259,2236.0,1594.0,2450.0,2637.0,-8228.0,-8196.0,11552.0,3886.0,-11752.0,4251.0,34.0,2.0,-474.0,32891.0,5518336.0,2701.0,2815.0,0.0
3849759000,0.010266863228834468,97400.73260073259,2225.0,1665.0,2532.0,2687.0,-7216.0,-9772.0,12460.0,4355.0,-10883.0,5912.0,27.0,10.0,-468.0,32891.0,5518080.0,2700.0,2814.0,0.0
3850015000,0.010266863228834468,97400.73260073259,2243.0,1675.0,2560.0,2699.0,-6716.0,-11184.0,13172.0,5683.0,-8960.0,5987.0,17.0,10.0,-455.0,32891.0,5518080.0,2706.0,2815.0,0.0
3850271000,0.010266863228834468,97400.73260073259,2423.0,1690.0,2586.0,2685.0,-6252.0,-11844.0,12520.0,6103.0,-6499.0,4477.0,17.0,10.0,-455.0,32891.0,5517824.0,2687.0,2808.0,0.0
3850527000,0.010266863228834468,97400.73260073259,2327.0,1730.0,2582.0,2649.0,-5776.0,-11700.0,11804.0,6882.0,-4181.0,2684.0,9.0,10.0,-460.0,32891.0,5517824.0,2700.0,2815.0,0.0
3850783000,0.010266863228834468,97400.73260073259,2244.0,1756.0,2506.0,2585.0,-5024.0,-9128.0,9676.0,8862.0,-3319.0,1642.0,4.0,23.0,-449.0,32891.0,5518336.0,2450.0,2816.0,0.0
3851039000,0.010266863228834468,97400.73260073259,2244.0,1721.0,2426.0,2515.0,-5408.0,-7696.0,8536.0,10371.0,-4200.0,1944.0,3.0,33.0,-446.0,32891.0,5518336.0,2591.0,2815.0,0.0
3851295000,0.010266863228834468,97400.73260073259,2279.0,1651.0,2395.0,2443.0,-7116.0,-6332.0,6532.0,11235.0,-6425.0,4073.0,-8.0,40.0,-429.0,32891.0,5518336.0,2608.0,2794.0,0.0
3851551000,0.010266863228834468,97400.73260073259,2405.0,1644.0,2383.0,2370.0,-7160.0,-6228.0,5548.0,12684.0,-9179.0,7606.0,-8.0,40.0,-429.0,32891.0,5518336.0,2663.0,2815.0,0.0
3851807000,0.010266863228834468,97400.73260073259,2237.0,1656.0,2410.0,2342.0,-6780.0,-7020.0,4620.0,13206.0,-11974.0,11080.0,-18.0,39.0,-416.0,32891.0,5518080.0,2434.0,2816.0,0.0
3852063000,0.010266863228834468,97400.73260073259,2233.0,1695.0,2517.0,2360.0,-6264.0,-8364.0,4820.0,12615.0,-14771.0,13588.0,-49.0,52.0,-403.0,32891.0,5518080.0,2582.0,2815.0,0.0
3852319000,0.010266863228834468,97400.73260073259,2327.0,1761.0,2639.0,2442.0,-4948.0,-12292.0,6944.0,11589.0,-16902.0,14760.0,-57.0,56.0,-382.0,32891.0,5517824.0,2637.0,2810.0,0.0
3852575000,0.010266863228834468,97400.73260073259,2444.0,1911.0,2755.0,2523.0,-1340.0,-16040.0,9796.0,9847.0,-18030.0,13986.0,-81.0,67.0,-367.0,32891.0,5517824.0,2677.0,2815.0,0.0
3852831000,0.010266863228834468,97400.73260073259,2522.0,2046.0,2826.0,2567.0,288.0,-17040.0,10488.0,9415.0,-16654.0,11146.0,-81.0,67.0,-367.0,32891.0,5518336.0,2680.0,2810.0,0.0
3853087000,0.010266863228834468,97400.73260073259,2322.0,2127.0,2829.0,2565.0,2352.0,-16796.0,10352.0,10689.0,-14096.0,8011.0,-105.0,70.0,-348.0,32891.0,5518336.0,2443.0,2816.0,0.0
3853343000,0.010266863228834468,97400.73260073259,2240.0,2226.0,2840.0,2491.0,3440.0,-16688.0,9312.0,12083.0,-11954.0,6075.0,-124.0,79.0,-329.0,32891.0,5517824.0,2564.0,2808.0,0.0
3853599000,0.010266863228834468,97400.73260073259,2346.0,2306.0,2843.0,2450.0,5884.0,-16204.0,7260.0,15206.0,-10815.0,5823.0,-149.0,85.0,-312.0,32891.0,5517824.0,2643.0,2815.0,0.0
3853855000,0.010266863228834468,97400.73260073259,2453.0,2279.0,2913.0,2465.0,5668.0,-17084.0,7192.0,17480.0,-11937.0,6877.0,-149.0,85.0,-312.0,32891.0,5517824.0,2680.0,2815.0,0.0
3854111000,0.010266863228834468,97400.73260073259,2291.0,2212.0,2979.0,2467.0,3980.0,-19840.0,7452.0,17264.0,-14301.0,6989.0,-137.0,84.0,-284.0,32891.0,5517824.0,2440.0,2816.0,0.0
3854367000,0.010266863228834468,97400.73260073259,2212.0,2150.0,2969.0,2463.0,2352.0,-19648.0,7724.0,15925.0,-15863.0,5075.0,-141.0,97.0,-259.0,32891.0,5518080.0,2565.0,2808.0,0.0
3854623000,0.010266863228834468,97400.73260073259,2332.0,2092.0,2877.0,2459.0,1636.0,-18168.0,7840.0,14963.0,-16430.0,2570.0,-155.0,102.0,-233.0,32891.0,5518080.0,2642.0,2815.0,0.0
3854879000,0.010266863228834468,97400.73260073259,2433.0,2081.0,2758.0,2476.0,1432.0,-14360.0,8320.0,13541.0,-16568.0,1264.0,-183.0,102.0,-214.0,32891.0,5518592.0,2663.0,2809.0,0.0
3855135000,0.010266863228834468,97400.73260073259,2309.0,2078.0,2661.0,2484.0,1436.0,-12868.0,8496.0,11974.0,-16456.0,1605.0,-183.0,102.0,-214.0,32891.0,5518592.0,2690.0,2815.0,0.0
3855391000,0.010266863228834468,97400.73260073259,2462.0,2096.0,2632.0,2452.0,1720.0,-11516.0,7824.0,11531.0,-15651.0,3028.0,-174.0,110.0,-188.0,32891.0,5517824.0,2684.0,2809.0,0.0
3855647000,0.010266863228834468,97400.73260073259,2350.0,2203.0,2696.0,2383.0,3072.0,-12252.0,7024.0,13743.0,-14316.0,5241.0,-174.0,111.0,-165.0,32891.0,5517824.0,2699.0,2815.0,0.0
3855903000,0.010266863228834468,97400.73260073259,2303.0,2300.0,2799.0,2330.0,5664.0,-15552.0,5536.0,17449.0,-12656.0,6533.0,-200.0,121.0,-136.0,32891.0,5517824.0,2704.0,2815.0,0.0
3856159000,0.010266863228834468,97400.73260073259,2282.0,2392.0,2822.0,2259.0,6780.0,-16316.0,4796.0,19651.0,-11370.0,6476.0,-192.0,117.0,-110.0,32891.0,5517824.0,2702.0,2814.0,0.0
3856415000,0.010266657306751175,97402.68620268619,2423.0,2440.0,2811.0,2190.0,8376.0,-16256.0,2992.0,19038.0,-10150.0,5253.0,-192.0,117.0,-110.0,32891.0,5518080.0,2686.0,2808.0,0.0
3856671000,0.010266863228834468,97400.73260073259,2348.0,2425.0,2802.0,2162.0,7908.0,-15644.0,2112.0,17681.0,-9370.0,4116.0,-208.0,122.0,-84.0,32891.0,5518080.0,2698.0,2815.0,0.0
3856927000,0.010266657306751175,97402.68620268619,2301.0,2395.0,2803.0,2139.0,7500.0,-15608.0,1840.0,16540.0,-9096.0,4172.0,-202.0,115.0,-56.0,32891.0,5518080.0,2706.0,2815.0,0.0
3857183000,0.010266657306751175,97402.68620268619,2279.0,2367.0,2764.0,2087.0,6776.0,-14840.0,796.0,15684.0,-8713.0,4163.0,-212.0,115.0,-32.0,32891.0,5518080.0,2708.0,2815.0,0.0
3857439000,0.010266863228834468,97400.73260073259,2452.0,2325.0,2748.0,2056.0,6200.0,-14640.0,300.0,15192.0,-7783.0,3586.0,-218.0,117.0,-5.0,32891.0,5518080.0,2687.0,2808.0,0.0
3857695000,0.010266863228834468,97400.73260073259,2339.0,2317.0,2748.0,2032.0,5852.0,-14488.0,-256.0,15015.0,-7147.0,3451.0,-218.0,117.0,-5.0,32891.0,5518080.0,2701.0,2815.0,0.0
3857951000,0.010266863228834468,97400.73260073259,2256.0,2327.0,2738.0,1974.0,5996.0,-14440.0,-988.0,15530.0,-6282.0,3336.0,-220.0,115.0,13.0,32891.0,5518336.0,2450.0,2816.0,0.0
3858207000,0.010266863228834468,97400.73260073259,2195.0,2324.0,2717.0,1939.0,6032.0,-13840.0,-2168.0,16299.0,-5441.0,3107.0,-218.0,116.0,32.0,32891.0,5518336.0,2337.0,2816.0,0.0
3858463000,0.010266657306751175,97402.68620268619,2292.0,2313.0,2709.0,1917.0,5800.0,-13408.0,-2876.0,16799.0,-5502.0,3618.0,-222.0,114.0,56.0,32891.0,5518080.0,2524.0,2809.0,0.0
3858719000,0.010266863228834468,97400.73260073259,2353.0,2317.0,2721.0,1878.0,5868.0,-13604.0,-3432.0,16772.0,-5949.0,4662.0,-222.0,114.0,56.0,32891.0,5518080.0,2623.0,2815.0,0.0
3858975000,0.010266863228834468,97400.73260073259,2375.0,2353.0,2726.0,1823.0,6692.0,-13964.0,-4672.0,16615.0,-6220.0,5260.0,-223.0,107.0,74.0,32891.0,5518336.0,2416.0,2816.0,0.0
3859231000,0.010266657306751175,97402.68620268619,2239.0,2370.0,2756.0,1799.0,6952.0,-14248.0,-4996.0,16658.0,-6363.0,5249.0,-224.0,103.0,100.0,32891.0,5518336.0,2319.0,2816.0,0.0
3859487000,0.010266863228834468,97400.73260073259,2306.0,2391.0,2837.0,1777.0,7360.0,-16252.0,-5596.0,17259.0,-7001.0,5718.0,-222.0,107.0,118.0,32891.0,5518336.0,2509.0,2808.0,0.0
3859743000,0.010266657306751175,97402.68620268619,2319.0,2448.0,2902.0,1730.0,8148.0,-17312.0,-6244.0,17560.0,-7305.0,5868.0,-233.0,90.0,139.0,32891.0,5518336.0,2618.0,2815.0,0.0
3859999000,0.010266863228834468,97400.73260073259,2387.0,2485.0,2916.0,1681.0,9200.0,-18300.0,-7340.0,18305.0,-7277.0,4850.0,-233.0,90.0,139.0,32891.0,5518080.0,2411.0,2816.0,0.0
3860255000,0.010266863228834468,97400.73260073259,2232.0,2500.0,2890.0,1676.0,9580.0,-17436.0,-7544.0,18754.0,-7527.0,3564.0,-230.0,82.0,164.0,32891.0,5518080.0,2326.0,2817.0,0.0
3860511000,0.010266863228834468,97400.73260073259,2319.0,2523.0,2850.0,1671.0,9960.0,-16840.0,-7412.0,17943.0,-7750.0,2878.0,-223.0,76.0,187.0,32891.0,5518336.0,2518.0,2809.0,0.0
3860767000,0.010266863228834468,97400.73260073259,2296.0,2493.0,2786.0,1670.0,9148.0,-15260.0,-7184.0,15509.0,-7466.0,2179.0,-220.0,66.0,208.0,32891.0,5518336.0,2366.0,2816.0,0.0
3861023000,0.010266657306751175,97402.68620268619,2387.0,2421.0,2702.0,1678.0,8204.0,-14104.0,-7108.0,12996.0,-6916.0,1236.0,-220.0,61.0,221.0,32891.0,5517824.0,2553.0,2815.0,0.0
3861279000,0.010266863228834468,97400.73260073259,2374.0,2360.0,2615.0,1694.0,6536.0,-11784.0,-6704.0,10717.0,-6207.0,252.0,-220.0,61.0,221.0,32891.0,5517824.0,2381.0,2816.0,0.0
3861535000,0.010266863228834468,97400.73260073259,2426.0,2303.0,2541.0,1723.0,5824.0,-10660.0,-6256.0,9142.0,-5472.0,21.0,-213.0,57.0,231.0,32891.0,5518336.0,2545.0,2809.0,0.0
3861791000,0.010266863228834468,97400.73260073259,2367.0,2264.0,2475.0,1725.0,4744.0,-8584.0,-6088.0,8631.0,-4465.0,510.0,-220.0,51.0,248.0,32891.0,5518336.0,2378.0,2816.0,0.0
3862047000,0.010266863228834468,97400.73260073259,2410.0,2257.0,2464.0,1718.0,4740.0,-8128.0,-6172.0,9298.0,-3540.0,1633.0,-223.0,44.0,253.0,32891.0,5518336.0,2303.0,2816.0,0.0
3862303000,0.010266863228834468,97400.73260073259,2339.0,2261.0,2494.0,1667.0,4648.0,-8820.0,-7164.0,10368.0,-2369.0,2946.0,-223.0,44.0,253.0,32891.0,5518336.0,2270.0,2816.0,0.0
3862559000,0.010266863228834468,97400.73260073259,2334.0,2328.0,2520.0,1596.0,6440.0,-9776.0,-9000.0,11441.0,-1270.0,3753.0,-221.0,40.0,266.0,32891.0,5518080.0,2485.0,2808.0,0.0
3862815000,0.010266863228834468,97400.73260073259,2320.0,2390.0,2551.0,1504.0,7080.0,-10196.0,-10208.0,11441.0,-1270.0,3753.0,-217.0,30.0,273.0,32891.0,5518080.0,2606.0,2815.0,0.0
3863071000,0.010266657306751175,97402.68620268619,2354.0,2440.0,2591.0,1445.0,8360.0,-11260.0,-11744.0,11973.0,-481.0,4197.0,-218.0,28.0,277.0,32891.0,5517824.0,2407.0,2816.0,0.0
3863327000,0.010266863228834468,97400.73260073259,2228.0,2447.0,2627.0,1432.0,8464.0,-11812.0,-12016.0,11316.0,203.0,4177.0,-226.0,16.0,291.0,32891.0,5517824.0,2315.0,2816.0,0.0
3863583000,0.010266657306751175,97402.68620268619,2269.0,2426.0,2622.0,1435.0,7956.0,-11908.0,-12308.0,10508.0,133.0,4120.0,-226.0,16.0,291.0,32891.0,5517824.0,2508.0,2808.0,0.0
3863839000,0.010266863228834468,97400.73260073259,2284.0,2397.0,2616.0,1440.0,7416.0,-11744.0,-12260.0,10074.0,-780.0,3818.0,-223.0,4.0,295.0,32891.0,5517824.0,2367.0,2817.0,0.0
3864095000,0.010266863228834468,97400.73260073259,2345.0,2383.0,2632.0,1456.0,7148.0,-12148.0,-11836.0,10168.0,-2181.0,3570.0,-226.0,1.0,310.0,32891.0,5518336.0,2299.0,2816.0,0.0
3864351000,0.010266863228834468,97400.73260073259,2305.0,2366.0,2620.0,1488.0,6788.0,-11764.0,-10872.0,10075.0,-3107.0,3013.0,-220.0,-4.0,316.0,32891.0,5518336.0,2268.0,2816.0,0.0
3864607000,0.010266863228834468,97400.73260073259,2325.0,2377.0,2578.0,1535.0,6944.0,-11040.0,-10196.0,9877.0,-3758.0,2502.0,-227.0,-14.0,326.0,32891.0,5518080.0,2489.0,2807.0,0.0
3864863000,0.010266863228834468,97400.73260073259,2252.0,2375.0,2566.0,1553.0,6960.0,-10564.0,-9548.0,8970.0,-4242.0,2282.0,-227.0,-14.0,326.0,32891.0,5518080.0,2355.0,2816.0,0.0
3865119000,0.010266863228834468,97400.73260073259,2327.0,2372.0,2563.0,1550.0,6904.0,-10596.0,-9488.0,7578.0,-4117.0,2456.0,-212.0,-20.0,327.0,32891.0,5517824.0,2291.0,2816.0,0.0
3865375000,0.010266863228834468,97400.73260073259,2315.0,2363.0,2545.0,1524.0,6680.0,-10288.0,-10016.0,7342.0,-3207.0,2454.0,-213.0,-30.0,339.0,32891.0,5517824.0,2263.0,2816.0,0.0
3865631000,0.010266863228834468,97400.73260073259,2273.0,2331.0,2497.0,1485.0,6292.0,-9660.0,-10548.0,8581.0,-1906.0,2181.0,-214.0,-36.0,345.0,32891.0,5517824.0,2484.0,2808.0,0.0
3865887000,0.010266863228834468,97400.73260073259,2255.0,2306.0,2444.0,1430.0,5596.0,-7992.0,-12196.0,10393.0,-991.0,2093.0,-215.0,-44.0,358.0,32891.0,5517824.0,2349.0,2816.0,0.0
3866143000,0.010266863228834468,97400.73260073259,2358.0,2311.0,2411.0,1381.0,5376.0,-7428.0,-12944.0,12812.0,-923.0,2593.0,-215.0,-44.0,358.0,32891.0,5518336.0,2546.0,2815.0,0.0
3866399000,0.010266863228834468,97400.73260073259,2333.0,2366.0,2407.0,1331.0,6680.0,-7388.0,-14012.0,15317.0,-1580.0,3338.0,-227.0,-51.0,361.0,32891.0,5518336.0,2378.0,2816.0,0.0
3866655000,0.010266863228834468,97400.73260073259,2423.0,2401.0,2400.0,1343.0,7480.0,-7312.0,-13704.0,15970.0,-1541.0,3321.0,-224.0,-61.0,362.0,32891.0,5518080.0,2541.0,2809.0,0.0
3866911000,0.010266657306751175,97402.68620268619,2345.0,2392.0,2373.0,1352.0,7316.0,-6936.0,-13576.0,15535.0,-1519.0,2932.0,-225.0,-71.0,367.0,32891.0,5518080.0,2379.0,2816.0,0.0
3867167000,0.010266863228834468,97400.73260073259,2406.0,2410.0,2327.0,1332.0,7668.0,-5980.0,-13648.0,14137.0,-1467.0,2684.0,-225.0,-71.0,367.0,32891.0,5518080.0,2302.0,2816.0,0.0
3867423000,0.010266863228834468,97400.73260073259,2350.0,2427.0,2314.0,1362.0,7824.0,-5884.0,-13280.0,12242.0,-471.0,1874.0,-219.0,-85.0,381.0,32891.0,5518080.0,2270.0,2816.0,0.0
3867679000,0.010266863228834468,97400.73260073259,2313.0,2419.0,2289.0,1374.0,7772.0,-5228.0,-12820.0,11324.0,556.0,715.0,-213.0,-102.0,383.0,32891.0,5517824.0,2486.0,2808.0,0.0
3867935000,0.010266863228834468,97400.73260073259,2275.0,2398.0,2236.0,1374.0,7408.0,-4376.0,-12928.0,10554.0,1290.0,123.0,-215.0,-106.0,384.0,32891.0,5517824.0,2350.0,2816.0,0.0
3868191000,0.010266657306751175,97402.68620268619,2357.0,2396.0,2194.0,1374.0,7372.0,-2916.0,-12996.0,9328.0,1766.0,335.0,-239.0,-117.0,382.0,32891.0,5518336.0,2546.0,2815.0,0.0
3868447000,0.010266863228834468,97400.73260073259,2353.0,2379.0,2206.0,1387.0,6944.0,-3272.0,-12844.0,7760.0,2115.0,927.0,-239.0,-117.0,382.0,32891.0,5518336.0,2378.0,2816.0,0.0
3868703000,0.010266863228834468,97400.73260073259,2407.0,2358.0,2246.0,1384.0,6684.0,-3896.0,-12900.0,6991.0,2176.0,1655.0,-219.0,-121.0,381.0,32891.0,5518336.0,2536.0,2808.0,0.0
3868959000,0.010266863228834468,97400.73260073259,2335.0,2344.0,2263.0,1368.0,6320.0,-4440.0,-13352.0,7138.0,2186.0,2277.0,-218.0,-128.0,384.0,32891.0,5518336.0,2376.0,2816.0,0.0
3869215000,0.010266863228834468,97400.73260073259,2405.0,2341.0,2267.0,1359.0,6300.0,-4552.0,-13500.0,8343.0,2248.0,2558.0,-223.0,-132.0,384.0,32891.0,5518592.0,2301.0,2816.0,0.0
3869471000,0.010266863228834468,97400.73260073259,2392.0,2358.0,2259.0,1343.0,6600.0,-4368.0,-13884.0,10052.0,2082.0,2765.0,-244.0,-143.0,386.0,32891.0,5518592.0,2523.0,2815.0,0.0
3869727000,0.010266657306751175,97402.68620268619,2363.0,2387.0,2235.0,1321.0,7016.0,-4016.0,-14128.0,11676.0,1872.0,3058.0,-244.0,-143.0,386.0,32891.0,5518080.0,2600.0,2808.0,0.0
3869983000,0.010266863228834468,97400.73260073259,2401.0,2429.0,2214.0,1294.0,7924.0,-3572.0,-14528.0,13074.0,1828.0,3270.0,-228.0,-145.0,384.0,32891.0,5518080.0,2411.0,2817.0,0.0
3870239000,0.010266863228834468,97400.73260073259,2274.0,2486.0,2187.0,1258.0,8688.0,-3092.0,-15080.0,13848.0,2309.0,2978.0,-231.0,-157.0,385.0,32891.0,5518848.0,2573.0,2815.0,0.0
3870495000,0.010266863228834468,97400.73260073259,2347.0,2528.0,2148.0,1256.0,9856.0,-2564.0,-15112.0,13602.0,3510.0,1953.0,-234.0,-175.0,384.0,32891.0,5518848.0,2390.0,2816.0,0.0
3870751000,0.010266863228834468,97400.73260073259,2394.0,2495.0,2058.0,1111.0,7648.0,780.0,-10112.0,17073.0,-2984.0,426.0,-234.0,-175.0,384.0,32891.0,5518336.0,2543.0,2808.0,0.0
3871007000,0.010266657306751175,97402.68620268619,2360.0,2598.0,2031.0,1243.0,11448.0,580.0,-15456.0,5576.0,-2266.0,451.0,-233.0,-179.0,381.0,32891.0,5518336.0,2378.0,2816.0,0.0
3871263000,0.010266863228834468,97400.73260073259,2407.0,2556.0,2085.0,1265.0,10308.0,-1076.0,-14964.0,1391.0,-2144.0,475.0,-240.0,-190.0,386.0,32897.0,5518336.0,2302.0,2816.0,0.0
3871519000,0.010266657306751175,97402.68620268619,2338.0,2447.0,2140.0,1329.0,8844.0,-1700.0,-14048.0,-122.0,-1789.0,277.0,-240.0,-182.0,382.0,32897.0,5518336.0,2278.0,2817.0,0.0
3871775000,0.010266863228834468,97400.73260073259,2365.0,2384.0,2188.0,1356.0,6992.0,-2716.0,-13428.0,1051.0,-1583.0,785.0,-228.0,-184.0,384.0,32897.0,5518080.0,2493.0,2807.0,0.0
3872031000,0.010266657306751175,97402.68620268619,2334.0,2384.0,2219.0,1372.0,6832.0,-3260.0,-13288.0,2326.0,-1723.0,1534.0,-228.0,-184.0,384.0,32897.0,5518080.0,2611.0,2815.0,0.0
3872287000,0.010266863228834468,97400.73260073259,2371.0,2390.0,2247.0,1361.0,7084.0,-4304.0,-13272.0,2568.0,-2294.0,1178.0,-235.0,-191.0,381.0,32897.0,5518080.0,2409.0,2816.0,0.0
3872543000,0.010266863228834468,97400.73260073259,2259.0,2394.0,2254.0,1332.0,7224.0,-4332.0,-13980.0,2332.0,-2748.0,408.0,-236.0,-191.0,385.0,32897.0,5518080.0,2323.0,2817.0,0.0
3872799000,0.010266657306751175,97402.68620268619,2283.0,2391.0,2202.0,1309.0,7520.0,-3608.0,-14404.0,1758.0,-3222.0,132.0,-229.0,-194.0,388.0,32897.0,5518080.0,2513.0,2808.0,0.0
3873055000,0.010266657306751175,97402.68620268619,2349.0,2386.0,2160.0,1309.0,7132.0,-2444.0,-14276.0,2631.0,-2667.0,-264.0,-225.0,-195.0,391.0,32897.0,5518080.0,2616.0,2815.0,0.0
3873311000,0.010266863228834468,97400.73260073259,2375.0,2402.0,2123.0,1322.0,7020.0,-1968.0,-13868.0,5601.0,-1949.0,-638.0,-225.0,-195.0,391.0,32897.0,5517824.0,2413.0,2816.0,0.0
3873567000,0.010266657306751175,97402.68620268619,2230.0,2405.0,2090.0,1316.0,7516.0,-864.0,-14212.0,8332.0,-1142.0,-528.0,-221.0,-198.0,390.0,32897.0,5517824.0,2327.0,2817.0,0.0
3873823000,0.010266863228834468,97400.73260073259,2320.0,2405.0,2069.0,1304.0,7120.0,-488.0,-14088.0,10167.0,-555.0,-135.0,-215.0,-202.0,388.0,32897.0,5518080.0,2504.0,2808.0,0.0
3874079000,0.010266657306751175,97402.68620268619,2243.0,2400.0,2045.0,1350.0,7292.0,-108.0,-13672.0,11547.0,-467.0,-112.0,-221.0,-209.0,392.0,32897.0,5518080.0,2362.0,2816.0,0.0
3874335000,0.010266863228834468,97400.73260073259,2399.0,2452.0,2067.0,1364.0,8940.0,-444.0,-14012.0,11135.0,-808.0,67.0,-218.0,-214.0,386.0,32897.0,5518080.0,2547.0,2815.0,0.0
3874591000,0.010266863228834468,97400.73260073259,2360.0,2446.0,2055.0,1322.0,8008.0,56.0,-13860.0,8027.0,-1962.0,1257.0,-218.0,-214.0,386.0,32897.0,5518080.0,2381.0,2816.0,0.0
3874847000,0.010266863228834468,97400.73260073259,2400.0,2450.0,1998.0,1260.0,8248.0,1016.0,-14964.0,2368.0,-4717.0,1548.0,-225.0,-226.0,387.0,32897.0,5518336.0,2544.0,2807.0,0.0
3875103000,0.010266863228834468,97400.73260073259,2406.0,2441.0,2059.0,1298.0,8116.0,-20.0,-13932.0,-1799.0,-3988.0,1333.0,-219.0,-223.0,391.0,32897.0,5518336.0,2383.0,2817.0,0.0
3875359000,0.010266657306751175,97402.68620268619,2242.0,2383.0,2084.0,1273.0,7240.0,-988.0,-15172.0,-2806.0,-4397.0,1178.0,-211.0,-225.0,396.0,32897.0,5517568.0,2562.0,2815.0,0.0
3875615000,0.010266863228834468,97400.73260073259,2267.0,2360.0,2050.0,1265.0,6480.0,-440.0,-15292.0,-1796.0,-4449.0,1651.0,-211.0,-225.0,396.0,32897.0,5517568.0,2593.0,2794.0,0.0
3875871000,0.010266863228834468,97400.73260073259,2353.0,2378.0,2015.0,1224.0,7128.0,344.0,-15820.0,-828.0,-3557.0,1393.0,-214.0,-223.0,399.0,32897.0,5518336.0,2633.0,2806.0,0.0
3876127000,0.010266863228834468,97400.73260073259,2369.0,2397.0,2047.0,1226.0,7012.0,-76.0,-15740.0,1913.0,-1940.0,213.0,-212.0,-226.0,398.0,32897.0,5518336.0,2422.0,2816.0,0.0
3876383000,0.010266863228834468,97400.73260073259,2290.0,2407.0,2068.0,1248.0,7652.0,-704.0,-15332.0,3817.0,-660.0,-154.0,-214.0,-224.0,403.0,32897.0,5518592.0,2560.0,2810.0,0.0
3876639000,0.010266863228834468,97400.73260073259,2347.0,2399.0,2012.0,1255.0,7236.0,936.0,-15148.0,3048.0,-440.0,197.0,-213.0,-230.0,398.0,32897.0,5518592.0,2643.0,2815.0,0.0
3876895000,0.010266657306751175,97402.68620268619,2435.0,2352.0,2024.0,1281.0,6812.0,564.0,-15244.0,3360.0,-720.0,300.0,-213.0,-230.0,398.0,32897.0,5517824.0,2662.0,2807.0,0.0
3877151000,0.010266863228834468,97400.73260073259,2276.0,2328.0,2051.0,1275.0,5908.0,-152.0,-15388.0,5130.0,-1780.0,582.0,-210.0,-233.0,399.0,32897.0,5517824.0,2432.0,2816.0,0.0
3877407000,0.010266657306751175,97402.68620268619,2167.0,2305.0,2085.0,1291.0,5484.0,-572.0,-14824.0,7550.0,-3234.0,1184.0,-215.0,-229.0,394.0,32897.0,5517824.0,2337.0,2817.0,0.0
3877663000,0.010266863228834468,97400.73260073259,2294.0,2322.0,2105.0,1283.0,5904.0,-1252.0,-15020.0,9213.0,-3879.0,1831.0,-205.0,-240.0,397.0,32897.0,5517824.0,2288.0,2817.0,0.0
3877919000,0.010266657306751175,97402.68620268619,2284.0,2374.0,2112.0,1268.0,6552.0,-1540.0,-14756.0,8623.0,-3629.0,1938.0,-204.0,-250.0,394.0,32897.0,5517824.0,2496.0,2806.0,0.0
3878175000,0.010266657306751175,97402.68620268619,2259.0,2360.0,2110.0,1303.0,7128.0,-1424.0,-14812.0,6100.0,-3497.0,1553.0,-204.0,-250.0,394.0,32897.0,5517824.0,2363.0,2817.0,0.0
3878431000,0.010266863228834468,97400.73260073259,2358.0,2382.0,2094.0,1283.0,7192.0,-1248.0,-14752.0,4008.0,-2377.0,876.0,-192.0,-252.0,398.0,32897.0,5517824.0,2302.0,2817.0,0.0
3878687000,0.010266657306751175,97402.68620268619,2302.0,2393.0,2061.0,1270.0,7188.0,-800.0,-14656.0,1742.0,-1579.0,39.0,-188.0,-258.0,396.0,32897.0,5517824.0,2271.0,2816.0,0.0
3878943000,0.010266863228834468,97400.73260073259,2330.0,2397.0,2024.0,1266.0,7416.0,212.0,-15168.0,317.0,-849.0,-893.0,-195.0,-250.0,393.0,32897.0,5518848.0,2489.0,2807.0,0.0
3879199000,0.010266863228834468,97400.73260073259,2278.0,2374.0,1990.0,1282.0,6904.0,364.0,-14392.0,-57.0,-640.0,-1642.0,-195.0,-250.0,393.0,32897.0,5518848.0,2361.0,2817.0,0.0
3879455000,0.010266657306751175,97402.68620268619,2330.0,2347.0,1946.0,1285.0,6380.0,1976.0,-14828.0,335.0,-569.0,-1738.0,-189.0,-251.0,398.0,32897.0,5518080.0,2303.0,2817.0,0.0
3879711000,0.010266863228834468,97400.73260073259,2360.0,2326.0,1929.0,1293.0,6060.0,2168.0,-14724.0,335.0,-569.0,-1738.0,-190.0,-257.0,399.0,32897.0,5518080.0,2274.0,2817.0,0.0
3879967000,0.010266657306751175,97402.68620268619,2298.0,2331.0,1926.0,1287.0,6092.0,2344.0,-14764.0,453.0,-754.0,-1546.0,-188.0,-253.0,398.0,32897.0,5518080.0,2490.0,2808.0,0.0
3880223000,0.010266863228834468,97400.73260073259,2269.0,2326.0,1916.0,1273.0,6052.0,3036.0,-15320.0,1030.0,-1165.0,-1346.0,-195.0,-249.0,400.0,32897.0,5518080.0,2352.0,2816.0,0.0
3880479000,0.010266863228834468,97400.73260073259,2331.0,2324.0,1934.0,1280.0,5916.0,2352.0,-15012.0,2328.0,-1663.0,-1109.0,-195.0,-249.0,400.0,32897.0,5518848.0,2298.0,2817.0,0.0
3880735000,0.010266657306751175,97402.68620268619,2302.0,2328.0,1967.0,1281.0,6064.0,1492.0,-14972.0,3187.0,-1922.0,-611.0,-190.0,-247.0,399.0,32897.0,5518848.0,2276.0,2818.0,0.0
3880991000,0.010266863228834468,97400.73260073259,2339.0,2319.0,1985.0,1285.0,5948.0,1184.0,-14856.0,3214.0,-1999.0,-79.0,-197.0,-252.0,393.0,32897.0,5518336.0,2492.0,2807.0,0.0
3881247000,0.010266657306751175,97402.68620268619,2267.0,2308.0,2003.0,1290.0,5648.0,740.0,-14716.0,2744.0,-2009.0,411.0,-190.0,-259.0,398.0,32897.0,5518336.0,2363.0,2817.0,0.0
3881503000,0.010266863228834468,97400.73260073259,2334.0,2304.0,2013.0,1292.0,5472.0,560.0,-14708.0,2267.0,-2174.0,601.0,-193.0,-255.0,398.0,32897.0,5518592.0,2296.0,2816.0,0.0
3881759000,0.010266863228834468,97400.73260073259,2309.0,2300.0,2011.0,1283.0,5432.0,732.0,-14880.0,1624.0,-2394.0,982.0,-193.0,-255.0,398.0,32897.0,5518592.0,2480.0,2797.0,0.0
3882015000,0.010266657306751175,97402.68620268619,2238.0,2314.0,1990.0,1260.0,5596.0,840.0,-14968.0,1186.0,-2374.0,1339.0,-189.0,-259.0,407.0,32897.0,5518592.0,2583.0,2806.0,0.0
3882271000,0.010266863228834468,97400.73260073259,2329.0,2322.0,1971.0,1239.0,5852.0,1416.0,-15560.0,1312.0,-2404.0,1529.0,-182.0,-259.0,407.0,32897.0,5518592.0,2394.0,2816.0,0.0
3882527000,0.010266863228834468,97400.73260073259,2161.0,2332.0,1945.0,1237.0,6160.0,2112.0,-15512.0,1698.0,-2142.0,1698.0,-187.0,-268.0,404.0,32897.0,5518080.0,2312.0,2816.0,0.0
3882783000,0.010266863228834468,97400.73260073259,2226.0,2330.0,1968.0,1234.0,6032.0,1628.0,-15724.0,1490.0,-1620.0,2094.0,-184.0,-267.0,404.0,32897.0,5518080.0,2272.0,2816.0,0.0
3883039000,0.010266863228834468,97400.73260073259,2274.0,2322.0,2004.0,1251.0,5896.0,436.0,-15452.0,947.0,-1194.0,2240.0,-184.0,-267.0,404.0,32897.0,5518080.0,2486.0,2806.0,0.0
3883295000,0.010266657306751175,97402.68620268619,2204.0,2314.0,2044.0,1252.0,5824.0,-336.0,-15520.0,1209.0,-924.0,1786.0,-171.0,-261.0,406.0,32897.0,5518080.0,2354.0,2816.0,0.0
3883551000,0.010266863228834468,97400.73260073259,2318.0,2302.0,2020.0,1266.0,5432.0,444.0,-15228.0,1489.0,-912.0,610.0,-171.0,-266.0,406.0,32897.0,5518848.0,2290.0,2816.0,0.0
3883807000,0.010266863228834468,97400.73260073259,2347.0,2296.0,1989.0,1278.0,5200.0,752.0,-15000.0,1609.0,-1123.0,568.0,-165.0,-268.0,404.0,32897.0,5518848.0,2518.0,2815.0,0.0
3884063000,0.010266657306751175,97402.68620268619,2303.0,2313.0,1945.0,1278.0,5784.0,1796.0,-15068.0,2122.0,-1330.0,259.0,-165.0,-268.0,404.0,32897.0,5518080.0,2598.0,2805.0,0.0
3884319000,0.010266863228834468,97400.73260073259,2371.0,2313.0,1919.0,1268.0,5612.0,2504.0,-15220.0,2792.0,-1636.0,-20.0,-174.0,-268.0,401.0,32897.0,5518080.0,2402.0,2816.0,0.0
3884575000,0.010266863228834468,97400.73260073259,2179.0,2305.0,1902.0,1256.0,5568.0,2632.0,-15348.0,2872.0,-1632.0,-74.0,-165.0,-274.0,404.0,32897.0,5518592.0,2316.0,2816.0,0.0
3884831000,0.010266863228834468,97400.73260073259,2284.0,2283.0,1917.0,1283.0,5028.0,2476.0,-14796.0,2788.0,-1405.0,-186.0,-172.0,-269.0,404.0,32897.0,5518592.0,2281.0,2818.0,0.0
3885087000,0.010266863228834468,97400.73260073259,2293.0,2273.0,1920.0,1292.0,4896.0,2324.0,-14676.0,2800.0,-1557.0,142.0,-175.0,-273.0,400.0,32897.0,5518080.0,2491.0,2806.0,0.0
3885343000,0.010266657306751175,97402.68620268619,2243.0,2271.0,1949.0,1284.0,4976.0,1936.0,-15056.0,2681.0,-1743.0,783.0,-175.0,-273.0,400.0,32897.0,5518080.0,2362.0,2817.0,0.0
3885599000,0.010266863228834468,97400.73260073259,2358.0,2236.0,1996.0,1288.0,4304.0,1212.0,-15056.0,2876.0,-2213.0,1299.0,-172.0,-276.0,403.0,32897.0,5518080.0,2301.0,2817.0,0.0
3885855000,0.010266863228834468,97400.73260073259,2315.0,2244.0,2003.0,1311.0,4660.0,1168.0,-14948.0,3780.0,-2814.0,2512.0,-171.0,-281.0,400.0,32897.0,5518080.0,2277.0,2817.0,0.0
3886111000,0.010266863228834468,97400.73260073259,2322.0,2252.0,1987.0,1315.0,4876.0,1332.0,-14552.0,4357.0,-3455.0,3988.0,-171.0,-289.0,403.0,32897.0,5518080.0,2487.0,2806.0,0.0
3886367000,0.010266863228834468,97400.73260073259,2262.0,2283.0,1958.0,1261.0,5008.0,1616.0,-15068.0,4804.0,-4210.0,5313.0,-166.0,-284.0,410.0,32897.0,5518080.0,2352.0,2816.0,0.0
3886623000,0.010266657306751175,97402.68620268619,2351.0,2284.0,1930.0,1245.0,5224.0,2476.0,-15712.0,4546.0,-4325.0,5954.0,-166.0,-284.0,410.0,32897.0,5518336.0,2546.0,2815.0,0.0
3886879000,0.010266863228834468,97400.73260073259,2368.0,2311.0,1888.0,1187.0,5660.0,2548.0,-16172.0,3272.0,-3182.0,5464.0,-159.0,-296.0,404.0,32897.0,5518336.0,2384.0,2817.0,0.0
3887135000,0.010266657306751175,97402.68620268619,2399.0,2302.0,1869.0,1164.0,5432.0,2656.0,-16732.0,1073.0,-1765.0,2876.0,-154.0,-303.0,406.0,32897.0,5518080.0,2540.0,2806.0,0.0
3887391000,0.010266863228834468,97400.73260073259,2370.0,2278.0,1834.0,1199.0,4924.0,3468.0,-16540.0,-415.0,-334.0,283.0,-152.0,-306.0,409.0,32897.0,5518080.0,2383.0,2817.0,0.0
3887647000,0.010266863228834468,97400.73260073259,2475.0,2275.0,1804.0,1259.0,4956.0,4864.0,-15156.0,-1155.0,502.0,-473.0,-152.0,-306.0,409.0,32897.0,5518336.0,2559.0,2815.0,0.0
3887903000,0.010266657306751175,97402.68620268619,2383.0,2266.0,1865.0,1260.0,4828.0,4132.0,-14904.0,-1514.0,784.0,-245.0,-149.0,-294.0,402.0,32897.0,5518336.0,2387.0,2816.0,0.0
3888159000,0.010266863228834468,97400.73260073259,2449.0,2244.0,1930.0,1274.0,4352.0,2500.0,-15236.0,-645.0,652.0,170.0,-153.0,-303.0,397.0,32897.0,5518336.0,2530.0,2804.0,0.0
3888415000,0.010266863228834468,97400.73260073259,2364.0,2238.0,1994.0,1291.0,4320.0,828.0,-14960.0,-59.0,239.0,1090.0,-158.0,-294.0,404.0,32897.0,5518336.0,2380.0,2817.0,0.0
3888671000,0.010266657306751175,97402.68620268619,2182.0,2258.0,2018.0,1277.0,4324.0,664.0,-15108.0,501.0,-400.0,1952.0,-148.0,-293.0,405.0,32897.0,5518336.0,2304.0,2816.0,0.0
3888927000,0.010266863228834468,97400.73260073259,2271.0,2223.0,2007.0,1291.0,3872.0,788.0,-15032.0,981.0,-1006.0,2804.0,-148.0,-293.0,405.0,32897.0,5518336.0,2275.0,2817.0,0.0
3889183000,0.010266657306751175,97402.68620268619,2262.0,2242.0,1986.0,1298.0,4588.0,880.0,-15280.0,2355.0,-1890.0,3301.0,-146.0,-296.0,403.0,32897.0,5517568.0,2496.0,2807.0,0.0
3889439000,0.010266863228834468,97400.73260073259,2276.0,2284.0,1927.0,1291.0,5312.0,2292.0,-14888.0,3159.0,-2600.0,3597.0,-146.0,-303.0,406.0,32897.0,5517568.0,2361.0,2817.0,0.0
3889695000,0.010266863228834468,97400.73260073259,2130.0,2264.0,1880.0,1287.0,5312.0,2892.0,-14988.0,3703.0,-2927.0,3803.0,-137.0,-302.0,409.0,32897.0,5517824.0,2304.0,2818.0,0.0
3889951000,0.010266863228834468,97400.73260073259,2168.0,2252.0,1859.0,1256.0,4460.0,3620.0,-15232.0,2926.0,-2839.0,3792.0,-142.0,-306.0,407.0,32897.0,5517824.0,2478.0,2796.0,0.0
3890207000,0.010266863228834468,97400.73260073259,2206.0,2256.0,1857.0,1234.0,4668.0,3632.0,-15672.0,2662.0,-2362.0,3719.0,-142.0,-306.0,407.0,32897.0,5518592.0,2578.0,2805.0,0.0
3890463000,0.010266657306751175,97402.68620268619,2248.0,2266.0,1852.0,1225.0,4652.0,3672.0,-15636.0,1737.0,-1692.0,3411.0,-144.0,-306.0,406.0,32897.0,5518592.0,2396.0,2816.0,0.0
3890719000,0.010266863228834468,97400.73260073259,2158.0,2242.0,1842.0,1226.0,4248.0,4016.0,-15720.0,635.0,-953.0,3050.0,-132.0,-317.0,411.0,32897.0,5518848.0,2310.0,2816.0,0.0
3890975000,0.010266863228834468,97400.73260073259,2245.0,2224.0,1858.0,1235.0,4228.0,3692.0,-15744.0,-278.0,-305.0,3123.0,-131.0,-314.0,403.0,32897.0,5518848.0,2279.0,2817.0,0.0
3891231000,0.010266863228834468,97400.73260073259,2232.0,2222.0,1874.0,1254.0,3944.0,3300.0,-15340.0,-548.0,134.0,3520.0,-132.0,-320.0,403.0,32897.0,5518592.0,2484.0,2804.0,0.0
3891487000,0.010266863228834468,97400.73260073259,2240.0,2232.0,1886.0,1267.0,4120.0,2936.0,-15316.0,-635.0,197.0,3883.0,-132.0,-320.0,403.0,32897.0,5518592.0,2349.0,2816.0,0.0
3891743000,0.010266863228834468,97400.73260073259,2279.0,2243.0,1897.0,1253.0,4312.0,2760.0,-15340.0,-559.0,190.0,3969.0,-131.0,-309.0,405.0,32897.0,5518848.0,2292.0,2816.0,0.0
3891999000,0.010266863228834468,97400.73260073259,2294.0,2242.0,1908.0,1237.0,4632.0,2080.0,-15980.0,-569.0,-5.0,2865.0,-128.0,-315.0,408.0,32897.0,5518848.0,2263.0,2816.0,0.0
3892255000,0.010266863228834468,97400.73260073259,2290.0,2228.0,1893.0,1238.0,4052.0,2632.0,-15632.0,-301.0,78.0,1607.0,-155.0,-312.0,403.0,32897.0,5518336.0,2481.0,2805.0,0.0
3892511000,0.010266657306751175,97402.68620268619,2272.0,2227.0,1888.0,1256.0,3984.0,2960.0,-15276.0,20.0,1.0,683.0,-155.0,-312.0,403.0,32897.0,5518336.0,2605.0,2815.0,0.0
3892767000,0.010266863228834468,97400.73260073259,2358.0,2232.0,1888.0,1272.0,4140.0,3040.0,-15084.0,208.0,-174.0,547.0,-124.0,-311.0,402.0,32897.0,5518080.0,2404.0,2816.0,0.0
3893023000,0.010266863228834468,97400.73260073259,2194.0,2219.0,1903.0,1256.0,3824.0,2540.0,-15532.0,553.0,-440.0,540.0,-125.0,-315.0,409.0,32897.0,5518080.0,2317.0,2816.0,0.0
3893279000,0.010266863228834468,97400.73260073259,2264.0,2209.0,1862.0,1255.0,3612.0,3172.0,-15456.0,1071.0,-581.0,389.0,-145.0,-315.0,406.0,32897.0,5518336.0,2499.0,2804.0,0.0
3893535000,0.010266863228834468,97400.73260073259,2320.0,2223.0,1846.0,1260.0,4000.0,4104.0,-15280.0,1043.0,-509.0,673.0,-124.0,-316.0,407.0,32897.0,5518336.0,2611.0,2815.0,0.0
3893791000,0.010266657306751175,97402.68620268619,2398.0,2243.0,1883.0,1257.0,4344.0,3580.0,-15228.0,904.0,-300.0,1196.0,-124.0,-316.0,407.0,32897.0,5518336.0,2667.0,2815.0,0.0
3894047000,0.010266863228834468,97400.73260073259,2272.0,2231.0,1912.0,1261.0,4176.0,2428.0,-15340.0,878.0,-320.0,1179.0,-129.0,-312.0,409.0,32897.0,5518336.0,2433.0,2816.0,0.0
3894303000,0.010266863228834468,97400.73260073259,2389.0,2237.0,1924.0,1266.0,4248.0,2120.0,-15228.0,1247.0,-543.0,900.0,-127.0,-314.0,403.0,32897.0,5518336.0,2555.0,2804.0,0.0
3894559000,0.010266657306751175,97402.68620268619,2359.0,2236.0,1926.0,1288.0,4252.0,2380.0,-14788.0,1968.0,-939.0,1002.0,-121.0,-317.0,407.0,32897.0,5518336.0,2390.0,2817.0,0.0
3894815000,0.010266863228834468,97400.73260073259,2219.0,2235.0,1921.0,1272.0,4228.0,2492.0,-15212.0,2090.0,-1268.0,1497.0,-127.0,-319.0,402.0,32897.0,5518592.0,2307.0,2816.0,0.0
3895071000,0.010266657306751175,97402.68620268619,2235.0,2222.0,1908.0,1258.0,4032.0,2496.0,-15380.0,2072.0,-1389.0,1287.0,-127.0,-319.0,402.0,32897.0,5518592.0,2273.0,2816.0,0.0
3895327000,0.010266863228834468,97400.73260073259,2266.0,2212.0,1900.0,1262.0,3744.0,2664.0,-15408.0,2332.0,-1609.0,1094.0,-120.0,-319.0,400.0,32897.0,5518080.0,2478.0,2804.0,0.0
3895583000,0.010266863228834468,97400.73260073259,2235.0,2233.0,1892.0,1283.0,4620.0,2928.0,-15276.0,2291.0,-1678.0,1385.0,-124.0,-324.0,404.0,32897.0,5518080.0,2356.0,2817.0,0.0
3895839000,0.010266657306751175,97402.68620268619,2289.0,2230.0,1889.0,1243.0,4068.0,2968.0,-15560.0,2010.0,-1613.0,1504.0,-126.0,-326.0,398.0,32897.0,5518848.0,2294.0,2816.0,0.0
3896095000,0.010266863228834468,97400.73260073259,2312.0,2212.0,1863.0,1230.0,3880.0,3128.0,-15924.0,1926.0,-1263.0,1222.0,-126.0,-326.0,398.0,32897.0,5518848.0,2262.0,2816.0,0.0
3896351000,0.010266863228834468,97400.73260073259,2266.0,2212.0,1859.0,1229.0,3776.0,3648.0,-15824.0,1599.0,-841.0,1147.0,-124.0,-331.0,397.0,32897.0,5518848.0,2484.0,2805.0,0.0
3896607000,0.010266863228834468,97400.73260073259,2243.0,2202.0,1868.0,1232.0,3604.0,3300.0,-15904.0,1599.0,-841.0,1147.0,-116.0,-326.0,405.0,32897.0,5518848.0,2349.0,2816.0,0.0
3896863000,0.010266863228834468,97400.73260073259,2310.0,2200.0,1835.0,1260.0,3624.0,4004.0,-15392.0,1582.0,-721.0,907.0,-122.0,-330.0,403.0,32897.0,5518336.0,2290.0,2816.0,0.0
3897119000,0.010266657306751175,97402.68620268619,2272.0,2199.0,1844.0,1269.0,3544.0,4160.0,-15076.0,1890.0,-598.0,930.0,-122.0,-328.0,398.0,32897.0,5518336.0,2264.0,2816.0,0.0
3897375000,0.010266863228834468,97400.73260073259,2284.0,2204.0,1854.0,1297.0,3764.0,3908.0,-14576.0,1906.0,-599.0,1494.0,-122.0,-328.0,398.0,32897.0,5518336.0,2474.0,2804.0,0.0
3897631000,0.010266863228834468,97400.73260073259,2231.0,2182.0,1870.0,1306.0,3172.0,3424.0,-14432.0,1604.0,-722.0,2299.0,-120.0,-327.0,402.0,32897.0,5518336.0,2355.0,2817.0,0.0
3897887000,0.010266863228834468,97400.73260073259,2309.0,2159.0,1908.0,1308.0,2592.0,2576.0,-14372.0,945.0,-867.0,2594.0,-112.0,-333.0,393.0,32897.0,5518336.0,2291.0,2816.0,0.0
3898143000,0.010266863228834468,97400.73260073259,2319.0,2171.0,1906.0,1279.0,3176.0,2408.0,-14980.0,-607.0,-1390.0,1552.0,-109.0,-327.0,405.0,32897.0,5518336.0,2263.0,2816.0,0.0
3898399000,0.010266657306751175,97402.68620268619,2267.0,2163.0,1886.0,1260.0,2884.0,3008.0,-15492.0,-1434.0,-1781.0,560.0,-104.0,-334.0,400.0,32897.0,5518848.0,2483.0,2803.0,0.0
3898655000,0.010266863228834468,97400.73260073259,2260.0,2180.0,1870.0,1248.0,3208.0,3276.0,-15492.0,-1193.0,-2111.0,233.0,-104.0,-334.0,400.0,32897.0,5518848.0,2347.0,2816.0,0.0
3898911000,0.010266863228834468,97400.73260073259,2362.0,2176.0,1882.0,1246.0,3020.0,3200.0,-15644.0,-1041.0,-2175.0,-71.0,-106.0,-328.0,398.0,32897.0,5518848.0,2545.0,2815.0,0.0
3899167000,0.010266657306751175,97402.68620268619,2325.0,2183.0,1908.0,1246.0,3204.0,2712.0,-15592.0,-554.0,-2199.0,209.0,-100.0,-328.0,408.0,32897.0,5518848.0,2378.0,2816.0,0.0
3899423000,0.010266863228834468,97400.73260073259,2412.0,2178.0,1915.0,1240.0,3104.0,2456.0,-15756.0,109.0,-2411.0,232.0,-106.0,-328.0,407.0,32897.0,5518592.0,2527.0,2804.0,0.0
3899679000,0.010266657306751175,97402.68620268619,2312.0,2188.0,1934.0,1242.0,3268.0,2316.0,-15696.0,564.0,-2499.0,10.0,-108.0,-328.0,402.0,32897.0,5518592.0,2374.0,2816.0,0.0
3899935000,0.010266863228834468,97400.73260073259,2390.0,2211.0,1925.0,1247.0,3712.0,2352.0,-15372.0,-405.0,-2284.0,-235.0,-108.0,-328.0,402.0,32897.0,5518592.0,2298.0,2816.0,0.0
3900191000,0.010266863228834468,97400.73260073259,2341.0,2203.0,1922.0,1251.0,3624.0,2300.0,-15272.0,-1783.0,-1875.0,-124.0,-99.0,-331.0,410.0,32897.0,5518592.0,2268.0,2816.0,0.0
3900447000,0.010266657306751175,97402.68620268619,2278.0,2195.0,1904.0,1241.0,3380.0,2596.0,-15260.0,-3257.0,-1448.0,-221.0,-106.0,-322.0,409.0,32897.0,5518848.0,2478.0,2804.0,0.0
3900703000,0.010266863228834468,97400.73260073259,2266.0,2184.0,1889.0,1248.0,3124.0,2984.0,-15236.0,-4493.0,-1041.0,-294.0,-102.0,-323.0,418.0,32897.0,5518848.0,2346.0,2816.0,0.0
3900959000,0.010266863228834468,97400.73260073259,2280.0,2162.0,1897.0,1255.0,2588.0,2904.0,-15232.0,-5142.0,-987.0,-261.0,-102.0,-323.0,418.0,32897.0,5519104.0,2292.0,2816.0,0.0
3901215000,0.010266863228834468,97400.73260073259,2305.0,2148.0,1916.0,1245.0,2468.0,2256.0,-15756.0,-4834.0,-1252.0,-541.0,-109.0,-314.0,418.0,32897.0,5519104.0,2261.0,2816.0,0.0
3901471000,0.010266863228834468,97400.73260073259,2284.0,2131.0,1917.0,1231.0,2380.0,2464.0,-15984.0,-3838.0,-1501.0,-1077.0,-103.0,-308.0,426.0,32897.0,5518080.0,2475.0,2804.0,0.0
3901727000,0.010266657306751175,97402.68620268619,2197.0,2125.0,1937.0,1224.0,2040.0,2056.0,-16140.0,-2858.0,-1610.0,-1340.0,-100.0,-308.0,428.0,32897.0,5518080.0,2348.0,2816.0,0.0
3901983000,0.010266863228834468,97400.73260073259,2378.0,2148.0,1929.0,1231.0,2264.0,1884.0,-15744.0,-2442.0,-1784.0,-1651.0,-97.0,-304.0,433.0,32897.0,5518848.0,2540.0,2815.0,0.0
3902239000,0.010266863228834468,97400.73260073259,2307.0,2164.0,1902.0,1227.0,2852.0,2760.0,-16108.0,-2382.0,-1761.0,-1852.0,-97.0,-304.0,433.0,32897.0,5518848.0,2380.0,2816.0,0.0
3902495000,0.010266863228834468,97400.73260073259,2387.0,2160.0,1920.0,1204.0,2788.0,2432.0,-16480.0,-2338.0,-1585.0,-1702.0,-96.0,-298.0,434.0,32897.0,5518848.0,2527.0,2804.0,0.0
3902751000,0.010266863228834468,97400.73260073259,2368.0,2181.0,1938.0,1207.0,3108.0,2220.0,-16340.0,-1725.0,-1380.0,-1377.0,-94.0,-297.0,431.0,32897.0,5518848.0,2378.0,2817.0,0.0
3903007000,0.010266657306751175,97402.68620268619,2414.0,2202.0,1946.0,1214.0,3584.0,1980.0,-16204.0,-774.0,-1322.0,-1001.0,-92.0,-299.0,436.0,32897.0,5518336.0,2559.0,2815.0,0.0
3903263000,0.010266863228834468,97400.73260073259,2416.0,2207.0,1958.0,1230.0,3720.0,1964.0,-16064.0,76.0,-1224.0,-538.0,-87.0,-289.0,439.0,32897.0,5518336.0,2382.0,2816.0,0.0
3903519000,0.010266863228834468,97400.73260073259,2422.0,2166.0,1977.0,1233.0,2804.0,1252.0,-15988.0,786.0,-1305.0,-14.0,-87.0,-289.0,439.0,32897.0,5518848.0,2538.0,2803.0,0.0
3903775000,0.010266657306751175,97402.68620268619,2366.0,2136.0,1972.0,1230.0,2280.0,1256.0,-16016.0,1660.0,-1580.0,-23.0,-86.0,-296.0,440.0,32897.0,5518848.0,2381.0,2817.0,0.0
3904031000,0.010266863228834468,97400.73260073259,2222.0,2155.0,1973.0,1229.0,2612.0,1344.0,-15820.0,1950.0,-1677.0,2.0,-89.0,-294.0,435.0,32897.0,5518592.0,2304.0,2816.0,0.0
3904287000,0.010266657306751175,97402.68620268619,2209.0,2140.0,1970.0,1211.0,2200.0,1416.0,-16208.0,1456.0,-1482.0,26.0,-85.0,-294.0,438.0,32897.0,5518592.0,2272.0,2816.0,0.0
3904543000,0.010266863228834468,97400.73260073259,2232.0,2131.0,1955.0,1214.0,2180.0,1612.0,-16268.0,990.0,-1161.0,106.0,-85.0,-294.0,438.0,32897.0,5518080.0,2460.0,2796.0,0.0
3904799000,0.010266863228834468,97400.73260073259,2186.0,2126.0,1949.0,1239.0,2044.0,1772.0,-15648.0,762.0,-946.0,54.0,-88.0,-292.0,439.0,32897.0,5518080.0,2343.0,2816.0,0.0
3905055000,0.010266863228834468,97400.73260073259,2248.0,2126.0,1963.0,1257.0,2020.0,1548.0,-15508.0,683.0,-1056.0,-155.0,-91.0,-291.0,435.0,32897.0,5518336.0,2286.0,2816.0,0.0
3905311000,0.010266863228834468,97400.73260073259,2297.0,2120.0,1985.0,1261.0,1876.0,944.0,-15352.0,845.0,-1425.0,-425.0,-99.0,-297.0,436.0,32897.0,5518336.0,2260.0,2816.0,0.0
3905567000,0.010266657306751175,97402.68620268619,2220.0,2131.0,1985.0,1268.0,2028.0,1136.0,-15292.0,591.0,-1703.0,-648.0,-89.0,-301.0,442.0,32897.0,5519360.0,2476.0,2802.0,0.0
3905823000,0.010266863228834468,97400.73260073259,2280.0,2131.0,1996.0,1253.0,2160.0,764.0,-15624.0,378.0,-2043.0,-1033.0,-89.0,-301.0,442.0,32897.0,5519360.0,2598.0,2815.0,0.0
3906079000,0.010266863228834468,97400.73260073259,2348.0,2141.0,1993.0,1239.0,2168.0,624.0,-15656.0,545.0,-2295.0,-1592.0,-91.0,-297.0,443.0,32897.0,5519360.0,2412.0,2817.0,0.0
3906335000,0.010266657306751175,97402.68620268619,2177.0,2121.0,2009.0,1244.0,1956.0,424.0,-15620.0,-12.0,-2234.0,-2096.0,-92.0,-297.0,446.0,32897.0,5519360.0,2319.0,2816.0,0.0
3906591000,0.010266863228834468,97400.73260073259,2311.0,2116.0,2007.0,1248.0,1792.0,552.0,-15492.0,-835.0,-2275.0,-2411.0,-86.0,-291.0,447.0,32897.0,5519104.0,2504.0,2802.0,0.0
3906847000,0.010266863228834468,97400.73260073259,2293.0,2108.0,1994.0,1252.0,1708.0,748.0,-15152.0,-1752.0,-2162.0,-2772.0,-81.0,-284.0,448.0,32897.0,5519104.0,2618.0,2815.0,0.0
3907103000,0.010266657306751175,97402.68620268619,2371.0,2111.0,2017.0,1270.0,1748.0,180.0,-14984.0,-3263.0,-2187.0,-3290.0,-81.0,-284.0,448.0,32897.0,5519104.0,2409.0,2816.0,0.0
3907359000,0.010266863228834468,97400.73260073259,2256.0,2108.0,2032.0,1296.0,1560.0,-224.0,-13836.0,-5594.0,-2453.0,-3982.0,-80.0,-283.0,449.0,32897.0,5519104.0,2326.0,2817.0,0.0
3907615000,0.010266657306751175,97402.68620268619,2263.0,2090.0,2024.0,1277.0,1440.0,432.0,-14884.0,-6817.0,-2399.0,-4556.0,-76.0,-276.0,454.0,32897.0,5518848.0,2505.0,2802.0,0.0
3907871000,0.010266863228834468,97400.73260073259,2303.0,2109.0,2038.0,1258.0,1608.0,-84.0,-13968.0,-6786.0,-2984.0,-5341.0,-73.0,-267.0,467.0,32897.0,5518848.0,2357.0,2816.0,0.0
3908127000,0.010266657306751175,97402.68620268619,2376.0,2155.0,2034.0,1337.0,2652.0,148.0,-13612.0,-7013.0,-3712.0,-5699.0,-69.0,-262.0,459.0,32897.0,5519104.0,2551.0,2815.0,0.0
3908383000,0.010266657306751175,97402.68620268619,2372.0,2169.0,1987.0,1320.0,2776.0,1104.0,-12204.0,-9818.0,-4556.0,-5749.0,-69.0,-262.0,459.0,32897.0,5519104.0,2387.0,2817.0,0.0
3908639000,0.010266863228834468,97400.73260073259,2432.0,2027.0,1974.0,1137.0,-284.0,2336.0,-6016.0,-5496.0,-8935.0,-4686.0,-67.0,-249.0,470.0,32897.0,5518848.0,2520.0,2795.0,0.0
3908895000,0.010266657306751175,97402.68620268619,2298.0,2030.0,2022.0,975.0,304.0,1080.0,-20308.0,-4397.0,-6620.0,-2399.0,-56.0,-237.0,475.0,32897.0,5518848.0,2371.0,2816.0,0.0
3909151000,0.010266863228834468,97400.73260073259,2404.0,2066.0,2024.0,1203.0,860.0,804.0,-16960.0,-2953.0,-4699.0,-296.0,-57.0,-235.0,481.0,32897.0,5518592.0,2296.0,2816.0,0.0
3909407000,0.010266863228834468,97400.73260073259,2329.0,2065.0,2088.0,1364.0,904.0,-808.0,-13084.0,1235.0,-3836.0,649.0,-57.0,-235.0,481.0,32897.0,5518592.0,2269.0,2816.0,0.0
3909663000,0.010266657306751175,97402.68620268619,2292.0,2016.0,2100.0,1452.0,276.0,-892.0,-12076.0,7539.0,-3635.0,2314.0,-57.0,-231.0,476.0,32897.0,5518592.0,2482.0,2803.0,0.0
3909919000,0.010266863228834468,97400.73260073259,2268.0,2072.0,2018.0,1520.0,148.0,36.0,-10820.0,13597.0,-4786.0,4099.0,-52.0,-241.0,480.0,32897.0,5518592.0,2348.0,2816.0,0.0
3910175000,0.010266657306751175,97402.68620268619,2266.0,2006.0,2072.0,1354.0,-1364.0,756.0,-6572.0,178.0,198.0,2533.0,-39.0,-251.0,477.0,32897.0,5519104.0,2293.0,2816.0,0.0
3910431000,0.010266863228834468,97400.73260073259,2321.0,2162.0,2063.0,1202.0,2792.0,-472.0,-15916.0,564.0,-238.0,2911.0,-44.0,-248.0,476.0,32897.0,5519104.0,2260.0,2816.0,0.0
3910687000,0.010266863228834468,97400.73260073259,2263.0,2106.0,2075.0,1232.0,1476.0,-748.0,-15804.0,1008.0,-388.0,2284.0,-44.0,-248.0,476.0,32897.0,5518848.0,2475.0,2802.0,0.0
3910943000,0.010266863228834468,97400.73260073259,2220.0,2066.0,2064.0,1219.0,1212.0,-872.0,-16336.0,850.0,-378.0,2135.0,-39.0,-251.0,478.0,32897.0,5518848.0,2354.0,2817.0,0.0
3911199000,0.010266863228834468,97400.73260073259,2398.0,2039.0,2077.0,1222.0,456.0,-768.0,-16016.0,944.0,-396.0,1963.0,-47.0,-255.0,478.0,32897.0,5519104.0,2543.0,2815.0,0.0
3911455000,0.010266657306751175,97402.68620268619,2304.0,2050.0,2064.0,1228.0,812.0,-864.0,-16132.0,883.0,-394.0,1957.0,-54.0,-248.0,479.0,32897.0,5519104.0,2382.0,2816.0,0.0
3911711000,0.010266863228834468,97400.73260073259,2411.0,2124.0,2021.0,1218.0,2152.0,300.0,-16164.0,919.0,-320.0,1190.0,-31.0,-245.0,479.0,32897.0,5518848.0,2526.0,2802.0,0.0
3911967000,0.010266863228834468,97400.73260073259,2347.0,2117.0,2031.0,1223.0,2140.0,-456.0,-16104.0,870.0,-348.0,206.0,-31.0,-245.0,479.0,32897.0,5518848.0,2371.0,2816.0,0.0
3912223000,0.010266657306751175,97402.68620268619,2346.0,2050.0,2053.0,1222.0,476.0,-340.0,-16120.0,872.0,-335.0,-44.0,-26.0,-251.0,476.0,32897.0,5518848.0,2302.0,2816.0,0.0
3912479000,0.010266863228834468,97400.73260073259,2378.0,2047.0,2057.0,1223.0,504.0,-360.0,-16024.0,875.0,-343.0,-23.0,-32.0,-252.0,483.0,32897.0,5518848.0,2265.0,2816.0,0.0
3912735000,0.010266863228834468,97400.73260073259,2268.0,2046.0,2056.0,1225.0,472.0,-348.0,-16048.0,889.0,-338.0,-26.0,-28.0,-250.0,480.0,32897.0,5518848.0,2478.0,2802.0,0.0
3912991000,0.010266657306751175,97402.68620268619,2301.0,2046.0,2055.0,1221.0,444.0,-288.0,-16112.0,879.0,-345.0,-31.0,-33.0,-255.0,479.0,32897.0,5518848.0,2600.0,2815.0,0.0
3913247000,0.010266863228834468,97400.73260073259,2357.0,2045.0,2055.0,1222.0,492.0,-356.0,-16124.0,897.0,-345.0,-35.0,-33.0,-255.0,479.0,32897.0,5519104.0,2404.0,2816.0,0.0
3913503000,0.010266657306751175,97402.68620268619,2174.0,2045.0,2054.0,1220.0,428.0,-348.0,-16112.0,897.0,-345.0,-35.0,-33.0,-252.0,477.0,32897.0,5519104.0,2324.0,2817.0,0.0
3913759000,0.010266863228834468,97400.73260073259,2313.0,2044.0,2056.0,1222.0,452.0,-368.0,-16084.0,859.0,-350.0,-38.0,-40.0,-254.0,475.0,32897.0,5518592.0,2499.0,2802.0,0.0
3914015000,0.010266863228834468,97400.73260073259,2291.0,2045.0,2055.0,1225.0,456.0,-308.0,-16020.0,866.0,-355.0,-36.0,-40.0,-250.0,472.0,32897.0,5518592.0,2614.0,2815.0,0.0
3914271000,0.010266657306751175,97402.68620268619,2422.0,2045.0,2054.0,1222.0,472.0,-312.0,-16112.0,870.0,-375.0,-26.0,-40.0,-250.0,472.0,32897.0,5518592.0,2665.0,2815.0,0.0
3914527000,0.010266863228834468,97400.73260073259,2460.0,2045.0,2055.0,1220.0,480.0,-288.0,-16112.0,876.0,-332.0,-29.0,-43.0,-249.0,472.0,32897.0,5518592.0,2642.0,2796.0,0.0
3914783000,0.010266657306751175,97402.68620268619,2435.0,2044.0,2054.0,1220.0,444.0,-332.0,-16128.0,897.0,-349.0,-20.0,-40.0,-248.0,476.0,32897.0,5518336.0,2651.0,2802.0,0.0
3915039000,0.010266863228834468,97400.73260073259,2503.0,2045.0,2055.0,1221.0,440.0,-320.0,-16120.0,882.0,-345.0,-19.0,-34.0,-253.0,474.0,32897.0,5518336.0,2426.0,2816.0,0.0
3915295000,0.010266657306751175,97402.68620268619,2333.0,2045.0,2055.0,1226.0,464.0,-312.0,-16004.0,882.0,-336.0,-35.0,-39.0,-255.0,475.0,32897.0,5518592.0,2580.0,2815.0,0.0
3915551000,0.010266863228834468,97400.73260073259,2353.0,2045.0,2056.0,1223.0,448.0,-288.0,-16032.0,862.0,-341.0,-13.0,-39.0,-255.0,475.0,32897.0,5518592.0,2395.0,2816.0,0.0
3915807000,0.010266863228834468,97400.73260073259,2430.0,2045.0,2056.0,1222.0,456.0,-384.0,-16116.0,885.0,-366.0,-40.0,-49.0,-258.0,477.0,32897.0,5518080.0,2534.0,2802.0,0.0
3916063000,0.010266657306751175,97402.68620268619,2328.0,2044.0,2055.0,1219.0,452.0,-336.0,-16088.0,884.0,-332.0,-30.0,-39.0,-257.0,473.0,32897.0,5518080.0,2375.0,2816.0,0.0
3916319000,0.010266863228834468,97400.73260073259,2408.0,2045.0,2056.0,1220.0,492.0,-344.0,-16152.0,869.0,-347.0,-15.0,-35.0,-255.0,483.0,32897.0,5518592.0,2301.0,2816.0,0.0
3916575000,0.010266863228834468,97400.73260073259,2339.0,2047.0,2056.0,1222.0,460.0,-376.0,-16072.0,881.0,-337.0,-29.0,-27.0,-248.0,475.0,32897.0,5518592.0,2268.0,2816.0,0.0
3916831000,0.010266657306751175,97402.68620268619,2281.0,2046.0,2056.0,1222.0,484.0,-340.0,-16136.0,884.0,-362.0,-38.0,-27.0,-248.0,475.0,32897.0,5518592.0,2476.0,2801.0,0.0
3917087000,0.010266863228834468,97400.73260073259,2262.0,2046.0,2057.0,1223.0,496.0,-332.0,-16088.0,879.0,-349.0,6.0,-34.0,-258.0,475.0,32897.0,5518592.0,2347.0,2816.0,0.0
3917343000,0.010266863228834468,97400.73260073259,2281.0,2045.0,2056.0,1221.0,436.0,-324.0,-16072.0,870.0,-359.0,-21.0,-38.0,-247.0,474.0,32897.0,5518080.0,2290.0,2816.0,0.0
3917599000,0.010266863228834468,97400.73260073259,2311.0,2045.0,2053.0,1222.0,468.0,-292.0,-16084.0,892.0,-334.0,-31.0,-36.0,-251.0,479.0,32897.0,5518080.0,2263.0,2816.0,0.0
3917855000,0.010266863228834468,97400.73260073259,2267.0,2045.0,2054.0,1224.0,444.0,-324.0,-16132.0,870.0,-342.0,-23.0,-36.0,-251.0,479.0,32897.0,5518592.0,2474.0,2802.0,0.0
3918111000,0.010266657306751175,97402.68620268619,2205.0,2046.0,2053.0,1224.0,448.0,-280.0,-16084.0,867.0,-333.0,-28.0,-46.0,-252.0,483.0,32897.0,5518592.0,2346.0,2816.0,0.0
3918367000,0.010266863228834468,97400.73260073259,2327.0,2045.0,2055.0,1222.0,456.0,-308.0,-16112.0,881.0,-375.0,-23.0,-39.0,-250.0,476.0,32897.0,5518848.0,2295.0,2817.0,0.0
3918623000,0.010266863228834468,97400.73260073259,2281.0,2044.0,2053.0,1221.0,436.0,-276.0,-16104.0,883.0,-358.0,-21.0,-31.0,-243.0,479.0,32897.0,5518848.0,2266.0,2816.0,0.0
3918879000,0.010266863228834468,97400.73260073259,2281.0,2046.0,2053.0,1222.0,452.0,-284.0,-16064.0,871.0,-345.0,-24.0,-45.0,-251.0,479.0,32897.0,5518592.0,2475.0,2802.0,0.0
3919135000,0.010266863228834468,97400.73260073259,2230.0,2046.0,2053.0,1226.0,472.0,-328.0,-16016.0,886.0,-349.0,-21.0,-45.0,-251.0,479.0,32897.0,5518592.0,2346.0,2816.0,0.0
3919391000,0.010266863228834468,97400.73260073259,2275.0,2045.0,2055.0,1224.0,504.0,-336.0,-16088.0,862.0,-346.0,-32.0,-32.0,-248.0,481.0,32897.0,5518336.0,2289.0,2816.0,0.0
3919647000,0.010266863228834468,97400.73260073259,2306.0,2046.0,2057.0,1223.0,496.0,-368.0,-16060.0,874.0,-353.0,-35.0,-41.0,-251.0,471.0,32897.0,5518336.0,2262.0,2816.0,0.0
3919903000,0.010266863228834468,97400.73260073259,2248.0,2045.0,2059.0,1222.0,524.0,-352.0,-16068.0,889.0,-336.0,-30.0,-42.0,-251.0,476.0,32897.0,5518848.0,2474.0,2802.0,0.0
3920159000,0.010266863228834468,97400.73260073259,2217.0,2046.0,2058.0,1223.0,520.0,-396.0,-16104.0,865.0,-341.0,-22.0,-44.0,-253.0,479.0,32897.0,5518848.0,2346.0,2816.0,0.0
3920415000,0.010266863228834468,97400.73260073259,2296.0,2046.0,2057.0,1223.0,536.0,-376.0,-16068.0,851.0,-349.0,-11.0,-44.0,-253.0,479.0,32897.0,5518592.0,2288.0,2816.0,0.0
3920671000,0.010266657306751175,97402.68620268619,2265.0,2045.0,2055.0,1223.0,524.0,-408.0,-16088.0,877.0,-346.0,-16.0,-45.0,-251.0,477.0,32897.0,5518592.0,2263.0,2816.0,0.0
3920927000,0.010266863228834468,97400.73260073259,2280.0,2045.0,2056.0,1222.0,516.0,-336.0,-16008.0,889.0,-329.0,-37.0,-38.0,-250.0,476.0,32897.0,5518848.0,2474.0,2802.0,0.0
3921183000,0.010266657306751175,97402.68620268619,2265.0,2044.0,2056.0,1225.0,496.0,-360.0,-16080.0,877.0,-364.0,-26.0,-38.0,-252.0,478.0,32897.0,5518848.0,2600.0,2815.0,0.0
3921439000,0.010266657306751175,97402.68620268619,2384.0,2046.0,2056.0,1222.0,468.0,-332.0,-16088.0,852.0,-350.0,-40.0,-30.0,-251.0,479.0,32897.0,5518592.0,2659.0,2815.0,0.0
3921695000,0.010266863228834468,97400.73260073259,2245.0,2046.0,2054.0,1222.0,480.0,-308.0,-16104.0,884.0,-340.0,-31.0,-30.0,-251.0,479.0,32897.0,5518592.0,2432.0,2816.0,0.0
3921951000,0.010266863228834468,97400.73260073259,2352.0,2044.0,2053.0,1221.0,492.0,-312.0,-16036.0,882.0,-376.0,-27.0,-28.0,-251.0,476.0,32897.0,5519104.0,2551.0,2801.0,0.0
3922207000,0.010266863228834468,97400.73260073259,2374.0,2044.0,2054.0,1223.0,452.0,-324.0,-16044.0,876.0,-344.0,-43.0,-30.0,-252.0,474.0,32897.0,5519104.0,2389.0,2817.0,0.0
3922463000,0.010266863228834468,97400.73260073259,2250.0,2044.0,2054.0,1219.0,472.0,-308.0,-16092.0,886.0,-362.0,-24.0,-32.0,-257.0,475.0,32897.0,5518592.0,2562.0,2815.0,0.0
3922719000,0.010266657306751175,97402.68620268619,2258.0,2046.0,2054.0,1224.0,488.0,-300.0,-16096.0,870.0,-356.0,-26.0,-32.0,-257.0,475.0,32897.0,5518592.0,2601.0,2795.0,0.0
3922975000,0.010266863228834468,97400.73260073259,2351.0,2046.0,2052.0,1222.0,488.0,-304.0,-16128.0,887.0,-344.0,-41.0,-36.0,-256.0,478.0,32897.0,5518848.0,2628.0,2801.0,0.0
3923231000,0.010266863228834468,97400.73260073259,2366.0,2046.0,2055.0,1222.0,468.0,-340.0,-16052.0,865.0,-349.0,-49.0,-34.0,-249.0,478.0,32897.0,5518848.0,2418.0,2816.0,0.0
3923487000,0.010266863228834468,97400.73260073259,2246.0,2046.0,2055.0,1224.0,520.0,-340.0,-16028.0,886.0,-357.0,-31.0,-47.0,-252.0,476.0,32897.0,5518848.0,2321.0,2816.0,0.0
3923743000,0.010266863228834468,97400.73260073259,2343.0,2045.0,2055.0,1225.0,520.0,-340.0,-16068.0,867.0,-366.0,-10.0,-40.0,-250.0,473.0,32897.0,5518848.0,2531.0,2815.0,0.0
3923999000,0.010266657306751175,97402.68620268619,2289.0,2045.0,2056.0,1223.0,512.0,-352.0,-16052.0,868.0,-355.0,-21.0,-40.0,-250.0,473.0,32897.0,5518592.0,2596.0,2801.0,0.0
3924255000,0.010266863228834468,97400.73260073259,2364.0,2045.0,2055.0,1226.0,492.0,-368.0,-16036.0,871.0,-351.0,-38.0,-41.0,-254.0,475.0,32897.0,5518592.0,2402.0,2816.0,0.0
3924511000,0.010266863228834468,97400.73260073259,2189.0,2045.0,2056.0,1222.0,476.0,-352.0,-16068.0,871.0,-361.0,-32.0,-39.0,-252.0,473.0,32897.0,5518592.0,2315.0,2816.0,0.0
3924767000,0.010266863228834468,97400.73260073259,2261.0,2045.0,2056.0,1218.0,516.0,-348.0,-16152.0,868.0,-356.0,-37.0,-37.0,-259.0,474.0,32897.0,5518592.0,2274.0,2816.0,0.0
3925023000,0.010266863228834468,97400.73260073259,2232.0,2044.0,2054.0,1220.0,492.0,-380.0,-16192.0,867.0,-347.0,-17.0,-38.0,-258.0,482.0,32897.0,5518336.0,2464.0,2796.0,0.0
3925279000,0.010266863228834468,97400.73260073259,2167.0,2046.0,2055.0,1222.0,504.0,-336.0,-16140.0,885.0,-365.0,-19.0,-38.0,-258.0,482.0,32897.0,5518336.0,2342.0,2816.0,0.0
3925535000,0.010266863228834468,97400.73260073259,2295.0,2046.0,2055.0,1223.0,492.0,-336.0,-16044.0,869.0,-351.0,-21.0,-36.0,-256.0,477.0,32897.0,5518336.0,2287.0,2816.0,0.0
3925791000,0.010266863228834468,97400.73260073259,2273.0,2044.0,2054.0,1224.0,468.0,-312.0,-16016.0,868.0,-330.0,-8.0,-32.0,-253.0,478.0,32897.0,5518336.0,2268.0,2817.0,0.0
3926047000,0.010266657306751175,97402.68620268619,2249.0,2046.0,2053.0,1223.0,500.0,-312.0,-16040.0,870.0,-341.0,-26.0,-38.0,-253.0,473.0,32897.0,5518592.0,2470.0,2800.0,0.0
3926303000,0.010266863228834468,97400.73260073259,2277.0,2044.0,2055.0,1222.0,488.0,-320.0,-16104.0,885.0,-358.0,-49.0,-38.0,-253.0,473.0,32897.0,5518592.0,2598.0,2815.0,0.0
3926559000,0.010266657306751175,97402.68620268619,2299.0,2045.0,2055.0,1225.0,472.0,-312.0,-16136.0,878.0,-332.0,-12.0,-28.0,-252.0,473.0,32897.0,5518080.0,2404.0,2816.0,0.0
3926815000,0.010266863228834468,97400.73260073259,2210.0,2046.0,2052.0,1223.0,524.0,-340.0,-16064.0,862.0,-354.0,-20.0,-38.0,-251.0,478.0,32897.0,5518080.0,2315.0,2816.0,0.0
3927071000,0.010266863228834468,97400.73260073259,2253.0,2045.0,2054.0,1223.0,524.0,-344.0,-16080.0,869.0,-372.0,-36.0,-54.0,-250.0,475.0,32897.0,5519104.0,2497.0,2801.0,0.0
3927327000,0.010266657306751175,97402.68620268619,2227.0,2045.0,2055.0,1226.0,500.0,-372.0,-16076.0,873.0,-345.0,-41.0,-51.0,-256.0,477.0,32897.0,5519104.0,2357.0,2816.0,0.0
3927583000,0.010266863228834468,97400.73260073259,2324.0,2046.0,2057.0,1223.0,500.0,-376.0,-16060.0,869.0,-365.0,-37.0,-51.0,-256.0,477.0,32897.0,5518848.0,2294.0,2816.0,0.0
3927839000,0.010266863228834468,97400.73260073259,2280.0,2046.0,2057.0,1220.0,500.0,-344.0,-16120.0,853.0,-358.0,-21.0,-35.0,-256.0,478.0,32897.0,5518848.0,2265.0,2816.0,0.0
3928095000,0.010266657306751175,97402.68620268619,2289.0,2044.0,2058.0,1223.0,484.0,-396.0,-16004.0,868.0,-352.0,-21.0,-34.0,-257.0,475.0,32897.0,5518336.0,2475.0,2802.0,0.0
3928351000,0.010266863228834468,97400.73260073259,2226.0,2045.0,2055.0,1223.0,492.0,-372.0,-16068.0,869.0,-345.0,-24.0,-33.0,-250.0,475.0,32897.0,5518336.0,2346.0,2816.0,0.0
3928607000,0.010266657306751175,97402.68620268619,2338.0,2044.0,2055.0,1224.0,516.0,-360.0,-16092.0,881.0,-352.0,-36.0,-37.0,-255.0,477.0,32897.0,5518848.0,2543.0,2815.0,0.0
3928863000,0.010266863228834468,97400.73260073259,2349.0,2045.0,2055.0,1223.0,488.0,-316.0,-16112.0,876.0,-346.0,-35.0,-37.0,-255.0,477.0,32897.0,5518848.0,2378.0,2816.0,0.0
3929119000,0.010266863228834468,97400.73260073259,2363.0,2045.0,2056.0,1220.0,496.0,-312.0,-16088.0,876.0,-313.0,-28.0,-35.0,-248.0,476.0,32897.0,5518336.0,2526.0,2801.0,0.0
3929375000,0.010266863228834468,97400.73260073259,2338.0,2045.0,2053.0,1223.0,456.0,-344.0,-16068.0,856.0,-338.0,-32.0,-39.0,-249.0,473.0,32897.0,5518336.0,2370.0,2816.0,0.0
3929631000,0.010266863228834468,97400.73260073259,2386.0,2045.0,2054.0,1222.0,508.0,-308.0,-16084.0,855.0,-352.0,-28.0,-46.0,-250.0,479.0,32897.0,5518848.0,2523.0,2802.0,0.0
3929887000,0.010266863228834468,97400.73260073259,2306.0,2045.0,2055.0,1223.0,504.0,-312.0,-16088.0,866.0,-351.0,-17.0,-37.0,-253.0,476.0,32897.0,5518848.0,2369.0,2816.0,0.0
3930143000,0.010266863228834468,97400.73260073259,2381.0,2045.0,2056.0,1223.0,476.0,-292.0,-15972.0,871.0,-356.0,-38.0,-37.0,-253.0,476.0,32897.0,5518592.0,2516.0,2800.0,0.0
3930399000,0.010266863228834468,97400.73260073259,2297.0,2044.0,2055.0,1223.0,496.0,-316.0,-16084.0,871.0,-356.0,-38.0,-44.0,-250.0,474.0,32897.0,5518592.0,2366.0,2816.0,0.0
3930655000,0.010266863228834468,97400.73260073259,2355.0,2046.0,2057.0,1222.0,508.0,-316.0,-16056.0,893.0,-359.0,-33.0,-42.0,-255.0,477.0,32897.0,5518336.0,2298.0,2816.0,0.0
3930911000,0.010266863228834468,97400.73260073259,2338.0,2046.0,2055.0,1222.0,508.0,-348.0,-16068.0,881.0,-351.0,-35.0,-33.0,-248.0,481.0,32897.0,5518336.0,2266.0,2816.0,0.0
3931167000,0.010266657306751175,97402.68620268619,2249.0,2045.0,2057.0,1223.0,540.0,-356.0,-16100.0,861.0,-318.0,-43.0,-33.0,-248.0,481.0,32897.0,5519104.0,2469.0,2800.0,0.0
3931423000,0.010266863228834468,97400.73260073259,2239.0,2046.0,2056.0,1222.0,512.0,-392.0,-16040.0,881.0,-359.0,-30.0,-40.0,-247.0,475.0,32897.0,5519104.0,2344.0,2816.0,0.0
3931679000,0.010266863228834468,97400.73260073259,2291.0,2045.0,2057.0,1222.0,500.0,-384.0,-16048.0,877.0,-349.0,-34.0,-32.0,-254.0,473.0,32897.0,5519104.0,2294.0,2817.0,0.0
3931935000,0.010266863228834468,97400.73260073259,2289.0,2043.0,2055.0,1222.0,540.0,-372.0,-16076.0,879.0,-345.0,-28.0,-47.0,-252.0,481.0,32897.0,5519104.0,2265.0,2816.0,0.0
3932191000,0.010266863228834468,97400.73260073259,2266.0,2044.0,2057.0,1223.0,528.0,-372.0,-16068.0,882.0,-353.0,-25.0,-37.0,-256.0,479.0,32897.0,5519104.0,2468.0,2800.0,0.0
3932447000,0.010266863228834468,97400.73260073259,2185.0,2046.0,2055.0,1219.0,496.0,-360.0,-16136.0,870.0,-364.0,-29.0,-37.0,-256.0,479.0,32897.0,5519104.0,2343.0,2816.0,0.0
3932703000,0.010266863228834468,97400.73260073259,2185.0,2046.0,2055.0,1219.0,528.0,-344.0,-16140.0,883.0,-337.0,-34.0,-37.0,-252.0,475.0,32897.0,5519360.0,2343.0,2819.0,0.0
3932959000,0.010266863228834468,97400.73260073259,2291.0,2043.0,2055.0,1225.0,516.0,-316.0,-15976.0,871.0,-367.0,-17.0,-37.0,-244.0,478.0,32897.0,5519360.0,2265.0,2816.0,0.0
3933215000,0.010266657306751175,97402.68620268619,2252.0,2045.0,2055.0,1225.0,484.0,-324.0,-16064.0,859.0,-346.0,-28.0,-40.0,-252.0,478.0,32897.0,5518848.0,2474.0,2801.0,0.0
3933471000,0.010266863228834468,97400.73260073259,2291.0,2044.0,2055.0,1221.0,508.0,-308.0,-16092.0,845.0,-357.0,-24.0,-36.0,-258.0,477.0,32897.0,5518848.0,2600.0,2815.0,0.0
3933727000,0.010266657306751175,97402.68620268619,2311.0,2047.0,2054.0,1220.0,500.0,-352.0,-16120.0,877.0,-351.0,-23.0,-36.0,-258.0,477.0,32897.0,5519360.0,2405.0,2816.0,0.0
3933983000,0.010266863228834468,97400.73260073259,2209.0,2044.0,2055.0,1221.0,468.0,-328.0,-16100.0,877.0,-364.0,-7.0,-38.0,-246.0,477.0,32897.0,5519360.0,2315.0,2816.0,0.0
3934239000,0.010266863228834468,97400.73260073259,2263.0,2044.0,2056.0,1221.0,468.0,-352.0,-16056.0,859.0,-353.0,-38.0,-35.0,-251.0,482.0,32897.0,5518848.0,2498.0,2801.0,0.0
3934495000,0.010266657306751175,97402.68620268619,2223.0,2045.0,2056.0,1219.0,528.0,-352.0,-16044.0,868.0,-358.0,-14.0,-37.0,-250.0,476.0,32897.0,5518848.0,2357.0,2816.0,0.0
3934751000,0.010266863228834468,97400.73260073259,2328.0,2047.0,2055.0,1224.0,528.0,-368.0,-16072.0,871.0,-366.0,-29.0,-37.0,-250.0,476.0,32897.0,5519360.0,2293.0,2816.0,0.0
3935007000,0.010266863228834468,97400.73260073259,2298.0,2045.0,2055.0,1223.0,492.0,-364.0,-16052.0,871.0,-337.0,-35.0,-34.0,-255.0,475.0,32897.0,5519360.0,2271.0,2817.0,0.0
3935263000,0.010266657306751175,97402.68620268619,2279.0,2045.0,2055.0,1222.0,496.0,-364.0,-16056.0,869.0,-355.0,-31.0,-39.0,-246.0,478.0,32897.0,5518336.0,2471.0,2800.0,0.0
3935519000,0.010266863228834468,97400.73260073259,2232.0,2045.0,2057.0,1221.0,504.0,-332.0,-16112.0,866.0,-347.0,-18.0,-34.0,-246.0,481.0,32897.0,5518336.0,2345.0,2816.0,0.0
3935775000,0.010266657306751175,97402.68620268619,2267.0,2046.0,2054.0,1223.0,512.0,-352.0,-16096.0,853.0,-340.0,-31.0,-35.0,-256.0,477.0,32897.0,5518848.0,2288.0,2816.0,0.0
3936031000,0.010266863228834468,97400.73260073259,2302.0,2047.0,2057.0,1225.0,512.0,-320.0,-16012.0,866.0,-355.0,-17.0,-35.0,-256.0,477.0,32897.0,5518848.0,2262.0,2816.0,0.0
3936287000,0.010266863228834468,97400.73260073259,2239.0,2046.0,2055.0,1223.0,492.0,-364.0,-16064.0,879.0,-355.0,-49.0,-32.0,-253.0,474.0,32897.0,5518336.0,2467.0,2800.0,0.0
3936543000,0.010266863228834468,97400.73260073259,2207.0,2045.0,2053.0,1220.0,520.0,-336.0,-16104.0,862.0,-344.0,-36.0,-25.0,-251.0,478.0,32897.0,5518336.0,2343.0,2816.0,0.0
3936799000,0.010266863228834468,97400.73260073259,2298.0,2044.0,2055.0,1220.0,512.0,-344.0,-16148.0,881.0,-352.0,-28.0,-43.0,-248.0,477.0,32903.0,5518336.0,2287.0,2816.0,0.0
3937055000,0.010266863228834468,97400.73260073259,2317.0,2045.0,2055.0,1222.0,476.0,-324.0,-16024.0,882.0,-340.0,-18.0,-30.0,-252.0,474.0,32903.0,5518336.0,2515.0,2815.0,0.0
3937311000,0.010266863228834468,97400.73260073259,2299.0,2045.0,2055.0,1223.0,496.0,-352.0,-16020.0,866.0,-341.0,-28.0,-30.0,-252.0,474.0,32903.0,5519104.0,2582.0,2800.0,0.0
3937567000,0.010266863228834468,97400.73260073259,2331.0,2045.0,2055.0,1222.0,520.0,-308.0,-16088.0,868.0,-343.0,-21.0,-33.0,-253.0,483.0,32903.0,5519104.0,2403.0,2817.0,0.0
3937823000,0.010266863228834468,97400.73260073259,2201.0,2045.0,2054.0,1219.0,524.0,-312.0,-16040.0,882.0,-342.0,-27.0,-42.0,-257.0,479.0,32903.0,5519104.0,2322.0,2817.0,0.0
3938079000,0.010266863228834468,97400.73260073259,2282.0,2044.0,2055.0,1222.0,492.0,-348.0,-16044.0,872.0,-362.0,-45.0,-39.0,-253.0,480.0,32903.0,5519104.0,2277.0,2816.0,0.0
3938335000,0.010266657306751175,97402.68620268619,2228.0,2045.0,2055.0,1221.0,508.0,-352.0,-16092.0,884.0,-355.0,-37.0,-36.0,-253.0,473.0,32903.0,5518592.0,2474.0,2800.0,0.0
3938591000,0.010266863228834468,97400.73260073259,2226.0,2047.0,2055.0,1222.0,472.0,-312.0,-16084.0,874.0,-350.0,-22.0,-36.0,-253.0,473.0,32903.0,5518592.0,2346.0,2816.0,0.0
3938847000,0.010266863228834468,97400.73260073259,2301.0,2046.0,2054.0,1222.0,512.0,-348.0,-16052.0,884.0,-337.0,-14.0,-31.0,-248.0,475.0,32903.0,5518848.0,2295.0,2817.0,0.0
3939103000,0.010266657306751175,97402.68620268619,2282.0,2045.0,2056.0,1224.0,464.0,-336.0,-16016.0,868.0,-337.0,-28.0,-34.0,-253.0,476.0,32903.0,5518848.0,2266.0,2816.0,0.0
3939359000,0.010266863228834468,97400.73260073259,2262.0,2046.0,2056.0,1223.0,500.0,-364.0,-16080.0,858.0,-368.0,-18.0,-36.0,-255.0,478.0,32903.0,5518848.0,2462.0,2800.0,0.0
3939615000,0.010266657306751175,97402.68620268619,2173.0,2046.0,2055.0,1223.0,552.0,-316.0,-16088.0,872.0,-357.0,-32.0,-36.0,-255.0,478.0,32903.0,5518848.0,2340.0,2816.0,0.0
3939871000,0.010266863228834468,97400.73260073259,2282.0,2043.0,2055.0,1222.0,536.0,-364.0,-16052.0,869.0,-338.0,-21.0,-41.0,-251.0,475.0,32903.0,5518592.0,2286.0,2816.0,0.0
3940127000,0.010266863228834468,97400.73260073259,2287.0,2043.0,2055.0,1223.0,512.0,-376.0,-16040.0,877.0,-339.0,-29.0,-32.0,-248.0,480.0,32903.0,5518592.0,2268.0,2817.0,0.0
3940383000,0.010266657306751175,97402.68620268619,2242.0,2045.0,2057.0,1223.0,512.0,-356.0,-16048.0,878.0,-344.0,-26.0,-39.0,-253.0,482.0,32903.0,5518592.0,2476.0,2801.0,0.0
3940639000,0.010266863228834468,97400.73260073259,2236.0,2046.0,2055.0,1222.0,496.0,-312.0,-16060.0,855.0,-354.0,-48.0,-39.0,-248.0,476.0,32903.0,5518592.0,2346.0,2816.0,0.0
3940895000,0.010266657306751175,97402.68620268619,2283.0,2045.0,2056.0,1223.0,484.0,-328.0,-16096.0,874.0,-341.0,-18.0,-39.0,-248.0,476.0,32903.0,5518848.0,2296.0,2817.0,0.0
3941151000,0.010266863228834468,97400.73260073259,2309.0,2045.0,2054.0,1225.0,524.0,-352.0,-16036.0,874.0,-351.0,-40.0,-33.0,-250.0,474.0,32903.0,5518848.0,2273.0,2817.0,0.0
3941407000,0.010266863228834468,97400.73260073259,2291.0,2045.0,2054.0,1223.0,500.0,-344.0,-16024.0,868.0,-350.0,-27.0,-37.0,-252.0,477.0,32903.0,5518592.0,2477.0,2801.0,0.0
3941663000,0.010266657306751175,97402.68620268619,2266.0,2045.0,2055.0,1223.0,492.0,-328.0,-16064.0,878.0,-341.0,-14.0,-35.0,-252.0,474.0,32903.0,5518592.0,2602.0,2815.0,0.0
3941919000,0.010266863228834468,97400.73260073259,2358.0,2044.0,2055.0,1222.0,500.0,-372.0,-16064.0,879.0,-345.0,-28.0,-28.0,-256.0,478.0,32903.0,5518336.0,2405.0,2816.0,0.0
3942175000,0.010266863228834468,97400.73260073259,2203.0,2045.0,2055.0,1220.0,504.0,-320.0,-16088.0,868.0,-347.0,-28.0,-28.0,-256.0,478.0,32903.0,5518336.0,2322.0,2817.0,0.0
3942431000,0.010266863228834468,97400.73260073259,2272.0,2045.0,2056.0,1222.0,508.0,-364.0,-16104.0,866.0,-332.0,-9.0,-31.0,-249.0,477.0,32903.0,5518336.0,2501.0,2801.0,0.0
3942687000,0.010266863228834468,97400.73260073259,2263.0,2046.0,2055.0,1224.0,488.0,-356.0,-16080.0,878.0,-331.0,-20.0,-30.0,-246.0,474.0,32903.0,5518336.0,2358.0,2816.0,0.0
3942943000,0.010266657306751175,97402.68620268619,2292.0,2046.0,2056.0,1222.0,496.0,-372.0,-16060.0,871.0,-350.0,-27.0,-36.0,-251.0,477.0,32903.0,5518592.0,2294.0,2816.0,0.0
3943199000,0.010266863228834468,97400.73260073259,2374.0,2046.0,2054.0,1223.0,512.0,-368.0,-16084.0,874.0,-336.0,-13.0,-36.0,-251.0,477.0,32903.0,5518592.0,2518.0,2815.0,0.0
3943455000,0.010266863228834468,97400.73260073259,2291.0,2046.0,2056.0,1223.0,480.0,-332.0,-16096.0,860.0,-336.0,-30.0,-33.0,-257.0,478.0,32903.0,5518592.0,2584.0,2800.0,0.0
3943711000,0.010266657306751175,97402.68620268619,2325.0,2044.0,2054.0,1224.0,476.0,-380.0,-16024.0,867.0,-338.0,-40.0,-40.0,-257.0,479.0,32903.0,5518592.0,2404.0,2817.0,0.0
3943967000,0.010266863228834468,97400.73260073259,2228.0,2046.0,2057.0,1221.0,508.0,-324.0,-16040.0,861.0,-333.0,-35.0,-38.0,-246.0,479.0,32903.0,5519360.0,2322.0,2817.0,0.0
3944223000,0.010266657306751175,97402.68620268619,2247.0,2045.0,2054.0,1221.0,504.0,-320.0,-16064.0,868.0,-342.0,-25.0,-47.0,-251.0,480.0,32903.0,5519360.0,2277.0,2816.0,0.0
3944479000,0.010266863228834468,97400.73260073259,2262.0,2043.0,2056.0,1221.0,508.0,-328.0,-16124.0,886.0,-338.0,-30.0,-47.0,-251.0,480.0,32903.0,5518848.0,2474.0,2800.0,0.0
3944735000,0.010266863228834468,97400.73260073259,2230.0,2043.0,2055.0,1221.0,492.0,-348.0,-16104.0,859.0,-334.0,-29.0,-38.0,-256.0,480.0,32903.0,5518848.0,2353.0,2817.0,0.0
3944991000,0.010266657306751175,97402.68620268619,2281.0,2045.0,2056.0,1222.0,464.0,-348.0,-16088.0,869.0,-339.0,-18.0,-44.0,-249.0,477.0,32903.0,5518848.0,2292.0,2816.0,0.0
3945247000,0.010266863228834468,97400.73260073259,2309.0,2046.0,2055.0,1220.0,520.0,-336.0,-16100.0,884.0,-356.0,-33.0,-30.0,-251.0,481.0,32903.0,5518848.0,2264.0,2816.0,0.0
3945503000,0.010266863228834468,97400.73260073259,2228.0,2046.0,2054.0,1222.0,488.0,-316.0,-16108.0,876.0,-344.0,-23.0,-35.0,-253.0,477.0,32903.0,5518848.0,2465.0,2795.0,0.0
3945759000,0.010266657306751175,97402.68620268619,2206.0,2045.0,2056.0,1224.0,508.0,-344.0,-16096.0,875.0,-342.0,-30.0,-35.0,-253.0,477.0,32903.0,5518848.0,2342.0,2816.0,0.0
3946015000,0.010266863228834468,97400.73260073259,2285.0,2045.0,2054.0,1223.0,488.0,-332.0,-16064.0,870.0,-352.0,-27.0,-35.0,-253.0,479.0,32903.0,5518592.0,2503.0,2800.0,0.0
3946271000,0.010266863228834468,97400.73260073259,2230.0,2044.0,2055.0,1222.0,528.0,-320.0,-16072.0,879.0,-344.0,-43.0,-31.0,-247.0,479.0,32903.0,5518592.0,2360.0,2816.0,0.0
3946527000,0.010266863228834468,97400.73260073259,2340.0,2044.0,2055.0,1222.0,500.0,-336.0,-16000.0,883.0,-337.0,-39.0,-33.0,-249.0,478.0,32903.0,5519104.0,2295.0,2816.0,0.0
3946783000,0.010266657306751175,97402.68620268619,2354.0,2044.0,2055.0,1223.0,512.0,-328.0,-16076.0,885.0,-358.0,-23.0,-32.0,-254.0,479.0,32903.0,5519104.0,2519.0,2815.0,0.0
3947039000,0.010266863228834468,97400.73260073259,2319.0,2045.0,2055.0,1221.0,500.0,-348.0,-16132.0,875.0,-345.0,-27.0,-32.0,-254.0,479.0,32903.0,5518592.0,2367.0,2816.0,0.0
3947295000,0.010266863228834468,97400.73260073259,2175.0,2045.0,2055.0,1220.0,472.0,-368.0,-16084.0,875.0,-345.0,-27.0,-32.0,-252.0,475.0,32903.0,5518592.0,2304.0,2817.0,0.0
3947551000,0.010266657306751175,97402.68620268619,2196.0,2045.0,2055.0,1223.0,500.0,-336.0,-16072.0,873.0,-356.0,-24.0,-36.0,-255.0,474.0,32903.0,5519104.0,2486.0,2800.0,0.0
3947807000,0.010266863228834468,97400.73260073259,2222.0,2045.0,2057.0,1223.0,508.0,-368.0,-16052.0,875.0,-331.0,-14.0,-42.0,-248.0,480.0,32903.0,5519104.0,2352.0,2816.0,0.0
3948063000,0.010266863228834468,97400.73260073259,2282.0,2044.0,2056.0,1223.0,468.0,-340.0,-16072.0,891.0,-349.0,-19.0,-42.0,-248.0,480.0,32903.0,5519360.0,2291.0,2816.0,0.0
3948319000,0.010266657306751175,97402.68620268619,2278.0,2044.0,2054.0,1221.0,488.0,-336.0,-16124.0,871.0,-347.0,-25.0,-44.0,-251.0,476.0,32903.0,5519360.0,2264.0,2816.0,0.0
3948575000,0.010266863228834468,97400.73260073259,2276.0,2046.0,2054.0,1223.0,464.0,-324.0,-16020.0,881.0,-340.0,-12.0,-37.0,-252.0,480.0,32903.0,5519104.0,2474.0,2801.0,0.0
3948831000,0.010266657306751175,97402.68620268619,2196.0,2046.0,2056.0,1224.0,496.0,-340.0,-16076.0,884.0,-331.0,-21.0,-40.0,-249.0,475.0,32903.0,5519104.0,2346.0,2816.0,0.0
3949087000,0.010266863228834468,97400.73260073259,2307.0,2045.0,2055.0,1222.0,484.0,-320.0,-16116.0,850.0,-351.0,-26.0,-39.0,-250.0,474.0,32903.0,5518848.0,2510.0,2799.0,0.0
3949343000,0.010266863228834468,97400.73260073259,2270.0,2046.0,2056.0,1220.0,492.0,-340.0,-16108.0,863.0,-340.0,-14.0,-39.0,-250.0,474.0,32903.0,5518848.0,2363.0,2816.0,0.0
3949599000,0.010266863228834468,97400.73260073259,2376.0,2044.0,2054.0,1224.0,476.0,-344.0,-16064.0,869.0,-337.0,-31.0,-42.0,-253.0,468.0,32903.0,5518848.0,2550.0,2815.0,0.0
3949855000,0.010266863228834468,97400.73260073259,2382.0,2046.0,2056.0,1221.0,480.0,-356.0,-16104.0,877.0,-346.0,-19.0,-36.0,-251.0,478.0,32903.0,5518848.0,2388.0,2817.0,0.0
3950111000,0.010266657306751175,97402.68620268619,2189.0,2047.0,2056.0,1222.0,492.0,-364.0,-16148.0,871.0,-354.0,-25.0,-51.0,-251.0,475.0,32903.0,5518592.0,2314.0,2817.0,0.0
3950367000,0.010266863228834468,97400.73260073259,2269.0,2047.0,2055.0,1226.0,492.0,-320.0,-16072.0,873.0,-348.0,-18.0,-32.0,-250.0,479.0,32903.0,5518592.0,2274.0,2816.0,0.0
3950623000,0.010266863228834468,97400.73260073259,2244.0,2046.0,2055.0,1222.0,492.0,-316.0,-16108.0,880.0,-355.0,-14.0,-32.0,-250.0,479.0,32903.0,5518848.0,2472.0,2800.0,0.0
3950879000,0.010266863228834468,97400.73260073259,2189.0,2046.0,2055.0,1222.0,500.0,-336.0,-16096.0,875.0,-353.0,-35.0,-30.0,-251.0,478.0,32903.0,5518848.0,2346.0,2816.0,0.0
3951135000,0.010266863228834468,97400.73260073259,2317.0,2045.0,2054.0,1222.0,468.0,-340.0,-16068.0,896.0,-358.0,-1.0,-36.0,-250.0,476.0,32903.0,5518848.0,2295.0,2817.0,0.0
3951391000,0.010266863228834468,97400.73260073259,2280.0,2045.0,2056.0,1224.0,488.0,-352.0,-16084.0,850.0,-358.0,-28.0,-41.0,-250.0,478.0,32903.0,5518848.0,2265.0,2816.0,0.0
3951647000,0.010266863228834468,97400.73260073259,2267.0,2047.0,2056.0,1225.0,480.0,-300.0,-16108.0,876.0,-351.0,-15.0,-41.0,-250.0,478.0,32903.0,5518592.0,2474.0,2799.0,0.0
3951903000,0.010266863228834468,97400.73260073259,2230.0,2045.0,2054.0,1222.0,460.0,-276.0,-16092.0,865.0,-361.0,-22.0,-32.0,-254.0,476.0,32903.0,5518592.0,2346.0,2816.0,0.0
3952159000,0.010266657306751175,97402.68620268619,2279.0,2045.0,2056.0,1223.0,456.0,-316.0,-16108.0,886.0,-345.0,-32.0,-34.0,-249.0,478.0,32903.0,5519104.0,2296.0,2817.0,0.0
3952415000,0.010266863228834468,97400.73260073259,2323.0,2045.0,2053.0,1223.0,420.0,-284.0,-16096.0,866.0,-349.0,-42.0,-37.0,-254.0,482.0,32903.0,5519104.0,2272.0,2817.0,0.0
3952671000,0.010266863228834468,97400.73260073259,2268.0,2045.0,2054.0,1226.0,468.0,-352.0,-16032.0,878.0,-351.0,-48.0,-43.0,-252.0,473.0,32903.0,5518080.0,2477.0,2799.0,0.0
3952927000,0.010266863228834468,97400.73260073259,2227.0,2044.0,2056.0,1221.0,484.0,-316.0,-16164.0,876.0,-350.0,-20.0,-43.0,-252.0,473.0,32903.0,5518080.0,2347.0,2816.0,0.0
3953183000,0.010266863228834468,97400.73260073259,2313.0,2045.0,2056.0,1222.0,464.0,-328.0,-16096.0,861.0,-351.0,-43.0,-39.0,-251.0,474.0,32903.0,5518848.0,2289.0,2816.0,0.0
3953439000,0.010266657306751175,97402.68620268619,2272.0,2046.0,2056.0,1223.0,476.0,-332.0,-16068.0,869.0,-327.0,-31.0,-35.0,-254.0,477.0,32903.0,5518848.0,2263.0,2816.0,0.0
3953695000,0.010266863228834468,97400.73260073259,2272.0,2046.0,2055.0,1223.0,488.0,-356.0,-16120.0,883.0,-349.0,-7.0,-44.0,-254.0,484.0,32903.0,5519104.0,2467.0,2800.0,0.0
3953951000,0.010266863228834468,97400.73260073259,2262.0,2046.0,2053.0,1224.0,496.0,-308.0,-16092.0,860.0,-363.0,-29.0,-42.0,-253.0,477.0,32903.0,5519104.0,2597.0,2815.0,0.0
3954207000,0.010266657306751175,97402.68620268619,2314.0,2044.0,2055.0,1223.0,460.0,-328.0,-16052.0,885.0,-353.0,-43.0,-42.0,-253.0,477.0,32903.0,5519104.0,2403.0,2816.0,0.0
3954463000,0.010266863228834468,97400.73260073259,2222.0,2045.0,2056.0,1225.0,472.0,-348.0,-16080.0,876.0,-365.0,-32.0,-40.0,-255.0,480.0,32903.0,5519104.0,2321.0,2817.0,0.0
3954719000,0.010266657306751175,97402.68620268619,2237.0,2047.0,2056.0,1223.0,468.0,-368.0,-16052.0,873.0,-327.0,-38.0,-39.0,-253.0,481.0,32903.0,5519360.0,2494.0,2800.0,0.0
3954975000,0.010266863228834468,97400.73260073259,2260.0,2045.0,2055.0,1223.0,476.0,-316.0,-16108.0,882.0,-374.0,-18.0,-35.0,-254.0,478.0,32903.0,5519360.0,2362.0,2817.0,0.0
3955231000,0.010266863228834468,97400.73260073259,2314.0,2045.0,2055.0,1222.0,464.0,-328.0,-16092.0,863.0,-344.0,-13.0,-33.0,-250.0,472.0,32903.0,5518848.0,2296.0,2816.0,0.0
3955487000,0.010266657306751175,97402.68620268619,2288.0,2046.0,2055.0,1223.0,464.0,-340.0,-16088.0,865.0,-351.0,-28.0,-33.0,-250.0,472.0,32903.0,5518848.0,2266.0,2816.0,0.0
3955743000,0.010266863228834468,97400.73260073259,2277.0,2045.0,2055.0,1226.0,472.0,-328.0,-16048.0,866.0,-365.0,-16.0,-32.0,-248.0,481.0,32903.0,5518592.0,2468.0,2800.0,0.0
3955999000,0.010266657306751175,97402.68620268619,2211.0,2045.0,2052.0,1225.0,472.0,-304.0,-16084.0,880.0,-342.0,-22.0,-36.0,-248.0,483.0,32903.0,5518592.0,2351.0,2817.0,0.0
3956255000,0.010266863228834468,97400.73260073259,2316.0,2045.0,2054.0,1222.0,468.0,-348.0,-16092.0,851.0,-342.0,-37.0,-36.0,-249.0,477.0,32903.0,5518592.0,2297.0,2817.0,0.0
3956511000,0.010266657306751175,97402.68620268619,2363.0,2046.0,2054.0,1223.0,456.0,-348.0,-16112.0,898.0,-358.0,-27.0,-36.0,-249.0,477.0,32903.0,5518592.0,2520.0,2815.0,0.0
3956767000,0.010266657306751175,97402.68620268619,2286.0,2044.0,2054.0,1223.0,444.0,-300.0,-16084.0,874.0,-344.0,-11.0,-38.0,-250.0,475.0,32903.0,5518848.0,2590.0,2799.0,0.0
3957023000,0.010266657306751175,97402.68620268619,2370.0,2045.0,2055.0,1222.0,468.0,-376.0,-16048.0,868.0,-354.0,-25.0,-40.0,-251.0,480.0,32903.0,5518848.0,2406.0,2817.0,0.0
3957279000,0.010266863228834468,97400.73260073259,2190.0,2046.0,2054.0,1224.0,468.0,-328.0,-16060.0,870.0,-339.0,8.0,-39.0,-255.0,479.0,32903.0,5518848.0,2316.0,2816.0,0.0
3957535000,0.010266863228834468,97400.73260073259,2262.0,2046.0,2056.0,1223.0,440.0,-364.0,-16100.0,869.0,-356.0,-27.0,-37.0,-254.0,481.0,32903.0,5518848.0,2275.0,2816.0,0.0
3957791000,0.010266863228834468,97400.73260073259,2267.0,2045.0,2056.0,1221.0,468.0,-348.0,-16100.0,875.0,-361.0,-15.0,-37.0,-254.0,481.0,32903.0,5519360.0,2478.0,2799.0,0.0
3958047000,0.010266657306751175,97402.68620268619,2194.0,2043.0,2057.0,1219.0,480.0,-352.0,-16080.0,880.0,-362.0,-31.0,-42.0,-250.0,475.0,32903.0,5519360.0,2348.0,2816.0,0.0
3958303000,0.010266863228834468,97400.73260073259,2310.0,2046.0,2054.0,1221.0,444.0,-316.0,-16080.0,863.0,-349.0,-38.0,-36.0,-248.0,479.0,32903.0,5519104.0,2289.0,2816.0,0.0
3958559000,0.010266863228834468,97400.73260073259,2291.0,2045.0,2056.0,1222.0,436.0,-312.0,-16048.0,865.0,-349.0,-3.0,-42.0,-251.0,477.0,32903.0,5519104.0,2270.0,2817.0,0.0
3958815000,0.010266657306751175,97402.68620268619,2265.0,2046.0,2054.0,1223.0,456.0,-344.0,-16092.0,870.0,-360.0,-21.0,-40.0,-258.0,480.0,32903.0,5519104.0,2475.0,2799.0,0.0
3959071000,0.010266863228834468,97400.73260073259,2244.0,2046.0,2055.0,1221.0,460.0,-348.0,-16044.0,875.0,-340.0,-29.0,-40.0,-258.0,480.0,32903.0,5519104.0,2347.0,2816.0,0.0
3959327000,0.010266657306751175,97402.68620268619,2284.0,2045.0,2055.0,1223.0,476.0,-328.0,-16104.0,891.0,-337.0,-31.0,-40.0,-249.0,474.0,32903.0,5518848.0,2296.0,2817.0,0.0
3959583000,0.010266863228834468,97400.73260073259,2287.0,2045.0,2054.0,1220.0,424.0,-268.0,-16116.0,881.0,-336.0,-8.0,-33.0,-247.0,481.0,32903.0,5518848.0,2474.0,2796.0,0.0
3959839000,0.010266863228834468,97400.73260073259,2208.0,2043.0,2055.0,1221.0,464.0,-340.0,-16076.0,871.0,-352.0,-27.0,-32.0,-251.0,484.0,32903.0,5518848.0,2563.0,2800.0,0.0
3960095000,0.010266863228834468,97400.73260073259,2311.0,2043.0,2055.0,1224.0,496.0,-344.0,-16084.0,877.0,-357.0,-41.0,-32.0,-251.0,484.0,32903.0,5518848.0,2642.0,2815.0,0.0
3960351000,0.010266863228834468,97400.73260073259,2407.0,2044.0,2057.0,1223.0,480.0,-352.0,-16072.0,876.0,-377.0,-16.0,-27.0,-251.0,481.0,32903.0,5519360.0,2424.0,2816.0,0.0
3960607000,0.010266657306751175,97402.68620268619,2220.0,2045.0,2056.0,1221.0,484.0,-300.0,-16104.0,872.0,-353.0,-21.0,-33.0,-246.0,476.0,32903.0,5519360.0,2324.0,2816.0,0.0
3960863000,0.010266863228834468,97400.73260073259,2293.0,2045.0,2055.0,1221.0,468.0,-328.0,-16068.0,887.0,-358.0,-29.0,-28.0,-249.0,474.0,32903.0,5518592.0,2495.0,2800.0,0.0
3961119000,0.010266863228834468,97400.73260073259,2248.0,2045.0,2056.0,1222.0,472.0,-324.0,-16116.0,896.0,-329.0,-38.0,-41.0,-249.0,482.0,32903.0,5518592.0,2356.0,2816.0,0.0
3961375000,0.010266863228834468,97400.73260073259,2294.0,2044.0,2055.0,1224.0,484.0,-368.0,-16084.0,871.0,-350.0,-20.0,-41.0,-249.0,482.0,32903.0,5518592.0,2293.0,2816.0,0.0
3961631000,0.010266863228834468,97400.73260073259,2318.0,2044.0,2056.0,1224.0,468.0,-308.0,-16124.0,859.0,-343.0,-27.0,-37.0,-260.0,477.0,32903.0,5518592.0,2264.0,2816.0,0.0
3961887000,0.010266863228834468,97400.73260073259,2253.0,2046.0,2056.0,1224.0,480.0,-376.0,-16048.0,888.0,-355.0,-35.0,-25.0,-254.0,478.0,32903.0,5519360.0,2474.0,2801.0,0.0
3962143000,0.010266863228834468,97400.73260073259,2225.0,2046.0,2057.0,1222.0,484.0,-292.0,-16064.0,875.0,-334.0,-32.0,-38.0,-252.0,475.0,32903.0,5519360.0,2346.0,2816.0,0.0
3962399000,0.010266863228834468,97400.73260073259,2302.0,2045.0,2056.0,1222.0,492.0,-352.0,-16084.0,865.0,-346.0,-46.0,-57.0,-245.0,478.0,32903.0,5518848.0,2289.0,2816.0,0.0
3962655000,0.010266657306751175,97402.68620268619,2263.0,2043.0,2057.0,1223.0,500.0,-380.0,-16116.0,900.0,-374.0,-34.0,-57.0,-245.0,478.0,32903.0,5518848.0,2262.0,2816.0,0.0
3962911000,0.010266863228834468,97400.73260073259,2271.0,2045.0,2055.0,1222.0,484.0,-336.0,-16124.0,870.0,-359.0,-14.0,-42.0,-250.0,479.0,32903.0,5519360.0,2467.0,2800.0,0.0
3963167000,0.010266863228834468,97400.73260073259,2199.0,2044.0,2055.0,1221.0,492.0,-336.0,-16076.0,894.0,-342.0,-18.0,-38.0,-248.0,476.0,32903.0,5519360.0,2343.0,2816.0,0.0
3963423000,0.010266863228834468,97400.73260073259,2291.0,2044.0,2056.0,1222.0,468.0,-376.0,-16076.0,882.0,-351.0,-33.0,-37.0,-258.0,473.0,32903.0,5518848.0,2294.0,2817.0,0.0
3963679000,0.010266863228834468,97400.73260073259,2360.0,2044.0,2053.0,1223.0,488.0,-344.0,-16108.0,882.0,-369.0,-5.0,-46.0,-251.0,482.0,32903.0,5518848.0,2518.0,2815.0,0.0
3963935000,0.010266657306751175,97402.68620268619,2276.0,2044.0,2056.0,1221.0,504.0,-340.0,-16080.0,887.0,-344.0,-18.0,-46.0,-251.0,482.0,32903.0,5519104.0,2589.0,2799.0,0.0
3964191000,0.010266863228834468,97400.73260073259,2365.0,2043.0,2057.0,1222.0,492.0,-348.0,-16076.0,887.0,-344.0,-18.0,-39.0,-254.0,477.0,32903.0,5519104.0,2406.0,2817.0,0.0
3964447000,0.010266863228834468,97400.73260073259,2198.0,2045.0,2054.0,1222.0,504.0,-368.0,-16056.0,883.0,-364.0,-27.0,-31.0,-251.0,481.0,32903.0,5518848.0,2316.0,2816.0,0.0
3964703000,0.010266657306751175,97402.68620268619,2251.0,2046.0,2055.0,1222.0,492.0,-336.0,-16052.0,883.0,-343.0,-31.0,-31.0,-255.0,478.0,32903.0,5518848.0,2275.0,2816.0,0.0
3964959000,0.010266863228834468,97400.73260073259,2272.0,2046.0,2055.0,1224.0,464.0,-372.0,-16100.0,878.0,-339.0,-43.0,-31.0,-255.0,478.0,32903.0,5519360.0,2478.0,2799.0,0.0
3965215000,0.010266863228834468,97400.73260073259,2195.0,2044.0,2057.0,1221.0,508.0,-360.0,-16116.0,878.0,-359.0,-31.0,-28.0,-254.0,480.0,32903.0,5519360.0,2348.0,2816.0,0.0
3965471000,0.010266863228834468,97400.73260073259,2305.0,2045.0,2058.0,1221.0,508.0,-356.0,-16068.0,858.0,-364.0,-28.0,-34.0,-251.0,478.0,32903.0,5519104.0,2290.0,2816.0,0.0
3965727000,0.010266863228834468,97400.73260073259,2299.0,2044.0,2055.0,1224.0,484.0,-340.0,-16000.0,880.0,-351.0,-29.0,-33.0,-256.0,478.0,32903.0,5519104.0,2270.0,2817.0,0.0
3965983000,0.010266657306751175,97402.68620268619,2253.0,2043.0,2055.0,1225.0,528.0,-360.0,-16108.0,875.0,-353.0,-35.0,-35.0,-248.0,478.0,32903.0,5519360.0,2476.0,2799.0,0.0
3966239000,0.010266863228834468,97400.73260073259,2256.0,2044.0,2054.0,1222.0,488.0,-336.0,-16100.0,859.0,-346.0,-27.0,-35.0,-248.0,478.0,32903.0,5519360.0,2353.0,2817.0,0.0
3966495000,0.010266657306751175,97402.68620268619,2285.0,2044.0,2054.0,1223.0,508.0,-356.0,-16100.0,884.0,-340.0,-40.0,-36.0,-252.0,475.0,32903.0,5519104.0,2292.0,2816.0,0.0
3966751000,0.010266863228834468,97400.73260073259,2301.0,2046.0,2054.0,1223.0,552.0,-336.0,-16028.0,872.0,-338.0,-27.0,-41.0,-253.0,481.0,32903.0,5519104.0,2264.0,2816.0,0.0
3967007000,0.010266863228834468,97400.73260073259,2260.0,2045.0,2055.0,1222.0,492.0,-352.0,-16044.0,889.0,-361.0,-37.0,-38.0,-252.0,478.0,32903.0,5518848.0,2467.0,2800.0,0.0
3967263000,0.010266657306751175,97402.68620268619,2245.0,2045.0,2054.0,1222.0,500.0,-336.0,-16104.0,867.0,-340.0,-35.0,-35.0,-252.0,478.0,32903.0,5518848.0,2598.0,2815.0,0.0
3967519000,0.010266863228834468,97400.73260073259,2346.0,2047.0,2056.0,1226.0,532.0,-384.0,-16068.0,898.0,-342.0,-36.0,-35.0,-252.0,478.0,32903.0,5519104.0,2403.0,2816.0,0.0
3967775000,0.010266863228834468,97400.73260073259,2181.0,2044.0,2056.0,1223.0,536.0,-380.0,-16060.0,894.0,-362.0,-11.0,-40.0,-249.0,475.0,32903.0,5519104.0,2315.0,2816.0,0.0
3968031000,0.010266863228834468,97400.73260073259,2250.0,2045.0,2055.0,1224.0,512.0,-368.0,-16088.0,864.0,-359.0,-25.0,-41.0,-256.0,478.0,32903.0,5518848.0,2491.0,2800.0,0.0
3968287000,0.010266863228834468,97400.73260073259,2239.0,2044.0,2056.0,1221.0,760.0,-340.0,-16044.0,878.0,-343.0,-15.0,-40.0,-248.0,475.0,32903.0,5518848.0,2354.0,2816.0,0.0
3968543000,0.010266657306751175,97402.68620268619,2272.0,2045.0,2058.0,1221.0,496.0,-360.0,-16056.0,877.0,-360.0,-31.0,-40.0,-248.0,475.0,32903.0,5519104.0,2292.0,2816.0,0.0
3968799000,0.010266863228834468,97400.73260073259,2309.0,2045.0,2057.0,1222.0,496.0,-372.0,-16112.0,877.0,-334.0,-40.0,-36.0,-259.0,473.0,32903.0,5519104.0,2264.0,2816.0,0.0
3969055000,0.010266863228834468,97400.73260073259,2255.0,2045.0,2054.0,1220.0,504.0,-352.0,-16036.0,876.0,-349.0,-44.0,-32.0,-251.0,481.0,32903.0,5518848.0,2474.0,2801.0,0.0
3969311000,0.010266657306751175,97402.68620268619,2213.0,2044.0,2054.0,1221.0,460.0,-340.0,-16080.0,884.0,-320.0,-37.0,-29.0,-253.0,479.0,32903.0,5518848.0,2346.0,2816.0,0.0
3969567000,0.010266863228834468,97400.73260073259,2301.0,2046.0,2054.0,1221.0,488.0,-312.0,-16112.0,874.0,-346.0,-27.0,-34.0,-251.0,476.0,32903.0,5518592.0,2288.0,2816.0,0.0
3969823000,0.010266657306751175,97402.68620268619,2258.0,2044.0,2053.0,1222.0,472.0,-304.0,-16120.0,878.0,-369.0,-17.0,-34.0,-251.0,476.0,32903.0,5518592.0,2262.0,2816.0,0.0
3970079000,0.010266863228834468,97400.73260073259,2265.0,2045.0,2055.0,1221.0,468.0,-336.0,-16076.0,887.0,-339.0,-28.0,-37.0,-251.0,476.0,32903.0,5519104.0,2467.0,2800.0,0.0
3970335000,0.010266863228834468,97400.73260073259,2207.0,2045.0,2055.0,1223.0,516.0,-332.0,-16052.0,877.0,-352.0,-22.0,-31.0,-250.0,478.0,32903.0,5519104.0,2343.0,2816.0,0.0
3970591000,0.010266863228834468,97400.73260073259,2272.0,2045.0,2055.0,1224.0,540.0,-356.0,-16048.0,859.0,-337.0,-38.0,-34.0,-250.0,472.0,32903.0,5519104.0,2287.0,2816.0,0.0
3970847000,0.010266863228834468,97400.73260073259,2300.0,2044.0,2056.0,1222.0,512.0,-348.0,-16116.0,869.0,-361.0,-29.0,-37.0,-254.0,474.0,32903.0,5519104.0,2262.0,2816.0,0.0
3971103000,0.010266657306751175,97402.68620268619,2226.0,2045.0,2056.0,1223.0,488.0,-364.0,-16088.0,877.0,-351.0,-41.0,-37.0,-254.0,474.0,32903.0,5519616.0,2467.0,2800.0,0.0
3971359000,0.010266657306751175,97402.68620268619,2231.0,2046.0,2057.0,1222.0,504.0,-356.0,-16028.0,865.0,-334.0,-34.0,-34.0,-253.0,472.0,32903.0,5519616.0,2350.0,2817.0,0.0
3971615000,0.010266863228834468,97400.73260073259,2307.0,2047.0,2057.0,1222.0,488.0,-336.0,-16072.0,868.0,-336.0,-19.0,-36.0,-251.0,475.0,32903.0,5518848.0,2297.0,2817.0,0.0
3971871000,0.010266657306751175,97402.68620268619,2259.0,2046.0,2057.0,1222.0,520.0,-364.0,-16072.0,882.0,-348.0,-19.0,-39.0,-253.0,481.0,32903.0,5518848.0,2475.0,2796.0,0.0
3972127000,0.010266863228834468,97400.73260073259,2256.0,2045.0,2055.0,1221.0,484.0,-388.0,-16072.0,884.0,-357.0,-28.0,-38.0,-250.0,477.0,32903.0,5519104.0,2575.0,2799.0,0.0
3972383000,0.010266657306751175,97402.68620268619,2276.0,2045.0,2056.0,1221.0,512.0,-348.0,-16056.0,858.0,-338.0,-34.0,-38.0,-250.0,477.0,32903.0,5519104.0,2393.0,2816.0,0.0
3972639000,0.010266863228834468,97400.73260073259,2182.0,2047.0,2056.0,1223.0,488.0,-348.0,-16032.0,882.0,-364.0,-12.0,-40.0,-256.0,476.0,32903.0,5518848.0,2317.0,2817.0,0.0
3972895000,0.010266863228834468,97400.73260073259,2258.0,2045.0,2055.0,1223.0,520.0,-372.0,-16056.0,868.0,-339.0,-23.0,-36.0,-249.0,474.0,32903.0,5518848.0,2275.0,2816.0,0.0
3973151000,0.010266657306751175,97402.68620268619,2232.0,2046.0,2054.0,1224.0,512.0,-376.0,-16104.0,875.0,-353.0,-14.0,-34.0,-250.0,475.0,32903.0,5519104.0,2479.0,2799.0,0.0
3973407000,0.010266863228834468,97400.73260073259,2234.0,2045.0,2054.0,1222.0,496.0,-332.0,-16076.0,863.0,-341.0,-36.0,-34.0,-250.0,475.0,32903.0,5519104.0,2348.0,2816.0,0.0
3973663000,0.010266657306751175,97402.68620268619,2279.0,2046.0,2053.0,1224.0,508.0,-340.0,-16064.0,879.0,-367.0,-29.0,-33.0,-251.0,476.0,32903.0,5519104.0,2290.0,2816.0,0.0
3973919000,0.010266657306751175,97402.68620268619,2289.0,2045.0,2054.0,1223.0,504.0,-300.0,-16064.0,866.0,-371.0,-30.0,-32.0,-252.0,476.0,32903.0,5519104.0,2263.0,2816.0,0.0
3974175000,0.010266863228834468,97400.73260073259,2266.0,2043.0,2056.0,1221.0,504.0,-312.0,-16064.0,877.0,-336.0,-29.0,-28.0,-250.0,472.0,32903.0,5519104.0,2467.0,2800.0,0.0
3974431000,0.010266863228834468,97400.73260073259,2186.0,2045.0,2054.0,1224.0,528.0,-344.0,-16104.0,869.0,-351.0,-37.0,-30.0,-251.0,482.0,32903.0,5519104.0,2343.0,2816.0,0.0
3974687000,0.010266863228834468,97400.73260073259,2354.0,2046.0,2055.0,1222.0,504.0,-344.0,-16084.0,877.0,-346.0,-27.0,-30.0,-251.0,482.0,32903.0,5519360.0,2540.0,2815.0,0.0
3974943000,0.010266863228834468,97400.73260073259,2314.0,2045.0,2055.0,1224.0,492.0,-352.0,-16064.0,847.0,-338.0,-28.0,-33.0,-251.0,477.0,32903.0,5519360.0,2377.0,2816.0,0.0
3975199000,0.010266863228834468,97400.73260073259,2353.0,2045.0,2057.0,1222.0,508.0,-332.0,-16072.0,864.0,-352.0,-23.0,-37.0,-258.0,475.0,32903.0,5519104.0,2520.0,2800.0,0.0
3975455000,0.010266863228834468,97400.73260073259,2333.0,2045.0,2057.0,1221.0,528.0,-360.0,-16056.0,884.0,-347.0,-26.0,-38.0,-249.0,478.0,32903.0,5519104.0,2367.0,2816.0,0.0
3975711000,0.010266657306751175,97402.68620268619,2391.0,2047.0,2056.0,1222.0,512.0,-324.0,-16084.0,870.0,-356.0,-25.0,-38.0,-256.0,480.0,32903.0,5519360.0,2552.0,2815.0,0.0
3975967000,0.010266863228834468,97400.73260073259,2443.0,2045.0,2055.0,1222.0,468.0,-364.0,-16044.0,870.0,-362.0,-35.0,-38.0,-256.0,480.0,32903.0,5519360.0,2637.0,2815.0,0.0
3976223000,0.010266863228834468,97400.73260073259,2447.0,2044.0,2055.0,1224.0,492.0,-340.0,-16036.0,888.0,-347.0,-31.0,-40.0,-253.0,478.0,32903.0,5518848.0,2644.0,2799.0,0.0
3976479000,0.010266863228834468,97400.73260073259,2443.0,2045.0,2055.0,1224.0,520.0,-328.0,-16100.0,887.0,-350.0,-39.0,-41.0,-251.0,484.0,32903.0,5518848.0,2425.0,2816.0,0.0
3976735000,0.010266863228834468,97400.73260073259,2299.0,2045.0,2053.0,1221.0,480.0,-336.0,-16100.0,868.0,-344.0,-30.0,-46.0,-256.0,476.0,32903.0,5519360.0,2324.0,2816.0,0.0
3976991000,0.010266657306751175,97402.68620268619,2340.0,2045.0,2057.0,1222.0,484.0,-336.0,-16040.0,874.0,-355.0,-32.0,-37.0,-247.0,478.0,32903.0,5519360.0,2532.0,2815.0,0.0
3977247000,0.010266863228834468,97400.73260073259,2331.0,2044.0,2055.0,1222.0,500.0,-348.0,-16036.0,865.0,-340.0,-34.0,-37.0,-247.0,478.0,32903.0,5519104.0,2595.0,2799.0,0.0
3977503000,0.010266863228834468,97400.73260073259,2363.0,2044.0,2055.0,1224.0,508.0,-284.0,-16084.0,863.0,-372.0,-5.0,-39.0,-256.0,472.0,32903.0,5519104.0,2403.0,2816.0,0.0
3977759000,0.010266657306751175,97402.68620268619,2191.0,2046.0,2055.0,1221.0,532.0,-368.0,-16064.0,870.0,-355.0,-26.0,-32.0,-247.0,476.0,32903.0,5519104.0,2315.0,2816.0,0.0
3978015000,0.010266863228834468,97400.73260073259,2282.0,2046.0,2056.0,1225.0,488.0,-336.0,-16052.0,855.0,-344.0,-33.0,-25.0,-257.0,478.0,32903.0,5519104.0,2274.0,2816.0,0.0
3978271000,0.010266863228834468,97400.73260073259,2239.0,2046.0,2057.0,1223.0,500.0,-344.0,-16068.0,882.0,-351.0,-42.0,-25.0,-257.0,478.0,32903.0,5519104.0,2477.0,2799.0,0.0
3978527000,0.010266863228834468,97400.73260073259,2218.0,2046.0,2056.0,1223.0,484.0,-380.0,-16088.0,886.0,-346.0,-40.0,-32.0,-253.0,474.0,32903.0,5519104.0,2348.0,2816.0,0.0
3978783000,0.010266863228834468,97400.73260073259,2303.0,2046.0,2056.0,1221.0,504.0,-364.0,-16052.0,871.0,-356.0,-24.0,-33.0,-253.0,475.0,32903.0,5519360.0,2289.0,2816.0,0.0
3979039000,0.010266863228834468,97400.73260073259,2316.0,2048.0,2054.0,1224.0,500.0,-372.0,-16084.0,870.0,-349.0,-37.0,-28.0,-252.0,476.0,32903.0,5519360.0,2516.0,2815.0,0.0
3979295000,0.010266863228834468,97400.73260073259,2300.0,2044.0,2056.0,1222.0,492.0,-312.0,-16048.0,866.0,-357.0,-25.0,-34.0,-253.0,480.0,32903.0,5519104.0,2582.0,2798.0,0.0
3979551000,0.010266863228834468,97400.73260073259,2307.0,2046.0,2056.0,1222.0,480.0,-336.0,-16108.0,874.0,-350.0,-43.0,-34.0,-253.0,480.0,32903.0,5519104.0,2396.0,2816.0,0.0
3979807000,0.010266863228834468,97400.73260073259,2174.0,2046.0,2056.0,1223.0,480.0,-344.0,-16044.0,890.0,-343.0,-10.0,-30.0,-247.0,478.0,32903.0,5519104.0,2312.0,2816.0,0.0
3980063000,0.010266863228834468,97400.73260073259,2233.0,2045.0,2054.0,1223.0,488.0,-344.0,-16072.0,881.0,-328.0,-15.0,-32.0,-250.0,475.0,32903.0,5519104.0,2481.0,2796.0,0.0
3980319000,0.010266657306751175,97402.68620268619,2164.0,2045.0,2054.0,1222.0,508.0,-328.0,-16036.0,891.0,-361.0,-36.0,-31.0,-256.0,473.0,32903.0,5519104.0,2567.0,2800.0,0.0
3980575000,0.010266863228834468,97400.73260073259,2330.0,2046.0,2055.0,1225.0,516.0,-332.0,-16108.0,870.0,-347.0,-6.0,-33.0,-250.0,475.0,32903.0,5519104.0,2644.0,2815.0,0.0
3980831000,0.010266863228834468,97400.73260073259,2385.0,2045.0,2055.0,1222.0,496.0,-340.0,-16052.0,868.0,-353.0,-29.0,-33.0,-250.0,475.0,32903.0,5518848.0,2425.0,2816.0,0.0
3981087000,0.010266863228834468,97400.73260073259,2232.0,2044.0,2055.0,1222.0,536.0,-360.0,-16088.0,868.0,-353.0,-29.0,-42.0,-249.0,475.0,32903.0,5518848.0,2325.0,2816.0,0.0
3981343000,0.010266863228834468,97400.73260073259,2303.0,2047.0,2057.0,1223.0,500.0,-344.0,-16068.0,875.0,-369.0,-25.0,-35.0,-249.0,477.0,32903.0,5519616.0,2495.0,2800.0,0.0
3981599000,0.010266657306751175,97402.68620268619,2226.0,2044.0,2055.0,1220.0,492.0,-376.0,-16064.0,882.0,-353.0,-28.0,-40.0,-257.0,474.0,32903.0,5519616.0,2356.0,2816.0,0.0
3981855000,0.010266863228834468,97400.73260073259,2324.0,2047.0,2056.0,1220.0,496.0,-340.0,-16048.0,854.0,-339.0,-30.0,-40.0,-257.0,474.0,32903.0,5519104.0,2293.0,2816.0,0.0
3982111000,0.010266863228834468,97400.73260073259,2300.0,2046.0,2055.0,1224.0,536.0,-368.0,-16104.0,879.0,-366.0,-33.0,-40.0,-254.0,482.0,32903.0,5519104.0,2264.0,2816.0,0.0
3982367000,0.010266657306751175,97402.68620268619,2236.0,2045.0,2056.0,1221.0,524.0,-376.0,-16092.0,868.0,-338.0,-24.0,-42.0,-254.0,477.0,32903.0,5518848.0,2468.0,2800.0,0.0
3982623000,0.010266863228834468,97400.73260073259,2232.0,2045.0,2056.0,1222.0,536.0,-356.0,-16096.0,869.0,-353.0,-39.0,-40.0,-254.0,474.0,32903.0,5518848.0,2343.0,2816.0,0.0
3982879000,0.010266863228834468,97400.73260073259,2269.0,2046.0,2055.0,1223.0,492.0,-328.0,-16064.0,875.0,-371.0,-41.0,-36.0,-253.0,478.0,32903.0,5519360.0,2287.0,2816.0,0.0
3983135000,0.010266657306751175,97402.68620268619,2286.0,2046.0,2055.0,1224.0,508.0,-296.0,-16068.0,855.0,-346.0,-31.0,-36.0,-253.0,478.0,32903.0,5519360.0,2261.0,2816.0,0.0
3983391000,0.010266863228834468,97400.73260073259,2258.0,2045.0,2054.0,1223.0,524.0,-332.0,-16080.0,866.0,-356.0,-25.0,-32.0,-250.0,479.0,32903.0,5519104.0,2467.0,2800.0,0.0
3983647000,0.010266863228834468,97400.73260073259,2181.0,2044.0,2054.0,1225.0,468.0,-344.0,-16056.0,859.0,-351.0,-25.0,-30.0,-256.0,478.0,32903.0,5519104.0,2342.0,2816.0,0.0
3983903000,0.010266863228834468,97400.73260073259,2302.0,2045.0,2055.0,1222.0,500.0,-368.0,-16088.0,863.0,-359.0,-29.0,-31.0,-246.0,477.0,32903.0,5519360.0,2287.0,2816.0,0.0
3984159000,0.010266863228834468,97400.73260073259,2325.0,2046.0,2054.0,1219.0,512.0,-328.0,-16068.0,888.0,-360.0,-26.0,-50.0,-255.0,477.0,32903.0,5519360.0,2515.0,2815.0,0.0
3984415000,0.010266863228834468,97400.73260073259,2292.0,2045.0,2054.0,1220.0,492.0,-360.0,-16084.0,890.0,-358.0,-32.0,-50.0,-255.0,477.0,32903.0,5519104.0,2587.0,2799.0,0.0
3984671000,0.010266863228834468,97400.73260073259,2350.0,2045.0,2054.0,1224.0,528.0,-344.0,-16080.0,870.0,-333.0,-37.0,-27.0,-256.0,479.0,32903.0,5519104.0,2399.0,2816.0,0.0
3984927000,0.010266657306751175,97402.68620268619,2169.0,2046.0,2054.0,1223.0,500.0,-368.0,-16036.0,872.0,-356.0,-25.0,-36.0,-248.0,475.0,32903.0,5519104.0,2313.0,2816.0,0.0
3985183000,0.010266863228834468,97400.73260073259,2331.0,2045.0,2055.0,1222.0,524.0,-320.0,-16024.0,865.0,-355.0,-15.0,-46.0,-251.0,479.0,32903.0,5519104.0,2527.0,2815.0,0.0
3985439000,0.010266657306751175,97402.68620268619,2280.0,2046.0,2055.0,1222.0,532.0,-408.0,-16096.0,866.0,-373.0,-28.0,-39.0,-256.0,476.0,32903.0,5519104.0,2593.0,2799.0,0.0
3985695000,0.010266863228834468,97400.73260073259,2324.0,2046.0,2055.0,1227.0,540.0,-356.0,-15948.0,878.0,-349.0,-40.0,-39.0,-256.0,476.0,32903.0,5519104.0,2401.0,2816.0,0.0
3985951000,0.010266863228834468,97400.73260073259,2209.0,2045.0,2055.0,1222.0,464.0,-336.0,-16084.0,869.0,-372.0,-19.0,-35.0,-255.0,475.0,32903.0,5518592.0,2314.0,2816.0,0.0
3986207000,0.010266657306751175,97402.68620268619,2285.0,2044.0,2055.0,1220.0,484.0,-340.0,-16108.0,882.0,-354.0,-19.0,-43.0,-248.0,475.0,32903.0,5518592.0,2528.0,2815.0,0.0
3986463000,0.010266863228834468,97400.73260073259,2301.0,2045.0,2056.0,1225.0,496.0,-328.0,-16004.0,894.0,-349.0,-31.0,-41.0,-255.0,476.0,32903.0,5519104.0,2593.0,2799.0,0.0
3986719000,0.010266863228834468,97400.73260073259,2387.0,2046.0,2056.0,1225.0,464.0,-336.0,-16072.0,884.0,-355.0,-30.0,-41.0,-255.0,476.0,32903.0,5519104.0,2656.0,2815.0,0.0
3986975000,0.010266657306751175,97402.68620268619,2228.0,2045.0,2056.0,1227.0,516.0,-328.0,-16028.0,872.0,-355.0,-33.0,-40.0,-253.0,477.0,32903.0,5518592.0,2437.0,2817.0,0.0
3987231000,0.010266863228834468,97400.73260073259,2205.0,2044.0,2055.0,1221.0,492.0,-332.0,-16020.0,878.0,-344.0,-22.0,-44.0,-250.0,475.0,32903.0,5518592.0,2336.0,2817.0,0.0
3987487000,0.010266657306751175,97402.68620268619,2254.0,2043.0,2056.0,1220.0,488.0,-364.0,-16108.0,896.0,-353.0,-14.0,-35.0,-254.0,477.0,32903.0,5519104.0,2507.0,2799.0,0.0
3987743000,0.010266863228834468,97400.73260073259,2320.0,2045.0,2056.0,1223.0,476.0,-344.0,-16100.0,882.0,-339.0,-42.0,-32.0,-253.0,476.0,32903.0,5519104.0,2616.0,2815.0,0.0
3987999000,0.010266863228834468,97400.73260073259,2363.0,2044.0,2057.0,1222.0,468.0,-320.0,-16156.0,858.0,-350.0,-21.0,-32.0,-253.0,476.0,32903.0,5518592.0,2412.0,2816.0,0.0
3988255000,0.010266657306751175,97402.68620268619,2202.0,2044.0,2055.0,1223.0,480.0,-344.0,-16052.0,857.0,-351.0,-26.0,-36.0,-252.0,478.0,32903.0,5518592.0,2319.0,2816.0,0.0
3988511000,0.010266863228834468,97400.73260073259,2295.0,2044.0,2055.0,1223.0,464.0,-344.0,-16024.0,880.0,-349.0,-20.0,-39.0,-250.0,477.0,32903.0,5518592.0,2498.0,2799.0,0.0
3988767000,0.010266863228834468,97400.73260073259,2232.0,2044.0,2056.0,1221.0,504.0,-332.0,-16032.0,885.0,-357.0,-24.0,-33.0,-249.0,473.0,32903.0,5518592.0,2357.0,2816.0,0.0
3989023000,0.010266863228834468,97400.73260073259,2314.0,2045.0,2056.0,1216.0,472.0,-332.0,-16208.0,876.0,-349.0,-45.0,-31.0,-252.0,475.0,32903.0,5518848.0,2294.0,2816.0,0.0
3989279000,0.010266863228834468,97400.73260073259,2313.0,2045.0,2057.0,1220.0,472.0,-324.0,-16148.0,871.0,-352.0,-8.0,-31.0,-252.0,475.0,32903.0,5518848.0,2265.0,2816.0,0.0
3989535000,0.010266657306751175,97402.68620268619,2248.0,2045.0,2055.0,1224.0,476.0,-364.0,-16028.0,876.0,-350.0,-25.0,-36.0,-253.0,483.0,32903.0,5519360.0,2474.0,2799.0,0.0
3989791000,0.010266863228834468,97400.73260073259,2242.0,2044.0,2056.0,1226.0,480.0,-296.0,-15980.0,872.0,-342.0,-28.0,-32.0,-248.0,482.0,32903.0,5519360.0,2345.0,2816.0,0.0
3990047000,0.010266863228834468,97400.73260073259,2278.0,2047.0,2057.0,1226.0,504.0,-320.0,-16076.0,885.0,-360.0,-41.0,-38.0,-251.0,480.0,32903.0,5518848.0,2288.0,2816.0,0.0
3990303000,0.010266863228834468,97400.73260073259,2334.0,2046.0,2057.0,1219.0,512.0,-316.0,-16200.0,882.0,-355.0,-15.0,-38.0,-251.0,480.0,32903.0,5518848.0,2516.0,2815.0,0.0
3990559000,0.010266863228834468,97400.73260073259,2303.0,2044.0,2055.0,1220.0,500.0,-316.0,-16140.0,866.0,-337.0,-39.0,-34.0,-253.0,482.0,32903.0,5519360.0,2588.0,2799.0,0.0
3990815000,0.010266657306751175,97402.68620268619,2317.0,2045.0,2055.0,1221.0,448.0,-348.0,-16072.0,886.0,-349.0,-38.0,-39.0,-253.0,471.0,32903.0,5519360.0,2405.0,2817.0,0.0
3991071000,0.010266863228834468,97400.73260073259,2230.0,2046.0,2056.0,1225.0,484.0,-300.0,-16000.0,862.0,-350.0,-18.0,-36.0,-252.0,478.0,32903.0,5518848.0,2322.0,2817.0,0.0
3991327000,0.010266863228834468,97400.73260073259,2265.0,2046.0,2055.0,1222.0,544.0,-332.0,-16084.0,879.0,-338.0,-20.0,-39.0,-252.0,483.0,32903.0,5518848.0,2277.0,2816.0,0.0
3991583000,0.010266863228834468,97400.73260073259,2238.0,2044.0,2057.0,1225.0,488.0,-356.0,-16084.0,868.0,-335.0,-16.0,-39.0,-252.0,483.0,32903.0,5520128.0,2474.0,2800.0,0.0
3991839000,0.010266863228834468,97400.73260073259,2231.0,2046.0,2055.0,1223.0,464.0,-348.0,-16072.0,881.0,-347.0,-38.0,-41.0,-248.0,476.0,32903.0,5520128.0,2346.0,2816.0,0.0
3992095000,0.010266657306751175,97402.68620268619,2275.0,2046.0,2054.0,1219.0,488.0,-340.0,-16088.0,881.0,-346.0,-28.0,-34.0,-254.0,471.0,32903.0,5518592.0,2296.0,2817.0,0.0
3992351000,0.010266863228834468,97400.73260073259,2307.0,2046.0,2055.0,1221.0,500.0,-324.0,-16064.0,880.0,-331.0,-39.0,-37.0,-257.0,482.0,32903.0,5518592.0,2265.0,2816.0,0.0
3992607000,0.010266863228834468,97400.73260073259,2255.0,2045.0,2054.0,1223.0,456.0,-308.0,-16036.0,871.0,-335.0,-25.0,-38.0,-245.0,477.0,32903.0,5518848.0,2467.0,2798.0,0.0
3992863000,0.010266863228834468,97400.73260073259,2194.0,2046.0,2054.0,1225.0,484.0,-288.0,-16064.0,859.0,-366.0,-29.0,-38.0,-245.0,477.0,32903.0,5518848.0,2343.0,2816.0,0.0
3993119000,0.010266863228834468,97400.73260073259,2317.0,2046.0,2056.0,1223.0,464.0,-336.0,-16112.0,862.0,-353.0,-48.0,-31.0,-257.0,479.0,32903.0,5519360.0,2294.0,2817.0,0.0
3993375000,0.010266863228834468,97400.73260073259,2275.0,2044.0,2057.0,1222.0,488.0,-304.0,-16064.0,869.0,-353.0,-23.0,-33.0,-248.0,478.0,32903.0,5519360.0,2265.0,2816.0,0.0
3993631000,0.010266863228834468,97400.73260073259,2258.0,2043.0,2055.0,1219.0,508.0,-332.0,-16088.0,859.0,-356.0,-33.0,-34.0,-250.0,475.0,32903.0,5519616.0,2468.0,2800.0,0.0
3993887000,0.010266863228834468,97400.73260073259,2216.0,2045.0,2055.0,1223.0,488.0,-352.0,-16104.0,868.0,-338.0,-35.0,-31.0,-246.0,472.0,32903.0,5519616.0,2343.0,2816.0,0.0
3994143000,0.010266863228834468,97400.73260073259,2272.0,2047.0,2055.0,1225.0,484.0,-332.0,-16028.0,874.0,-356.0,-38.0,-31.0,-246.0,472.0,32903.0,5518848.0,2294.0,2817.0,0.0
3994399000,0.010266863228834468,97400.73260073259,2313.0,2045.0,2057.0,1223.0,484.0,-340.0,-16060.0,874.0,-359.0,-27.0,-27.0,-250.0,480.0,32903.0,5518848.0,2265.0,2816.0,0.0
3994655000,0.010266863228834468,97400.73260073259,2250.0,2045.0,2058.0,1222.0,456.0,-340.0,-16096.0,864.0,-375.0,-27.0,-34.0,-254.0,480.0,32903.0,5519104.0,2473.0,2799.0,0.0
3994911000,0.010266863228834468,97400.73260073259,2273.0,2045.0,2056.0,1221.0,444.0,-388.0,-16108.0,885.0,-347.0,-37.0,-46.0,-256.0,473.0,32903.0,5519104.0,2600.0,2815.0,0.0
3995167000,0.010266863228834468,97400.73260073259,2342.0,2045.0,2054.0,1221.0,476.0,-312.0,-16116.0,875.0,-343.0,-58.0,-46.0,-256.0,473.0,32903.0,5519360.0,2405.0,2816.0,0.0
3995423000,0.010266657306751175,97402.68620268619,2184.0,2045.0,2055.0,1225.0,456.0,-308.0,-16064.0,852.0,-338.0,-27.0,-44.0,-252.0,473.0,32903.0,5519360.0,2322.0,2817.0,0.0
3995679000,0.010266863228834468,97400.73260073259,2288.0,2046.0,2054.0,1224.0,472.0,-288.0,-16032.0,856.0,-347.0,-15.0,-41.0,-253.0,478.0,32903.0,5519360.0,2500.0,2799.0,0.0
3995935000,0.010266863228834468,97400.73260073259,2236.0,2045.0,2056.0,1222.0,440.0,-352.0,-16108.0,881.0,-348.0,-19.0,-31.0,-254.0,477.0,32903.0,5519360.0,2357.0,2816.0,0.0
3996191000,0.010266863228834468,97400.73260073259,2304.0,2044.0,2054.0,1222.0,452.0,-308.0,-16080.0,877.0,-364.0,-30.0,-42.0,-247.0,477.0,32903.0,5519360.0,2294.0,2816.0,0.0
3996447000,0.010266863228834468,97400.73260073259,2372.0,2046.0,2055.0,1222.0,488.0,-300.0,-16088.0,878.0,-369.0,-31.0,-42.0,-247.0,477.0,32903.0,5519360.0,2518.0,2815.0,0.0
3996703000,0.010266863228834468,97400.73260073259,2269.0,2045.0,2056.0,1224.0,472.0,-304.0,-16076.0,861.0,-350.0,-30.0,-39.0,-253.0,475.0,32903.0,5519104.0,2584.0,2800.0,0.0
3996959000,0.010266863228834468,97400.73260073259,2345.0,2045.0,2055.0,1224.0,452.0,-352.0,-16060.0,852.0,-347.0,-12.0,-34.0,-250.0,476.0,32903.0,5519104.0,2397.0,2816.0,0.0
3997215000,0.010266863228834468,97400.73260073259,2186.0,2046.0,2055.0,1223.0,492.0,-304.0,-16084.0,881.0,-352.0,-14.0,-34.0,-249.0,474.0,32903.0,5519360.0,2311.0,2816.0,0.0
3997471000,0.010266657306751175,97402.68620268619,2294.0,2046.0,2056.0,1223.0,464.0,-356.0,-16132.0,871.0,-353.0,-43.0,-56.0,-251.0,474.0,32903.0,5519360.0,2527.0,2815.0,0.0
3997727000,0.010266863228834468,97400.73260073259,2306.0,2046.0,2057.0,1223.0,460.0,-320.0,-16072.0,863.0,-366.0,-21.0,-56.0,-251.0,474.0,32903.0,5519360.0,2593.0,2799.0,0.0
3997983000,0.010266863228834468,97400.73260073259,2313.0,2046.0,2057.0,1223.0,476.0,-332.0,-16060.0,863.0,-366.0,-21.0,-29.0,-255.0,478.0,32903.0,5519360.0,2401.0,2816.0,0.0
3998239000,0.010266863228834468,97400.73260073259,2203.0,2045.0,2055.0,1222.0,456.0,-348.0,-16088.0,879.0,-362.0,-22.0,-31.0,-251.0,473.0,32903.0,5519104.0,2314.0,2816.0,0.0
3998495000,0.010266863228834468,97400.73260073259,2255.0,2046.0,2054.0,1225.0,444.0,-348.0,-16080.0,877.0,-342.0,-20.0,-31.0,-254.0,476.0,32903.0,5519104.0,2274.0,2816.0,0.0
3998751000,0.010266863228834468,97400.73260073259,2230.0,2046.0,2055.0,1221.0,480.0,-368.0,-16092.0,876.0,-357.0,-12.0,-31.0,-254.0,476.0,32903.0,5519360.0,2478.0,2799.0,0.0
3999007000,0.010266863228834468,97400.73260073259,2234.0,2045.0,2054.0,1222.0,488.0,-336.0,-16052.0,865.0,-363.0,-28.0,-47.0,-256.0,479.0,32903.0,5519360.0,2348.0,2816.0,0.0
3999263000,0.010266863228834468,97400.73260073259,2268.0,2046.0,2053.0,1224.0,440.0,-312.0,-16068.0,864.0,-347.0,-20.0,-37.0,-256.0,473.0,32903.0,5518848.0,2505.0,2797.0,0.0
3999519000,0.010266863228834468,97400.73260073259,2257.0,2044.0,2055.0,1222.0,484.0,-328.0,-16096.0,864.0,-347.0,-46.0,-39.0,-258.0,476.0,32903.0,5518848.0,2360.0,2816.0,0.0
3999775000,0.010266863228834468,97400.73260073259,2336.0,2045.0,2054.0,1224.0,476.0,-332.0,-16072.0,865.0,-361.0,-21.0,-40.0,-256.0,476.0,32903.0,5518848.0,2517.0,2799.0,0.0
4000031000,0.010266863228834468,97400.73260073259,2328.0,2045.0,2057.0,1222.0,472.0,-252.0,-16104.0,873.0,-350.0,-33.0,-40.0,-256.0,476.0,32903.0,5518848.0,2621.0,2815.0,0.0
4000287000,0.010266863228834468,97400.73260073259,2409.0,2045.0,2055.0,1223.0,496.0,-300.0,-16100.0,859.0,-344.0,-33.0,-35.0,-245.0,478.0,32903.0,5518848.0,2414.0,2816.0,0.0
4000543000,0.010266863228834468,97400.73260073259,2280.0,2044.0,2056.0,1221.0,492.0,-324.0,-16096.0,853.0,-345.0,-15.0,-37.0,-256.0,475.0,32903.0,5518848.0,2573.0,2815.0,0.0
4000799000,0.010266863228834468,97400.73260073259,2302.0,2045.0,2056.0,1221.0,488.0,-308.0,-16092.0,876.0,-360.0,-23.0,-38.0,-250.0,476.0,32903.0,5519104.0,2608.0,2798.0,0.0
4001055000,0.010266863228834468,97400.73260073259,2428.0,2045.0,2058.0,1222.0,468.0,-348.0,-16044.0,892.0,-332.0,-42.0,-38.0,-255.0,473.0,32903.0,5519104.0,2663.0,2815.0,0.0
4001311000,0.010266863228834468,97400.73260073259,2227.0,2046.0,2057.0,1224.0,464.0,-336.0,-16080.0,879.0,-356.0,-25.0,-38.0,-255.0,473.0,32903.0,5519104.0,2434.0,2816.0,0.0
4001567000,0.010266863228834468,97400.73260073259,2192.0,2045.0,2057.0,1222.0,500.0,-328.0,-16084.0,898.0,-345.0,-24.0,-39.0,-253.0,477.0,32903.0,5519104.0,2328.0,2816.0,0.0
4001823000,0.010266863228834468,97400.73260073259,2244.0,2046.0,2057.0,1222.0,496.0,-340.0,-16100.0,888.0,-357.0,-44.0,-37.0,-255.0,479.0,32903.0,5518848.0,2497.0,2800.0,0.0
4002079000,0.010266657306751175,97402.68620268619,2221.0,2045.0,2054.0,1223.0,488.0,-308.0,-16080.0,883.0,-362.0,-29.0,-59.0,-248.0,476.0,32903.0,5518848.0,2357.0,2816.0,0.0
4002335000,0.010266863228834468,97400.73260073259,2382.0,2045.0,2055.0,1221.0,464.0,-320.0,-16076.0,880.0,-353.0,-31.0,-47.0,-247.0,477.0,32910.0,5518848.0,2547.0,2815.0,0.0
4002591000,0.010266657306751175,97402.68620268619,2381.0,2044.0,2056.0,1224.0,468.0,-320.0,-16076.0,873.0,-334.0,-43.0,-47.0,-247.0,477.0,32910.0,5518848.0,2635.0,2815.0,0.0
4002847000,0.010266863228834468,97400.73260073259,2438.0,2043.0,2053.0,1223.0,488.0,-336.0,-16132.0,898.0,-360.0,-45.0,-35.0,-255.0,475.0,32910.0,5519360.0,2638.0,2800.0,0.0
4003103000,0.010266863228834468,97400.73260073259,2442.0,2044.0,2054.0,1220.0,464.0,-312.0,-16068.0,890.0,-344.0,-23.0,-44.0,-250.0,478.0,32910.0,5519360.0,2422.0,2816.0,0.0
4003359000,0.010266863228834468,97400.73260073259,2256.0,2045.0,2055.0,1220.0,488.0,-300.0,-16096.0,868.0,-334.0,-37.0,-34.0,-247.0,480.0,32910.0,5518848.0,2323.0,2816.0,0.0
4003615000,0.010266863228834468,97400.73260073259,2377.0,2044.0,2054.0,1223.0,472.0,-300.0,-16124.0,868.0,-348.0,-26.0,-34.0,-247.0,480.0,32910.0,5518848.0,2532.0,2815.0,0.0
4003871000,0.010266657306751175,97402.68620268619,2303.0,2044.0,2056.0,1222.0,484.0,-316.0,-16092.0,870.0,-351.0,-40.0,-34.0,-253.0,480.0,32910.0,5518848.0,2595.0,2799.0,0.0
4004127000,0.010266863228834468,97400.73260073259,2359.0,2044.0,2055.0,1223.0,456.0,-344.0,-16036.0,869.0,-332.0,-21.0,-33.0,-255.0,478.0,32910.0,5518848.0,2402.0,2816.0,0.0
4004383000,0.010266863228834468,97400.73260073259,2209.0,2044.0,2056.0,1221.0,516.0,-360.0,-16092.0,881.0,-342.0,-38.0,-41.0,-254.0,476.0,32910.0,5518848.0,2314.0,2816.0,0.0
4004639000,0.010266863228834468,97400.73260073259,2221.0,2045.0,2055.0,1222.0,504.0,-340.0,-16072.0,885.0,-352.0,-38.0,-39.0,-253.0,479.0,32910.0,5518848.0,2488.0,2795.0,0.0
4004895000,0.010266863228834468,97400.73260073259,2215.0,2044.0,2057.0,1221.0,512.0,-340.0,-16124.0,869.0,-355.0,-4.0,-39.0,-253.0,479.0,32910.0,5518848.0,2568.0,2799.0,0.0
4005151000,0.010266863228834468,97400.73260073259,2252.0,2046.0,2055.0,1223.0,528.0,-344.0,-16124.0,872.0,-331.0,-11.0,-39.0,-256.0,471.0,32910.0,5518848.0,2390.0,2816.0,0.0
4005407000,0.010266863228834468,97400.73260073259,2142.0,2046.0,2056.0,1220.0,504.0,-348.0,-16076.0,870.0,-346.0,-27.0,-40.0,-251.0,477.0,32910.0,5519104.0,2308.0,2816.0,0.0
4005663000,0.010266863228834468,97400.73260073259,2229.0,2046.0,2056.0,1224.0,508.0,-372.0,-16060.0,879.0,-362.0,-25.0,-43.0,-252.0,474.0,32910.0,5519104.0,2272.0,2816.0,0.0
4005919000,0.010266657306751175,97402.68620268619,2191.0,2045.0,2058.0,1222.0,488.0,-344.0,-16128.0,857.0,-351.0,-20.0,-41.0,-253.0,475.0,32910.0,5518848.0,2470.0,2798.0,0.0
4006175000,0.010266863228834468,97400.73260073259,2205.0,2045.0,2056.0,1224.0,500.0,-356.0,-16128.0,889.0,-343.0,-23.0,-41.0,-253.0,475.0,32910.0,5518848.0,2344.0,2816.0,0.0
4006431000,0.010266863228834468,97400.73260073259,2274.0,2045.0,2055.0,1219.0,500.0,-348.0,-16092.0,879.0,-351.0,-21.0,-40.0,-246.0,474.0,32910.0,5518336.0,2294.0,2817.0,0.0
4006687000,0.010266657306751175,97402.68620268619,2279.0,2046.0,2055.0,1222.0,484.0,-352.0,-16064.0,869.0,-349.0,-32.0,-35.0,-254.0,476.0,32910.0,5518336.0,2265.0,2816.0,0.0
4006943000,0.010266863228834468,97400.73260073259,2275.0,2045.0,2055.0,1222.0,520.0,-356.0,-16060.0,882.0,-345.0,-35.0,-55.0,-247.0,476.0,32910.0,5519104.0,2473.0,2799.0,0.0
4007199000,0.010266657306751175,97402.68620268619,2247.0,2045.0,2057.0,1223.0,500.0,-320.0,-16092.0,862.0,-362.0,-33.0,-55.0,-247.0,476.0,32910.0,5519104.0,2600.0,2815.0,0.0
4007455000,0.010266863228834468,97400.73260073259,2342.0,2045.0,2055.0,1223.0,484.0,-364.0,-16108.0,873.0,-346.0,-19.0,-31.0,-254.0,481.0,32910.0,5518848.0,2404.0,2816.0,0.0
4007711000,0.010266863228834468,97400.73260073259,2204.0,2045.0,2055.0,1223.0,488.0,-348.0,-16060.0,852.0,-362.0,-23.0,-27.0,-255.0,477.0,32910.0,5518848.0,2322.0,2817.0,0.0
4007967000,0.010266657306751175,97402.68620268619,2244.0,2046.0,2056.0,1223.0,468.0,-316.0,-16032.0,874.0,-342.0,3.0,-32.0,-247.0,478.0,32910.0,5518592.0,2494.0,2800.0,0.0
4008223000,0.010266863228834468,97400.73260073259,2255.0,2046.0,2055.0,1222.0,480.0,-368.0,-16092.0,859.0,-345.0,-19.0,-33.0,-250.0,480.0,32910.0,5518592.0,2355.0,2816.0,0.0
4008479000,0.010266657306751175,97402.68620268619,2287.0,2046.0,2056.0,1221.0,484.0,-384.0,-16144.0,862.0,-349.0,-28.0,-33.0,-250.0,480.0,32910.0,5518592.0,2293.0,2816.0,0.0
4008735000,0.010266863228834468,97400.73260073259,2307.0,2045.0,2055.0,1222.0,484.0,-328.0,-16068.0,878.0,-359.0,-25.0,-31.0,-254.0,479.0,32910.0,5518592.0,2264.0,2816.0,0.0
4008991000,0.010266863228834468,97400.73260073259,2268.0,2045.0,2056.0,1223.0,456.0,-332.0,-16044.0,867.0,-355.0,-45.0,-36.0,-252.0,476.0,32910.0,5519104.0,2473.0,2799.0,0.0
4009247000,0.010266863228834468,97400.73260073259,2202.0,2044.0,2055.0,1222.0,480.0,-320.0,-16024.0,860.0,-356.0,-9.0,-38.0,-251.0,478.0,32910.0,5519104.0,2346.0,2816.0,0.0
4009503000,0.010266863228834468,97400.73260073259,2306.0,2046.0,2055.0,1222.0,480.0,-348.0,-16072.0,876.0,-360.0,-16.0,-35.0,-250.0,477.0,32910.0,5518592.0,2288.0,2816.0,0.0
4009759000,0.010266863228834468,97400.73260073259,2266.0,2043.0,2054.0,1224.0,504.0,-320.0,-16072.0,882.0,-336.0,-43.0,-35.0,-250.0,477.0,32910.0,5518592.0,2262.0,2816.0,0.0
4010015000,0.010266863228834468,97400.73260073259,2258.0,2045.0,2053.0,1221.0,528.0,-300.0,-16040.0,890.0,-356.0,-17.0,-39.0,-254.0,475.0,32910.0,5519104.0,2472.0,2799.0,0.0
4010271000,0.010266863228834468,97400.73260073259,2233.0,2045.0,2053.0,1222.0,496.0,-312.0,-16056.0,862.0,-333.0,-19.0,-39.0,-249.0,477.0,32910.0,5519104.0,2352.0,2817.0,0.0
4010527000,0.010266657306751175,97402.68620268619,2286.0,2046.0,2054.0,1224.0,492.0,-340.0,-16044.0,881.0,-351.0,-25.0,-41.0,-252.0,473.0,32910.0,5518592.0,2298.0,2817.0,0.0
4010783000,0.010266863228834468,97400.73260073259,2373.0,2046.0,2056.0,1224.0,492.0,-344.0,-16088.0,890.0,-360.0,-26.0,-35.0,-251.0,478.0,32910.0,5518592.0,2520.0,2815.0,0.0
4011039000,0.010266657306751175,97402.68620268619,2294.0,2046.0,2055.0,1222.0,528.0,-364.0,-16104.0,884.0,-358.0,-30.0,-35.0,-251.0,478.0,32910.0,5519104.0,2590.0,2799.0,0.0
4011295000,0.010266863228834468,97400.73260073259,2336.0,2046.0,2057.0,1221.0,520.0,-340.0,-16076.0,889.0,-348.0,-47.0,-33.0,-254.0,471.0,32910.0,5519104.0,2400.0,2816.0,0.0
4011551000,0.010266863228834468,97400.73260073259,2399.0,2046.0,2056.0,1224.0,480.0,-380.0,-16036.0,871.0,-343.0,-31.0,-30.0,-249.0,478.0,32910.0,5519104.0,2528.0,2797.0,0.0
4011807000,0.010266657306751175,97402.68620268619,2370.0,2045.0,2056.0,1222.0,496.0,-364.0,-16060.0,881.0,-362.0,-20.0,-37.0,-248.0,477.0,32910.0,5519104.0,2626.0,2815.0,0.0
4012063000,0.010266863228834468,97400.73260073259,2439.0,2046.0,2055.0,1222.0,528.0,-376.0,-16140.0,884.0,-357.0,-28.0,-37.0,-248.0,477.0,32910.0,5519360.0,2639.0,2799.0,0.0
4012319000,0.010266863228834468,97400.73260073259,2437.0,2046.0,2054.0,1222.0,492.0,-324.0,-16076.0,874.0,-364.0,-14.0,-36.0,-252.0,470.0,32910.0,5519360.0,2422.0,2816.0,0.0
4012575000,0.010266863228834468,97400.73260073259,2263.0,2046.0,2054.0,1220.0,472.0,-316.0,-16052.0,886.0,-351.0,-18.0,-35.0,-255.0,480.0,32910.0,5519104.0,2323.0,2816.0,0.0
4012831000,0.010266863228834468,97400.73260073259,2318.0,2044.0,2056.0,1222.0,464.0,-316.0,-16012.0,868.0,-335.0,-45.0,-34.0,-251.0,475.0,32910.0,5519104.0,2278.0,2816.0,0.0
4013087000,0.010266657306751175,97402.68620268619,2259.0,2045.0,2053.0,1222.0,500.0,-316.0,-16052.0,863.0,-347.0,-29.0,-38.0,-252.0,482.0,32910.0,5519360.0,2480.0,2799.0,0.0
4013343000,0.010266863228834468,97400.73260073259,2247.0,2045.0,2055.0,1221.0,492.0,-308.0,-16152.0,861.0,-356.0,-57.0,-38.0,-252.0,482.0,32910.0,5519360.0,2349.0,2816.0,0.0
4013599000,0.010266863228834468,97400.73260073259,2302.0,2047.0,2055.0,1220.0,500.0,-328.0,-16112.0,873.0,-348.0,-23.0,-38.0,-254.0,478.0,32910.0,5519360.0,2290.0,2816.0,0.0
4013855000,0.010266657306751175,97402.68620268619,2281.0,2044.0,2056.0,1226.0,448.0,-352.0,-16000.0,887.0,-329.0,-12.0,-36.0,-252.0,475.0,32910.0,5519360.0,2263.0,2816.0,0.0
4014111000,0.010266863228834468,97400.73260073259,2279.0,2043.0,2057.0,1223.0,448.0,-336.0,-16028.0,892.0,-346.0,-32.0,-47.0,-249.0,471.0,32910.0,5519104.0,2472.0,2799.0,0.0
4014367000,0.010266863228834468,97400.73260073259,2256.0,2044.0,2056.0,1220.0,528.0,-360.0,-16124.0,871.0,-360.0,-32.0,-39.0,-251.0,477.0,32910.0,5519104.0,2599.0,2815.0,0.0
4014623000,0.010266863228834468,97400.73260073259,2335.0,2046.0,2057.0,1218.0,520.0,-372.0,-16124.0,863.0,-343.0,-31.0,-39.0,-251.0,477.0,32910.0,5519104.0,2404.0,2816.0,0.0
4014879000,0.010266863228834468,97400.73260073259,2202.0,2045.0,2055.0,1225.0,524.0,-360.0,-16016.0,863.0,-343.0,-31.0,-36.0,-257.0,477.0,32910.0,5519104.0,2315.0,2816.0,0.0
4015135000,0.010266657306751175,97402.68620268619,2240.0,2043.0,2057.0,1224.0,468.0,-344.0,-16008.0,882.0,-342.0,-12.0,-39.0,-258.0,472.0,32910.0,5519104.0,2497.0,2799.0,0.0
4015391000,0.010266863228834468,97400.73260073259,2253.0,2046.0,2058.0,1222.0,480.0,-368.0,-16088.0,869.0,-337.0,-31.0,-37.0,-249.0,481.0,32910.0,5519104.0,2356.0,2816.0,0.0
4015647000,0.010266863228834468,97400.73260073259,2272.0,2044.0,2055.0,1219.0,516.0,-344.0,-16120.0,883.0,-358.0,-14.0,-35.0,-253.0,483.0,32910.0,5519616.0,2502.0,2796.0,0.0
4015903000,0.010266863228834468,97400.73260073259,2262.0,2045.0,2056.0,1222.0,504.0,-352.0,-16040.0,888.0,-349.0,-31.0,-35.0,-253.0,483.0,32910.0,5519616.0,2359.0,2816.0,0.0
4016159000,0.010266863228834468,97400.73260073259,2333.0,2044.0,2057.0,1223.0,460.0,-340.0,-16016.0,882.0,-343.0,-43.0,-28.0,-255.0,472.0,32910.0,5519104.0,2511.0,2800.0,0.0
4016415000,0.010266657306751175,97402.68620268619,2260.0,2044.0,2055.0,1223.0,476.0,-312.0,-16060.0,863.0,-353.0,-2.0,-34.0,-253.0,478.0,32910.0,5519104.0,2364.0,2816.0,0.0
4016671000,0.010266863228834468,97400.73260073259,2353.0,2044.0,2054.0,1222.0,516.0,-304.0,-16088.0,878.0,-343.0,-23.0,-35.0,-254.0,476.0,32910.0,5519104.0,2296.0,2816.0,0.0
4016927000,0.010266863228834468,97400.73260073259,2361.0,2043.0,2055.0,1222.0,492.0,-348.0,-16068.0,880.0,-342.0,-24.0,-35.0,-254.0,476.0,32910.0,5519104.0,2520.0,2815.0,0.0
4017183000,0.010266657306751175,97402.68620268619,2294.0,2044.0,2056.0,1221.0,468.0,-344.0,-16088.0,871.0,-352.0,-40.0,-30.0,-254.0,474.0,32910.0,5518848.0,2584.0,2800.0,0.0
4017439000,0.010266863228834468,97400.73260073259,2347.0,2045.0,2054.0,1221.0,508.0,-336.0,-16092.0,892.0,-365.0,-28.0,-33.0,-255.0,481.0,32910.0,5518848.0,2397.0,2816.0,0.0
4017695000,0.010266657306751175,97402.68620268619,2163.0,2044.0,2054.0,1220.0,524.0,-344.0,-16076.0,894.0,-351.0,-26.0,-31.0,-244.0,474.0,32910.0,5519360.0,2312.0,2816.0,0.0
4017951000,0.010266863228834468,97400.73260073259,2323.0,2045.0,2055.0,1223.0,520.0,-360.0,-16048.0,887.0,-347.0,-31.0,-33.0,-251.0,476.0,32910.0,5519360.0,2527.0,2815.0,0.0
4018207000,0.010266657306751175,97402.68620268619,2284.0,2046.0,2056.0,1222.0,496.0,-300.0,-15996.0,857.0,-342.0,-43.0,-33.0,-251.0,476.0,32910.0,5519616.0,2593.0,2799.0,0.0
4018463000,0.010266863228834468,97400.73260073259,2320.0,2046.0,2056.0,1222.0,540.0,-332.0,-16088.0,870.0,-351.0,-29.0,-38.0,-256.0,478.0,32910.0,5519616.0,2401.0,2816.0,0.0
4018719000,0.010266863228834468,97400.73260073259,2210.0,2046.0,2057.0,1221.0,544.0,-360.0,-16064.0,868.0,-350.0,-34.0,-42.0,-254.0,477.0,32910.0,5519616.0,2314.0,2816.0,0.0
4018975000,0.010266863228834468,97400.73260073259,2231.0,2044.0,2056.0,1221.0,516.0,-388.0,-16032.0,870.0,-357.0,-11.0,-34.0,-250.0,474.0,32910.0,5519616.0,2274.0,2816.0,0.0
4019231000,0.010266863228834468,97400.73260073259,2250.0,2046.0,2056.0,1222.0,504.0,-356.0,-16048.0,871.0,-345.0,-22.0,-36.0,-252.0,474.0,32910.0,5519104.0,2471.0,2798.0,0.0
4019487000,0.010266863228834468,97400.73260073259,2206.0,2044.0,2055.0,1222.0,512.0,-304.0,-16088.0,868.0,-352.0,-25.0,-36.0,-252.0,474.0,32910.0,5519104.0,2345.0,2816.0,0.0
4019743000,0.010266863228834468,97400.73260073259,2263.0,2045.0,2056.0,1221.0,504.0,-320.0,-16060.0,862.0,-360.0,-12.0,-38.0,-248.0,472.0,32910.0,5519104.0,2288.0,2816.0,0.0
4019999000,0.010266863228834468,97400.73260073259,2311.0,2043.0,2054.0,1223.0,488.0,-364.0,-16080.0,870.0,-376.0,-15.0,-39.0,-249.0,473.0,32910.0,5519104.0,2269.0,2817.0,0.0
4020255000,0.010266863228834468,97400.73260073259,2239.0,2043.0,2056.0,1221.0,472.0,-308.0,-16064.0,858.0,-343.0,-30.0,-35.0,-246.0,478.0,32910.0,5518848.0,2469.0,2798.0,0.0
4020511000,0.010266657306751175,97402.68620268619,2270.0,2045.0,2054.0,1220.0,512.0,-336.0,-16092.0,862.0,-350.0,-30.0,-35.0,-246.0,478.0,32910.0,5518848.0,2598.0,2815.0,0.0
4020767000,0.010266863228834468,97400.73260073259,2337.0,2045.0,2055.0,1223.0,528.0,-320.0,-16024.0,883.0,-347.0,-59.0,-34.0,-254.0,479.0,32910.0,5519360.0,2403.0,2816.0,0.0
4021023000,0.010266657306751175,97402.68620268619,2174.0,2046.0,2055.0,1224.0,468.0,-356.0,-16036.0,882.0,-357.0,-16.0,-29.0,-250.0,479.0,32910.0,5519360.0,2315.0,2816.0,0.0
4021279000,0.010266863228834468,97400.73260073259,2263.0,2046.0,2056.0,1222.0,524.0,-364.0,-16028.0,885.0,-364.0,-28.0,-30.0,-246.0,473.0,32910.0,5519360.0,2490.0,2798.0,0.0
4021535000,0.010266863228834468,97400.73260073259,2266.0,2046.0,2056.0,1221.0,512.0,-364.0,-16052.0,884.0,-346.0,-24.0,-55.0,-253.0,474.0,32910.0,5519360.0,2608.0,2815.0,0.0
4021791000,0.010266863228834468,97400.73260073259,2334.0,2045.0,2056.0,1222.0,512.0,-336.0,-16080.0,868.0,-344.0,-21.0,-55.0,-253.0,474.0,32910.0,5519360.0,2408.0,2816.0,0.0
4022047000,0.010266863228834468,97400.73260073259,2214.0,2047.0,2057.0,1224.0,500.0,-368.0,-16060.0,872.0,-330.0,-31.0,-28.0,-254.0,473.0,32910.0,5519360.0,2317.0,2816.0,0.0
4022303000,0.010266657306751175,97402.68620268619,2238.0,2046.0,2056.0,1223.0,756.0,-312.0,-16060.0,878.0,-347.0,-25.0,-36.0,-250.0,476.0,32910.0,5519616.0,2275.0,2816.0,0.0
4022559000,0.010266863228834468,97400.73260073259,2274.0,2044.0,2056.0,1223.0,500.0,-352.0,-16068.0,872.0,-353.0,-39.0,-31.0,-251.0,478.0,32910.0,5519616.0,2256.0,2816.0,0.0
4022815000,0.010266863228834468,97400.73260073259,2199.0,2044.0,2055.0,1223.0,504.0,-332.0,-16056.0,881.0,-353.0,-27.0,-38.0,-250.0,484.0,32910.0,5519104.0,2456.0,2796.0,0.0
4023071000,0.010266657306751175,97402.68620268619,2162.0,2044.0,2057.0,1221.0,528.0,-356.0,-16092.0,877.0,-352.0,-34.0,-38.0,-250.0,484.0,32910.0,5519104.0,2338.0,2816.0,0.0
4023327000,0.010266863228834468,97400.73260073259,2271.0,2044.0,2056.0,1221.0,504.0,-348.0,-16068.0,862.0,-358.0,-19.0,-38.0,-246.0,478.0,32910.0,5519360.0,2502.0,2800.0,0.0
4023583000,0.010266657306751175,97402.68620268619,2218.0,2045.0,2055.0,1225.0,476.0,-380.0,-16048.0,888.0,-349.0,-27.0,-31.0,-247.0,473.0,32910.0,5519360.0,2360.0,2816.0,0.0
4023839000,0.010266863228834468,97400.73260073259,2324.0,2045.0,2052.0,1223.0,480.0,-324.0,-16012.0,878.0,-352.0,-25.0,-39.0,-253.0,477.0,32910.0,5519104.0,2294.0,2816.0,0.0
4024095000,0.010266863228834468,97400.73260073259,2300.0,2046.0,2054.0,1223.0,532.0,-304.0,-16060.0,905.0,-352.0,-31.0,-40.0,-252.0,474.0,32910.0,5519104.0,2265.0,2816.0,0.0
4024351000,0.010266657306751175,97402.68620268619,2240.0,2044.0,2055.0,1224.0,516.0,-320.0,-16076.0,881.0,-356.0,-10.0,-40.0,-252.0,474.0,32910.0,5518848.0,2468.0,2800.0,0.0
4024607000,0.010266863228834468,97400.73260073259,2232.0,2044.0,2055.0,1221.0,492.0,-348.0,-16100.0,868.0,-351.0,-27.0,-38.0,-251.0,477.0,32910.0,5518848.0,2343.0,2816.0,0.0
4024863000,0.010266863228834468,97400.73260073259,2276.0,2044.0,2055.0,1220.0,472.0,-304.0,-16048.0,862.0,-360.0,-34.0,-40.0,-252.0,476.0,32910.0,5519104.0,2294.0,2817.0,0.0
4025119000,0.010266863228834468,97400.73260073259,2363.0,2045.0,2057.0,1222.0,512.0,-364.0,-16056.0,870.0,-339.0,-39.0,-58.0,-255.0,477.0,32910.0,5519104.0,2519.0,2815.0,0.0
4025375000,0.010266863228834468,97400.73260073259,2297.0,2043.0,2054.0,1224.0,496.0,-316.0,-16076.0,868.0,-352.0,-24.0,-58.0,-255.0,477.0,32910.0,5518592.0,2583.0,2798.0,0.0
4025631000,0.010266657306751175,97402.68620268619,2306.0,2046.0,2056.0,1220.0,504.0,-360.0,-16080.0,897.0,-344.0,-40.0,-30.0,-244.0,477.0,32910.0,5518592.0,2396.0,2816.0,0.0
4025887000,0.010266863228834468,97400.73260073259,2216.0,2044.0,2057.0,1223.0,488.0,-364.0,-16056.0,886.0,-352.0,-27.0,-29.0,-248.0,474.0,32910.0,5518848.0,2318.0,2817.0,0.0
4026143000,0.010266863228834468,97400.73260073259,2301.0,2045.0,2056.0,1222.0,512.0,-352.0,-16040.0,870.0,-358.0,-35.0,-53.0,-252.0,482.0,32910.0,5518848.0,2529.0,2815.0,0.0
4026399000,0.010266863228834468,97400.73260073259,2277.0,2045.0,2055.0,1222.0,520.0,-336.0,-16016.0,870.0,-349.0,-17.0,-34.0,-254.0,473.0,32910.0,5518848.0,2588.0,2798.0,0.0
4026655000,0.010266863228834468,97400.73260073259,2336.0,2044.0,2055.0,1221.0,488.0,-348.0,-16084.0,865.0,-351.0,-33.0,-34.0,-254.0,473.0,32910.0,5518848.0,2399.0,2816.0,0.0
4026911000,0.010266657306751175,97402.68620268619,2166.0,2046.0,2056.0,1219.0,536.0,-324.0,-16092.0,863.0,-330.0,-25.0,-28.0,-251.0,472.0,32910.0,5519360.0,2313.0,2816.0,0.0
4027167000,0.010266863228834468,97400.73260073259,2268.0,2046.0,2056.0,1220.0,516.0,-340.0,-16040.0,868.0,-354.0,-30.0,-27.0,-245.0,470.0,32910.0,5519360.0,2273.0,2816.0,0.0
4027423000,0.010266863228834468,97400.73260073259,2229.0,2045.0,2054.0,1220.0,512.0,-336.0,-16044.0,876.0,-345.0,-36.0,-42.0,-251.0,478.0,32910.0,5519104.0,2471.0,2798.0,0.0
4027679000,0.010266863228834468,97400.73260073259,2193.0,2046.0,2053.0,1222.0,508.0,-364.0,-16060.0,872.0,-354.0,-35.0,-36.0,-251.0,474.0,32910.0,5519104.0,2344.0,2816.0,0.0
4027935000,0.010266863228834468,97400.73260073259,2289.0,2046.0,2056.0,1225.0,492.0,-348.0,-16108.0,863.0,-352.0,-26.0,-36.0,-251.0,474.0,32910.0,5519104.0,2288.0,2816.0,0.0
4028191000,0.010266657306751175,97402.68620268619,2254.0,2045.0,2056.0,1223.0,496.0,-356.0,-16048.0,875.0,-348.0,-30.0,-38.0,-252.0,472.0,32910.0,5519104.0,2262.0,2816.0,0.0
4028447000,0.010266863228834468,97400.73260073259,2262.0,2046.0,2055.0,1221.0,480.0,-308.0,-16048.0,876.0,-360.0,-20.0,-40.0,-253.0,476.0,32910.0,5518848.0,2467.0,2800.0,0.0
4028703000,0.010266863228834468,97400.73260073259,2204.0,2045.0,2056.0,1222.0,508.0,-344.0,-16072.0,872.0,-360.0,-41.0,-34.0,-252.0,476.0,32910.0,5518848.0,2343.0,2816.0,0.0
4028959000,0.010266863228834468,97400.73260073259,2271.0,2045.0,2057.0,1223.0,492.0,-368.0,-16100.0,883.0,-344.0,-31.0,-34.0,-252.0,476.0,32910.0,5518848.0,2287.0,2816.0,0.0
4029215000,0.010266863228834468,97400.73260073259,2299.0,2046.0,2056.0,1222.0,524.0,-340.0,-16112.0,883.0,-343.0,-22.0,-38.0,-255.0,470.0,32910.0,5518848.0,2262.0,2816.0,0.0
4029471000,0.010266657306751175,97402.68620268619,2233.0,2046.0,2055.0,1224.0,496.0,-352.0,-16028.0,852.0,-354.0,-33.0,-40.0,-257.0,482.0,32910.0,5518848.0,2472.0,2799.0,0.0
4029727000,0.010266863228834468,97400.73260073259,2224.0,2045.0,2055.0,1224.0,504.0,-316.0,-16056.0,891.0,-342.0,-26.0,-38.0,-256.0,471.0,32910.0,5518848.0,2345.0,2816.0,0.0
4029983000,0.010266863228834468,97400.73260073259,2284.0,2044.0,2056.0,1223.0,492.0,-384.0,-16132.0,883.0,-372.0,-44.0,-29.0,-245.0,474.0,32910.0,5518848.0,2288.0,2816.0,0.0
4030239000,0.010266657306751175,97402.68620268619,2317.0,2044.0,2057.0,1222.0,500.0,-356.0,-16112.0,881.0,-340.0,-25.0,-29.0,-245.0,474.0,32910.0,5518848.0,2516.0,2815.0,0.0
4030495000,0.010266863228834468,97400.73260073259,2312.0,2044.0,2055.0,1221.0,508.0,-344.0,-16112.0,879.0,-356.0,-26.0,-33.0,-247.0,472.0,32910.0,5519104.0,2587.0,2799.0,0.0
4030751000,0.010266863228834468,97400.73260073259,2318.0,2045.0,2055.0,1222.0,424.0,-324.0,-16068.0,887.0,-358.0,-43.0,-36.0,-250.0,476.0,32910.0,5519104.0,2399.0,2816.0,0.0
4031007000,0.010266863228834468,97400.73260073259,2212.0,2044.0,2054.0,1223.0,504.0,-320.0,-16032.0,876.0,-345.0,-41.0,-33.0,-251.0,477.0,32910.0,5519360.0,2319.0,2817.0,0.0
4031263000,0.010266863228834468,97400.73260073259,2328.0,2044.0,2055.0,1223.0,492.0,-348.0,-16100.0,874.0,-353.0,-39.0,-32.0,-249.0,477.0,32910.0,5519360.0,2530.0,2815.0,0.0
4031519000,0.010266657306751175,97402.68620268619,2276.0,2045.0,2054.0,1225.0,480.0,-308.0,-16120.0,868.0,-353.0,-23.0,-32.0,-249.0,477.0,32910.0,5519360.0,2372.0,2816.0,0.0
4031775000,0.010266863228834468,97400.73260073259,2369.0,2045.0,2054.0,1222.0,468.0,-312.0,-16068.0,868.0,-353.0,-23.0,-37.0,-246.0,487.0,32910.0,5519360.0,2300.0,2816.0,0.0
4032031000,0.010266863228834468,97400.73260073259,2329.0,2044.0,2054.0,1221.0,480.0,-316.0,-16056.0,870.0,-371.0,-31.0,-30.0,-247.0,476.0,32910.0,5519360.0,2275.0,2817.0,0.0
4032287000,0.010266657306751175,97402.68620268619,2299.0,2045.0,2054.0,1221.0,492.0,-316.0,-16124.0,884.0,-353.0,-29.0,-42.0,-251.0,473.0,32910.0,5519360.0,2256.0,2816.0,0.0
4032543000,0.010266863228834468,97400.73260073259,2261.0,2044.0,2056.0,1221.0,460.0,-332.0,-16108.0,871.0,-348.0,-30.0,-35.0,-255.0,478.0,32910.0,5519104.0,2463.0,2798.0,0.0
4032799000,0.010266863228834468,97400.73260073259,2179.0,2045.0,2055.0,1220.0,436.0,-308.0,-16072.0,878.0,-360.0,-17.0,-35.0,-255.0,478.0,32910.0,5519104.0,2341.0,2816.0,0.0
4033055000,0.010266863228834468,97400.73260073259,2296.0,2045.0,2055.0,1225.0,496.0,-336.0,-16044.0,893.0,-348.0,-31.0,-41.0,-252.0,475.0,32910.0,5519360.0,2286.0,2816.0,0.0
4033311000,0.010266863228834468,97400.73260073259,2326.0,2045.0,2055.0,1225.0,488.0,-344.0,-16040.0,875.0,-319.0,-34.0,-34.0,-254.0,473.0,32910.0,5519360.0,2514.0,2815.0,0.0
4033567000,0.010266657306751175,97402.68620268619,2267.0,2044.0,2057.0,1224.0,472.0,-320.0,-16092.0,882.0,-345.0,-23.0,-44.0,-257.0,474.0,32910.0,5519616.0,2581.0,2798.0,0.0
4033823000,0.010266863228834468,97400.73260073259,2328.0,2045.0,2056.0,1220.0,488.0,-336.0,-16128.0,860.0,-339.0,-29.0,-44.0,-257.0,474.0,32910.0,5519616.0,2396.0,2816.0,0.0
4034079000,0.010266657306751175,97402.68620268619,2170.0,2046.0,2055.0,1220.0,488.0,-304.0,-16076.0,883.0,-348.0,-31.0,-49.0,-255.0,476.0,32910.0,5519104.0,2318.0,2817.0,0.0
4034335000,0.010266863228834468,97400.73260073259,2266.0,2044.0,2054.0,1222.0,468.0,-348.0,-16048.0,876.0,-334.0,-17.0,-37.0,-255.0,477.0,32910.0,5519104.0,2276.0,2816.0,0.0
4034591000,0.010266863228834468,97400.73260073259,2236.0,2045.0,2055.0,1222.0,460.0,-324.0,-16060.0,873.0,-350.0,-40.0,-34.0,-251.0,476.0,32910.0,5519104.0,2472.0,2798.0,0.0
4034847000,0.010266657306751175,97402.68620268619,2247.0,2044.0,2056.0,1222.0,464.0,-308.0,-16092.0,878.0,-355.0,-30.0,-33.0,-242.0,478.0,32910.0,5519104.0,2599.0,2815.0,0.0
4035103000,0.010266863228834468,97400.73260073259,2319.0,2044.0,2055.0,1222.0,468.0,-352.0,-16128.0,880.0,-328.0,-34.0,-33.0,-242.0,478.0,32910.0,5519104.0,2613.0,2796.0,0.0
4035359000,0.010266863228834468,97400.73260073259,2349.0,2044.0,2056.0,1222.0,484.0,-308.0,-16092.0,874.0,-358.0,-20.0,-36.0,-248.0,470.0,32910.0,5519104.0,2417.0,2817.0,0.0
4035615000,0.010266657306751175,97402.68620268619,2431.0,2045.0,2054.0,1222.0,444.0,-312.0,-16076.0,875.0,-344.0,-13.0,-33.0,-249.0,479.0,32910.0,5518848.0,2538.0,2800.0,0.0
4035871000,0.010266863228834468,97400.73260073259,2424.0,2045.0,2056.0,1219.0,484.0,-356.0,-16120.0,872.0,-345.0,-50.0,-26.0,-255.0,474.0,32910.0,5518848.0,2630.0,2815.0,0.0
4036127000,0.010266657306751175,97402.68620268619,2413.0,2045.0,2055.0,1225.0,480.0,-340.0,-16088.0,872.0,-365.0,-18.0,-31.0,-246.0,474.0,32910.0,5519872.0,2418.0,2816.0,0.0
4036383000,0.010266863228834468,97400.73260073259,2336.0,2044.0,2055.0,1224.0,452.0,-376.0,-16084.0,868.0,-335.0,-32.0,-31.0,-246.0,474.0,32910.0,5519872.0,2576.0,2815.0,0.0
4036639000,0.010266657306751175,97402.68620268619,2311.0,2044.0,2055.0,1224.0,452.0,-308.0,-16048.0,865.0,-353.0,-31.0,-35.0,-258.0,475.0,32910.0,5519360.0,2610.0,2800.0,0.0
4036895000,0.010266863228834468,97400.73260073259,2369.0,2046.0,2056.0,1222.0,444.0,-316.0,-16084.0,848.0,-355.0,-24.0,-42.0,-256.0,471.0,32910.0,5519360.0,2409.0,2816.0,0.0
4037151000,0.010266863228834468,97400.73260073259,2228.0,2046.0,2056.0,1222.0,496.0,-336.0,-16128.0,890.0,-352.0,-23.0,-32.0,-253.0,476.0,32910.0,5519104.0,2317.0,2816.0,0.0
4037407000,0.010266657306751175,97402.68620268619,2302.0,2045.0,2055.0,1223.0,460.0,-352.0,-16072.0,886.0,-358.0,-25.0,-32.0,-253.0,476.0,32910.0,5519104.0,2529.0,2815.0,0.0
4037663000,0.010266863228834468,97400.73260073259,2327.0,2046.0,2056.0,1225.0,460.0,-332.0,-16096.0,874.0,-340.0,-25.0,-54.0,-249.0,477.0,32910.0,5518848.0,2600.0,2799.0,0.0
4037919000,0.010266863228834468,97400.73260073259,2341.0,2045.0,2055.0,1222.0,488.0,-352.0,-16100.0,884.0,-345.0,-43.0,-43.0,-249.0,476.0,32910.0,5518848.0,2405.0,2816.0,0.0
4038175000,0.010266657306751175,97402.68620268619,2204.0,2044.0,2055.0,1224.0,476.0,-320.0,-16080.0,849.0,-344.0,-12.0,-35.0,-251.0,475.0,32910.0,5519360.0,2315.0,2816.0,0.0
4038431000,0.010266863228834468,97400.73260073259,2328.0,2044.0,2054.0,1224.0,472.0,-336.0,-16112.0,880.0,-370.0,-32.0,-41.0,-255.0,481.0,32910.0,5519360.0,2528.0,2815.0,0.0
4038687000,0.010266657306751175,97402.68620268619,2251.0,2046.0,2055.0,1220.0,436.0,-336.0,-16052.0,882.0,-339.0,-37.0,-41.0,-255.0,481.0,32910.0,5519360.0,2586.0,2797.0,0.0
4038943000,0.010266863228834468,97400.73260073259,2338.0,2045.0,2054.0,1222.0,456.0,-340.0,-16052.0,859.0,-353.0,-18.0,-38.0,-251.0,479.0,32910.0,5519360.0,2398.0,2816.0,0.0
4039199000,0.010266863228834468,97400.73260073259,2176.0,2046.0,2054.0,1221.0,440.0,-320.0,-16048.0,873.0,-370.0,-15.0,-31.0,-248.0,475.0,32910.0,5518848.0,2312.0,2816.0,0.0
4039455000,0.010266863228834468,97400.73260073259,2222.0,2045.0,2054.0,1219.0,452.0,-368.0,-16112.0,868.0,-365.0,-25.0,-34.0,-245.0,476.0,32910.0,5518848.0,2487.0,2795.0,0.0
4039711000,0.010266863228834468,97400.73260073259,2209.0,2046.0,2054.0,1222.0,476.0,-356.0,-16116.0,877.0,-357.0,-22.0,-34.0,-249.0,477.0,32910.0,5519104.0,2568.0,2798.0,0.0
4039967000,0.010266863228834468,97400.73260073259,2296.0,2044.0,2054.0,1222.0,472.0,-352.0,-16096.0,881.0,-351.0,-43.0,-34.0,-249.0,477.0,32910.0,5519104.0,2644.0,2815.0,0.0
4040223000,0.010266863228834468,97400.73260073259,2403.0,2046.0,2054.0,1224.0,436.0,-340.0,-16060.0,871.0,-349.0,-19.0,-29.0,-254.0,479.0,32910.0,5519616.0,2425.0,2816.0,0.0
4040479000,0.010266863228834468,97400.73260073259,2241.0,2046.0,2056.0,1224.0,460.0,-316.0,-16080.0,882.0,-347.0,-44.0,-29.0,-251.0,475.0,32910.0,5519616.0,2324.0,2816.0,0.0
4040735000,0.010266657306751175,97402.68620268619,2265.0,2046.0,2055.0,1223.0,468.0,-352.0,-16096.0,887.0,-337.0,-23.0,-34.0,-251.0,479.0,32910.0,5519360.0,2495.0,2798.0,0.0
4040991000,0.010266863228834468,97400.73260073259,2324.0,2046.0,2055.0,1223.0,456.0,-364.0,-16092.0,876.0,-357.0,-23.0,-35.0,-252.0,473.0,32910.0,5519360.0,2610.0,2815.0,0.0
4041247000,0.010266657306751175,97402.68620268619,2338.0,2046.0,2054.0,1223.0,468.0,-324.0,-16060.0,873.0,-343.0,-17.0,-35.0,-252.0,473.0,32910.0,5519360.0,2409.0,2816.0,0.0
4041503000,0.010266863228834468,97400.73260073259,2279.0,2046.0,2054.0,1221.0,472.0,-324.0,-16116.0,890.0,-347.0,-29.0,-30.0,-253.0,479.0,32910.0,5519360.0,2571.0,2815.0,0.0
4041759000,0.010266863228834468,97400.73260073259,2315.0,2045.0,2054.0,1224.0,468.0,-316.0,-16092.0,851.0,-358.0,-39.0,-37.0,-252.0,478.0,32910.0,5518848.0,2613.0,2799.0,0.0
4042015000,0.010266657306751175,97402.68620268619,2398.0,2044.0,2053.0,1224.0,488.0,-316.0,-16080.0,864.0,-353.0,-22.0,-39.0,-255.0,479.0,32910.0,5518848.0,2666.0,2815.0,0.0
4042271000,0.010266863228834468,97400.73260073259,2270.0,2046.0,2055.0,1222.0,444.0,-312.0,-16096.0,871.0,-346.0,-41.0,-39.0,-255.0,479.0,32910.0,5519360.0,2434.0,2816.0,0.0
4042527000,0.010266863228834468,97400.73260073259,2227.0,2044.0,2056.0,1221.0,436.0,-348.0,-16120.0,876.0,-360.0,-21.0,-35.0,-247.0,478.0,32910.0,5519360.0,2583.0,2815.0,0.0
4042783000,0.010266863228834468,97400.73260073259,2290.0,2044.0,2055.0,1223.0,472.0,-348.0,-16108.0,864.0,-342.0,-30.0,-42.0,-248.0,478.0,32910.0,5518848.0,2613.0,2798.0,0.0
4043039000,0.010266657306751175,97402.68620268619,2360.0,2044.0,2054.0,1224.0,440.0,-344.0,-16072.0,862.0,-364.0,-27.0,-40.0,-254.0,475.0,32910.0,5518848.0,2410.0,2816.0,0.0
4043295000,0.010266657306751175,97402.68620268619,2239.0,2045.0,2056.0,1222.0,504.0,-332.0,-16036.0,856.0,-358.0,-29.0,-41.0,-256.0,482.0,32910.0,5519360.0,2572.0,2815.0,0.0
4043551000,0.010266863228834468,97400.73260073259,2379.0,2047.0,2057.0,1222.0,492.0,-348.0,-16044.0,869.0,-344.0,-32.0,-41.0,-256.0,482.0,32910.0,5519360.0,2646.0,2815.0,0.0
4043807000,0.010266863228834468,97400.73260073259,2415.0,2044.0,2056.0,1225.0,480.0,-352.0,-16124.0,882.0,-355.0,-29.0,-36.0,-252.0,472.0,32910.0,5518592.0,2649.0,2799.0,0.0
4044063000,0.010266863228834468,97400.73260073259,2440.0,2044.0,2056.0,1222.0,452.0,-308.0,-16060.0,863.0,-362.0,-45.0,-33.0,-254.0,478.0,32910.0,5518592.0,2428.0,2816.0,0.0
4044319000,0.010266863228834468,97400.73260073259,2294.0,2044.0,2054.0,1220.0,496.0,-340.0,-16068.0,859.0,-342.0,-6.0,-28.0,-250.0,468.0,32910.0,5520128.0,2326.0,2816.0,0.0
4044575000,0.010266657306751175,97402.68620268619,2335.0,2045.0,2053.0,1225.0,480.0,-328.0,-16064.0,869.0,-347.0,-21.0,-28.0,-246.0,476.0,32910.0,5520128.0,2527.0,2814.0,0.0
4044831000,0.010266863228834468,97400.73260073259,2323.0,2045.0,2055.0,1223.0,500.0,-312.0,-16092.0,875.0,-351.0,-41.0,-28.0,-246.0,476.0,32910.0,5519360.0,2592.0,2799.0,0.0
4045087000,0.010266863228834468,97400.73260073259,2345.0,2044.0,2056.0,1223.0,488.0,-348.0,-16108.0,865.0,-331.0,-37.0,-31.0,-248.0,479.0,32910.0,5519360.0,2401.0,2816.0,0.0
4045343000,0.010266863228834468,97400.73260073259,2185.0,2045.0,2054.0,1220.0,480.0,-300.0,-16076.0,868.0,-354.0,-34.0,-33.0,-252.0,473.0,32910.0,5519104.0,2314.0,2816.0,0.0
4045599000,0.010266863228834468,97400.73260073259,2334.0,2045.0,2057.0,1222.0,456.0,-348.0,-16040.0,884.0,-359.0,-34.0,-28.0,-250.0,474.0,32910.0,5519104.0,2527.0,2815.0,0.0
4045855000,0.010266863228834468,97400.73260073259,2260.0,2045.0,2055.0,1222.0,492.0,-340.0,-16108.0,875.0,-334.0,-41.0,-28.0,-250.0,474.0,32910.0,5518848.0,2587.0,2798.0,0.0
4046111000,0.010266863228834468,97400.73260073259,2334.0,2044.0,2056.0,1225.0,524.0,-368.0,-16112.0,871.0,-338.0,-3.0,-31.0,-254.0,480.0,32910.0,5518848.0,2398.0,2816.0,0.0
4046367000,0.010266863228834468,97400.73260073259,2204.0,2043.0,2053.0,1224.0,484.0,-348.0,-16084.0,877.0,-363.0,-21.0,-35.0,-249.0,473.0,32910.0,5518592.0,2319.0,2817.0,0.0
4046623000,0.010266863228834468,97400.73260073259,2300.0,2045.0,2054.0,1220.0,476.0,-380.0,-16076.0,878.0,-361.0,-37.0,-44.0,-253.0,476.0,32910.0,5518592.0,2530.0,2815.0,0.0
4046879000,0.010266863228834468,97400.73260073259,2298.0,2044.0,2054.0,1223.0,492.0,-304.0,-16016.0,878.0,-368.0,-23.0,-40.0,-254.0,474.0,32910.0,5518848.0,2588.0,2798.0,0.0
4047135000,0.010266657306751175,97402.68620268619,2367.0,2044.0,2056.0,1220.0,472.0,-300.0,-16124.0,865.0,-346.0,-29.0,-40.0,-254.0,474.0,32910.0,5518848.0,2654.0,2815.0,0.0
4047391000,0.010266863228834468,97400.73260073259,2435.0,2045.0,2055.0,1222.0,508.0,-356.0,-16116.0,863.0,-349.0,-32.0,-36.0,-254.0,473.0,32910.0,5519616.0,2429.0,2816.0,0.0
4047647000,0.010266863228834468,97400.73260073259,2339.0,2044.0,2055.0,1222.0,504.0,-312.0,-16048.0,887.0,-354.0,-32.0,-36.0,-252.0,477.0,32910.0,5519616.0,2581.0,2815.0,0.0
4047903000,0.010266657306751175,97402.68620268619,2315.0,2044.0,2056.0,1224.0,492.0,-372.0,-16048.0,872.0,-367.0,-32.0,-35.0,-249.0,476.0,32910.0,5518848.0,2611.0,2798.0,0.0
4048159000,0.010266863228834468,97400.73260073259,2448.0,2046.0,2055.0,1225.0,520.0,-368.0,-16092.0,869.0,-348.0,-36.0,-36.0,-249.0,472.0,32910.0,5518848.0,2664.0,2815.0,0.0
4048415000,0.010266863228834468,97400.73260073259,2307.0,2046.0,2055.0,1223.0,512.0,-324.0,-16060.0,881.0,-334.0,-36.0,-36.0,-249.0,472.0,32910.0,5519360.0,2689.0,2815.0,0.0
4048671000,0.010266863228834468,97400.73260073259,2222.0,2046.0,2055.0,1223.0,488.0,-344.0,-16128.0,873.0,-349.0,-18.0,-36.0,-251.0,478.0,32910.0,5519360.0,2446.0,2816.0,0.0
4048927000,0.010266863228834468,97400.73260073259,2384.0,2046.0,2056.0,1222.0,464.0,-320.0,-16084.0,873.0,-349.0,-18.0,-29.0,-247.0,479.0,32910.0,5519872.0,2556.0,2799.0,0.0
4049183000,0.010266657306751175,97402.68620268619,2322.0,2045.0,2056.0,1221.0,492.0,-356.0,-16064.0,869.0,-364.0,-30.0,-32.0,-247.0,476.0,32910.0,5519872.0,2384.0,2816.0,0.0
4049439000,0.010266863228834468,97400.73260073259,2199.0,2045.0,2054.0,1222.0,484.0,-336.0,-16164.0,870.0,-346.0,-30.0,-27.0,-249.0,475.0,32910.0,5519104.0,2306.0,2816.0,0.0
4049695000,0.010266863228834468,97400.73260073259,2236.0,2044.0,2054.0,1223.0,524.0,-320.0,-16136.0,870.0,-331.0,-30.0,-27.0,-249.0,475.0,32910.0,5519104.0,2270.0,2816.0,0.0
4049951000,0.010266863228834468,97400.73260073259,2219.0,2045.0,2056.0,1220.0,504.0,-348.0,-16080.0,873.0,-352.0,-40.0,-29.0,-250.0,477.0,32910.0,5519616.0,2470.0,2798.0,0.0
4050207000,0.010266863228834468,97400.73260073259,2210.0,2045.0,2055.0,1225.0,496.0,-356.0,-16076.0,871.0,-366.0,-50.0,-30.0,-249.0,479.0,32910.0,5519616.0,2344.0,2816.0,0.0
4050463000,0.010266657306751175,97402.68620268619,2252.0,2045.0,2054.0,1221.0,460.0,-352.0,-16068.0,875.0,-334.0,-29.0,-38.0,-254.0,472.0,32910.0,5518848.0,2288.0,2816.0,0.0
4050719000,0.010266863228834468,97400.73260073259,2342.0,2046.0,2056.0,1223.0,516.0,-344.0,-16096.0,889.0,-358.0,-20.0,-38.0,-254.0,472.0,32910.0,5518848.0,2516.0,2815.0,0.0
4050975000,0.010266863228834468,97400.73260073259,2276.0,2045.0,2055.0,1225.0,540.0,-336.0,-16060.0,873.0,-356.0,-30.0,-33.0,-249.0,471.0,32910.0,5518592.0,2581.0,2798.0,0.0
4051231000,0.010266657306751175,97402.68620268619,2299.0,2044.0,2055.0,1221.0,492.0,-360.0,-16088.0,864.0,-342.0,-38.0,-39.0,-246.0,476.0,32910.0,5518592.0,2396.0,2816.0,0.0
4051487000,0.010266863228834468,97400.73260073259,2199.0,2044.0,2055.0,1222.0,476.0,-332.0,-16040.0,889.0,-344.0,-16.0,-36.0,-255.0,474.0,32910.0,5519360.0,2311.0,2816.0,0.0
4051743000,0.010266657306751175,97402.68620268619,2221.0,2045.0,2056.0,1225.0,476.0,-344.0,-16036.0,876.0,-346.0,-32.0,-35.0,-250.0,476.0,32910.0,5519360.0,2272.0,2816.0,0.0
4051999000,0.010266863228834468,97400.73260073259,2234.0,2046.0,2055.0,1223.0,456.0,-332.0,-16080.0,865.0,-366.0,-35.0,-35.0,-250.0,476.0,32910.0,5518848.0,2470.0,2797.0,0.0
4052255000,0.010266863228834468,97400.73260073259,2200.0,2046.0,2055.0,1222.0,504.0,-328.0,-16056.0,863.0,-339.0,-21.0,-37.0,-255.0,475.0,32910.0,5518848.0,2344.0,2816.0,0.0
4052511000,0.010266863228834468,97400.73260073259,2253.0,2046.0,2056.0,1222.0,484.0,-340.0,-16036.0,872.0,-355.0,-34.0,-36.0,-250.0,475.0,32910.0,5518848.0,2288.0,2816.0,0.0
4052767000,0.010266863228834468,97400.73260073259,2354.0,2045.0,2056.0,1220.0,468.0,-308.0,-15996.0,875.0,-352.0,-36.0,-36.0,-249.0,479.0,32910.0,5518848.0,2515.0,2815.0,0.0
4053023000,0.010266657306751175,97402.68620268619,2262.0,2046.0,2057.0,1220.0,516.0,-324.0,-16040.0,873.0,-344.0,-24.0,-37.0,-249.0,474.0,32910.0,5519872.0,2581.0,2798.0,0.0
4053279000,0.010266863228834468,97400.73260073259,2319.0,2047.0,2055.0,1219.0,508.0,-368.0,-16104.0,876.0,-360.0,-37.0,-37.0,-249.0,474.0,32910.0,5519872.0,2395.0,2816.0,0.0
4053535000,0.010266863228834468,97400.73260073259,2195.0,2045.0,2056.0,1222.0,480.0,-332.0,-16036.0,892.0,-343.0,-32.0,-33.0,-254.0,474.0,32910.0,5519616.0,2311.0,2816.0,0.0
4053791000,0.010266863228834468,97400.73260073259,2222.0,2046.0,2057.0,1224.0,496.0,-332.0,-16068.0,884.0,-351.0,-27.0,-33.0,-250.0,475.0,32910.0,5519616.0,2273.0,2816.0,0.0
4054047000,0.010266863228834468,97400.73260073259,2256.0,2045.0,2056.0,1223.0,524.0,-320.0,-16108.0,870.0,-342.0,-25.0,-29.0,-255.0,478.0,32910.0,5518848.0,2471.0,2798.0,0.0
4054303000,0.010266863228834468,97400.73260073259,2253.0,2044.0,2054.0,1223.0,448.0,-356.0,-16088.0,864.0,-338.0,-30.0,-29.0,-253.0,477.0,32910.0,5518848.0,2599.0,2815.0,0.0
4054559000,0.010266657306751175,97402.68620268619,2314.0,2046.0,2055.0,1225.0,468.0,-300.0,-16096.0,871.0,-364.0,-39.0,-29.0,-253.0,477.0,32910.0,5519616.0,2404.0,2816.0,0.0
4054815000,0.010266863228834468,97400.73260073259,2207.0,2045.0,2054.0,1223.0,496.0,-364.0,-16020.0,888.0,-347.0,-31.0,-36.0,-248.0,475.0,32910.0,5519616.0,2315.0,2816.0,0.0
4055071000,0.010266863228834468,97400.73260073259,2229.0,2045.0,2056.0,1222.0,460.0,-316.0,-16064.0,859.0,-347.0,-35.0,-43.0,-249.0,475.0,32910.0,5519104.0,2496.0,2799.0,0.0
4055327000,0.010266863228834468,97400.73260073259,2245.0,2046.0,2055.0,1223.0,480.0,-332.0,-16088.0,870.0,-351.0,-29.0,-33.0,-248.0,474.0,32910.0,5519104.0,2356.0,2816.0,0.0
4055583000,0.010266863228834468,97400.73260073259,2301.0,2042.0,2054.0,1219.0,428.0,-216.0,-16108.0,862.0,-340.0,-10.0,-33.0,-248.0,474.0,32910.0,5519872.0,2293.0,2816.0,0.0
4055839000,0.010266657306751175,97402.68620268619,2280.0,2044.0,2057.0,1223.0,500.0,-420.0,-16120.0,878.0,-347.0,-18.0,-40.0,-253.0,477.0,32910.0,5519872.0,2264.0,2816.0,0.0
4056095000,0.010266863228834468,97400.73260073259,2274.0,2046.0,2055.0,1220.0,496.0,-276.0,-15924.0,876.0,-359.0,-21.0,-40.0,-257.0,484.0,32910.0,5519360.0,2467.0,2798.0,0.0
4056351000,0.010266863228834468,97400.73260073259,2191.0,2045.0,2054.0,1222.0,512.0,-352.0,-16084.0,861.0,-337.0,-22.0,-39.0,-258.0,473.0,32910.0,5519360.0,2343.0,2816.0,0.0
4056607000,0.010266863228834468,97400.73260073259,2298.0,2046.0,2054.0,1224.0,472.0,-304.0,-16100.0,868.0,-336.0,-35.0,-45.0,-254.0,476.0,32910.0,5519616.0,2287.0,2816.0,0.0
4056863000,0.010266863228834468,97400.73260073259,2344.0,2045.0,2054.0,1222.0,504.0,-336.0,-16096.0,860.0,-345.0,-37.0,-45.0,-254.0,476.0,32910.0,5519616.0,2515.0,2815.0,0.0
4057119000,0.010266863228834468,97400.73260073259,2274.0,2045.0,2055.0,1222.0,504.0,-328.0,-16052.0,879.0,-335.0,-34.0,-38.0,-257.0,472.0,32910.0,5519872.0,2588.0,2799.0,0.0
4057375000,0.010266863228834468,97400.73260073259,2355.0,2044.0,2057.0,1222.0,492.0,-328.0,-16044.0,885.0,-344.0,-34.0,-36.0,-252.0,475.0,32910.0,5519872.0,2399.0,2816.0,0.0
4057631000,0.010266863228834468,97400.73260073259,2176.0,2044.0,2056.0,1220.0,456.0,-376.0,-16072.0,872.0,-367.0,-27.0,-28.0,-255.0,474.0,32910.0,5519616.0,2313.0,2816.0,0.0
4057887000,0.010266863228834468,97400.73260073259,2314.0,2046.0,2053.0,1221.0,500.0,-340.0,-16084.0,879.0,-345.0,-56.0,-31.0,-252.0,468.0,32910.0,5519616.0,2527.0,2815.0,0.0
4058143000,0.010266863228834468,97400.73260073259,2283.0,2047.0,2054.0,1225.0,532.0,-308.0,-16012.0,896.0,-364.0,6.0,-31.0,-252.0,468.0,32910.0,5519104.0,2586.0,2797.0,0.0
4058399000,0.010266657306751175,97402.68620268619,2281.0,2045.0,2056.0,1225.0,484.0,-380.0,-16012.0,882.0,-348.0,-28.0,-28.0,-252.0,470.0,32910.0,5519104.0,2612.0,2795.0,0.0
4058655000,0.010266863228834468,97400.73260073259,2375.0,2044.0,2055.0,1225.0,456.0,-352.0,-16052.0,875.0,-369.0,-13.0,-32.0,-256.0,477.0,32910.0,5519360.0,2410.0,2816.0,0.0
4058911000,0.010266863228834468,97400.73260073259,2256.0,2047.0,2055.0,1222.0,480.0,-396.0,-16104.0,885.0,-355.0,-46.0,-28.0,-243.0,475.0,32910.0,5519360.0,2572.0,2815.0,0.0
4059167000,0.010266657306751175,97402.68620268619,2288.0,2046.0,2055.0,1220.0,492.0,-392.0,-16076.0,869.0,-347.0,-24.0,-28.0,-243.0,475.0,32910.0,5519360.0,2608.0,2798.0,0.0
4059423000,0.010266863228834468,97400.73260073259,2357.0,2046.0,2055.0,1222.0,496.0,-344.0,-16048.0,872.0,-334.0,-50.0,-28.0,-250.0,483.0,32910.0,5519360.0,2408.0,2816.0,0.0
4059679000,0.010266863228834468,97400.73260073259,2182.0,2045.0,2055.0,1223.0,496.0,-344.0,-16060.0,880.0,-357.0,-28.0,-40.0,-250.0,472.0,32910.0,5519616.0,2317.0,2816.0,0.0
4059935000,0.010266863228834468,97400.73260073259,2331.0,2045.0,2056.0,1222.0,544.0,-348.0,-16056.0,862.0,-342.0,-15.0,-38.0,-256.0,470.0,32910.0,5519616.0,2528.0,2815.0,0.0
4060191000,0.010266863228834468,97400.73260073259,2275.0,2046.0,2056.0,1223.0,488.0,-352.0,-16052.0,889.0,-345.0,-35.0,-35.0,-252.0,486.0,32910.0,5519616.0,2587.0,2798.0,0.0
4060447000,0.010266863228834468,97400.73260073259,2311.0,2047.0,2056.0,1223.0,516.0,-324.0,-16104.0,875.0,-346.0,-35.0,-35.0,-252.0,486.0,32910.0,5519616.0,2398.0,2816.0,0.0
4060703000,0.010266863228834468,97400.73260073259,2198.0,2046.0,2053.0,1221.0,492.0,-368.0,-16084.0,890.0,-333.0,-25.0,-43.0,-254.0,475.0,32910.0,5519872.0,2312.0,2816.0,0.0
4060959000,0.010266657306751175,97402.68620268619,2224.0,2044.0,2056.0,1222.0,484.0,-316.0,-16096.0,886.0,-354.0,-12.0,-39.0,-252.0,478.0,32910.0,5519872.0,2273.0,2816.0,0.0
4061215000,0.010266863228834468,97400.73260073259,2259.0,2046.0,2055.0,1224.0,492.0,-328.0,-16040.0,863.0,-349.0,-19.0,-45.0,-254.0,478.0,32910.0,5519872.0,2477.0,2799.0,0.0
4061471000,0.010266863228834468,97400.73260073259,2270.0,2047.0,2055.0,1223.0,480.0,-332.0,-16096.0,868.0,-341.0,-46.0,-38.0,-256.0,476.0,32910.0,5519872.0,2602.0,2815.0,0.0
4061727000,0.010266657306751175,97402.68620268619,2315.0,2045.0,2056.0,1223.0,492.0,-388.0,-16056.0,864.0,-350.0,-41.0,-38.0,-256.0,476.0,32910.0,5519872.0,2406.0,2816.0,0.0
4061983000,0.010266863228834468,97400.73260073259,2215.0,2046.0,2056.0,1223.0,524.0,-360.0,-16072.0,873.0,-333.0,-36.0,-34.0,-249.0,475.0,32910.0,5519872.0,2315.0,2816.0,0.0
4062239000,0.010266657306751175,97402.68620268619,2243.0,2046.0,2055.0,1221.0,548.0,-340.0,-16076.0,868.0,-363.0,-31.0,-29.0,-253.0,473.0,32910.0,5519360.0,2497.0,2799.0,0.0
4062495000,0.010266863228834468,97400.73260073259,2247.0,2047.0,2055.0,1221.0,520.0,-348.0,-16088.0,872.0,-351.0,-14.0,-33.0,-252.0,486.0,32910.0,5519360.0,2357.0,2816.0,0.0
4062751000,0.010266863228834468,97400.73260073259,2370.0,2046.0,2055.0,1222.0,488.0,-352.0,-16024.0,881.0,-340.0,-34.0,-36.0,-251.0,473.0,32910.0,5519616.0,2548.0,2815.0,0.0
4063007000,0.010266657306751175,97402.68620268619,2383.0,2044.0,2056.0,1224.0,516.0,-332.0,-16052.0,858.0,-346.0,-26.0,-36.0,-251.0,473.0,32910.0,5519616.0,2635.0,2815.0,0.0
4063263000,0.010266863228834468,97400.73260073259,2441.0,2044.0,2054.0,1224.0,532.0,-348.0,-16084.0,880.0,-358.0,-14.0,-28.0,-246.0,472.0,32910.0,5519104.0,2637.0,2798.0,0.0
4063519000,0.010266863228834468,97400.73260073259,2427.0,2045.0,2056.0,1222.0,508.0,-332.0,-16080.0,874.0,-341.0,-19.0,-31.0,-250.0,482.0,32910.0,5519104.0,2421.0,2816.0,0.0
4063775000,0.010266863228834468,97400.73260073259,2273.0,2045.0,2055.0,1222.0,480.0,-332.0,-16120.0,866.0,-370.0,-31.0,-35.0,-254.0,475.0,32910.0,5518848.0,2323.0,2816.0,0.0
4064031000,0.010266863228834468,97400.73260073259,2366.0,2045.0,2053.0,1223.0,492.0,-312.0,-16072.0,868.0,-346.0,-30.0,-35.0,-254.0,475.0,32910.0,5518848.0,2532.0,2815.0,0.0
4064287000,0.010266863228834468,97400.73260073259,2284.0,2044.0,2053.0,1221.0,504.0,-332.0,-16068.0,864.0,-364.0,-45.0,-30.0,-258.0,480.0,32910.0,5519104.0,2589.0,2798.0,0.0
4064543000,0.010266863228834468,97400.73260073259,2361.0,2045.0,2055.0,1222.0,496.0,-324.0,-16040.0,875.0,-346.0,-28.0,-31.0,-252.0,475.0,32910.0,5519104.0,2399.0,2816.0,0.0
4064799000,0.010266863228834468,97400.73260073259,2373.0,2045.0,2056.0,1222.0,496.0,-360.0,-16052.0,864.0,-338.0,-31.0,-41.0,-252.0,479.0,32910.0,5519616.0,2522.0,2796.0,0.0
4065055000,0.010266657306751175,97402.68620268619,2377.0,2045.0,2055.0,1223.0,520.0,-340.0,-16072.0,874.0,-349.0,-19.0,-41.0,-257.0,474.0,32910.0,5519616.0,2622.0,2815.0,0.0
4065311000,0.010266863228834468,97400.73260073259,2424.0,2047.0,2055.0,1222.0,500.0,-320.0,-16084.0,884.0,-350.0,-18.0,-41.0,-257.0,474.0,32910.0,5519360.0,2637.0,2799.0,0.0
4065567000,0.010266863228834468,97400.73260073259,2414.0,2045.0,2056.0,1223.0,524.0,-356.0,-16072.0,896.0,-326.0,-24.0,-40.0,-252.0,473.0,32910.0,5519360.0,2422.0,2816.0,0.0
4065823000,0.010266863228834468,97400.73260073259,2285.0,2046.0,2055.0,1223.0,500.0,-332.0,-16056.0,896.0,-326.0,-24.0,-38.0,-257.0,477.0,32910.0,5519872.0,2323.0,2816.0,0.0
4066079000,0.010266657306751175,97402.68620268619,2355.0,2045.0,2054.0,1221.0,468.0,-380.0,-16080.0,860.0,-351.0,-31.0,-41.0,-255.0,487.0,32910.0,5519872.0,2532.0,2815.0,0.0
4066335000,0.010266657306751175,97402.68620268619,2304.0,2046.0,2055.0,1223.0,484.0,-328.0,-16108.0,873.0,-354.0,-28.0,-41.0,-252.0,472.0,32910.0,5519104.0,2595.0,2799.0,0.0
4066591000,0.010266863228834468,97400.73260073259,2368.0,2045.0,2057.0,1223.0,532.0,-360.0,-16092.0,862.0,-338.0,-53.0,-41.0,-252.0,472.0,32910.0,5519104.0,2402.0,2816.0,0.0
4066847000,0.010266657306751175,97402.68620268619,2182.0,2045.0,2055.0,1223.0,464.0,-336.0,-16064.0,880.0,-352.0,-28.0,-43.0,-253.0,479.0,32910.0,5519872.0,2314.0,2816.0,0.0
4067103000,0.010266863228834468,97400.73260073259,2325.0,2044.0,2054.0,1221.0,484.0,-332.0,-16056.0,865.0,-351.0,-39.0,-38.0,-255.0,476.0,32910.0,5519872.0,2528.0,2815.0,0.0
4067359000,0.010266863228834468,97400.73260073259,2281.0,2044.0,2056.0,1222.0,488.0,-332.0,-16060.0,865.0,-363.0,-29.0,-34.0,-253.0,478.0,32910.0,5520128.0,2587.0,2798.0,0.0
4067615000,0.010266657306751175,97402.68620268619,2364.0,2044.0,2056.0,1224.0,492.0,-352.0,-16088.0,860.0,-368.0,-28.0,-34.0,-253.0,478.0,32910.0,5520128.0,2653.0,2815.0,0.0
4067871000,0.010266863228834468,97400.73260073259,2452.0,2045.0,2057.0,1221.0,512.0,-388.0,-16064.0,868.0,-340.0,-8.0,-34.0,-253.0,482.0,32913.0,5520128.0,2429.0,2816.0,0.0
4068127000,0.010266657306751175,97402.68620268619,2254.0,2045.0,2055.0,1222.0,476.0,-352.0,-16012.0,862.0,-338.0,-34.0,-30.0,-250.0,473.0,32913.0,5520128.0,2326.0,2816.0,0.0
4068383000,0.010266657306751175,97402.68620268619,2312.0,2046.0,2055.0,1223.0,476.0,-360.0,-16068.0,865.0,-345.0,-31.0,-33.0,-253.0,478.0,32913.0,5519360.0,2502.0,2799.0,0.0
4068639000,0.010266863228834468,97400.73260073259,2281.0,2046.0,2056.0,1222.0,496.0,-368.0,-16060.0,899.0,-337.0,-24.0,-26.0,-255.0,473.0,32913.0,5519360.0,2359.0,2816.0,0.0
4068895000,0.010266657306751175,97402.68620268619,2309.0,2047.0,2057.0,1224.0,516.0,-328.0,-16060.0,877.0,-355.0,-40.0,-26.0,-255.0,473.0,32913.0,5519104.0,2295.0,2816.0,0.0
4069151000,0.010266863228834468,97400.73260073259,2341.0,2046.0,2056.0,1223.0,516.0,-336.0,-16096.0,891.0,-343.0,2.0,-38.0,-256.0,477.0,32913.0,5519104.0,2272.0,2817.0,0.0
4069407000,0.010266863228834468,97400.73260073259,2271.0,2044.0,2056.0,1222.0,500.0,-384.0,-16032.0,872.0,-354.0,-27.0,-41.0,-255.0,475.0,32913.0,5519616.0,2476.0,2799.0,0.0
4069663000,0.010266863228834468,97400.73260073259,2233.0,2045.0,2054.0,1224.0,548.0,-356.0,-16056.0,872.0,-347.0,-23.0,-40.0,-258.0,475.0,32913.0,5519616.0,2347.0,2816.0,0.0
4069919000,0.010266863228834468,97400.73260073259,2312.0,2044.0,2054.0,1223.0,508.0,-316.0,-16116.0,896.0,-372.0,-31.0,-34.0,-248.0,472.0,32913.0,5519360.0,2289.0,2816.0,0.0
4070175000,0.010266863228834468,97400.73260073259,2242.0,2045.0,2055.0,1222.0,492.0,-336.0,-16100.0,868.0,-348.0,-23.0,-34.0,-248.0,472.0,32913.0,5519360.0,2471.0,2796.0,0.0
4070431000,0.010266863228834468,97400.73260073259,2417.0,2045.0,2054.0,1221.0,492.0,-316.0,-16108.0,867.0,-333.0,-23.0,-42.0,-249.0,482.0,32913.0,5519360.0,2555.0,2798.0,0.0
4070687000,0.010266863228834468,97400.73260073259,2368.0,2044.0,2053.0,1220.0,484.0,-316.0,-16016.0,876.0,-345.0,-31.0,-38.0,-254.0,478.0,32913.0,5519360.0,2390.0,2817.0,0.0
4070943000,0.010266863228834468,97400.73260073259,2195.0,2044.0,2057.0,1220.0,512.0,-332.0,-16096.0,871.0,-356.0,-12.0,-36.0,-254.0,471.0,32913.0,5518848.0,2309.0,2816.0,0.0
4071199000,0.010266863228834468,97400.73260073259,2328.0,2045.0,2054.0,1222.0,496.0,-352.0,-16160.0,879.0,-321.0,-27.0,-36.0,-255.0,477.0,32913.0,5518848.0,2525.0,2815.0,0.0
4071455000,0.010266863228834468,97400.73260073259,2252.0,2045.0,2054.0,1223.0,476.0,-312.0,-16080.0,873.0,-334.0,-15.0,-36.0,-255.0,477.0,32913.0,5519360.0,2586.0,2798.0,0.0
4071711000,0.010266863228834468,97400.73260073259,2335.0,2045.0,2056.0,1224.0,496.0,-356.0,-16032.0,875.0,-344.0,-38.0,-32.0,-250.0,479.0,32913.0,5519360.0,2398.0,2816.0,0.0
4071967000,0.010266863228834468,97400.73260073259,2179.0,2045.0,2055.0,1223.0,512.0,-340.0,-16044.0,898.0,-337.0,-18.0,-37.0,-251.0,477.0,32913.0,5519360.0,2312.0,2816.0,0.0
4072223000,0.010266657306751175,97402.68620268619,2229.0,2045.0,2055.0,1223.0,496.0,-376.0,-16100.0,851.0,-342.0,-25.0,-27.0,-249.0,473.0,32913.0,5519360.0,2273.0,2816.0,0.0
4072479000,0.010266863228834468,97400.73260073259,2254.0,2045.0,2054.0,1223.0,484.0,-320.0,-16100.0,858.0,-356.0,-24.0,-27.0,-249.0,473.0,32913.0,5519104.0,2471.0,2798.0,0.0
4072735000,0.010266863228834468,97400.73260073259,2184.0,2045.0,2054.0,1222.0,488.0,-344.0,-16132.0,872.0,-363.0,-16.0,-31.0,-258.0,475.0,32913.0,5519104.0,2345.0,2816.0,0.0
4072991000,0.010266863228834468,97400.73260073259,2304.0,2045.0,2055.0,1220.0,476.0,-360.0,-16064.0,880.0,-347.0,-29.0,-32.0,-248.0,478.0,32913.0,5519872.0,2295.0,2817.0,0.0
4073247000,0.010266863228834468,97400.73260073259,2298.0,2044.0,2055.0,1220.0,528.0,-320.0,-16052.0,868.0,-353.0,-45.0,-31.0,-250.0,472.0,32913.0,5519872.0,2265.0,2816.0,0.0
4073503000,0.010266657306751175,97402.68620268619,2245.0,2045.0,2054.0,1222.0,528.0,-344.0,-16076.0,854.0,-364.0,-31.0,-33.0,-248.0,477.0,32913.0,5518848.0,2474.0,2799.0,0.0
4073759000,0.010266863228834468,97400.73260073259,2293.0,2046.0,2054.0,1224.0,488.0,-304.0,-16092.0,880.0,-342.0,-27.0,-33.0,-248.0,477.0,32913.0,5518848.0,2600.0,2815.0,0.0
4074015000,0.010266863228834468,97400.73260073259,2313.0,2043.0,2054.0,1224.0,504.0,-328.0,-16048.0,879.0,-359.0,-17.0,-45.0,-255.0,475.0,32913.0,5519104.0,2404.0,2816.0,0.0
4074271000,0.010266863228834468,97400.73260073259,2250.0,2046.0,2054.0,1223.0,500.0,-312.0,-16096.0,878.0,-362.0,-28.0,-39.0,-252.0,474.0,32913.0,5519104.0,2569.0,2815.0,0.0
4074527000,0.010266863228834468,97400.73260073259,2300.0,2046.0,2055.0,1223.0,500.0,-340.0,-16064.0,881.0,-340.0,-33.0,-42.0,-251.0,474.0,32913.0,5519104.0,2612.0,2799.0,0.0
4074783000,0.010266657306751175,97402.68620268619,2323.0,2046.0,2056.0,1222.0,488.0,-360.0,-16148.0,867.0,-332.0,-24.0,-45.0,-255.0,480.0,32913.0,5519104.0,2410.0,2816.0,0.0
4075039000,0.010266863228834468,97400.73260073259,2227.0,2045.0,2055.0,1224.0,464.0,-340.0,-16120.0,873.0,-356.0,-26.0,-45.0,-255.0,480.0,32913.0,5519360.0,2318.0,2816.0,0.0
4075295000,0.010266657306751175,97402.68620268619,2253.0,2045.0,2055.0,1223.0,468.0,-376.0,-16056.0,875.0,-345.0,-30.0,-34.0,-250.0,474.0,32913.0,5519360.0,2276.0,2816.0,0.0
4075551000,0.010266657306751175,97402.68620268619,2257.0,2046.0,2059.0,1224.0,456.0,-308.0,-16096.0,896.0,-351.0,-26.0,-39.0,-258.0,476.0,32913.0,5519104.0,2479.0,2799.0,0.0
4075807000,0.010266863228834468,97400.73260073259,2233.0,2045.0,2055.0,1220.0,484.0,-376.0,-16100.0,868.0,-371.0,-8.0,-37.0,-252.0,470.0,32913.0,5519104.0,2348.0,2816.0,0.0
4076063000,0.010266657306751175,97402.68620268619,2256.0,2046.0,2056.0,1221.0,476.0,-348.0,-16132.0,890.0,-343.0,-23.0,-32.0,-253.0,475.0,32913.0,5519104.0,2504.0,2795.0,0.0
4076319000,0.010266863228834468,97400.73260073259,2329.0,2045.0,2057.0,1223.0,460.0,-336.0,-16084.0,881.0,-355.0,-13.0,-32.0,-253.0,475.0,32913.0,5519104.0,2614.0,2815.0,0.0
4076575000,0.010266863228834468,97400.73260073259,2352.0,2045.0,2056.0,1226.0,512.0,-324.0,-16016.0,878.0,-358.0,-17.0,-35.0,-260.0,478.0,32913.0,5519360.0,2628.0,2800.0,0.0
4076831000,0.010266657306751175,97402.68620268619,2384.0,2046.0,2056.0,1224.0,460.0,-352.0,-16088.0,854.0,-350.0,-32.0,-23.0,-252.0,479.0,32913.0,5519360.0,2418.0,2816.0,0.0
4077087000,0.010266863228834468,97400.73260073259,2260.0,2045.0,2054.0,1223.0,444.0,-328.0,-16044.0,877.0,-360.0,-37.0,-34.0,-253.0,472.0,32913.0,5519104.0,2321.0,2816.0,0.0
4077343000,0.010266863228834468,97400.73260073259,2323.0,2044.0,2054.0,1220.0,480.0,-316.0,-16120.0,882.0,-350.0,-42.0,-34.0,-253.0,472.0,32913.0,5519104.0,2531.0,2815.0,0.0
4077599000,0.010266657306751175,97402.68620268619,2326.0,2044.0,2055.0,1220.0,464.0,-312.0,-16140.0,881.0,-344.0,-33.0,-36.0,-249.0,473.0,32913.0,5519360.0,2595.0,2799.0,0.0
4077855000,0.010266657306751175,97402.68620268619,2350.0,2045.0,2055.0,1219.0,456.0,-336.0,-16100.0,878.0,-346.0,-26.0,-37.0,-257.0,477.0,32913.0,5519360.0,2402.0,2816.0,0.0
4078111000,0.010266657306751175,97402.68620268619,2198.0,2044.0,2056.0,1223.0,484.0,-336.0,-16080.0,846.0,-346.0,-34.0,-37.0,-256.0,475.0,32913.0,5519360.0,2321.0,2817.0,0.0
4078367000,0.010266863228834468,97400.73260073259,2346.0,2046.0,2055.0,1225.0,472.0,-348.0,-16092.0,866.0,-349.0,-33.0,-36.0,-258.0,476.0,32913.0,5519360.0,2530.0,2815.0,0.0
4078623000,0.010266863228834468,97400.73260073259,2284.0,2045.0,2054.0,1223.0,480.0,-320.0,-16068.0,881.0,-355.0,-34.0,-36.0,-258.0,476.0,32913.0,5519616.0,2595.0,2799.0,0.0
4078879000,0.010266863228834468,97400.73260073259,2347.0,2045.0,2055.0,1222.0,484.0,-336.0,-16108.0,857.0,-355.0,-15.0,-41.0,-248.0,475.0,32913.0,5519616.0,2402.0,2816.0,0.0
4079135000,0.010266863228834468,97400.73260073259,2221.0,2044.0,2056.0,1224.0,504.0,-336.0,-16056.0,882.0,-351.0,-35.0,-41.0,-251.0,469.0,32913.0,5519872.0,2321.0,2817.0,0.0
4079391000,0.010266657306751175,97402.68620268619,2307.0,2046.0,2054.0,1224.0,464.0,-332.0,-16088.0,867.0,-359.0,-29.0,-40.0,-249.0,481.0,32913.0,5519872.0,2531.0,2815.0,0.0
4079647000,0.010266657306751175,97402.68620268619,2303.0,2045.0,2056.0,1222.0,500.0,-372.0,-16080.0,878.0,-367.0,-36.0,-44.0,-252.0,476.0,32913.0,5519872.0,2588.0,2797.0,0.0
4079903000,0.010266863228834468,97400.73260073259,2317.0,2046.0,2055.0,1222.0,480.0,-332.0,-16104.0,870.0,-343.0,-29.0,-44.0,-252.0,476.0,32913.0,5519872.0,2399.0,2816.0,0.0
4080159000,0.010266863228834468,97400.73260073259,2190.0,2047.0,2054.0,1223.0,484.0,-360.0,-16064.0,892.0,-346.0,-28.0,-38.0,-259.0,476.0,32913.0,5519872.0,2313.0,2816.0,0.0
4080415000,0.010266863228834468,97400.73260073259,2263.0,2045.0,2054.0,1221.0,480.0,-360.0,-16068.0,857.0,-339.0,-20.0,-38.0,-253.0,476.0,32913.0,5519872.0,2273.0,2816.0,0.0
4080671000,0.010266657306751175,97402.68620268619,2226.0,2046.0,2056.0,1223.0,520.0,-288.0,-16076.0,877.0,-362.0,-12.0,-39.0,-250.0,477.0,32913.0,5518848.0,2478.0,2799.0,0.0
4080927000,0.010266863228834468,97400.73260073259,2289.0,2044.0,2055.0,1223.0,468.0,-336.0,-16100.0,883.0,-350.0,-14.0,-39.0,-250.0,477.0,32913.0,5518848.0,2602.0,2815.0,0.0
4081183000,0.010266863228834468,97400.73260073259,2325.0,2045.0,2054.0,1224.0,452.0,-316.0,-16080.0,873.0,-357.0,-26.0,-27.0,-244.0,477.0,32913.0,5519360.0,2405.0,2816.0,0.0
4081439000,0.010266863228834468,97400.73260073259,2184.0,2044.0,2055.0,1222.0,472.0,-312.0,-16076.0,866.0,-374.0,-35.0,-33.0,-253.0,476.0,32913.0,5519360.0,2316.0,2816.0,0.0
4081695000,0.010266863228834468,97400.73260073259,2274.0,2044.0,2055.0,1221.0,480.0,-320.0,-16108.0,874.0,-357.0,-15.0,-30.0,-249.0,475.0,32913.0,5519616.0,2497.0,2799.0,0.0
4081951000,0.010266657306751175,97402.68620268619,2275.0,2045.0,2055.0,1222.0,452.0,-332.0,-16088.0,876.0,-344.0,-32.0,-33.0,-255.0,477.0,32913.0,5519616.0,2611.0,2815.0,0.0
4082207000,0.010266657306751175,97402.68620268619,2365.0,2046.0,2056.0,1222.0,476.0,-316.0,-16080.0,866.0,-354.0,-36.0,-33.0,-255.0,477.0,32913.0,5519616.0,2409.0,2816.0,0.0
4082463000,0.010266863228834468,97400.73260073259,2399.0,2044.0,2055.0,1223.0,480.0,-368.0,-16084.0,873.0,-345.0,-35.0,-34.0,-256.0,474.0,32913.0,5519616.0,2527.0,2796.0,0.0
4082719000,0.010266863228834468,97400.73260073259,2321.0,2046.0,2057.0,1222.0,472.0,-344.0,-16100.0,873.0,-345.0,-35.0,-31.0,-252.0,472.0,32913.0,5519872.0,2593.0,2799.0,0.0
4082975000,0.010266863228834468,97400.73260073259,2379.0,2046.0,2055.0,1222.0,492.0,-348.0,-16076.0,869.0,-356.0,-31.0,-37.0,-250.0,475.0,32913.0,5519872.0,2401.0,2816.0,0.0
4083231000,0.010266863228834468,97400.73260073259,2186.0,2046.0,2055.0,1224.0,468.0,-388.0,-16032.0,870.0,-330.0,-28.0,-43.0,-256.0,481.0,32913.0,5519616.0,2314.0,2816.0,0.0
4083487000,0.010266863228834468,97400.73260073259,2244.0,2046.0,2057.0,1221.0,496.0,-348.0,-16092.0,870.0,-349.0,-25.0,-43.0,-256.0,481.0,32913.0,5519616.0,2482.0,2796.0,0.0
4083743000,0.010266863228834468,97400.73260073259,2197.0,2045.0,2054.0,1221.0,464.0,-348.0,-16116.0,866.0,-344.0,-28.0,-40.0,-255.0,480.0,32913.0,5519360.0,2566.0,2798.0,0.0
4083999000,0.010266863228834468,97400.73260073259,2243.0,2044.0,2054.0,1223.0,460.0,-368.0,-16056.0,888.0,-363.0,-20.0,-39.0,-255.0,478.0,32913.0,5519360.0,2389.0,2816.0,0.0
4084255000,0.010266863228834468,97400.73260073259,2159.0,2046.0,2055.0,1222.0,436.0,-284.0,-16084.0,875.0,-344.0,-34.0,-35.0,-248.0,473.0,32913.0,5519360.0,2308.0,2816.0,0.0
4084511000,0.010266657306751175,97402.68620268619,2261.0,2045.0,2054.0,1222.0,460.0,-312.0,-16080.0,860.0,-339.0,-28.0,-40.0,-257.0,473.0,32913.0,5519360.0,2525.0,2815.0,0.0
4084767000,0.010266863228834468,97400.73260073259,2256.0,2045.0,2053.0,1223.0,496.0,-316.0,-16096.0,872.0,-355.0,-34.0,-40.0,-257.0,473.0,32913.0,5519360.0,2586.0,2798.0,0.0
4085023000,0.010266863228834468,97400.73260073259,2320.0,2044.0,2054.0,1223.0,468.0,-276.0,-16092.0,869.0,-357.0,-22.0,-42.0,-255.0,472.0,32913.0,5519360.0,2398.0,2816.0,0.0
4085279000,0.010266657306751175,97402.68620268619,2155.0,2045.0,2054.0,1225.0,428.0,-316.0,-16068.0,873.0,-343.0,-47.0,-39.0,-251.0,474.0,32913.0,5519104.0,2313.0,2816.0,0.0
4085535000,0.010266863228834468,97400.73260073259,2263.0,2044.0,2055.0,1224.0,480.0,-356.0,-16004.0,862.0,-354.0,-16.0,-30.0,-251.0,477.0,32913.0,5519104.0,2273.0,2816.0,0.0
4085791000,0.010266657306751175,97402.68620268619,2234.0,2043.0,2055.0,1225.0,508.0,-316.0,-16100.0,867.0,-341.0,-34.0,-30.0,-251.0,477.0,32913.0,5519616.0,2477.0,2799.0,0.0
4086047000,0.010266657306751175,97402.68620268619,2207.0,2044.0,2056.0,1223.0,496.0,-368.0,-16164.0,879.0,-344.0,-23.0,-33.0,-250.0,476.0,32913.0,5519616.0,2348.0,2816.0,0.0
4086303000,0.010266863228834468,97400.73260073259,2302.0,2044.0,2057.0,1223.0,480.0,-336.0,-16064.0,861.0,-358.0,-52.0,-32.0,-253.0,468.0,32913.0,5518848.0,2290.0,2816.0,0.0
4086559000,0.010266657306751175,97402.68620268619,2315.0,2046.0,2057.0,1223.0,512.0,-396.0,-16064.0,868.0,-363.0,-12.0,-26.0,-255.0,478.0,32913.0,5518848.0,2516.0,2815.0,0.0
4086815000,0.010266863228834468,97400.73260073259,2296.0,2046.0,2056.0,1223.0,500.0,-404.0,-16044.0,870.0,-363.0,-37.0,-32.0,-249.0,475.0,32913.0,5519360.0,2581.0,2797.0,0.0
4087071000,0.010266863228834468,97400.73260073259,2312.0,2046.0,2058.0,1220.0,512.0,-340.0,-16100.0,874.0,-336.0,-23.0,-32.0,-249.0,475.0,32913.0,5519360.0,2396.0,2816.0,0.0
4087327000,0.010266657306751175,97402.68620268619,2180.0,2044.0,2059.0,1225.0,448.0,-344.0,-16128.0,886.0,-332.0,-30.0,-31.0,-250.0,473.0,32913.0,5519360.0,2318.0,2817.0,0.0
4087583000,0.010266863228834468,97400.73260073259,2275.0,2046.0,2055.0,1223.0,504.0,-392.0,-16032.0,857.0,-349.0,-25.0,-39.0,-253.0,476.0,32913.0,5519360.0,2275.0,2816.0,0.0
4087839000,0.010266863228834468,97400.73260073259,2218.0,2046.0,2057.0,1220.0,500.0,-344.0,-16052.0,881.0,-354.0,-38.0,-37.0,-252.0,474.0,32913.0,5518848.0,2472.0,2798.0,0.0
4088095000,0.010266863228834468,97400.73260073259,2216.0,2045.0,2056.0,1220.0,500.0,-344.0,-16116.0,872.0,-376.0,-23.0,-38.0,-245.0,474.0,32913.0,5518848.0,2345.0,2816.0,0.0
4088351000,0.010266863228834468,97400.73260073259,2280.0,2046.0,2055.0,1222.0,480.0,-292.0,-16100.0,887.0,-357.0,-33.0,-38.0,-245.0,474.0,32913.0,5519616.0,2288.0,2816.0,0.0
4088607000,0.010266657306751175,97402.68620268619,2317.0,2044.0,2055.0,1222.0,496.0,-308.0,-16116.0,875.0,-366.0,-26.0,-39.0,-260.0,471.0,32913.0,5519616.0,2516.0,2815.0,0.0
4088863000,0.010266863228834468,97400.73260073259,2298.0,2045.0,2055.0,1223.0,484.0,-352.0,-16104.0,868.0,-363.0,-41.0,-36.0,-251.0,475.0,32913.0,5519360.0,2582.0,2800.0,0.0
4089119000,0.010266863228834468,97400.73260073259,2298.0,2046.0,2053.0,1223.0,496.0,-328.0,-16072.0,854.0,-345.0,-23.0,-40.0,-251.0,472.0,32913.0,5519360.0,2396.0,2816.0,0.0
4089375000,0.010266863228834468,97400.73260073259,2184.0,2046.0,2054.0,1222.0,468.0,-320.0,-16068.0,880.0,-349.0,-22.0,-40.0,-251.0,472.0,32913.0,5519360.0,2311.0,2816.0,0.0
4089631000,0.010266863228834468,97400.73260073259,2248.0,2045.0,2055.0,1221.0,484.0,-384.0,-16148.0,844.0,-336.0,-30.0,-42.0,-256.0,475.0,32913.0,5519360.0,2272.0,2816.0,0.0
4089887000,0.010266863228834468,97400.73260073259,2208.0,2044.0,2058.0,1221.0,468.0,-364.0,-16072.0,897.0,-344.0,-19.0,-38.0,-248.0,477.0,32913.0,5519360.0,2472.0,2800.0,0.0
4090143000,0.010266863228834468,97400.73260073259,2220.0,2046.0,2056.0,1222.0,492.0,-372.0,-16040.0,866.0,-352.0,-35.0,-40.0,-251.0,478.0,32913.0,5519360.0,2345.0,2816.0,0.0
4090399000,0.010266863228834468,97400.73260073259,2263.0,2045.0,2057.0,1222.0,504.0,-324.0,-16100.0,895.0,-352.0,-13.0,-31.0,-253.0,473.0,32913.0,5518848.0,2288.0,2816.0,0.0
4090655000,0.010266863228834468,97400.73260073259,2330.0,2046.0,2058.0,1223.0,536.0,-372.0,-16112.0,881.0,-358.0,-28.0,-31.0,-253.0,473.0,32913.0,5518848.0,2516.0,2815.0,0.0
4090911000,0.010266863228834468,97400.73260073259,2289.0,2045.0,2054.0,1222.0,524.0,-360.0,-16116.0,877.0,-368.0,-39.0,-34.0,-250.0,469.0,32913.0,5519360.0,2581.0,2798.0,0.0
4091167000,0.010266657306751175,97402.68620268619,2308.0,2045.0,2055.0,1220.0,488.0,-356.0,-16088.0,873.0,-359.0,-42.0,-37.0,-250.0,474.0,32913.0,5519360.0,2403.0,2817.0,0.0
4091423000,0.010266863228834468,97400.73260073259,2211.0,2045.0,2055.0,1223.0,488.0,-328.0,-16064.0,868.0,-342.0,-34.0,-32.0,-253.0,474.0,32913.0,5519360.0,2314.0,2816.0,0.0
4091679000,0.010266863228834468,97400.73260073259,2299.0,2045.0,2055.0,1223.0,496.0,-316.0,-16112.0,888.0,-354.0,-21.0,-30.0,-254.0,475.0,32913.0,5519360.0,2528.0,2815.0,0.0
4091935000,0.010266863228834468,97400.73260073259,2267.0,2047.0,2055.0,1222.0,484.0,-284.0,-16156.0,875.0,-355.0,-23.0,-30.0,-254.0,475.0,32913.0,5519360.0,2587.0,2798.0,0.0
4092191000,0.010266863228834468,97400.73260073259,2338.0,2047.0,2055.0,1223.0,484.0,-316.0,-16096.0,882.0,-353.0,-29.0,-27.0,-248.0,472.0,32913.0,5519360.0,2398.0,2816.0,0.0
4092447000,0.010266657306751175,97402.68620268619,2162.0,2044.0,2054.0,1223.0,508.0,-332.0,-16028.0,876.0,-347.0,-33.0,-35.0,-256.0,473.0,32913.0,5519360.0,2313.0,2816.0,0.0
4092703000,0.010266863228834468,97400.73260073259,2324.0,2046.0,2054.0,1222.0,452.0,-356.0,-16056.0,861.0,-353.0,-27.0,-42.0,-250.0,474.0,32913.0,5519360.0,2527.0,2815.0,0.0
4092959000,0.010266863228834468,97400.73260073259,2269.0,2044.0,2056.0,1222.0,448.0,-324.0,-16112.0,870.0,-343.0,-35.0,-37.0,-251.0,482.0,32913.0,5519616.0,2586.0,2797.0,0.0
4093215000,0.010266657306751175,97402.68620268619,2303.0,2045.0,2056.0,1226.0,492.0,-356.0,-16084.0,864.0,-351.0,-36.0,-37.0,-251.0,482.0,32913.0,5519616.0,2398.0,2816.0,0.0
4093471000,0.010266863228834468,97400.73260073259,2198.0,2045.0,2055.0,1224.0,504.0,-344.0,-16020.0,869.0,-352.0,-35.0,-37.0,-254.0,480.0,32913.0,5519360.0,2312.0,2816.0,0.0
4093727000,0.010266863228834468,97400.73260073259,2224.0,2045.0,2054.0,1222.0,476.0,-312.0,-16076.0,881.0,-368.0,-43.0,-37.0,-255.0,472.0,32913.0,5519360.0,2273.0,2816.0,0.0
4093983000,0.010266863228834468,97400.73260073259,2256.0,2044.0,2054.0,1221.0,520.0,-320.0,-16120.0,898.0,-355.0,-38.0,-33.0,-250.0,473.0,32913.0,5519360.0,2477.0,2799.0,0.0
4094239000,0.010266863228834468,97400.73260073259,2272.0,2045.0,2055.0,1221.0,488.0,-360.0,-16116.0,873.0,-352.0,-23.0,-33.0,-250.0,473.0,32913.0,5519360.0,2602.0,2815.0,0.0
4094495000,0.010266657306751175,97402.68620268619,2311.0,2045.0,2055.0,1225.0,508.0,-364.0,-16056.0,857.0,-351.0,-18.0,-41.0,-252.0,479.0,32913.0,5520128.0,2406.0,2816.0,0.0
4094751000,0.010266863228834468,97400.73260073259,2218.0,2044.0,2057.0,1223.0,480.0,-332.0,-16060.0,875.0,-359.0,-39.0,-37.0,-247.0,480.0,32913.0,5520128.0,2315.0,2816.0,0.0
4095007000,0.010266657306751175,97402.68620268619,2239.0,2045.0,2055.0,1219.0,480.0,-340.0,-16092.0,862.0,-351.0,-37.0,-35.0,-247.0,477.0,32913.0,5519360.0,2496.0,2799.0,0.0
4095263000,0.010266863228834468,97400.73260073259,2298.0,2045.0,2054.0,1225.0,492.0,-328.0,-16052.0,884.0,-349.0,-38.0,-36.0,-254.0,476.0,32913.0,5519360.0,2611.0,2815.0,0.0
4095519000,0.010266863228834468,97400.73260073259,2360.0,2046.0,2054.0,1220.0,500.0,-344.0,-16148.0,878.0,-343.0,-14.0,-36.0,-254.0,476.0,32913.0,5519872.0,2409.0,2816.0,0.0
4095775000,0.010266863228834468,97400.73260073259,2187.0,2044.0,2054.0,1224.0,480.0,-380.0,-16052.0,869.0,-325.0,-10.0,-27.0,-252.0,474.0,32913.0,5519872.0,2318.0,2816.0,0.0
4096031000,0.010266863228834468,97400.73260073259,2289.0,2046.0,2054.0,1223.0,484.0,-312.0,-16000.0,884.0,-341.0,-36.0,-31.0,-251.0,472.0,32913.0,5519616.0,2498.0,2799.0,0.0
4096287000,0.010266863228834468,97400.73260073259,2233.0,2046.0,2053.0,1223.0,484.0,-340.0,-16068.0,880.0,-356.0,-40.0,-28.0,-248.0,476.0,32913.0,5519616.0,2357.0,2816.0,0.0
4096543000,0.010266657306751175,97402.68620268619,2302.0,2046.0,2054.0,1222.0,456.0,-352.0,-16072.0,865.0,-366.0,-28.0,-37.0,-250.0,479.0,32913.0,5519872.0,2507.0,2795.0,0.0
4096799000,0.010266863228834468,97400.73260073259,2341.0,2046.0,2056.0,1221.0,512.0,-344.0,-16088.0,865.0,-349.0,-28.0,-37.0,-250.0,479.0,32913.0,5519872.0,2616.0,2815.0,0.0
4097055000,0.010266657306751175,97402.68620268619,2344.0,2044.0,2054.0,1222.0,488.0,-348.0,-16096.0,862.0,-350.0,-5.0,-36.0,-251.0,474.0,32913.0,5519616.0,2629.0,2800.0,0.0
4097311000,0.010266863228834468,97400.73260073259,2422.0,2046.0,2055.0,1223.0,464.0,-372.0,-16036.0,863.0,-360.0,-27.0,-36.0,-248.0,478.0,32913.0,5519616.0,2418.0,2816.0,0.0
4097567000,0.010266863228834468,97400.73260073259,2243.0,2045.0,2054.0,1223.0,508.0,-336.0,-16064.0,862.0,-339.0,-32.0,-40.0,-253.0,475.0,32913.0,5519616.0,2321.0,2816.0,0.0
4097823000,0.010266657306751175,97402.68620268619,2273.0,2044.0,2055.0,1223.0,492.0,-344.0,-16132.0,877.0,-359.0,-26.0,-38.0,-253.0,476.0,32913.0,5519616.0,2277.0,2816.0,0.0
4098079000,0.010266863228834468,97400.73260073259,2294.0,2045.0,2055.0,1224.0,472.0,-360.0,-16076.0,877.0,-349.0,-38.0,-38.0,-253.0,476.0,32913.0,5519360.0,2479.0,2799.0,0.0
4098335000,0.010266657306751175,97402.68620268619,2221.0,2046.0,2054.0,1223.0,528.0,-316.0,-16064.0,872.0,-338.0,-40.0,-37.0,-253.0,472.0,32913.0,5519360.0,2356.0,2817.0,0.0
4098591000,0.010266657306751175,97402.68620268619,2325.0,2046.0,2055.0,1223.0,512.0,-336.0,-16124.0,879.0,-346.0,-22.0,-40.0,-256.0,472.0,32913.0,5519360.0,2293.0,2816.0,0.0
4098847000,0.010266863228834468,97400.73260073259,2358.0,2045.0,2054.0,1222.0,480.0,-308.0,-16036.0,869.0,-355.0,-32.0,-43.0,-254.0,482.0,32913.0,5519360.0,2518.0,2815.0,0.0
4099103000,0.010266657306751175,97402.68620268619,2287.0,2043.0,2055.0,1222.0,500.0,-324.0,-16084.0,885.0,-342.0,-24.0,-43.0,-254.0,482.0,32913.0,5519360.0,2589.0,2799.0,0.0
4099359000,0.010266863228834468,97400.73260073259,2364.0,2046.0,2054.0,1220.0,484.0,-340.0,-16048.0,871.0,-347.0,-21.0,-29.0,-245.0,480.0,32913.0,5519360.0,2399.0,2816.0,0.0
4099615000,0.010266863228834468,97400.73260073259,2177.0,2046.0,2054.0,1221.0,492.0,-308.0,-16012.0,871.0,-347.0,-21.0,-54.0,-252.0,473.0,32913.0,5520128.0,2313.0,2816.0,0.0
4099871000,0.010266657306751175,97402.68620268619,2260.0,2045.0,2055.0,1222.0,512.0,-340.0,-16104.0,875.0,-360.0,-20.0,-55.0,-253.0,479.0,32913.0,5520128.0,2273.0,2816.0,0.0
4100127000,0.010266863228834468,97400.73260073259,2243.0,2045.0,2057.0,1221.0,504.0,-380.0,-16048.0,864.0,-351.0,-25.0,-32.0,-249.0,477.0,32913.0,5519360.0,2470.0,2797.0,0.0
4100383000,0.010266657306751175,97402.68620268619,2190.0,2044.0,2056.0,1221.0,532.0,-328.0,-16084.0,876.0,-348.0,-34.0,-32.0,-249.0,477.0,32913.0,5519360.0,2352.0,2817.0,0.0
4100639000,0.010266863228834468,97400.73260073259,2324.0,2045.0,2054.0,1221.0,520.0,-376.0,-16048.0,884.0,-337.0,-21.0,-28.0,-251.0,472.0,32913.0,5519360.0,2298.0,2817.0,0.0
4100895000,0.010266863228834468,97400.73260073259,2289.0,2046.0,2056.0,1223.0,556.0,-364.0,-16000.0,896.0,-351.0,-11.0,-28.0,-249.0,475.0,32913.0,5519360.0,2267.0,2816.0,0.0
4101151000,0.010266863228834468,97400.73260073259,2255.0,2046.0,2058.0,1220.0,540.0,-380.0,-16052.0,867.0,-342.0,-14.0,-49.0,-243.0,480.0,32913.0,5519360.0,2468.0,2798.0,0.0
4101407000,0.010266863228834468,97400.73260073259,2278.0,2047.0,2057.0,1223.0,536.0,-344.0,-16080.0,878.0,-369.0,-41.0,-41.0,-255.0,476.0,32913.0,5519360.0,2597.0,2815.0,0.0
4101663000,0.010266657306751175,97402.68620268619,2302.0,2045.0,2055.0,1221.0,512.0,-376.0,-16060.0,866.0,-345.0,-35.0,-41.0,-255.0,476.0,32913.0,5519616.0,2403.0,2816.0,0.0
4101919000,0.010266863228834468,97400.73260073259,2215.0,2044.0,2054.0,1223.0,496.0,-348.0,-16072.0,852.0,-361.0,-14.0,-46.0,-256.0,472.0,32913.0,5519616.0,2315.0,2816.0,0.0
4102175000,0.010266863228834468,97400.73260073259,2246.0,2044.0,2055.0,1223.0,464.0,-352.0,-16080.0,870.0,-344.0,-23.0,-38.0,-250.0,481.0,32913.0,5519616.0,2496.0,2799.0,0.0
4102431000,0.010266863228834468,97400.73260073259,2223.0,2046.0,2055.0,1223.0,480.0,-308.0,-16064.0,858.0,-337.0,-19.0,-40.0,-252.0,474.0,32913.0,5519616.0,2356.0,2816.0,0.0
4102687000,0.010266863228834468,97400.73260073259,2319.0,2047.0,2054.0,1225.0,504.0,-264.0,-16092.0,879.0,-358.0,-43.0,-40.0,-252.0,474.0,32913.0,5519872.0,2293.0,2816.0,0.0
4102943000,0.010266657306751175,97402.68620268619,2275.0,2045.0,2054.0,1222.0,452.0,-336.0,-16076.0,872.0,-346.0,-22.0,-38.0,-254.0,471.0,32913.0,5519872.0,2265.0,2816.0,0.0
4103199000,0.010266863228834468,97400.73260073259,2299.0,2044.0,2053.0,1223.0,500.0,-352.0,-16048.0,878.0,-340.0,-41.0,-41.0,-252.0,480.0,32913.0,5519872.0,2479.0,2799.0,0.0
4103455000,0.010266863228834468,97400.73260073259,2230.0,2046.0,2055.0,1222.0,512.0,-280.0,-16036.0,858.0,-352.0,-28.0,-40.0,-252.0,474.0,32913.0,5519872.0,2348.0,2816.0,0.0
4103711000,0.010266657306751175,97402.68620268619,2284.0,2045.0,2054.0,1222.0,520.0,-308.0,-16064.0,878.0,-358.0,-20.0,-35.0,-246.0,480.0,32913.0,5519616.0,2290.0,2816.0,0.0
4103967000,0.010266863228834468,97400.73260073259,2362.0,2046.0,2056.0,1225.0,512.0,-360.0,-16020.0,872.0,-338.0,-17.0,-35.0,-246.0,480.0,32913.0,5519616.0,2516.0,2815.0,0.0
4104223000,0.010266657306751175,97402.68620268619,2269.0,2044.0,2057.0,1222.0,508.0,-356.0,-16096.0,867.0,-355.0,-24.0,-34.0,-257.0,479.0,32913.0,5519616.0,2583.0,2800.0,0.0
4104479000,0.010266863228834468,97400.73260073259,2351.0,2047.0,2058.0,1222.0,504.0,-380.0,-16096.0,879.0,-346.0,-22.0,-58.0,-249.0,473.0,32913.0,5519616.0,2403.0,2817.0,0.0
4104735000,0.010266863228834468,97400.73260073259,2199.0,2046.0,2055.0,1219.0,568.0,-384.0,-16080.0,852.0,-352.0,-32.0,-36.0,-252.0,477.0,32913.0,5519616.0,2314.0,2816.0,0.0
4104991000,0.010266863228834468,97400.73260073259,2289.0,2046.0,2057.0,1224.0,508.0,-352.0,-16008.0,875.0,-362.0,-43.0,-40.0,-253.0,479.0,32913.0,5519616.0,2528.0,2815.0,0.0
4105247000,0.010266863228834468,97400.73260073259,2292.0,2045.0,2055.0,1223.0,520.0,-372.0,-16056.0,865.0,-337.0,-20.0,-40.0,-253.0,479.0,32913.0,5519104.0,2586.0,2797.0,0.0
4105503000,0.010266863228834468,97400.73260073259,2304.0,2045.0,2054.0,1221.0,532.0,-328.0,-16128.0,876.0,-364.0,-30.0,-32.0,-247.0,474.0,32913.0,5519104.0,2398.0,2816.0,0.0
4105759000,0.010266863228834468,97400.73260073259,2181.0,2044.0,2053.0,1221.0,540.0,-332.0,-16092.0,884.0,-336.0,-30.0,-33.0,-254.0,475.0,32913.0,5519872.0,2312.0,2816.0,0.0
4106015000,0.010266863228834468,97400.73260073259,2314.0,2043.0,2055.0,1223.0,500.0,-296.0,-16008.0,872.0,-333.0,-32.0,-32.0,-252.0,473.0,32913.0,5519872.0,2527.0,2815.0,0.0
4106271000,0.010266657306751175,97402.68620268619,2245.0,2045.0,2054.0,1224.0,492.0,-312.0,-16024.0,867.0,-342.0,-28.0,-38.0,-249.0,475.0,32913.0,5519872.0,2586.0,2797.0,0.0
4106527000,0.010266863228834468,97400.73260073259,2337.0,2044.0,2053.0,1222.0,508.0,-288.0,-16064.0,894.0,-365.0,-23.0,-38.0,-249.0,475.0,32913.0,5519872.0,2398.0,2816.0,0.0
4106783000,0.010266657306751175,97402.68620268619,2187.0,2045.0,2053.0,1220.0,496.0,-352.0,-16088.0,860.0,-352.0,-34.0,-40.0,-252.0,482.0,32913.0,5519872.0,2319.0,2817.0,0.0
4107039000,0.010266657306751175,97402.68620268619,2234.0,2045.0,2054.0,1222.0,484.0,-348.0,-16056.0,875.0,-352.0,-37.0,-33.0,-254.0,476.0,32913.0,5519872.0,2485.0,2796.0,0.0
4107295000,0.010266863228834468,97400.73260073259,2206.0,2045.0,2056.0,1220.0,500.0,-328.0,-16076.0,882.0,-344.0,-12.0,-39.0,-251.0,472.0,32913.0,5519872.0,2566.0,2797.0,0.0
4107551000,0.010266657306751175,97402.68620268619,2293.0,2045.0,2057.0,1221.0,560.0,-372.0,-16092.0,883.0,-340.0,-31.0,-39.0,-251.0,472.0,32913.0,5519872.0,2644.0,2815.0,0.0
4107807000,0.010266863228834468,97400.73260073259,2419.0,2044.0,2055.0,1224.0,540.0,-348.0,-16016.0,852.0,-349.0,-23.0,-36.0,-254.0,472.0,32913.0,5519616.0,2431.0,2817.0,0.0
4108063000,0.010266863228834468,97400.73260073259,2251.0,2045.0,2057.0,1221.0,532.0,-320.0,-16080.0,880.0,-337.0,-17.0,-38.0,-253.0,475.0,32913.0,5519616.0,2328.0,2816.0,0.0
4108319000,0.010266863228834468,97400.73260073259,2275.0,2046.0,2056.0,1222.0,504.0,-360.0,-16056.0,872.0,-360.0,-23.0,-37.0,-258.0,471.0,32913.0,5519104.0,2496.0,2798.0,0.0
4108575000,0.010266863228834468,97400.73260073259,2324.0,2044.0,2056.0,1221.0,520.0,-356.0,-16084.0,880.0,-362.0,-12.0,-35.0,-253.0,469.0,32913.0,5519104.0,2610.0,2815.0,0.0
4108831000,0.010266863228834468,97400.73260073259,2326.0,2044.0,2055.0,1222.0,496.0,-364.0,-16112.0,883.0,-346.0,-42.0,-35.0,-253.0,469.0,32913.0,5519872.0,2623.0,2795.0,0.0
4109087000,0.010266863228834468,97400.73260073259,2407.0,2043.0,2053.0,1223.0,504.0,-320.0,-16092.0,891.0,-343.0,-34.0,-28.0,-256.0,483.0,32913.0,5519872.0,2415.0,2816.0,0.0
4109343000,0.010266863228834468,97400.73260073259,2235.0,2044.0,2056.0,1221.0,516.0,-320.0,-16048.0,879.0,-342.0,-29.0,-34.0,-254.0,479.0,32913.0,5520128.0,2320.0,2816.0,0.0
4109599000,0.010266657306751175,97402.68620268619,2265.0,2046.0,2053.0,1223.0,488.0,-296.0,-16060.0,874.0,-337.0,-18.0,-30.0,-248.0,476.0,32913.0,5520128.0,2277.0,2816.0,0.0
4109855000,0.010266863228834468,97400.73260073259,2274.0,2045.0,2053.0,1221.0,472.0,-308.0,-16060.0,850.0,-349.0,-18.0,-27.0,-250.0,479.0,32913.0,5519616.0,2471.0,2795.0,0.0
4110111000,0.010266657306751175,97402.68620268619,2255.0,2044.0,2055.0,1223.0,492.0,-352.0,-16108.0,886.0,-361.0,-9.0,-27.0,-250.0,479.0,32913.0,5519616.0,2599.0,2815.0,0.0
4110367000,0.010266863228834468,97400.73260073259,2340.0,2043.0,2057.0,1220.0,488.0,-328.0,-16052.0,877.0,-353.0,-29.0,-30.0,-249.0,472.0,32913.0,5520128.0,2626.0,2799.0,0.0
4110623000,0.010266863228834468,97400.73260073259,2390.0,2045.0,2055.0,1221.0,516.0,-336.0,-15996.0,879.0,-352.0,-28.0,-31.0,-256.0,470.0,32913.0,5520128.0,2417.0,2816.0,0.0
4110879000,0.010266657306751175,97402.68620268619,2215.0,2047.0,2055.0,1220.0,516.0,-364.0,-16056.0,863.0,-342.0,-34.0,-34.0,-249.0,474.0,32913.0,5519616.0,2321.0,2816.0,0.0
4111135000,0.010266863228834468,97400.73260073259,2359.0,2045.0,2058.0,1223.0,508.0,-344.0,-16068.0,872.0,-344.0,-23.0,-34.0,-249.0,474.0,32913.0,5519616.0,2531.0,2815.0,0.0
4111391000,0.010266657306751175,97402.68620268619,2293.0,2046.0,2058.0,1223.0,472.0,-364.0,-16104.0,883.0,-348.0,-29.0,-39.0,-257.0,474.0,32913.0,5519872.0,2594.0,2799.0,0.0
4111647000,0.010266863228834468,97400.73260073259,2344.0,2046.0,2056.0,1221.0,464.0,-360.0,-16084.0,875.0,-349.0,-29.0,-41.0,-261.0,480.0,32913.0,5519872.0,2402.0,2816.0,0.0
4111903000,0.010266863228834468,97400.73260073259,2209.0,2046.0,2056.0,1222.0,488.0,-364.0,-16024.0,872.0,-343.0,-30.0,-37.0,-253.0,474.0,32913.0,5519360.0,2314.0,2816.0,0.0
4112159000,0.010266657306751175,97402.68620268619,2287.0,2046.0,2055.0,1224.0,512.0,-364.0,-16100.0,881.0,-366.0,-23.0,-33.0,-252.0,475.0,32913.0,5519360.0,2528.0,2815.0,0.0
4112415000,0.010266863228834468,97400.73260073259,2295.0,2044.0,2055.0,1220.0,476.0,-336.0,-16192.0,875.0,-320.0,-24.0,-33.0,-252.0,475.0,32913.0,5519872.0,2587.0,2798.0,0.0
4112671000,0.010266863228834468,97400.73260073259,2315.0,2044.0,2055.0,1225.0,500.0,-340.0,-16088.0,880.0,-351.0,-17.0,-36.0,-253.0,473.0,32913.0,5519872.0,2398.0,2816.0,0.0
4112927000,0.010266657306751175,97402.68620268619,2174.0,2044.0,2055.0,1223.0,460.0,-336.0,-16136.0,848.0,-334.0,0.0,-35.0,-251.0,473.0,32913.0,5519616.0,2312.0,2816.0,0.0
4113183000,0.010266863228834468,97400.73260073259,2259.0,2045.0,2054.0,1223.0,488.0,-304.0,-16076.0,890.0,-349.0,-19.0,-30.0,-249.0,474.0,32913.0,5519616.0,2273.0,2816.0,0.0
4113439000,0.010266657306751175,97402.68620268619,2222.0,2043.0,2054.0,1221.0,456.0,-368.0,-16152.0,874.0,-326.0,-20.0,-49.0,-253.0,476.0,32913.0,5519872.0,2477.0,2799.0,0.0
4113695000,0.010266863228834468,97400.73260073259,2229.0,2044.0,2055.0,1223.0,520.0,-356.0,-16176.0,855.0,-342.0,-21.0,-49.0,-253.0,476.0,32913.0,5519872.0,2347.0,2816.0,0.0
4113951000,0.010266863228834468,97400.73260073259,2290.0,2045.0,2054.0,1225.0,488.0,-300.0,-16040.0,865.0,-346.0,-27.0,-28.0,-252.0,469.0,32913.0,5519616.0,2290.0,2816.0,0.0
4114207000,0.010266863228834468,97400.73260073259,2277.0,2045.0,2055.0,1222.0,500.0,-348.0,-16044.0,870.0,-342.0,-13.0,-30.0,-250.0,476.0,32913.0,5519616.0,2263.0,2816.0,0.0
4114463000,0.010266863228834468,97400.73260073259,2266.0,2046.0,2055.0,1222.0,464.0,-352.0,-16128.0,874.0,-347.0,-23.0,-29.0,-256.0,480.0,32913.0,5520384.0,2466.0,2798.0,0.0
4114719000,0.010266657306751175,97402.68620268619,2240.0,2045.0,2055.0,1224.0,472.0,-328.0,-16112.0,881.0,-341.0,-45.0,-29.0,-255.0,477.0,32913.0,5520384.0,2597.0,2815.0,0.0
4114975000,0.010266863228834468,97400.73260073259,2336.0,2046.0,2057.0,1224.0,472.0,-332.0,-16104.0,860.0,-337.0,-30.0,-29.0,-255.0,477.0,32913.0,5519360.0,2403.0,2816.0,0.0
4115231000,0.010266863228834468,97400.73260073259,2196.0,2046.0,2056.0,1225.0,480.0,-356.0,-16048.0,881.0,-336.0,-22.0,-27.0,-252.0,474.0,32913.0,5519360.0,2315.0,2816.0,0.0
4115487000,0.010266657306751175,97402.68620268619,2236.0,2045.0,2055.0,1222.0,496.0,-300.0,-16060.0,879.0,-347.0,-25.0,-41.0,-254.0,475.0,32913.0,5519616.0,2496.0,2799.0,0.0
4115743000,0.010266863228834468,97400.73260073259,2250.0,2046.0,2056.0,1221.0,452.0,-284.0,-16076.0,867.0,-334.0,-29.0,-29.0,-251.0,476.0,32913.0,5519616.0,2356.0,2816.0,0.0
4115999000,0.010266657306751175,97402.68620268619,2287.0,2045.0,2054.0,1221.0,468.0,-308.0,-16148.0,877.0,-363.0,-23.0,-29.0,-251.0,476.0,32913.0,5519872.0,2293.0,2816.0,0.0
4116255000,0.010266863228834468,97400.73260073259,2358.0,2044.0,2054.0,1221.0,456.0,-320.0,-16120.0,884.0,-361.0,-28.0,-38.0,-258.0,476.0,32913.0,5519872.0,2518.0,2815.0,0.0
4116511000,0.010266863228834468,97400.73260073259,2298.0,2044.0,2052.0,1222.0,456.0,-296.0,-16088.0,884.0,-361.0,-28.0,-41.0,-255.0,474.0,32913.0,5520128.0,2582.0,2798.0,0.0
4116767000,0.010266657306751175,97402.68620268619,2300.0,2045.0,2052.0,1223.0,468.0,-348.0,-16036.0,885.0,-358.0,-2.0,-36.0,-255.0,473.0,32913.0,5520128.0,2396.0,2816.0,0.0
4117023000,0.010266863228834468,97400.73260073259,2258.0,2046.0,2055.0,1225.0,496.0,-296.0,-16044.0,865.0,-335.0,-16.0,-41.0,-252.0,479.0,32913.0,5520640.0,2566.0,2815.0,0.0
4117279000,0.010266863228834468,97400.73260073259,2335.0,2046.0,2054.0,1223.0,488.0,-352.0,-16132.0,884.0,-347.0,-21.0,-41.0,-252.0,479.0,32913.0,5520640.0,2643.0,2815.0,0.0
4117535000,0.010266657306751175,97402.68620268619,2411.0,2046.0,2053.0,1224.0,468.0,-352.0,-16076.0,870.0,-335.0,-22.0,-38.0,-250.0,481.0,32913.0,5519360.0,2647.0,2799.0,0.0
4117791000,0.010266863228834468,97400.73260073259,2454.0,2044.0,2057.0,1223.0,464.0,-324.0,-16104.0,876.0,-355.0,-22.0,-36.0,-251.0,482.0,32913.0,5519360.0,2426.0,2816.0,0.0
4118047000,0.010266657306751175,97402.68620268619,2251.0,2045.0,2056.0,1222.0,428.0,-300.0,-16076.0,853.0,-347.0,-19.0,-33.0,-259.0,482.0,32913.0,5519616.0,2325.0,2816.0,0.0
4118303000,0.010266863228834468,97400.73260073259,2380.0,2046.0,2056.0,1220.0,476.0,-312.0,-16084.0,879.0,-354.0,-17.0,-34.0,-254.0,471.0,32913.0,5519616.0,2533.0,2815.0,0.0
4118559000,0.010266863228834468,97400.73260073259,2318.0,2046.0,2056.0,1222.0,500.0,-368.0,-16088.0,879.0,-365.0,-9.0,-34.0,-254.0,471.0,32913.0,5520128.0,2595.0,2799.0,0.0
4118815000,0.010266863228834468,97400.73260073259,2349.0,2045.0,2054.0,1224.0,484.0,-392.0,-16040.0,870.0,-365.0,-14.0,-34.0,-248.0,475.0,32913.0,5520128.0,2403.0,2816.0,0.0
4119071000,0.010266863228834468,97400.73260073259,2237.0,2045.0,2054.0,1222.0,484.0,-340.0,-16048.0,855.0,-359.0,-33.0,-30.0,-254.0,472.0,32913.0,5519616.0,2321.0,2817.0,0.0
4119327000,0.010266657306751175,97402.68620268619,2313.0,2046.0,2054.0,1222.0,472.0,-324.0,-16072.0,865.0,-344.0,-41.0,-38.0,-253.0,481.0,32913.0,5519616.0,2531.0,2815.0,0.0
4119583000,0.010266863228834468,97400.73260073259,2299.0,2046.0,2055.0,1224.0,424.0,-272.0,-16128.0,867.0,-360.0,-14.0,-38.0,-253.0,481.0,32913.0,5519872.0,2588.0,2798.0,0.0
4119839000,0.010266657306751175,97402.68620268619,2389.0,2044.0,2054.0,1222.0,464.0,-336.0,-16136.0,879.0,-349.0,-37.0,-35.0,-250.0,477.0,32913.0,5519872.0,2654.0,2815.0,0.0
4120095000,0.010266863228834468,97400.73260073259,2420.0,2045.0,2054.0,1223.0,464.0,-320.0,-16080.0,852.0,-356.0,-26.0,-37.0,-250.0,478.0,32913.0,5519872.0,2430.0,2816.0,0.0
4120351000,0.010266863228834468,97400.73260073259,2350.0,2045.0,2055.0,1224.0,444.0,-304.0,-16096.0,872.0,-345.0,-37.0,-40.0,-254.0,479.0,32913.0,5519872.0,2581.0,2815.0,0.0
4120607000,0.010266863228834468,97400.73260073259,2329.0,2045.0,2056.0,1222.0,448.0,-296.0,-16076.0,889.0,-350.0,-20.0,-31.0,-252.0,475.0,32913.0,5519360.0,2618.0,2799.0,0.0
4120863000,0.010266657306751175,97402.68620268619,2453.0,2045.0,2054.0,1222.0,452.0,-328.0,-16152.0,858.0,-357.0,-16.0,-31.0,-252.0,475.0,32913.0,5519360.0,2667.0,2815.0,0.0
4121119000,0.010266863228834468,97400.73260073259,2291.0,2046.0,2055.0,1221.0,472.0,-328.0,-16076.0,865.0,-352.0,-34.0,-39.0,-253.0,478.0,32913.0,5519616.0,2442.0,2817.0,0.0
4121375000,0.010266657306751175,97402.68620268619,2187.0,2044.0,2054.0,1222.0,440.0,-336.0,-16080.0,879.0,-349.0,0.0,-34.0,-252.0,472.0,32913.0,5519616.0,2333.0,2816.0,0.0
4121631000,0.010266863228834468,97400.73260073259,2293.0,2045.0,2055.0,1224.0,460.0,-352.0,-16096.0,856.0,-351.0,-25.0,-36.0,-252.0,478.0,32913.0,5520128.0,2504.0,2799.0,0.0
4121887000,0.010266657306751175,97402.68620268619,2300.0,2045.0,2055.0,1223.0,464.0,-316.0,-16064.0,861.0,-357.0,-31.0,-38.0,-256.0,477.0,32913.0,5520128.0,2615.0,2815.0,0.0
4122143000,0.010266863228834468,97400.73260073259,2366.0,2045.0,2053.0,1224.0,460.0,-348.0,-16076.0,866.0,-362.0,-23.0,-38.0,-256.0,477.0,32913.0,5519872.0,2411.0,2816.0,0.0
4122399000,0.010266863228834468,97400.73260073259,2230.0,2045.0,2054.0,1220.0,480.0,-316.0,-16096.0,862.0,-336.0,-24.0,-40.0,-253.0,476.0,32913.0,5519872.0,2318.0,2816.0,0.0
4122655000,0.010266657306751175,97402.68620268619,2251.0,2044.0,2055.0,1220.0,492.0,-368.0,-16080.0,880.0,-349.0,-19.0,-36.0,-258.0,485.0,32913.0,5519616.0,2498.0,2799.0,0.0
4122911000,0.010266863228834468,97400.73260073259,2265.0,2043.0,2056.0,1220.0,452.0,-324.0,-16084.0,866.0,-365.0,-16.0,-32.0,-258.0,482.0,32913.0,5519616.0,2357.0,2816.0,0.0
4123167000,0.010266863228834468,97400.73260073259,2365.0,2044.0,2055.0,1224.0,464.0,-344.0,-16076.0,868.0,-326.0,-32.0,-30.0,-255.0,477.0,32913.0,5519360.0,2547.0,2815.0,0.0
4123423000,0.010266657306751175,97402.68620268619,2401.0,2045.0,2055.0,1222.0,484.0,-308.0,-16056.0,856.0,-355.0,-29.0,-30.0,-255.0,477.0,32913.0,5519360.0,2635.0,2815.0,0.0
4123679000,0.010266863228834468,97400.73260073259,2452.0,2044.0,2055.0,1224.0,500.0,-348.0,-16112.0,870.0,-327.0,-31.0,-33.0,-255.0,477.0,32913.0,5519104.0,2643.0,2799.0,0.0
4123935000,0.010266657306751175,97402.68620268619,2432.0,2044.0,2055.0,1223.0,452.0,-352.0,-16052.0,881.0,-350.0,-22.0,-28.0,-247.0,476.0,32913.0,5519104.0,2425.0,2816.0,0.0
4124191000,0.010266657306751175,97402.68620268619,2297.0,2045.0,2054.0,1222.0,472.0,-360.0,-16104.0,871.0,-330.0,-21.0,-42.0,-253.0,473.0,32913.0,5519616.0,2325.0,2816.0,0.0
4124447000,0.010266863228834468,97400.73260073259,2359.0,2045.0,2056.0,1220.0,424.0,-292.0,-16064.0,867.0,-351.0,-35.0,-42.0,-253.0,473.0,32913.0,5519616.0,2532.0,2815.0,0.0
4124703000,0.010266657306751175,97402.68620268619,2291.0,2045.0,2055.0,1221.0,476.0,-344.0,-16100.0,866.0,-345.0,-35.0,-34.0,-255.0,476.0,32913.0,5519872.0,2588.0,2797.0,0.0
4124959000,0.010266863228834468,97400.73260073259,2359.0,2045.0,2056.0,1224.0,516.0,-340.0,-16040.0,878.0,-372.0,-31.0,-41.0,-257.0,477.0,32913.0,5519872.0,2399.0,2816.0,0.0
4125215000,0.010266657306751175,97402.68620268619,2175.0,2044.0,2055.0,1221.0,492.0,-308.0,-16068.0,860.0,-349.0,-18.0,-40.0,-252.0,478.0,32913.0,5519872.0,2313.0,2816.0,0.0
4125471000,0.010266863228834468,97400.73260073259,2325.0,2045.0,2053.0,1223.0,448.0,-320.0,-16068.0,886.0,-349.0,-40.0,-40.0,-247.0,477.0,32913.0,5519872.0,2527.0,2815.0,0.0
4125727000,0.010266657306751175,97402.68620268619,2281.0,2045.0,2054.0,1222.0,456.0,-328.0,-16052.0,864.0,-343.0,-26.0,-40.0,-247.0,477.0,32913.0,5519360.0,2587.0,2798.0,0.0
4125983000,0.010266657306751175,97402.68620268619,2312.0,2046.0,2055.0,1222.0,476.0,-324.0,-16088.0,879.0,-335.0,-23.0,-45.0,-257.0,478.0,32913.0,5519360.0,2399.0,2816.0,0.0
4126239000,0.010266863228834468,97400.73260073259,2209.0,2045.0,2054.0,1222.0,492.0,-360.0,-16080.0,870.0,-331.0,-30.0,-34.0,-253.0,473.0,32913.0,5519872.0,2313.0,2816.0,0.0
4126495000,0.010266657306751175,97402.68620268619,2233.0,2044.0,2055.0,1221.0,476.0,-320.0,-16080.0,869.0,-348.0,-25.0,-39.0,-249.0,476.0,32913.0,5519872.0,2273.0,2816.0,0.0
4126751000,0.010266863228834468,97400.73260073259,2236.0,2047.0,2056.0,1221.0,444.0,-312.0,-16056.0,870.0,-374.0,-30.0,-38.0,-253.0,471.0,32913.0,5519360.0,2470.0,2797.0,0.0
4127007000,0.010266863228834468,97400.73260073259,2204.0,2047.0,2056.0,1223.0,480.0,-312.0,-16052.0,866.0,-335.0,-24.0,-38.0,-253.0,471.0,32913.0,5519360.0,2344.0,2816.0,0.0
4127263000,0.010266657306751175,97402.68620268619,2254.0,2045.0,2056.0,1221.0,500.0,-372.0,-16112.0,870.0,-361.0,-17.0,-48.0,-255.0,472.0,32913.0,5519616.0,2288.0,2816.0,0.0
4127519000,0.010266863228834468,97400.73260073259,2295.0,2045.0,2055.0,1221.0,472.0,-364.0,-16096.0,866.0,-360.0,-43.0,-51.0,-257.0,475.0,32913.0,5519616.0,2262.0,2816.0,0.0
4127775000,0.010266657306751175,97402.68620268619,2237.0,2046.0,2055.0,1222.0,480.0,-384.0,-16084.0,873.0,-354.0,-41.0,-32.0,-254.0,475.0,32913.0,5519872.0,2472.0,2799.0,0.0
4128031000,0.010266657306751175,97402.68620268619,2267.0,2045.0,2055.0,1222.0,496.0,-360.0,-16088.0,876.0,-362.0,-10.0,-32.0,-254.0,475.0,32913.0,5519872.0,2599.0,2815.0,0.0
4128287000,0.010266657306751175,97402.68620268619,2337.0,2044.0,2055.0,1221.0,492.0,-296.0,-16108.0,875.0,-333.0,-30.0,-52.0,-252.0,478.0,32913.0,5519616.0,2404.0,2816.0,0.0
4128543000,0.010266657306751175,97402.68620268619,2225.0,2045.0,2054.0,1222.0,496.0,-360.0,-16060.0,872.0,-337.0,-35.0,-27.0,-251.0,474.0,32913.0,5519616.0,2569.0,2815.0,0.0
4128799000,0.010266863228834468,97400.73260073259,2306.0,2046.0,2055.0,1223.0,452.0,-316.0,-16096.0,869.0,-369.0,-37.0,-31.0,-251.0,473.0,32913.0,5519360.0,2612.0,2799.0,0.0
4129055000,0.010266657306751175,97402.68620268619,2403.0,2043.0,2053.0,1222.0,488.0,-360.0,-16080.0,888.0,-353.0,-36.0,-40.0,-251.0,479.0,32913.0,5519360.0,2665.0,2815.0,0.0
4129311000,0.010266657306751175,97402.68620268619,2436.0,2044.0,2056.0,1221.0,496.0,-324.0,-16104.0,877.0,-338.0,-19.0,-40.0,-251.0,479.0,32913.0,5519360.0,2649.0,2795.0,0.0
4129567000,0.010266863228834468,97400.73260073259,2538.0,2044.0,2054.0,1223.0,472.0,-336.0,-16104.0,888.0,-350.0,-23.0,-31.0,-248.0,479.0,32913.0,5519360.0,2682.0,2815.0,0.0
4129823000,0.010266657306751175,97402.68620268619,2515.0,2045.0,2054.0,1223.0,492.0,-304.0,-16064.0,868.0,-329.0,-6.0,-37.0,-255.0,475.0,32913.0,5519616.0,2665.0,2799.0,0.0
4130079000,0.010266863228834468,97400.73260073259,2336.0,2045.0,2057.0,1223.0,516.0,-320.0,-16060.0,873.0,-362.0,-17.0,-39.0,-250.0,475.0,32913.0,5519616.0,2435.0,2816.0,0.0
4130335000,0.010266863228834468,97400.73260073259,2277.0,2045.0,2057.0,1222.0,536.0,-388.0,-16112.0,871.0,-340.0,-45.0,-36.0,-249.0,475.0,32913.0,5519872.0,2583.0,2815.0,0.0
4130591000,0.010266657306751175,97402.68620268619,2306.0,2044.0,2056.0,1222.0,468.0,-368.0,-16124.0,878.0,-346.0,-32.0,-36.0,-249.0,475.0,32913.0,5519872.0,2397.0,2816.0,0.0
4130847000,0.010266863228834468,97400.73260073259,2410.0,2046.0,2055.0,1221.0,520.0,-360.0,-16084.0,875.0,-362.0,-21.0,-35.0,-256.0,475.0,32913.0,5519360.0,2534.0,2799.0,0.0
4131103000,0.010266863228834468,97400.73260073259,2323.0,2045.0,2055.0,1221.0,520.0,-336.0,-16056.0,877.0,-341.0,-25.0,-38.0,-251.0,478.0,32913.0,5519360.0,2374.0,2816.0,0.0
4131359000,0.010266863228834468,97400.73260073259,2387.0,2045.0,2055.0,1222.0,492.0,-340.0,-16072.0,872.0,-356.0,-11.0,-42.0,-254.0,472.0,32913.0,5519616.0,2301.0,2816.0,0.0
4131615000,0.010266863228834468,97400.73260073259,2403.0,2044.0,2054.0,1223.0,496.0,-332.0,-16136.0,864.0,-353.0,-33.0,-38.0,-246.0,476.0,32913.0,5519616.0,2521.0,2815.0,0.0
4131871000,0.010266657306751175,97402.68620268619,2316.0,2044.0,2055.0,1221.0,476.0,-316.0,-16116.0,879.0,-348.0,-27.0,-38.0,-246.0,476.0,32913.0,5519360.0,2591.0,2799.0,0.0
4132127000,0.010266863228834468,97400.73260073259,2374.0,2044.0,2054.0,1222.0,508.0,-344.0,-16108.0,868.0,-352.0,-26.0,-37.0,-247.0,475.0,32913.0,5519360.0,2400.0,2816.0,0.0
4132383000,0.010266863228834468,97400.73260073259,2189.0,2045.0,2054.0,1222.0,472.0,-328.0,-16084.0,879.0,-358.0,-5.0,-35.0,-253.0,474.0,32913.0,5520128.0,2313.0,2816.0,0.0
4132639000,0.010266863228834468,97400.73260073259,2319.0,2045.0,2054.0,1225.0,504.0,-324.0,-16064.0,877.0,-349.0,-32.0,-33.0,-253.0,478.0,32913.0,5520128.0,2527.0,2815.0,0.0
4132895000,0.010266863228834468,97400.73260073259,2291.0,2046.0,2055.0,1223.0,500.0,-332.0,-16084.0,871.0,-355.0,-21.0,-33.0,-253.0,478.0,32913.0,5519360.0,2587.0,2798.0,0.0
4133151000,0.010266863228834468,97400.73260073259,2307.0,2044.0,2054.0,1221.0,476.0,-336.0,-16144.0,879.0,-349.0,-28.0,-33.0,-247.0,480.0,32913.0,5519360.0,2399.0,2816.0,0.0
4133407000,0.010266863228834468,97400.73260073259,2393.0,2044.0,2054.0,1221.0,464.0,-328.0,-16080.0,879.0,-349.0,-28.0,-34.0,-253.0,473.0,32918.0,5519360.0,2521.0,2796.0,0.0
4133663000,0.010266863228834468,97400.73260073259,2310.0,2047.0,2054.0,1223.0,492.0,-308.0,-16000.0,870.0,-350.0,-37.0,-27.0,-257.0,481.0,32918.0,5519360.0,2368.0,2816.0,0.0
4133919000,0.010266657306751175,97402.68620268619,2356.0,2045.0,2055.0,1223.0,504.0,-316.0,-16088.0,862.0,-355.0,-29.0,-42.0,-254.0,476.0,32918.0,5519872.0,2515.0,2798.0,0.0
4134175000,0.010266863228834468,97400.73260073259,2322.0,2045.0,2056.0,1222.0,468.0,-372.0,-16072.0,870.0,-356.0,-31.0,-42.0,-254.0,476.0,32918.0,5519872.0,2365.0,2816.0,0.0
4134431000,0.010266863228834468,97400.73260073259,2332.0,2045.0,2054.0,1220.0,504.0,-356.0,-16024.0,874.0,-363.0,-29.0,-35.0,-253.0,478.0,32918.0,5519872.0,2297.0,2816.0,0.0
4134687000,0.010266863228834468,97400.73260073259,2342.0,2046.0,2056.0,1223.0,448.0,-348.0,-16068.0,890.0,-344.0,-33.0,-35.0,-253.0,471.0,32918.0,5519872.0,2266.0,2816.0,0.0
4134943000,0.010266657306751175,97402.68620268619,2281.0,2046.0,2055.0,1224.0,500.0,-360.0,-16068.0,873.0,-358.0,-28.0,-36.0,-247.0,475.0,32918.0,5519360.0,2474.0,2799.0,0.0
4135199000,0.010266657306751175,97402.68620268619,2276.0,2044.0,2056.0,1223.0,516.0,-336.0,-16120.0,887.0,-344.0,-21.0,-33.0,-252.0,477.0,32918.0,5519360.0,2601.0,2815.0,0.0
4135455000,0.010266863228834468,97400.73260073259,2352.0,2044.0,2056.0,1225.0,464.0,-356.0,-16076.0,857.0,-340.0,-18.0,-33.0,-252.0,477.0,32918.0,5519104.0,2404.0,2816.0,0.0
4135711000,0.010266863228834468,97400.73260073259,2180.0,2045.0,2053.0,1222.0,492.0,-320.0,-16028.0,868.0,-348.0,-19.0,-38.0,-256.0,475.0,32918.0,5519104.0,2315.0,2816.0,0.0
4135967000,0.010266657306751175,97402.68620268619,2244.0,2046.0,2055.0,1221.0,504.0,-332.0,-16060.0,890.0,-357.0,-23.0,-38.0,-255.0,477.0,32918.0,5519360.0,2484.0,2798.0,0.0
4136223000,0.010266863228834468,97400.73260073259,2211.0,2045.0,2055.0,1223.0,504.0,-344.0,-16104.0,865.0,-366.0,-23.0,-40.0,-251.0,473.0,32918.0,5519360.0,2350.0,2816.0,0.0
4136479000,0.010266657306751175,97402.68620268619,2275.0,2045.0,2056.0,1224.0,468.0,-320.0,-16088.0,871.0,-326.0,-24.0,-40.0,-251.0,473.0,32918.0,5519360.0,2291.0,2816.0,0.0
4136735000,0.010266863228834468,97400.73260073259,2366.0,2045.0,2055.0,1222.0,528.0,-312.0,-16072.0,871.0,-335.0,-30.0,-55.0,-248.0,472.0,32918.0,5519360.0,2517.0,2815.0,0.0
4136991000,0.010266863228834468,97400.73260073259,2268.0,2046.0,2055.0,1223.0,492.0,-340.0,-16056.0,875.0,-336.0,-24.0,-29.0,-253.0,478.0,32918.0,5519360.0,2582.0,2798.0,0.0
4137247000,0.010266863228834468,97400.73260073259,2325.0,2044.0,2055.0,1222.0,532.0,-352.0,-16064.0,884.0,-334.0,-18.0,-58.0,-244.0,473.0,32918.0,5519360.0,2396.0,2816.0,0.0
4137503000,0.010266863228834468,97400.73260073259,2190.0,2045.0,2055.0,1222.0,516.0,-336.0,-16048.0,864.0,-357.0,-21.0,-33.0,-254.0,475.0,32918.0,5519360.0,2311.0,2816.0,0.0
4137759000,0.010266863228834468,97400.73260073259,2280.0,2046.0,2056.0,1222.0,516.0,-348.0,-16080.0,852.0,-351.0,-20.0,-33.0,-254.0,475.0,32918.0,5519360.0,2526.0,2815.0,0.0
4138015000,0.010266863228834468,97400.73260073259,2306.0,2044.0,2056.0,1220.0,500.0,-376.0,-16080.0,854.0,-351.0,-27.0,-35.0,-253.0,473.0,32918.0,5519872.0,2370.0,2816.0,0.0
4138271000,0.010266863228834468,97400.73260073259,2330.0,2046.0,2054.0,1223.0,484.0,-372.0,-16072.0,880.0,-347.0,-28.0,-33.0,-249.0,474.0,32918.0,5519872.0,2300.0,2816.0,0.0
4138527000,0.010266657306751175,97402.68620268619,2324.0,2045.0,2055.0,1223.0,544.0,-376.0,-16080.0,857.0,-352.0,-27.0,-27.0,-248.0,474.0,32918.0,5519616.0,2267.0,2816.0,0.0
4138783000,0.010266863228834468,97400.73260073259,2356.0,2045.0,2055.0,1222.0,520.0,-312.0,-16072.0,878.0,-337.0,-18.0,-41.0,-253.0,471.0,32918.0,5519616.0,2506.0,2815.0,0.0
4139039000,0.010266657306751175,97402.68620268619,2250.0,2044.0,2054.0,1223.0,524.0,-324.0,-16072.0,870.0,-346.0,-23.0,-41.0,-253.0,471.0,32918.0,5519616.0,2577.0,2798.0,0.0
4139295000,0.010266863228834468,97400.73260073259,2332.0,2044.0,2054.0,1221.0,508.0,-348.0,-16048.0,875.0,-374.0,-38.0,-31.0,-253.0,477.0,32918.0,5519616.0,2394.0,2816.0,0.0
4139551000,0.010266863228834468,97400.73260073259,2183.0,2045.0,2054.0,1222.0,484.0,-324.0,-16052.0,891.0,-343.0,-18.0,-34.0,-252.0,477.0,32918.0,5519360.0,2317.0,2817.0,0.0
4139807000,0.010266863228834468,97400.73260073259,2219.0,2044.0,2056.0,1220.0,488.0,-300.0,-16056.0,880.0,-353.0,-36.0,-38.0,-251.0,476.0,32918.0,5519360.0,2484.0,2796.0,0.0
4140063000,0.010266863228834468,97400.73260073259,2207.0,2045.0,2054.0,1220.0,528.0,-300.0,-16076.0,862.0,-358.0,-35.0,-43.0,-256.0,473.0,32918.0,5519872.0,2567.0,2798.0,0.0
4140319000,0.010266863228834468,97400.73260073259,2240.0,2046.0,2055.0,1223.0,524.0,-380.0,-16028.0,870.0,-361.0,-18.0,-43.0,-256.0,473.0,32918.0,5519872.0,2389.0,2816.0,0.0
4140575000,0.010266863228834468,97400.73260073259,2175.0,2046.0,2056.0,1221.0,500.0,-376.0,-16028.0,847.0,-337.0,-22.0,-41.0,-253.0,478.0,32918.0,5519872.0,2315.0,2817.0,0.0
4140831000,0.010266863228834468,97400.73260073259,2289.0,2044.0,2055.0,1222.0,520.0,-392.0,-16096.0,890.0,-353.0,-31.0,-39.0,-260.0,480.0,32918.0,5519872.0,2528.0,2815.0,0.0
4141087000,0.010266863228834468,97400.73260073259,2247.0,2045.0,2055.0,1221.0,508.0,-348.0,-16104.0,884.0,-360.0,-16.0,-39.0,-253.0,474.0,32918.0,5519360.0,2586.0,2797.0,0.0
4141343000,0.010266863228834468,97400.73260073259,2391.0,2046.0,2057.0,1223.0,508.0,-372.0,-16076.0,886.0,-351.0,-24.0,-39.0,-253.0,474.0,32918.0,5519360.0,2653.0,2815.0,0.0
4141599000,0.010266657306751175,97402.68620268619,2407.0,2046.0,2055.0,1223.0,508.0,-308.0,-16032.0,887.0,-356.0,-17.0,-39.0,-253.0,479.0,32918.0,5519616.0,2429.0,2816.0,0.0
4141855000,0.010266657306751175,97402.68620268619,2282.0,2045.0,2055.0,1222.0,536.0,-340.0,-16056.0,882.0,-356.0,-32.0,-33.0,-247.0,472.0,32918.0,5519616.0,2327.0,2816.0,0.0
4142111000,0.010266863228834468,97400.73260073259,2313.0,2045.0,2055.0,1222.0,508.0,-340.0,-16096.0,858.0,-355.0,-20.0,-33.0,-252.0,473.0,32918.0,5519872.0,2502.0,2799.0,0.0
4142367000,0.010266657306751175,97402.68620268619,2308.0,2044.0,2056.0,1223.0,492.0,-308.0,-16068.0,872.0,-338.0,-23.0,-34.0,-254.0,476.0,32918.0,5519872.0,2613.0,2815.0,0.0
4142623000,0.010266863228834468,97400.73260073259,2387.0,2045.0,2055.0,1223.0,464.0,-280.0,-16096.0,873.0,-363.0,-22.0,-34.0,-254.0,476.0,32918.0,5519360.0,2410.0,2816.0,0.0
4142879000,0.010266863228834468,97400.73260073259,2206.0,2043.0,2055.0,1221.0,488.0,-340.0,-16044.0,879.0,-343.0,-33.0,-49.0,-249.0,474.0,32918.0,5519360.0,2318.0,2816.0,0.0
4143135000,0.010266863228834468,97400.73260073259,2276.0,2046.0,2054.0,1223.0,464.0,-348.0,-16036.0,870.0,-358.0,-45.0,-33.0,-247.0,467.0,32918.0,5519360.0,2498.0,2799.0,0.0
4143391000,0.010266863228834468,97400.73260073259,2316.0,2044.0,2055.0,1221.0,528.0,-348.0,-16056.0,858.0,-356.0,-30.0,-35.0,-250.0,468.0,32918.0,5519360.0,2611.0,2815.0,0.0
4143647000,0.010266657306751175,97402.68620268619,2333.0,2044.0,2055.0,1219.0,512.0,-340.0,-16088.0,862.0,-363.0,-42.0,-39.0,-244.0,478.0,32918.0,5519872.0,2409.0,2816.0,0.0
4143903000,0.010266863228834468,97400.73260073259,2421.0,2044.0,2055.0,1223.0,484.0,-348.0,-16076.0,876.0,-343.0,-28.0,-39.0,-244.0,478.0,32918.0,5519872.0,2532.0,2795.0,0.0
4144159000,0.010266863228834468,97400.73260073259,2335.0,2046.0,2055.0,1222.0,500.0,-372.0,-16056.0,877.0,-350.0,-37.0,-43.0,-255.0,478.0,32918.0,5519360.0,2595.0,2799.0,0.0
4144415000,0.010266657306751175,97402.68620268619,2367.0,2045.0,2056.0,1222.0,536.0,-316.0,-16052.0,872.0,-354.0,-35.0,-36.0,-253.0,479.0,32918.0,5519360.0,2403.0,2816.0,0.0
4144671000,0.010266863228834468,97400.73260073259,2226.0,2046.0,2057.0,1222.0,532.0,-360.0,-16044.0,897.0,-347.0,-39.0,-41.0,-250.0,475.0,32918.0,5519104.0,2314.0,2816.0,0.0
4144927000,0.010266657306751175,97402.68620268619,2294.0,2045.0,2055.0,1222.0,536.0,-392.0,-16064.0,876.0,-332.0,-10.0,-44.0,-246.0,472.0,32918.0,5519104.0,2528.0,2815.0,0.0
4145183000,0.010266863228834468,97400.73260073259,2299.0,2044.0,2056.0,1222.0,512.0,-344.0,-16080.0,868.0,-350.0,-27.0,-44.0,-246.0,472.0,32918.0,5519360.0,2587.0,2798.0,0.0
4145439000,0.010266863228834468,97400.73260073259,2322.0,2044.0,2057.0,1222.0,504.0,-332.0,-16072.0,892.0,-346.0,-30.0,-39.0,-256.0,478.0,32918.0,5519360.0,2398.0,2816.0,0.0
4145695000,0.010266863228834468,97400.73260073259,2175.0,2045.0,2055.0,1223.0,488.0,-356.0,-16064.0,863.0,-349.0,-20.0,-40.0,-246.0,477.0,32918.0,5519872.0,2313.0,2816.0,0.0
4145951000,0.010266863228834468,97400.73260073259,2326.0,2045.0,2054.0,1222.0,484.0,-344.0,-16072.0,864.0,-337.0,-47.0,-39.0,-250.0,473.0,32918.0,5519872.0,2527.0,2815.0,0.0
4146207000,0.010266657306751175,97402.68620268619,2255.0,2044.0,2054.0,1224.0,504.0,-356.0,-16048.0,871.0,-340.0,-21.0,-39.0,-250.0,473.0,32918.0,5519360.0,2587.0,2798.0,0.0
4146463000,0.010266863228834468,97400.73260073259,2340.0,2047.0,2056.0,1219.0,496.0,-300.0,-16096.0,877.0,-367.0,-28.0,-52.0,-248.0,479.0,32918.0,5519360.0,2399.0,2816.0,0.0
4146719000,0.010266863228834468,97400.73260073259,2204.0,2044.0,2055.0,1222.0,508.0,-332.0,-16124.0,850.0,-359.0,-20.0,-32.0,-246.0,478.0,32918.0,5519104.0,2319.0,2817.0,0.0
4146975000,0.010266657306751175,97402.68620268619,2242.0,2044.0,2055.0,1224.0,520.0,-352.0,-16072.0,876.0,-358.0,-28.0,-30.0,-249.0,478.0,32918.0,5519104.0,2276.0,2816.0,0.0
4147231000,0.010266863228834468,97400.73260073259,2259.0,2045.0,2055.0,1224.0,532.0,-352.0,-16048.0,878.0,-349.0,-26.0,-55.0,-249.0,472.0,32918.0,5519104.0,2472.0,2798.0,0.0
4147487000,0.010266863228834468,97400.73260073259,2186.0,2045.0,2053.0,1224.0,504.0,-352.0,-16020.0,876.0,-357.0,-32.0,-55.0,-249.0,472.0,32918.0,5519104.0,2345.0,2816.0,0.0
4147743000,0.010266657306751175,97402.68620268619,2303.0,2044.0,2055.0,1223.0,536.0,-340.0,-16104.0,876.0,-352.0,-34.0,-31.0,-254.0,474.0,32918.0,5519360.0,2295.0,2817.0,0.0
4147999000,0.010266863228834468,97400.73260073259,2362.0,2045.0,2055.0,1222.0,520.0,-352.0,-16056.0,885.0,-339.0,-18.0,-34.0,-251.0,474.0,32918.0,5519360.0,2519.0,2815.0,0.0
4148255000,0.010266657306751175,97402.68620268619,2283.0,2045.0,2055.0,1223.0,476.0,-340.0,-16064.0,869.0,-334.0,-25.0,-29.0,-248.0,474.0,32918.0,5519616.0,2589.0,2799.0,0.0
4148511000,0.010266863228834468,97400.73260073259,2415.0,2046.0,2057.0,1220.0,508.0,-376.0,-16060.0,870.0,-363.0,-36.0,-32.0,-252.0,477.0,32918.0,5519616.0,2654.0,2815.0,0.0
4148767000,0.010266863228834468,97400.73260073259,2427.0,2046.0,2055.0,1224.0,520.0,-308.0,-16048.0,862.0,-350.0,-29.0,-32.0,-252.0,477.0,32918.0,5519616.0,2430.0,2816.0,0.0
4149023000,0.010266863228834468,97400.73260073259,2334.0,2044.0,2053.0,1224.0,528.0,-392.0,-16068.0,876.0,-350.0,-17.0,-33.0,-252.0,476.0,32918.0,5519616.0,2581.0,2815.0,0.0
4149279000,0.010266863228834468,97400.73260073259,2362.0,2046.0,2055.0,1223.0,480.0,-348.0,-16052.0,868.0,-347.0,-39.0,-41.0,-254.0,479.0,32918.0,5519360.0,2618.0,2799.0,0.0
4149535000,0.010266657306751175,97402.68620268619,2420.0,2046.0,2055.0,1222.0,484.0,-356.0,-16032.0,863.0,-329.0,-6.0,-38.0,-254.0,481.0,32918.0,5519360.0,2668.0,2815.0,0.0
4149791000,0.010266863228834468,97400.73260073259,2344.0,2047.0,2054.0,1220.0,516.0,-344.0,-16140.0,871.0,-365.0,-37.0,-38.0,-254.0,481.0,32918.0,5519872.0,2690.0,2815.0,0.0
4150047000,0.010266657306751175,97402.68620268619,2282.0,2045.0,2054.0,1222.0,456.0,-336.0,-16076.0,870.0,-356.0,-38.0,-38.0,-257.0,476.0,32918.0,5519872.0,2701.0,2815.0,0.0
4150303000,0.010266657306751175,97402.68620268619,2403.0,2045.0,2055.0,1223.0,508.0,-308.0,-16080.0,870.0,-356.0,-38.0,-42.0,-249.0,479.0,32918.0,5519360.0,2668.0,2798.0,0.0
4150559000,0.010266863228834468,97400.73260073259,2264.0,2046.0,2054.0,1222.0,492.0,-348.0,-16044.0,866.0,-335.0,-33.0,-40.0,-254.0,475.0,32918.0,5519360.0,2436.0,2816.0,0.0
4150815000,0.010266657306751175,97402.68620268619,2157.0,2046.0,2056.0,1223.0,472.0,-360.0,-16076.0,876.0,-359.0,-32.0,-43.0,-253.0,478.0,32918.0,5520128.0,2330.0,2816.0,0.0
4151071000,0.010266863228834468,97400.73260073259,2271.0,2045.0,2055.0,1223.0,528.0,-364.0,-16152.0,878.0,-343.0,-38.0,-43.0,-253.0,478.0,32918.0,5520128.0,2281.0,2816.0,0.0
4151327000,0.010266863228834468,97400.73260073259,2261.0,2044.0,2055.0,1221.0,492.0,-348.0,-16128.0,859.0,-347.0,-31.0,-35.0,-255.0,474.0,32918.0,5519872.0,2481.0,2799.0,0.0
4151583000,0.010266657306751175,97402.68620268619,2212.0,2046.0,2056.0,1223.0,492.0,-320.0,-16076.0,874.0,-355.0,-28.0,-32.0,-255.0,480.0,32918.0,5519872.0,2350.0,2816.0,0.0
4151839000,0.010266863228834468,97400.73260073259,2314.0,2045.0,2055.0,1224.0,504.0,-348.0,-16060.0,876.0,-350.0,-18.0,-38.0,-249.0,479.0,32918.0,5520128.0,2290.0,2816.0,0.0
4152095000,0.010266657306751175,97402.68620268619,2327.0,2046.0,2056.0,1222.0,520.0,-376.0,-16136.0,886.0,-345.0,-27.0,-32.0,-248.0,472.0,32918.0,5520128.0,2517.0,2815.0,0.0
4152351000,0.010266863228834468,97400.73260073259,2304.0,2046.0,2055.0,1222.0,468.0,-356.0,-16132.0,852.0,-354.0,-24.0,-32.0,-248.0,472.0,32918.0,5519872.0,2588.0,2799.0,0.0
4152607000,0.010266863228834468,97400.73260073259,2396.0,2045.0,2054.0,1223.0,480.0,-336.0,-16068.0,870.0,-369.0,-40.0,-32.0,-251.0,476.0,32918.0,5519872.0,2654.0,2815.0,0.0
4152863000,0.010266863228834468,97400.73260073259,2419.0,2046.0,2053.0,1222.0,500.0,-320.0,-16068.0,893.0,-346.0,-27.0,-37.0,-248.0,477.0,32918.0,5519360.0,2430.0,2816.0,0.0
4153119000,0.010266863228834468,97400.73260073259,2352.0,2044.0,2054.0,1225.0,516.0,-356.0,-16068.0,860.0,-345.0,-30.0,-39.0,-251.0,478.0,32918.0,5519360.0,2581.0,2815.0,0.0
4153375000,0.010266863228834468,97400.73260073259,2323.0,2045.0,2057.0,1225.0,516.0,-352.0,-16088.0,877.0,-357.0,-29.0,-34.0,-248.0,470.0,32918.0,5519616.0,2611.0,2797.0,0.0
4153631000,0.010266657306751175,97402.68620268619,2377.0,2044.0,2055.0,1224.0,504.0,-356.0,-16132.0,880.0,-352.0,-24.0,-34.0,-248.0,470.0,32918.0,5519616.0,2409.0,2816.0,0.0
4153887000,0.010266863228834468,97400.73260073259,2243.0,2046.0,2055.0,1222.0,512.0,-340.0,-16068.0,870.0,-332.0,-36.0,-43.0,-251.0,476.0,32918.0,5519872.0,2324.0,2817.0,0.0
4154143000,0.010266657306751175,97402.68620268619,2314.0,2045.0,2055.0,1222.0,516.0,-340.0,-16092.0,866.0,-352.0,-27.0,-41.0,-248.0,469.0,32918.0,5519872.0,2532.0,2815.0,0.0
4154399000,0.010266863228834468,97400.73260073259,2307.0,2044.0,2055.0,1223.0,516.0,-344.0,-16096.0,870.0,-350.0,-31.0,-40.0,-254.0,479.0,32918.0,5519616.0,2588.0,2797.0,0.0
4154655000,0.010266657306751175,97402.68620268619,2376.0,2044.0,2054.0,1225.0,508.0,-360.0,-16080.0,872.0,-349.0,-36.0,-40.0,-254.0,479.0,32918.0,5519616.0,2653.0,2815.0,0.0
4154911000,0.010266863228834468,97400.73260073259,2432.0,2045.0,2054.0,1225.0,500.0,-356.0,-16124.0,879.0,-357.0,-15.0,-43.0,-249.0,474.0,32918.0,5519360.0,2430.0,2816.0,0.0
4155167000,0.010266863228834468,97400.73260073259,2291.0,2047.0,2055.0,1223.0,492.0,-340.0,-16036.0,863.0,-367.0,-24.0,-41.0,-247.0,477.0,32918.0,5519360.0,2327.0,2816.0,0.0
4155423000,0.010266657306751175,97402.68620268619,2289.0,2045.0,2055.0,1223.0,492.0,-344.0,-16060.0,881.0,-355.0,-23.0,-54.0,-252.0,473.0,32918.0,5519872.0,2502.0,2799.0,0.0
4155679000,0.010266863228834468,97400.73260073259,2346.0,2045.0,2056.0,1222.0,488.0,-352.0,-16136.0,863.0,-368.0,-35.0,-43.0,-251.0,473.0,32918.0,5519872.0,2614.0,2815.0,0.0
4155935000,0.010266863228834468,97400.73260073259,2370.0,2045.0,2056.0,1221.0,520.0,-360.0,-16096.0,876.0,-357.0,-27.0,-43.0,-251.0,473.0,32918.0,5520128.0,2411.0,2816.0,0.0
4156191000,0.010266863228834468,97400.73260073259,2213.0,2045.0,2054.0,1221.0,504.0,-328.0,-16104.0,880.0,-353.0,-30.0,-36.0,-255.0,476.0,32918.0,5520128.0,2318.0,2816.0,0.0
4156447000,0.010266863228834468,97400.73260073259,2292.0,2044.0,2055.0,1221.0,500.0,-332.0,-16064.0,868.0,-344.0,-17.0,-30.0,-256.0,478.0,32918.0,5519360.0,2497.0,2799.0,0.0
4156703000,0.010266863228834468,97400.73260073259,2227.0,2045.0,2054.0,1223.0,464.0,-332.0,-16052.0,862.0,-354.0,-30.0,-34.0,-251.0,472.0,32918.0,5519360.0,2357.0,2816.0,0.0
4156959000,0.010266863228834468,97400.73260073259,2326.0,2045.0,2055.0,1226.0,500.0,-328.0,-16116.0,867.0,-348.0,-29.0,-33.0,-251.0,477.0,32918.0,5519360.0,2294.0,2816.0,0.0
4157215000,0.010266863228834468,97400.73260073259,2359.0,2045.0,2056.0,1224.0,500.0,-332.0,-16132.0,861.0,-359.0,-27.0,-33.0,-251.0,477.0,32918.0,5519360.0,2518.0,2815.0,0.0
4157471000,0.010266657306751175,97402.68620268619,2283.0,2045.0,2054.0,1225.0,504.0,-296.0,-16084.0,861.0,-363.0,-27.0,-37.0,-252.0,476.0,32918.0,5519616.0,2583.0,2800.0,0.0
4157727000,0.010266863228834468,97400.73260073259,2346.0,2046.0,2055.0,1224.0,496.0,-320.0,-16056.0,869.0,-353.0,-33.0,-42.0,-251.0,475.0,32918.0,5519616.0,2396.0,2816.0,0.0
4157983000,0.010266863228834468,97400.73260073259,2361.0,2046.0,2054.0,1222.0,512.0,-344.0,-16152.0,874.0,-353.0,-22.0,-34.0,-251.0,477.0,32918.0,5519872.0,2526.0,2795.0,0.0
4158239000,0.010266863228834468,97400.73260073259,2389.0,2046.0,2056.0,1222.0,492.0,-344.0,-16096.0,877.0,-340.0,-32.0,-34.0,-251.0,477.0,32918.0,5519872.0,2624.0,2815.0,0.0
4158495000,0.010266863228834468,97400.73260073259,2420.0,2046.0,2056.0,1222.0,504.0,-312.0,-16072.0,878.0,-349.0,-16.0,-42.0,-251.0,476.0,32918.0,5520128.0,2638.0,2799.0,0.0
4158751000,0.010266657306751175,97402.68620268619,2421.0,2045.0,2054.0,1222.0,444.0,-372.0,-16092.0,855.0,-359.0,-9.0,-35.0,-254.0,475.0,32918.0,5520128.0,2423.0,2816.0,0.0
4159007000,0.010266863228834468,97400.73260073259,2292.0,2043.0,2053.0,1221.0,484.0,-308.0,-16052.0,871.0,-342.0,-36.0,-35.0,-256.0,475.0,32918.0,5519872.0,2323.0,2816.0,0.0
4159263000,0.010266863228834468,97400.73260073259,2344.0,2044.0,2055.0,1223.0,484.0,-344.0,-16092.0,871.0,-345.0,-43.0,-39.0,-256.0,479.0,32918.0,5519872.0,2532.0,2815.0,0.0
4159519000,0.010266863228834468,97400.73260073259,2304.0,2045.0,2056.0,1223.0,488.0,-336.0,-16088.0,877.0,-350.0,-27.0,-39.0,-256.0,479.0,32918.0,5520384.0,2589.0,2798.0,0.0
4159775000,0.010266863228834468,97400.73260073259,2355.0,2045.0,2055.0,1222.0,516.0,-312.0,-16064.0,871.0,-340.0,-31.0,-39.0,-250.0,477.0,32918.0,5520384.0,2399.0,2816.0,0.0
4160031000,0.010266657306751175,97402.68620268619,2174.0,2044.0,2054.0,1223.0,488.0,-308.0,-16092.0,871.0,-317.0,-30.0,-37.0,-255.0,479.0,32918.0,5520128.0,2313.0,2816.0,0.0
4160287000,0.010266863228834468,97400.73260073259,2333.0,2044.0,2055.0,1221.0,428.0,-324.0,-16104.0,874.0,-345.0,-25.0,-41.0,-246.0,475.0,32918.0,5520128.0,2527.0,2815.0,0.0
4160543000,0.010266657306751175,97402.68620268619,2266.0,2045.0,2053.0,1221.0,456.0,-296.0,-16108.0,878.0,-361.0,-26.0,-36.0,-254.0,476.0,32918.0,5519872.0,2586.0,2797.0,0.0
4160799000,0.010266863228834468,97400.73260073259,2313.0,2043.0,2054.0,1222.0,512.0,-324.0,-16092.0,862.0,-350.0,-27.0,-36.0,-254.0,476.0,32918.0,5519872.0,2398.0,2816.0,0.0
4161055000,0.010266863228834468,97400.73260073259,2194.0,2045.0,2054.0,1221.0,460.0,-352.0,-16068.0,851.0,-359.0,-24.0,-28.0,-253.0,480.0,32918.0,5519872.0,2312.0,2816.0,0.0
4161311000,0.010266863228834468,97400.73260073259,2283.0,2045.0,2056.0,1223.0,448.0,-336.0,-16092.0,867.0,-340.0,-21.0,-38.0,-254.0,482.0,32918.0,5519872.0,2527.0,2815.0,0.0
4161567000,0.010266863228834468,97400.73260073259,2285.0,2045.0,2057.0,1223.0,464.0,-340.0,-16056.0,871.0,-364.0,-13.0,-36.0,-249.0,475.0,32918.0,5520384.0,2586.0,2798.0,0.0
4161823000,0.010266657306751175,97402.68620268619,2375.0,2045.0,2055.0,1222.0,460.0,-348.0,-16092.0,871.0,-350.0,-36.0,-26.0,-255.0,479.0,32918.0,5520384.0,2653.0,2815.0,0.0
4162079000,0.010266657306751175,97402.68620268619,2416.0,2043.0,2055.0,1224.0,452.0,-352.0,-16032.0,875.0,-327.0,-21.0,-26.0,-255.0,479.0,32918.0,5520128.0,2429.0,2816.0,0.0
4162335000,0.010266863228834468,97400.73260073259,2287.0,2045.0,2054.0,1224.0,500.0,-344.0,-16032.0,854.0,-355.0,-30.0,-30.0,-248.0,477.0,32918.0,5520128.0,2326.0,2816.0,0.0
4162591000,0.010266863228834468,97400.73260073259,2274.0,2043.0,2054.0,1223.0,468.0,-336.0,-16100.0,880.0,-358.0,-20.0,-38.0,-250.0,469.0,32918.0,5520384.0,2496.0,2800.0,0.0
4162847000,0.010266657306751175,97402.68620268619,2264.0,2043.0,2055.0,1223.0,440.0,-320.0,-16104.0,868.0,-354.0,-33.0,-41.0,-253.0,479.0,32918.0,5520384.0,2356.0,2816.0,0.0
4163103000,0.010266863228834468,97400.73260073259,2311.0,2046.0,2056.0,1223.0,460.0,-316.0,-16068.0,858.0,-360.0,-22.0,-41.0,-253.0,479.0,32918.0,5520128.0,2507.0,2795.0,0.0
4163359000,0.010266657306751175,97402.68620268619,2259.0,2045.0,2054.0,1222.0,428.0,-308.0,-16052.0,873.0,-361.0,-43.0,-47.0,-251.0,479.0,32918.0,5520128.0,2362.0,2816.0,0.0
4163615000,0.010266863228834468,97400.73260073259,2345.0,2044.0,2054.0,1222.0,484.0,-356.0,-16092.0,865.0,-332.0,-38.0,-39.0,-244.0,474.0,32918.0,5519616.0,2512.0,2800.0,0.0
4163871000,0.010266657306751175,97402.68620268619,2269.0,2044.0,2055.0,1224.0,488.0,-324.0,-16076.0,884.0,-351.0,-19.0,-39.0,-253.0,477.0,32918.0,5519616.0,2364.0,2816.0,0.0
4164127000,0.010266863228834468,97400.73260073259,2405.0,2045.0,2057.0,1223.0,456.0,-328.0,-16048.0,864.0,-349.0,-16.0,-37.0,-249.0,475.0,32918.0,5520128.0,2551.0,2815.0,0.0
4164383000,0.010266863228834468,97400.73260073259,2425.0,2046.0,2055.0,1224.0,476.0,-320.0,-16096.0,881.0,-354.0,-12.0,-37.0,-249.0,475.0,32918.0,5520128.0,2636.0,2815.0,0.0
4164639000,0.010266657306751175,97402.68620268619,2418.0,2045.0,2055.0,1223.0,472.0,-312.0,-16076.0,869.0,-361.0,-42.0,-53.0,-255.0,474.0,32918.0,5520128.0,2644.0,2799.0,0.0
4164895000,0.010266863228834468,97400.73260073259,2475.0,2045.0,2057.0,1222.0,432.0,-296.0,-16100.0,866.0,-349.0,-38.0,-38.0,-251.0,476.0,32918.0,5520128.0,2425.0,2816.0,0.0
4165151000,0.010266657306751175,97402.68620268619,2265.0,2045.0,2056.0,1222.0,464.0,-300.0,-16052.0,867.0,-329.0,-28.0,-28.0,-253.0,474.0,32918.0,5520384.0,2324.0,2816.0,0.0
4165407000,0.010266657306751175,97402.68620268619,2357.0,2046.0,2057.0,1222.0,444.0,-332.0,-16100.0,873.0,-334.0,-18.0,-64.0,-255.0,478.0,32918.0,5520384.0,2532.0,2815.0,0.0
4165663000,0.010266863228834468,97400.73260073259,2319.0,2045.0,2055.0,1223.0,432.0,-312.0,-16068.0,877.0,-341.0,-27.0,-64.0,-255.0,478.0,32918.0,5519872.0,2589.0,2798.0,0.0
4165919000,0.010266657306751175,97402.68620268619,2315.0,2045.0,2057.0,1222.0,496.0,-340.0,-16112.0,871.0,-345.0,-22.0,-30.0,-250.0,479.0,32918.0,5519872.0,2400.0,2816.0,0.0
4166175000,0.010266863228834468,97400.73260073259,2212.0,2045.0,2055.0,1223.0,460.0,-320.0,-16100.0,859.0,-337.0,-26.0,-32.0,-251.0,476.0,32918.0,5519872.0,2313.0,2816.0,0.0
4166431000,0.010266863228834468,97400.73260073259,2308.0,2045.0,2055.0,1223.0,456.0,-312.0,-16064.0,871.0,-350.0,-43.0,-33.0,-252.0,473.0,32918.0,5519872.0,2527.0,2815.0,0.0
4166687000,0.010266657306751175,97402.68620268619,2268.0,2046.0,2053.0,1222.0,456.0,-304.0,-16056.0,868.0,-340.0,-14.0,-33.0,-252.0,473.0,32918.0,5520384.0,2587.0,2798.0,0.0
4166943000,0.010266863228834468,97400.73260073259,2400.0,2045.0,2056.0,1220.0,440.0,-312.0,-16076.0,859.0,-357.0,-32.0,-27.0,-247.0,477.0,32918.0,5520384.0,2653.0,2815.0,0.0
4167199000,0.010266657306751175,97402.68620268619,2411.0,2045.0,2054.0,1223.0,492.0,-324.0,-16068.0,859.0,-357.0,-32.0,-34.0,-249.0,478.0,32918.0,5520128.0,2429.0,2816.0,0.0
4167455000,0.010266863228834468,97400.73260073259,2284.0,2043.0,2053.0,1220.0,456.0,-316.0,-16120.0,879.0,-349.0,-24.0,-41.0,-254.0,476.0,32918.0,5520128.0,2326.0,2816.0,0.0
4167711000,0.010266863228834468,97400.73260073259,2307.0,2045.0,2055.0,1223.0,500.0,-348.0,-16080.0,876.0,-355.0,-23.0,-24.0,-247.0,477.0,32918.0,5520384.0,2501.0,2799.0,0.0
4167967000,0.010266657306751175,97402.68620268619,2309.0,2046.0,2056.0,1222.0,484.0,-340.0,-16076.0,870.0,-346.0,-19.0,-24.0,-247.0,477.0,32918.0,5520384.0,2613.0,2815.0,0.0
4168223000,0.010266863228834468,97400.73260073259,2388.0,2046.0,2055.0,1226.0,472.0,-340.0,-16088.0,859.0,-349.0,-33.0,-39.0,-252.0,471.0,32918.0,5520384.0,2410.0,2816.0,0.0
4168479000,0.010266657306751175,97402.68620268619,2202.0,2044.0,2055.0,1221.0,476.0,-332.0,-16072.0,860.0,-353.0,-24.0,-40.0,-250.0,478.0,32918.0,5520384.0,2318.0,2816.0,0.0
4168735000,0.010266657306751175,97402.68620268619,2282.0,2045.0,2056.0,1224.0,484.0,-300.0,-16084.0,870.0,-353.0,-36.0,-40.0,-255.0,476.0,32918.0,5519872.0,2498.0,2798.0,0.0
4168991000,0.010266863228834468,97400.73260073259,2306.0,2045.0,2054.0,1223.0,464.0,-372.0,-16076.0,866.0,-359.0,-28.0,-35.0,-254.0,471.0,32918.0,5519872.0,2612.0,2815.0,0.0
4169247000,0.010266657306751175,97402.68620268619,2391.0,2045.0,2054.0,1222.0,500.0,-364.0,-16088.0,856.0,-349.0,-29.0,-35.0,-254.0,471.0,32918.0,5519872.0,2664.0,2815.0,0.0
4169503000,0.010266863228834468,97400.73260073259,2328.0,2044.0,2056.0,1222.0,480.0,-352.0,-16152.0,875.0,-358.0,-11.0,-43.0,-253.0,476.0,32918.0,5519872.0,2689.0,2815.0,0.0
4169759000,0.010266657306751175,97402.68620268619,2405.0,2045.0,2052.0,1223.0,528.0,-348.0,-16072.0,866.0,-352.0,-22.0,-39.0,-252.0,476.0,32918.0,5519872.0,2663.0,2800.0,0.0
4170015000,0.010266863228834468,97400.73260073259,2253.0,2045.0,2054.0,1221.0,476.0,-344.0,-16100.0,869.0,-340.0,-46.0,-37.0,-252.0,482.0,32918.0,5519872.0,2434.0,2816.0,0.0
4170271000,0.010266863228834468,97400.73260073259,2249.0,2045.0,2054.0,1221.0,496.0,-320.0,-16076.0,879.0,-333.0,-22.0,-33.0,-248.0,481.0,32918.0,5519872.0,2583.0,2815.0,0.0
4170527000,0.010266657306751175,97402.68620268619,2338.0,2045.0,2055.0,1223.0,512.0,-328.0,-16088.0,886.0,-364.0,-3.0,-33.0,-248.0,481.0,32918.0,5519872.0,2651.0,2815.0,0.0
4170783000,0.010266863228834468,97400.73260073259,2441.0,2045.0,2056.0,1226.0,472.0,-396.0,-16100.0,854.0,-361.0,-19.0,-43.0,-253.0,478.0,32918.0,5520128.0,2650.0,2799.0,0.0
4171039000,0.010266863228834468,97400.73260073259,2439.0,2045.0,2055.0,1220.0,484.0,-364.0,-16068.0,856.0,-353.0,-30.0,-32.0,-251.0,475.0,32918.0,5520128.0,2428.0,2816.0,0.0
4171295000,0.010266863228834468,97400.73260073259,2461.0,2045.0,2055.0,1221.0,484.0,-340.0,-16076.0,878.0,-352.0,-24.0,-48.0,-251.0,477.0,32918.0,5520128.0,2540.0,2795.0,0.0
4171551000,0.010266863228834468,97400.73260073259,2462.0,2045.0,2055.0,1223.0,524.0,-332.0,-16084.0,884.0,-348.0,-25.0,-48.0,-251.0,477.0,32918.0,5520128.0,2631.0,2815.0,0.0
4171807000,0.010266657306751175,97402.68620268619,2434.0,2044.0,2055.0,1221.0,516.0,-332.0,-16088.0,866.0,-358.0,-27.0,-35.0,-252.0,475.0,32918.0,5519104.0,2642.0,2799.0,0.0
4172063000,0.010266863228834468,97400.73260073259,2476.0,2045.0,2057.0,1223.0,456.0,-360.0,-16068.0,885.0,-353.0,-21.0,-35.0,-256.0,474.0,32918.0,5519104.0,2424.0,2816.0,0.0
4172319000,0.010266863228834468,97400.73260073259,2278.0,2045.0,2055.0,1223.0,492.0,-364.0,-16052.0,857.0,-352.0,-25.0,-39.0,-254.0,471.0,32918.0,5519872.0,2324.0,2816.0,0.0
4172575000,0.010266863228834468,97400.73260073259,2349.0,2046.0,2055.0,1223.0,508.0,-348.0,-16140.0,878.0,-355.0,-35.0,-37.0,-255.0,477.0,32918.0,5519872.0,2532.0,2815.0,0.0
4172831000,0.010266863228834468,97400.73260073259,2324.0,2045.0,2054.0,1224.0,504.0,-348.0,-16116.0,880.0,-352.0,-34.0,-37.0,-255.0,477.0,32918.0,5519360.0,2589.0,2798.0,0.0
4173087000,0.010266657306751175,97402.68620268619,2324.0,2045.0,2056.0,1223.0,560.0,-340.0,-16104.0,877.0,-354.0,-26.0,-44.0,-247.0,476.0,32918.0,5519360.0,2399.0,2816.0,0.0
4173343000,0.010266863228834468,97400.73260073259,2209.0,2046.0,2056.0,1221.0,500.0,-352.0,-16092.0,874.0,-344.0,-17.0,-41.0,-253.0,476.0,32918.0,5519360.0,2313.0,2816.0,0.0
4173599000,0.010266863228834468,97400.73260073259,2317.0,2046.0,2053.0,1225.0,496.0,-324.0,-16032.0,866.0,-353.0,-22.0,-36.0,-253.0,479.0,32918.0,5519360.0,2527.0,2815.0,0.0
4173855000,0.010266657306751175,97402.68620268619,2262.0,2046.0,2057.0,1224.0,480.0,-316.0,-16084.0,873.0,-364.0,-30.0,-43.0,-250.0,471.0,32918.0,5520128.0,2587.0,2798.0,0.0
4174111000,0.010266863228834468,97400.73260073259,2403.0,2046.0,2055.0,1221.0,488.0,-348.0,-16120.0,873.0,-344.0,-40.0,-43.0,-250.0,471.0,32918.0,5520128.0,2653.0,2815.0,0.0
4174367000,0.010266657306751175,97402.68620268619,2416.0,2045.0,2054.0,1222.0,484.0,-332.0,-16108.0,882.0,-361.0,-28.0,-39.0,-252.0,473.0,32918.0,5520128.0,2429.0,2816.0,0.0
4174623000,0.010266863228834468,97400.73260073259,2275.0,2046.0,2055.0,1222.0,504.0,-344.0,-16064.0,873.0,-358.0,-16.0,-33.0,-248.0,471.0,32918.0,5520128.0,2326.0,2816.0,0.0
4174879000,0.010266863228834468,97400.73260073259,2303.0,2044.0,2055.0,1222.0,504.0,-356.0,-16032.0,880.0,-354.0,-41.0,-33.0,-255.0,473.0,32918.0,5519616.0,2496.0,2800.0,0.0
4175135000,0.010266863228834468,97400.73260073259,2295.0,2044.0,2053.0,1222.0,492.0,-336.0,-16060.0,865.0,-342.0,-34.0,-33.0,-255.0,473.0,32918.0,5519616.0,2611.0,2815.0,0.0
4175391000,0.010266657306751175,97402.68620268619,2383.0,2045.0,2055.0,1222.0,484.0,-336.0,-16096.0,879.0,-319.0,-28.0,-29.0,-249.0,469.0,32918.0,5520128.0,2409.0,2816.0,0.0
4175647000,0.010266657306751175,97402.68620268619,2264.0,2046.0,2056.0,1222.0,464.0,-372.0,-16048.0,881.0,-345.0,-34.0,-35.0,-255.0,476.0,32918.0,5520128.0,2571.0,2815.0,0.0
4175903000,0.010266863228834468,97400.73260073259,2309.0,2044.0,2055.0,1222.0,496.0,-304.0,-16048.0,865.0,-344.0,-11.0,-35.0,-251.0,480.0,32918.0,5519872.0,2614.0,2799.0,0.0
4176159000,0.010266863228834468,97400.73260073259,2432.0,2045.0,2055.0,1222.0,476.0,-312.0,-16116.0,878.0,-354.0,-25.0,-30.0,-252.0,480.0,32918.0,5519872.0,2665.0,2815.0,0.0
4176415000,0.010266657306751175,97402.68620268619,2290.0,2046.0,2055.0,1224.0,480.0,-356.0,-16064.0,868.0,-345.0,-42.0,-30.0,-252.0,480.0,32918.0,5520384.0,2690.0,2815.0,0.0
4176671000,0.010266863228834468,97400.73260073259,2294.0,2046.0,2056.0,1224.0,492.0,-320.0,-16084.0,870.0,-338.0,-27.0,-29.0,-255.0,474.0,32918.0,5520384.0,2700.0,2815.0,0.0
4176927000,0.010266863228834468,97400.73260073259,2398.0,2045.0,2055.0,1221.0,492.0,-344.0,-16060.0,860.0,-369.0,-12.0,-30.0,-250.0,476.0,32918.0,5520128.0,2668.0,2800.0,0.0
4177183000,0.010266863228834468,97400.73260073259,2242.0,2045.0,2055.0,1221.0,464.0,-356.0,-16100.0,875.0,-344.0,-32.0,-45.0,-257.0,478.0,32918.0,5520128.0,2437.0,2816.0,0.0
4177439000,0.010266863228834468,97400.73260073259,2254.0,2044.0,2055.0,1223.0,516.0,-340.0,-16132.0,878.0,-356.0,-18.0,-35.0,-251.0,478.0,32918.0,5519616.0,2583.0,2815.0,0.0
4177695000,0.010266657306751175,97402.68620268619,2334.0,2045.0,2056.0,1225.0,476.0,-324.0,-16076.0,871.0,-342.0,-34.0,-35.0,-251.0,478.0,32918.0,5519616.0,2652.0,2815.0,0.0
4177951000,0.010266863228834468,97400.73260073259,2439.0,2045.0,2056.0,1223.0,508.0,-360.0,-16036.0,863.0,-334.0,-4.0,-41.0,-245.0,476.0,32918.0,5519360.0,2651.0,2799.0,0.0
4178207000,0.010266863228834468,97400.73260073259,2449.0,2045.0,2056.0,1222.0,492.0,-348.0,-16072.0,873.0,-354.0,-32.0,-41.0,-255.0,478.0,32918.0,5519360.0,2428.0,2816.0,0.0
4178463000,0.010266657306751175,97402.68620268619,2457.0,2045.0,2055.0,1221.0,472.0,-388.0,-16092.0,882.0,-358.0,-31.0,-37.0,-250.0,480.0,32918.0,5519360.0,2541.0,2795.0,0.0
4178719000,0.010266863228834468,97400.73260073259,2470.0,2046.0,2053.0,1222.0,484.0,-364.0,-16072.0,876.0,-349.0,-44.0,-36.0,-249.0,474.0,32918.0,5519360.0,2631.0,2815.0,0.0
4178975000,0.010266657306751175,97402.68620268619,2426.0,2044.0,2056.0,1224.0,516.0,-340.0,-16120.0,860.0,-341.0,-35.0,-36.0,-249.0,474.0,32918.0,5519872.0,2636.0,2798.0,0.0
4179231000,0.010266863228834468,97400.73260073259,2462.0,2045.0,2055.0,1223.0,484.0,-340.0,-16040.0,880.0,-353.0,-47.0,-43.0,-254.0,480.0,32918.0,5519872.0,2421.0,2816.0,0.0
4179487000,0.010266863228834468,97400.73260073259,2339.0,2046.0,2054.0,1222.0,472.0,-352.0,-16040.0,876.0,-349.0,-38.0,-36.0,-247.0,486.0,32918.0,5519360.0,2577.0,2815.0,0.0
4179743000,0.010266657306751175,97402.68620268619,2383.0,2046.0,2055.0,1221.0,520.0,-332.0,-16044.0,867.0,-375.0,-29.0,-33.0,-257.0,482.0,32918.0,5519360.0,2648.0,2815.0,0.0
4179999000,0.010266863228834468,97400.73260073259,2453.0,2045.0,2054.0,1223.0,520.0,-300.0,-16104.0,862.0,-339.0,-26.0,-33.0,-257.0,482.0,32918.0,5519360.0,2643.0,2798.0,0.0
4180255000,0.010266863228834468,97400.73260073259,2434.0,2045.0,2052.0,1222.0,484.0,-348.0,-16064.0,864.0,-349.0,-41.0,-33.0,-246.0,482.0,32918.0,5519360.0,2424.0,2816.0,0.0
4180511000,0.010266863228834468,97400.73260073259,2274.0,2044.0,2054.0,1222.0,480.0,-332.0,-16068.0,882.0,-359.0,-29.0,-26.0,-254.0,480.0,32918.0,5520128.0,2324.0,2816.0,0.0
4180767000,0.010266863228834468,97400.73260073259,2318.0,2045.0,2054.0,1221.0,492.0,-336.0,-16068.0,862.0,-364.0,-44.0,-31.0,-249.0,470.0,32918.0,5520128.0,2279.0,2816.0,0.0
4181023000,0.010266657306751175,97402.68620268619,2250.0,2044.0,2055.0,1222.0,468.0,-328.0,-16108.0,864.0,-348.0,-25.0,-32.0,-254.0,474.0,32918.0,5520128.0,2474.0,2798.0,0.0
4181279000,0.010266863228834468,97400.73260073259,2242.0,2046.0,2056.0,1221.0,496.0,-304.0,-16088.0,862.0,-356.0,-49.0,-32.0,-254.0,474.0,32918.0,5520128.0,2346.0,2816.0,0.0
4181535000,0.010266657306751175,97402.68620268619,2286.0,2044.0,2055.0,1223.0,448.0,-316.0,-16044.0,880.0,-351.0,-38.0,-36.0,-252.0,476.0,32918.0,5519872.0,2289.0,2816.0,0.0
4181791000,0.010266863228834468,97400.73260073259,2339.0,2046.0,2055.0,1220.0,468.0,-348.0,-16060.0,868.0,-338.0,-22.0,-42.0,-253.0,472.0,32918.0,5519872.0,2516.0,2815.0,0.0
4182047000,0.010266863228834468,97400.73260073259,2309.0,2046.0,2056.0,1221.0,504.0,-360.0,-16092.0,858.0,-345.0,-25.0,-38.0,-254.0,477.0,32918.0,5519872.0,2587.0,2799.0,0.0
4182303000,0.010266657306751175,97402.68620268619,2369.0,2045.0,2055.0,1224.0,504.0,-380.0,-16112.0,876.0,-356.0,-29.0,-40.0,-258.0,474.0,32918.0,5519872.0,2654.0,2815.0,0.0
4182559000,0.010266863228834468,97400.73260073259,2509.0,2047.0,2057.0,1224.0,544.0,-348.0,-16048.0,869.0,-349.0,-20.0,-40.0,-258.0,474.0,32918.0,5520128.0,2684.0,2815.0,0.0
4182815000,0.010266863228834468,97400.73260073259,2313.0,2046.0,2055.0,1223.0,524.0,-384.0,-16072.0,870.0,-344.0,-19.0,-40.0,-257.0,474.0,32918.0,5520128.0,2443.0,2816.0,0.0
4183071000,0.010266863228834468,97400.73260073259,2415.0,2046.0,2054.0,1221.0,504.0,-320.0,-16060.0,879.0,-346.0,-30.0,-36.0,-253.0,478.0,32918.0,5519616.0,2557.0,2802.0,0.0
4183327000,0.010266863228834468,97400.73260073259,2399.0,2044.0,2056.0,1224.0,516.0,-320.0,-16060.0,877.0,-363.0,-34.0,-41.0,-256.0,480.0,32918.0,5519616.0,2385.0,2816.0,0.0
4183583000,0.010266863228834468,97400.73260073259,2235.0,2045.0,2055.0,1226.0,508.0,-352.0,-16072.0,871.0,-351.0,-20.0,-41.0,-256.0,480.0,32918.0,5519616.0,2560.0,2815.0,0.0
4183839000,0.010266863228834468,97400.73260073259,2358.0,2046.0,2054.0,1223.0,516.0,-328.0,-16040.0,882.0,-376.0,-26.0,-45.0,-252.0,472.0,32918.0,5519616.0,2640.0,2815.0,0.0
4184095000,0.010266657306751175,97402.68620268619,2408.0,2044.0,2053.0,1222.0,512.0,-284.0,-16060.0,882.0,-376.0,-26.0,-39.0,-254.0,473.0,32918.0,5519872.0,2646.0,2799.0,0.0
4184351000,0.010266863228834468,97400.73260073259,2427.0,2046.0,2054.0,1225.0,516.0,-320.0,-16088.0,857.0,-370.0,-22.0,-34.0,-255.0,473.0,32918.0,5519872.0,2427.0,2816.0,0.0
4184607000,0.010266863228834468,97400.73260073259,2295.0,2045.0,2055.0,1222.0,484.0,-328.0,-16068.0,878.0,-350.0,-28.0,-34.0,-252.0,478.0,32918.0,5519616.0,2325.0,2816.0,0.0
4184863000,0.010266863228834468,97400.73260073259,2346.0,2046.0,2057.0,1222.0,484.0,-328.0,-16028.0,881.0,-356.0,-29.0,-34.0,-252.0,478.0,32918.0,5519616.0,2533.0,2815.0,0.0
4185119000,0.010266863228834468,97400.73260073259,2332.0,2045.0,2058.0,1223.0,484.0,-344.0,-16064.0,865.0,-332.0,-17.0,-51.0,-254.0,477.0,32918.0,5520128.0,2598.0,2802.0,0.0
4185375000,0.010266863228834468,97400.73260073259,2368.0,2046.0,2057.0,1223.0,512.0,-340.0,-16092.0,875.0,-347.0,-22.0,-28.0,-252.0,478.0,32918.0,5520128.0,2403.0,2816.0,0.0
4185631000,0.010266657306751175,97402.68620268619,2191.0,2046.0,2056.0,1220.0,492.0,-336.0,-16080.0,865.0,-346.0,-24.0,-27.0,-249.0,473.0,32918.0,5520128.0,2315.0,2816.0,0.0
4185887000,0.010266863228834468,97400.73260073259,2342.0,2045.0,2054.0,1223.0,504.0,-368.0,-16068.0,890.0,-365.0,-24.0,-27.0,-244.0,475.0,32918.0,5520128.0,2527.0,2815.0,0.0
4186143000,0.010266863228834468,97400.73260073259,2287.0,2044.0,2057.0,1224.0,520.0,-332.0,-16076.0,872.0,-326.0,4.0,-27.0,-244.0,475.0,32918.0,5519872.0,2595.0,2802.0,0.0
4186399000,0.010266863228834468,97400.73260073259,2341.0,2045.0,2054.0,1223.0,520.0,-352.0,-16080.0,872.0,-344.0,-12.0,-33.0,-250.0,477.0,32918.0,5519872.0,2402.0,2816.0,0.0
4186655000,0.010266863228834468,97400.73260073259,2209.0,2045.0,2055.0,1220.0,516.0,-364.0,-16104.0,863.0,-361.0,-23.0,-40.0,-247.0,474.0,32918.0,5519872.0,2314.0,2816.0,0.0
4186911000,0.010266657306751175,97402.68620268619,2286.0,2044.0,2056.0,1222.0,468.0,-340.0,-16052.0,877.0,-337.0,-12.0,-47.0,-249.0,476.0,32918.0,5519872.0,2528.0,2815.0,0.0
4187167000,0.010266863228834468,97400.73260073259,2305.0,2046.0,2055.0,1222.0,488.0,-332.0,-16048.0,871.0,-338.0,-24.0,-38.0,-252.0,474.0,32918.0,5520128.0,2594.0,2801.0,0.0
4187423000,0.010266657306751175,97402.68620268619,2388.0,2046.0,2054.0,1222.0,552.0,-344.0,-16024.0,888.0,-345.0,-21.0,-38.0,-252.0,474.0,32918.0,5520128.0,2657.0,2815.0,0.0
4187679000,0.010266863228834468,97400.73260073259,2436.0,2044.0,2054.0,1221.0,520.0,-376.0,-16080.0,861.0,-339.0,-4.0,-43.0,-255.0,477.0,32918.0,5519872.0,2431.0,2816.0,0.0
4187935000,0.010266863228834468,97400.73260073259,2297.0,2046.0,2054.0,1222.0,468.0,-308.0,-16040.0,878.0,-355.0,-24.0,-41.0,-250.0,477.0,32918.0,5519872.0,2327.0,2816.0,0.0
4188191000,0.010266657306751175,97402.68620268619,2286.0,2047.0,2055.0,1224.0,484.0,-332.0,-16024.0,856.0,-337.0,-28.0,-39.0,-255.0,478.0,32918.0,5519360.0,2280.0,2816.0,0.0
4188447000,0.010266863228834468,97400.73260073259,2355.0,2045.0,2053.0,1222.0,496.0,-292.0,-16104.0,871.0,-363.0,-9.0,-39.0,-255.0,478.0,32918.0,5519360.0,2512.0,2815.0,0.0
4188703000,0.010266863228834468,97400.73260073259,2354.0,2045.0,2054.0,1222.0,512.0,-376.0,-16120.0,865.0,-360.0,-27.0,-34.0,-248.0,476.0,32918.0,5519872.0,2618.0,2815.0,0.0
4188959000,0.010266863228834468,97400.73260073259,2432.0,2045.0,2057.0,1221.0,496.0,-356.0,-16104.0,870.0,-349.0,-32.0,-38.0,-255.0,480.0,32918.0,5519872.0,2668.0,2815.0,0.0
4189215000,0.010266863228834468,97400.73260073259,2499.0,2043.0,2055.0,1224.0,508.0,-368.0,-16108.0,877.0,-350.0,-27.0,-33.0,-255.0,476.0,32918.0,5519360.0,2658.0,2799.0,0.0
4189471000,0.010266657306751175,97402.68620268619,2515.0,2045.0,2055.0,1224.0,544.0,-376.0,-16064.0,866.0,-364.0,-17.0,-31.0,-251.0,482.0,32918.0,5519360.0,2680.0,2814.0,0.0
4189727000,0.010266657306751175,97402.68620268619,2395.0,2046.0,2056.0,1223.0,516.0,-324.0,-16080.0,877.0,-343.0,-27.0,-31.0,-251.0,482.0,32918.0,5520128.0,2696.0,2815.0,0.0
4189983000,0.010266863228834468,97400.73260073259,2272.0,2045.0,2055.0,1224.0,512.0,-360.0,-16112.0,898.0,-345.0,-6.0,-30.0,-255.0,477.0,32918.0,5520128.0,2449.0,2816.0,0.0
4190239000,0.010266657306751175,97402.68620268619,2383.0,2046.0,2056.0,1222.0,488.0,-336.0,-16044.0,885.0,-341.0,-32.0,-33.0,-254.0,482.0,32918.0,5519104.0,2558.0,2799.0,0.0
4190495000,0.010266863228834468,97400.73260073259,2387.0,2045.0,2057.0,1222.0,528.0,-380.0,-16072.0,865.0,-351.0,-18.0,-32.0,-247.0,477.0,32918.0,5519104.0,2385.0,2816.0,0.0
4190751000,0.010266863228834468,97400.73260073259,2233.0,2045.0,2056.0,1221.0,472.0,-328.0,-16108.0,863.0,-372.0,-21.0,-34.0,-246.0,476.0,32918.0,5520128.0,2560.0,2815.0,0.0
4191007000,0.010266863228834468,97400.73260073259,2343.0,2044.0,2055.0,1223.0,508.0,-320.0,-16088.0,878.0,-364.0,-43.0,-34.0,-246.0,476.0,32918.0,5520128.0,2640.0,2815.0,0.0
4191263000,0.010266863228834468,97400.73260073259,2429.0,2045.0,2054.0,1221.0,508.0,-368.0,-16080.0,866.0,-346.0,-24.0,-34.0,-247.0,483.0,32918.0,5520128.0,2654.0,2803.0,0.0
4191519000,0.010266657306751175,97402.68620268619,2429.0,2046.0,2053.0,1220.0,496.0,-332.0,-16044.0,868.0,-358.0,-22.0,-37.0,-252.0,478.0,32918.0,5520128.0,2430.0,2816.0,0.0
4191775000,0.010266657306751175,97402.68620268619,2360.0,2043.0,2057.0,1222.0,488.0,-344.0,-16032.0,880.0,-357.0,-29.0,-42.0,-249.0,476.0,32918.0,5520128.0,2581.0,2815.0,0.0
4192031000,0.010266657306751175,97402.68620268619,2339.0,2046.0,2056.0,1222.0,520.0,-300.0,-16072.0,870.0,-340.0,-20.0,-42.0,-249.0,476.0,32918.0,5520128.0,2396.0,2816.0,0.0
4192287000,0.010266657306751175,97402.68620268619,2395.0,2045.0,2055.0,1222.0,500.0,-336.0,-16080.0,880.0,-345.0,-27.0,-39.0,-254.0,475.0,32918.0,5519872.0,2527.0,2798.0,0.0
4192543000,0.010266863228834468,97400.73260073259,2358.0,2046.0,2055.0,1223.0,492.0,-324.0,-16044.0,866.0,-345.0,-28.0,-38.0,-249.0,476.0,32918.0,5519872.0,2371.0,2816.0,0.0
4192799000,0.010266657306751175,97402.68620268619,2351.0,2046.0,2055.0,1221.0,464.0,-380.0,-16064.0,869.0,-344.0,-41.0,-39.0,-255.0,480.0,32918.0,5519872.0,2300.0,2816.0,0.0
4193055000,0.010266863228834468,97400.73260073259,2414.0,2046.0,2055.0,1222.0,472.0,-320.0,-16052.0,883.0,-351.0,-32.0,-39.0,-253.0,480.0,32918.0,5519872.0,2521.0,2815.0,0.0
4193311000,0.010266863228834468,97400.73260073259,2308.0,2046.0,2056.0,1220.0,528.0,-360.0,-16088.0,871.0,-340.0,-27.0,-39.0,-253.0,480.0,32918.0,5519616.0,2584.0,2798.0,0.0
4193567000,0.010266657306751175,97402.68620268619,2331.0,2045.0,2055.0,1223.0,500.0,-372.0,-16080.0,860.0,-349.0,-4.0,-37.0,-245.0,472.0,32918.0,5519616.0,2397.0,2816.0,0.0
4193823000,0.010266863228834468,97400.73260073259,2208.0,2044.0,2054.0,1224.0,512.0,-372.0,-16092.0,888.0,-345.0,-28.0,-30.0,-243.0,477.0,32918.0,5519360.0,2312.0,2816.0,0.0
4194079000,0.010266863228834468,97400.73260073259,2286.0,2045.0,2054.0,1224.0,484.0,-312.0,-16068.0,879.0,-358.0,-17.0,-37.0,-254.0,475.0,32918.0,5519360.0,2526.0,2815.0,0.0
4194335000,0.010266863228834468,97400.73260073259,2313.0,2045.0,2055.0,1224.0,520.0,-332.0,-16064.0,890.0,-352.0,-22.0,-34.0,-245.0,479.0,32918.0,5520128.0,2601.0,2803.0,0.0
4194591000,0.010266863228834468,97400.73260073259,2407.0,2046.0,2056.0,1222.0,484.0,-332.0,-16104.0,886.0,-354.0,-29.0,-34.0,-245.0,479.0,32918.0,5520128.0,2659.0,2815.0,0.0
4194847000,0.010266657306751175,97402.68620268619,2225.0,2045.0,2056.0,1223.0,500.0,-320.0,-16144.0,870.0,-352.0,-16.0,-26.0,-256.0,479.0,32918.0,5519872.0,2432.0,2816.0,0.0
4195103000,0.010266863228834468,97400.73260073259,2188.0,2044.0,2056.0,1220.0,468.0,-368.0,-16044.0,862.0,-358.0,-41.0,-30.0,-252.0,479.0,32918.0,5519872.0,2328.0,2816.0,0.0
4195359000,0.010266657306751175,97402.68620268619,2221.0,2046.0,2055.0,1222.0,500.0,-352.0,-16064.0,880.0,-360.0,-14.0,-30.0,-249.0,485.0,32918.0,5520128.0,2496.0,2798.0,0.0
4195615000,0.010266657306751175,97402.68620268619,2293.0,2046.0,2056.0,1224.0,520.0,-348.0,-16092.0,862.0,-355.0,-40.0,-38.0,-254.0,479.0,32918.0,5520128.0,2611.0,2815.0,0.0
4195871000,0.010266863228834468,97400.73260073259,2410.0,2046.0,2055.0,1223.0,488.0,-348.0,-16116.0,872.0,-346.0,-36.0,-38.0,-254.0,479.0,32918.0,5519872.0,2664.0,2815.0,0.0
4196127000,0.010266657306751175,97402.68620268619,2225.0,2045.0,2056.0,1223.0,504.0,-328.0,-16068.0,886.0,-359.0,-33.0,-38.0,-251.0,476.0,32918.0,5519872.0,2434.0,2816.0,0.0
4196383000,0.010266863228834468,97400.73260073259,2387.0,2045.0,2056.0,1222.0,488.0,-328.0,-16048.0,873.0,-339.0,-14.0,-36.0,-252.0,478.0,32918.0,5519360.0,2545.0,2798.0,0.0
4196639000,0.010266863228834468,97400.73260073259,2384.0,2045.0,2054.0,1222.0,764.0,-352.0,-16100.0,877.0,-343.0,-13.0,-38.0,-256.0,480.0,32918.0,5519360.0,2634.0,2815.0,0.0
4196895000,0.010266657306751175,97402.68620268619,2480.0,2046.0,2056.0,1224.0,496.0,-372.0,-16132.0,865.0,-365.0,-31.0,-38.0,-256.0,480.0,32918.0,5520128.0,2674.0,2815.0,0.0
4197151000,0.010266863228834468,97400.73260073259,2369.0,2046.0,2057.0,1219.0,492.0,-352.0,-16096.0,873.0,-349.0,-29.0,-42.0,-249.0,477.0,32918.0,5520128.0,2694.0,2815.0,0.0
4197407000,0.010266657306751175,97402.68620268619,2435.0,2044.0,2055.0,1222.0,448.0,-348.0,-16076.0,890.0,-353.0,-45.0,-36.0,-253.0,474.0,32918.0,5520128.0,2671.0,2799.0,0.0
4197663000,0.010266863228834468,97400.73260073259,2301.0,2045.0,2054.0,1223.0,472.0,-360.0,-16064.0,873.0,-348.0,-48.0,-36.0,-250.0,474.0,32918.0,5520128.0,2437.0,2816.0,0.0
4197919000,0.010266657306751175,97402.68620268619,2243.0,2046.0,2055.0,1223.0,464.0,-336.0,-16120.0,871.0,-343.0,-23.0,-40.0,-250.0,479.0,32918.0,5519872.0,2584.0,2815.0,0.0
4198175000,0.010266863228834468,97400.73260073259,2355.0,2044.0,2054.0,1222.0,512.0,-344.0,-16088.0,840.0,-334.0,-36.0,-40.0,-250.0,479.0,32918.0,5519872.0,2652.0,2815.0,0.0
4198431000,0.010266863228834468,97400.73260073259,2457.0,2045.0,2053.0,1224.0,484.0,-340.0,-16068.0,871.0,-337.0,-14.0,-39.0,-255.0,479.0,32918.0,5520640.0,2661.0,2806.0,0.0
4198687000,0.010266657306751175,97402.68620268619,2242.0,2044.0,2055.0,1222.0,500.0,-336.0,-16052.0,882.0,-357.0,-31.0,-34.0,-249.0,482.0,32918.0,5520640.0,2433.0,2816.0,0.0
4198943000,0.010266863228834468,97400.73260073259,2256.0,2045.0,2054.0,1224.0,488.0,-336.0,-16076.0,878.0,-351.0,-31.0,-38.0,-256.0,472.0,32922.0,5520640.0,2582.0,2815.0,0.0
4199199000,0.010266863228834468,97400.73260073259,2360.0,2046.0,2056.0,1222.0,520.0,-340.0,-16068.0,869.0,-342.0,-30.0,-33.0,-253.0,471.0,32922.0,5520640.0,2651.0,2815.0,0.0
4199455000,0.010266657306751175,97402.68620268619,2395.0,2044.0,2056.0,1224.0,516.0,-364.0,-16144.0,890.0,-352.0,-7.0,-33.0,-253.0,471.0,32922.0,5519872.0,2644.0,2798.0,0.0
4199711000,0.010266863228834468,97400.73260073259,2459.0,2045.0,2057.0,1223.0,472.0,-384.0,-16036.0,873.0,-368.0,-49.0,-44.0,-251.0,478.0,32922.0,5519872.0,2425.0,2816.0,0.0
4199967000,0.010266863228834468,97400.73260073259,2254.0,2046.0,2056.0,1222.0,472.0,-336.0,-16112.0,852.0,-351.0,-45.0,-32.0,-248.0,480.0,32922.0,5519872.0,2325.0,2816.0,0.0
4200223000,0.010266863228834468,97400.73260073259,2318.0,2047.0,2055.0,1222.0,540.0,-344.0,-16104.0,889.0,-346.0,-28.0,-32.0,-249.0,475.0,32922.0,5519872.0,2279.0,2816.0,0.0
4200479000,0.010266863228834468,97400.73260073259,2274.0,2046.0,2055.0,1222.0,504.0,-332.0,-16068.0,869.0,-333.0,-27.0,-36.0,-249.0,475.0,32922.0,5520128.0,2473.0,2798.0,0.0
4200735000,0.010266657306751175,97402.68620268619,2206.0,2046.0,2055.0,1223.0,500.0,-352.0,-16092.0,868.0,-361.0,-18.0,-36.0,-249.0,475.0,32922.0,5520128.0,2346.0,2816.0,0.0
4200991000,0.010266863228834468,97400.73260073259,2310.0,2045.0,2055.0,1224.0,480.0,-304.0,-16076.0,868.0,-361.0,-18.0,-45.0,-253.0,478.0,32922.0,5520128.0,2288.0,2816.0,0.0
4201247000,0.010266657306751175,97402.68620268619,2324.0,2045.0,2054.0,1223.0,456.0,-320.0,-16068.0,871.0,-368.0,-27.0,-35.0,-250.0,477.0,32922.0,5520128.0,2516.0,2815.0,0.0
4201503000,0.010266863228834468,97400.73260073259,2299.0,2045.0,2053.0,1224.0,468.0,-296.0,-16104.0,863.0,-348.0,-33.0,-43.0,-253.0,476.0,32922.0,5519872.0,2590.0,2805.0,0.0
4201759000,0.010266863228834468,97400.73260073259,2407.0,2045.0,2056.0,1227.0,480.0,-356.0,-16072.0,868.0,-334.0,-23.0,-43.0,-253.0,476.0,32922.0,5519872.0,2655.0,2815.0,0.0
4202015000,0.010266657306751175,97402.68620268619,2419.0,2044.0,2054.0,1222.0,504.0,-324.0,-16088.0,869.0,-358.0,-36.0,-42.0,-251.0,470.0,32922.0,5519616.0,2430.0,2816.0,0.0
4202271000,0.010266863228834468,97400.73260073259,2354.0,2045.0,2057.0,1223.0,480.0,-308.0,-16032.0,890.0,-339.0,-27.0,-34.0,-254.0,472.0,32922.0,5519616.0,2581.0,2815.0,0.0
4202527000,0.010266657306751175,97402.68620268619,2325.0,2046.0,2055.0,1221.0,468.0,-312.0,-16084.0,856.0,-353.0,-34.0,-36.0,-254.0,475.0,32922.0,5519872.0,2612.0,2798.0,0.0
4202783000,0.010266657306751175,97402.68620268619,2432.0,2045.0,2055.0,1221.0,480.0,-356.0,-16076.0,875.0,-365.0,-21.0,-39.0,-259.0,474.0,32922.0,5519872.0,2665.0,2815.0,0.0
4203039000,0.010266863228834468,97400.73260073259,2332.0,2045.0,2054.0,1220.0,456.0,-296.0,-16068.0,885.0,-343.0,-32.0,-39.0,-259.0,474.0,32922.0,5519616.0,2689.0,2815.0,0.0
4203295000,0.010266657306751175,97402.68620268619,2257.0,2045.0,2055.0,1224.0,488.0,-332.0,-16080.0,867.0,-340.0,-47.0,-37.0,-250.0,478.0,32922.0,5519616.0,2700.0,2815.0,0.0
4203551000,0.010266863228834468,97400.73260073259,2423.0,2046.0,2056.0,1222.0,484.0,-344.0,-16100.0,868.0,-348.0,-12.0,-32.0,-254.0,472.0,32922.0,5519616.0,2668.0,2798.0,0.0
4203807000,0.010266863228834468,97400.73260073259,2302.0,2046.0,2054.0,1223.0,504.0,-336.0,-16120.0,870.0,-357.0,-32.0,-29.0,-249.0,476.0,32922.0,5519616.0,2690.0,2815.0,0.0
4204063000,0.010266657306751175,97402.68620268619,2265.0,2044.0,2056.0,1225.0,496.0,-344.0,-16060.0,867.0,-362.0,-10.0,-30.0,-250.0,472.0,32922.0,5519872.0,2701.0,2815.0,0.0
4204319000,0.010266863228834468,97400.73260073259,2271.0,2046.0,2055.0,1222.0,448.0,-344.0,-16024.0,876.0,-353.0,-27.0,-30.0,-250.0,472.0,32922.0,5519872.0,2700.0,2814.0,0.0
4204575000,0.010266657306751175,97402.68620268619,2372.0,2045.0,2053.0,1223.0,500.0,-312.0,-16060.0,882.0,-375.0,-38.0,-27.0,-247.0,476.0,32922.0,5519872.0,2668.0,2798.0,0.0
4204831000,0.010266863228834468,97400.73260073259,2254.0,2046.0,2055.0,1222.0,492.0,-312.0,-16088.0,870.0,-363.0,-24.0,-37.0,-254.0,480.0,32922.0,5519872.0,2436.0,2816.0,0.0
4205087000,0.010266863228834468,97400.73260073259,2173.0,2046.0,2056.0,1220.0,480.0,-308.0,-16056.0,883.0,-331.0,-7.0,-41.0,-239.0,480.0,32922.0,5519872.0,2329.0,2816.0,0.0
4205343000,0.010266657306751175,97402.68620268619,2298.0,2045.0,2055.0,1220.0,456.0,-336.0,-16104.0,873.0,-356.0,-20.0,-41.0,-239.0,480.0,32922.0,5519872.0,2535.0,2815.0,0.0
4205599000,0.010266863228834468,97400.73260073259,2349.0,2045.0,2056.0,1221.0,488.0,-352.0,-16076.0,879.0,-340.0,-31.0,-42.0,-252.0,476.0,32922.0,5519104.0,2613.0,2807.0,0.0
4205855000,0.010266657306751175,97402.68620268619,2352.0,2045.0,2056.0,1223.0,468.0,-348.0,-16108.0,859.0,-342.0,-48.0,-38.0,-248.0,476.0,32922.0,5519104.0,2410.0,2816.0,0.0
4206111000,0.010266863228834468,97400.73260073259,2228.0,2046.0,2054.0,1223.0,480.0,-316.0,-16148.0,876.0,-368.0,-11.0,-41.0,-252.0,478.0,32922.0,5519616.0,2318.0,2816.0,0.0
4206367000,0.010266863228834468,97400.73260073259,2334.0,2045.0,2055.0,1223.0,452.0,-328.0,-16096.0,879.0,-344.0,-21.0,-39.0,-250.0,477.0,32922.0,5519616.0,2529.0,2815.0,0.0
4206623000,0.010266657306751175,97402.68620268619,2309.0,2044.0,2056.0,1224.0,468.0,-336.0,-16128.0,879.0,-331.0,-35.0,-39.0,-250.0,477.0,32922.0,5519360.0,2610.0,2807.0,0.0
4206879000,0.010266863228834468,97400.73260073259,2403.0,2043.0,2055.0,1223.0,464.0,-300.0,-16088.0,882.0,-347.0,-14.0,-37.0,-247.0,482.0,32922.0,5519360.0,2415.0,2817.0,0.0
4207135000,0.010266657306751175,97402.68620268619,2215.0,2044.0,2053.0,1222.0,484.0,-324.0,-16088.0,852.0,-346.0,-21.0,-39.0,-254.0,474.0,32922.0,5519872.0,2320.0,2816.0,0.0
4207391000,0.010266863228834468,97400.73260073259,2339.0,2046.0,2055.0,1222.0,516.0,-308.0,-16112.0,883.0,-360.0,-40.0,-36.0,-253.0,478.0,32922.0,5519872.0,2531.0,2815.0,0.0
4207647000,0.010266863228834468,97400.73260073259,2299.0,2044.0,2056.0,1221.0,472.0,-352.0,-16076.0,881.0,-358.0,-32.0,-51.0,-256.0,475.0,32922.0,5519616.0,2588.0,2798.0,0.0
4207903000,0.010266863228834468,97400.73260073259,2309.0,2047.0,2054.0,1223.0,496.0,-352.0,-16116.0,880.0,-343.0,-28.0,-51.0,-256.0,475.0,32922.0,5519616.0,2399.0,2816.0,0.0
4208159000,0.010266863228834468,97400.73260073259,2212.0,2045.0,2054.0,1223.0,516.0,-300.0,-16072.0,890.0,-355.0,-40.0,-37.0,-249.0,479.0,32922.0,5520128.0,2313.0,2816.0,0.0
4208415000,0.010266863228834468,97400.73260073259,2243.0,2046.0,2055.0,1224.0,476.0,-356.0,-16068.0,884.0,-366.0,-38.0,-30.0,-251.0,475.0,32922.0,5520128.0,2273.0,2816.0,0.0
4208671000,0.010266657306751175,97402.68620268619,2276.0,2045.0,2057.0,1222.0,464.0,-312.0,-16072.0,884.0,-357.0,-23.0,-56.0,-246.0,474.0,32922.0,5520384.0,2493.0,2807.0,0.0
4208927000,0.010266863228834468,97400.73260073259,2262.0,2044.0,2055.0,1222.0,456.0,-356.0,-16072.0,872.0,-350.0,-17.0,-26.0,-247.0,474.0,32922.0,5520384.0,2355.0,2816.0,0.0
4209183000,0.010266657306751175,97402.68620268619,2292.0,2045.0,2054.0,1222.0,476.0,-328.0,-16096.0,844.0,-359.0,-19.0,-26.0,-247.0,474.0,32922.0,5519872.0,2293.0,2816.0,0.0
4209439000,0.010266863228834468,97400.73260073259,2315.0,2045.0,2055.0,1222.0,492.0,-348.0,-16056.0,894.0,-329.0,-9.0,-31.0,-254.0,476.0,32922.0,5519872.0,2264.0,2816.0,0.0
4209695000,0.010266863228834468,97400.73260073259,2266.0,2044.0,2055.0,1223.0,484.0,-300.0,-16104.0,877.0,-342.0,-12.0,-30.0,-247.0,476.0,32922.0,5519872.0,2473.0,2799.0,0.0
4209951000,0.010266657306751175,97402.68620268619,2207.0,2045.0,2055.0,1223.0,476.0,-348.0,-16072.0,891.0,-351.0,-34.0,-34.0,-252.0,477.0,32922.0,5519872.0,2345.0,2816.0,0.0
4210207000,0.010266863228834468,97400.73260073259,2304.0,2046.0,2056.0,1223.0,476.0,-324.0,-16092.0,888.0,-349.0,-29.0,-34.0,-252.0,477.0,32922.0,5519616.0,2288.0,2816.0,0.0
4210463000,0.010266657306751175,97402.68620268619,2318.0,2045.0,2055.0,1224.0,440.0,-352.0,-16120.0,865.0,-357.0,-39.0,-41.0,-249.0,477.0,32922.0,5519616.0,2516.0,2815.0,0.0
4210719000,0.010266863228834468,97400.73260073259,2324.0,2045.0,2055.0,1224.0,480.0,-340.0,-16064.0,881.0,-349.0,-15.0,-42.0,-253.0,475.0,32922.0,5519872.0,2598.0,2808.0,0.0
4210975000,0.010266863228834468,97400.73260073259,2354.0,2046.0,2055.0,1223.0,476.0,-312.0,-16092.0,868.0,-347.0,-44.0,-35.0,-257.0,479.0,32922.0,5519872.0,2403.0,2816.0,0.0
4211231000,0.010266657306751175,97402.68620268619,2245.0,2045.0,2058.0,1222.0,492.0,-356.0,-16060.0,876.0,-358.0,-41.0,-44.0,-249.0,476.0,32922.0,5520128.0,2569.0,2815.0,0.0
4211487000,0.010266863228834468,97400.73260073259,2375.0,2045.0,2056.0,1222.0,520.0,-352.0,-16084.0,881.0,-358.0,-29.0,-44.0,-249.0,476.0,32922.0,5520128.0,2644.0,2815.0,0.0
4211743000,0.010266657306751175,97402.68620268619,2397.0,2046.0,2057.0,1220.0,468.0,-348.0,-16128.0,879.0,-345.0,-12.0,-37.0,-245.0,481.0,32922.0,5519872.0,2648.0,2799.0,0.0
4211999000,0.010266863228834468,97400.73260073259,2451.0,2045.0,2057.0,1222.0,504.0,-352.0,-16068.0,899.0,-356.0,-26.0,-39.0,-247.0,476.0,32922.0,5519872.0,2427.0,2816.0,0.0
4212255000,0.010266863228834468,97400.73260073259,2286.0,2045.0,2054.0,1225.0,500.0,-360.0,-16060.0,879.0,-344.0,-28.0,-38.0,-251.0,479.0,32922.0,5520384.0,2325.0,2816.0,0.0
4212511000,0.010266863228834468,97400.73260073259,2342.0,2046.0,2054.0,1222.0,508.0,-352.0,-16060.0,873.0,-342.0,-22.0,-35.0,-248.0,480.0,32922.0,5520384.0,2533.0,2815.0,0.0
4212767000,0.010266863228834468,97400.73260073259,2343.0,2045.0,2055.0,1224.0,472.0,-304.0,-16080.0,893.0,-345.0,-30.0,-35.0,-248.0,480.0,32922.0,5519872.0,2595.0,2799.0,0.0
4213023000,0.010266863228834468,97400.73260073259,2342.0,2046.0,2055.0,1222.0,496.0,-356.0,-16112.0,882.0,-367.0,-19.0,-25.0,-251.0,478.0,32922.0,5519872.0,2402.0,2816.0,0.0
4213279000,0.010266657306751175,97402.68620268619,2208.0,2045.0,2056.0,1224.0,492.0,-336.0,-16060.0,894.0,-342.0,-40.0,-36.0,-249.0,480.0,32922.0,5519616.0,2315.0,2816.0,0.0
4213535000,0.010266863228834468,97400.73260073259,2329.0,2044.0,2055.0,1225.0,468.0,-328.0,-16064.0,865.0,-362.0,-29.0,-49.0,-246.0,480.0,32922.0,5519616.0,2528.0,2815.0,0.0
4213791000,0.010266657306751175,97402.68620268619,2284.0,2046.0,2056.0,1221.0,512.0,-332.0,-16068.0,851.0,-352.0,-27.0,-49.0,-246.0,480.0,32922.0,5519872.0,2604.0,2808.0,0.0
4214047000,0.010266863228834468,97400.73260073259,2432.0,2046.0,2056.0,1222.0,480.0,-320.0,-16076.0,884.0,-362.0,-36.0,-32.0,-251.0,473.0,32922.0,5519872.0,2661.0,2815.0,0.0
4214303000,0.010266657306751175,97402.68620268619,2244.0,2045.0,2055.0,1221.0,492.0,-344.0,-16100.0,872.0,-346.0,-32.0,-28.0,-247.0,476.0,32922.0,5520384.0,2433.0,2816.0,0.0
4214559000,0.010266863228834468,97400.73260073259,2228.0,2045.0,2055.0,1223.0,480.0,-352.0,-16056.0,864.0,-372.0,-13.0,-37.0,-252.0,478.0,32922.0,5520384.0,2583.0,2815.0,0.0
4214815000,0.010266863228834468,97400.73260073259,2344.0,2045.0,2055.0,1223.0,500.0,-372.0,-16048.0,878.0,-360.0,-18.0,-34.0,-252.0,473.0,32922.0,5519872.0,2636.0,2809.0,0.0
4215071000,0.010266657306751175,97402.68620268619,2421.0,2045.0,2055.0,1221.0,472.0,-320.0,-16120.0,868.0,-357.0,-28.0,-34.0,-252.0,473.0,32922.0,5519872.0,2676.0,2815.0,0.0
4215327000,0.010266863228834468,97400.73260073259,2296.0,2047.0,2057.0,1223.0,504.0,-312.0,-16108.0,877.0,-334.0,-47.0,-42.0,-255.0,480.0,32922.0,5520128.0,2439.0,2816.0,0.0
4215583000,0.010266863228834468,97400.73260073259,2202.0,2046.0,2056.0,1224.0,484.0,-320.0,-16108.0,869.0,-354.0,-26.0,-41.0,-254.0,478.0,32922.0,5520128.0,2331.0,2816.0,0.0
4215839000,0.010266657306751175,97402.68620268619,2248.0,2046.0,2055.0,1224.0,500.0,-360.0,-16056.0,898.0,-348.0,-26.0,-38.0,-254.0,479.0,32922.0,5519872.0,2498.0,2798.0,0.0
4216095000,0.010266863228834468,97400.73260073259,2315.0,2045.0,2056.0,1222.0,520.0,-300.0,-16104.0,870.0,-348.0,-31.0,-43.0,-249.0,477.0,32922.0,5519872.0,2612.0,2815.0,0.0
4216351000,0.010266657306751175,97402.68620268619,2332.0,2045.0,2056.0,1223.0,496.0,-340.0,-16092.0,881.0,-332.0,-30.0,-43.0,-249.0,477.0,32922.0,5519872.0,2410.0,2816.0,0.0
4216607000,0.010266657306751175,97402.68620268619,2220.0,2044.0,2056.0,1223.0,504.0,-340.0,-16096.0,881.0,-356.0,-35.0,-45.0,-248.0,477.0,32922.0,5519872.0,2318.0,2816.0,0.0
4216863000,0.010266863228834468,97400.73260073259,2308.0,2046.0,2055.0,1221.0,488.0,-348.0,-16052.0,880.0,-345.0,-22.0,-38.0,-248.0,474.0,32922.0,5520128.0,2515.0,2810.0,0.0
4217119000,0.010266863228834468,97400.73260073259,2258.0,2045.0,2054.0,1221.0,500.0,-384.0,-16072.0,869.0,-348.0,-29.0,-41.0,-256.0,478.0,32922.0,5520128.0,2365.0,2816.0,0.0
4217375000,0.010266657306751175,97402.68620268619,2417.0,2046.0,2056.0,1224.0,520.0,-328.0,-16092.0,876.0,-354.0,-25.0,-32.0,-255.0,475.0,32922.0,5520384.0,2551.0,2815.0,0.0
4217631000,0.010266863228834468,97400.73260073259,2324.0,2045.0,2056.0,1223.0,484.0,-340.0,-16096.0,884.0,-341.0,-17.0,-32.0,-255.0,475.0,32922.0,5520384.0,2596.0,2795.0,0.0
4217887000,0.010266657306751175,97402.68620268619,2403.0,2045.0,2055.0,1221.0,488.0,-316.0,-16060.0,884.0,-341.0,-17.0,-54.0,-252.0,477.0,32922.0,5519872.0,2643.0,2810.0,0.0
4218143000,0.010266863228834468,97400.73260073259,2439.0,2046.0,2055.0,1223.0,496.0,-352.0,-16052.0,867.0,-357.0,-43.0,-36.0,-248.0,477.0,32922.0,5519872.0,2424.0,2816.0,0.0
4218399000,0.010266863228834468,97400.73260073259,2246.0,2044.0,2055.0,1225.0,508.0,-368.0,-16060.0,881.0,-350.0,-25.0,-35.0,-247.0,472.0,32922.0,5520128.0,2325.0,2816.0,0.0
4218655000,0.010266657306751175,97402.68620268619,2372.0,2046.0,2054.0,1224.0,516.0,-332.0,-16112.0,876.0,-348.0,-30.0,-35.0,-247.0,472.0,32922.0,5520128.0,2532.0,2815.0,0.0
4218911000,0.010266657306751175,97402.68620268619,2344.0,2047.0,2055.0,1225.0,516.0,-340.0,-16072.0,860.0,-345.0,-22.0,-43.0,-254.0,483.0,32922.0,5520128.0,2613.0,2810.0,0.0
4219167000,0.010266863228834468,97400.73260073259,2379.0,2044.0,2054.0,1220.0,504.0,-344.0,-16076.0,874.0,-374.0,-30.0,-33.0,-250.0,481.0,32922.0,5520128.0,2410.0,2816.0,0.0
4219423000,0.010266863228834468,97400.73260073259,2240.0,2044.0,2055.0,1220.0,488.0,-336.0,-16100.0,889.0,-354.0,-38.0,-33.0,-254.0,476.0,32922.0,5520384.0,2318.0,2816.0,0.0
4219679000,0.010266657306751175,97402.68620268619,2310.0,2045.0,2056.0,1222.0,472.0,-372.0,-16068.0,875.0,-340.0,-32.0,-37.0,-251.0,475.0,32922.0,5520384.0,2529.0,2815.0,0.0
4219935000,0.010266863228834468,97400.73260073259,2348.0,2046.0,2055.0,1222.0,500.0,-328.0,-16080.0,874.0,-342.0,-28.0,-37.0,-251.0,475.0,32922.0,5519360.0,2612.0,2810.0,0.0
4220191000,0.010266657306751175,97402.68620268619,2371.0,2046.0,2057.0,1222.0,512.0,-328.0,-16036.0,863.0,-349.0,-29.0,-34.0,-250.0,474.0,32922.0,5519360.0,2410.0,2816.0,0.0
4220447000,0.010266863228834468,97400.73260073259,2211.0,2045.0,2054.0,1224.0,476.0,-336.0,-16000.0,885.0,-363.0,-29.0,-40.0,-251.0,480.0,32922.0,5520128.0,2318.0,2816.0,0.0
4220703000,0.010266863228834468,97400.73260073259,2285.0,2044.0,2055.0,1221.0,500.0,-340.0,-16072.0,878.0,-338.0,-34.0,-37.0,-253.0,475.0,32922.0,5520128.0,2276.0,2816.0,0.0
4220959000,0.010266863228834468,97400.73260073259,2225.0,2044.0,2055.0,1224.0,512.0,-344.0,-16128.0,868.0,-347.0,-29.0,-35.0,-256.0,476.0,32922.0,5519872.0,2472.0,2798.0,0.0
4221215000,0.010266863228834468,97400.73260073259,2219.0,2044.0,2057.0,1224.0,496.0,-340.0,-16092.0,877.0,-347.0,-46.0,-35.0,-256.0,476.0,32922.0,5519872.0,2345.0,2816.0,0.0
4221471000,0.010266863228834468,97400.73260073259,2301.0,2046.0,2057.0,1225.0,488.0,-320.0,-16036.0,867.0,-353.0,-16.0,-40.0,-251.0,478.0,32922.0,5519872.0,2295.0,2817.0,0.0
4221727000,0.010266657306751175,97402.68620268619,2340.0,2045.0,2056.0,1224.0,472.0,-360.0,-16020.0,885.0,-348.0,-26.0,-39.0,-245.0,477.0,32922.0,5519872.0,2519.0,2815.0,0.0
4221983000,0.010266863228834468,97400.73260073259,2314.0,2046.0,2056.0,1221.0,492.0,-352.0,-16056.0,862.0,-346.0,-41.0,-28.0,-250.0,484.0,32922.0,5519872.0,2583.0,2798.0,0.0
4222239000,0.010266657306751175,97402.68620268619,2374.0,2044.0,2056.0,1222.0,500.0,-336.0,-16116.0,866.0,-345.0,-30.0,-28.0,-250.0,484.0,32922.0,5519872.0,2651.0,2815.0,0.0
4222495000,0.010266863228834468,97400.73260073259,2436.0,2045.0,2055.0,1223.0,468.0,-324.0,-16056.0,875.0,-356.0,-34.0,-34.0,-248.0,476.0,32922.0,5519872.0,2428.0,2816.0,0.0
4222751000,0.010266863228834468,97400.73260073259,2278.0,2045.0,2055.0,1222.0,496.0,-348.0,-16060.0,864.0,-357.0,-33.0,-34.0,-251.0,477.0,32922.0,5519872.0,2326.0,2816.0,0.0
4223007000,0.010266863228834468,97400.73260073259,2317.0,2045.0,2053.0,1224.0,508.0,-360.0,-16064.0,868.0,-345.0,-28.0,-23.0,-253.0,476.0,32922.0,5520384.0,2520.0,2812.0,0.0
4223263000,0.010266863228834468,97400.73260073259,2376.0,2044.0,2055.0,1223.0,512.0,-352.0,-16088.0,871.0,-335.0,-29.0,-48.0,-248.0,475.0,32922.0,5520384.0,2622.0,2815.0,0.0
4223519000,0.010266863228834468,97400.73260073259,2440.0,2045.0,2054.0,1221.0,452.0,-352.0,-16120.0,888.0,-334.0,-11.0,-48.0,-248.0,475.0,32922.0,5519872.0,2669.0,2815.0,0.0
4223775000,0.010266863228834468,97400.73260073259,2338.0,2045.0,2057.0,1221.0,480.0,-360.0,-16044.0,879.0,-349.0,-21.0,-36.0,-251.0,476.0,32922.0,5519872.0,2691.0,2815.0,0.0
4224031000,0.010266863228834468,97400.73260073259,2454.0,2045.0,2054.0,1223.0,508.0,-304.0,-16060.0,885.0,-356.0,-39.0,-33.0,-249.0,475.0,32922.0,5519872.0,2669.0,2799.0,0.0
4224287000,0.010266657306751175,97402.68620268619,2251.0,2045.0,2055.0,1225.0,516.0,-348.0,-16060.0,876.0,-352.0,-26.0,-41.0,-249.0,476.0,32922.0,5519872.0,2437.0,2816.0,0.0
4224543000,0.010266863228834468,97400.73260073259,2263.0,2046.0,2055.0,1223.0,468.0,-340.0,-16084.0,871.0,-362.0,-18.0,-41.0,-248.0,482.0,32922.0,5519872.0,2584.0,2815.0,0.0
4224799000,0.010266863228834468,97400.73260073259,2358.0,2044.0,2054.0,1224.0,480.0,-328.0,-16096.0,874.0,-348.0,-40.0,-41.0,-248.0,482.0,32922.0,5519872.0,2651.0,2815.0,0.0
4225055000,0.010266657306751175,97402.68620268619,2422.0,2046.0,2054.0,1222.0,524.0,-356.0,-16060.0,865.0,-337.0,-23.0,-41.0,-254.0,476.0,32922.0,5519616.0,2651.0,2799.0,0.0
4225311000,0.010266863228834468,97400.73260073259,2466.0,2045.0,2054.0,1223.0,540.0,-340.0,-16024.0,872.0,-357.0,-29.0,-35.0,-252.0,474.0,32922.0,5519616.0,2428.0,2816.0,0.0
4225567000,0.010266657306751175,97402.68620268619,2260.0,2046.0,2056.0,1224.0,504.0,-340.0,-16076.0,864.0,-354.0,-18.0,-30.0,-252.0,470.0,32922.0,5519616.0,2326.0,2816.0,0.0
4225823000,0.010266657306751175,97402.68620268619,2380.0,2045.0,2058.0,1222.0,476.0,-324.0,-16084.0,875.0,-347.0,-42.0,-39.0,-251.0,471.0,32922.0,5519616.0,2533.0,2815.0,0.0
4226079000,0.010266863228834468,97400.73260073259,2310.0,2044.0,2054.0,1223.0,500.0,-284.0,-16072.0,870.0,-361.0,-17.0,-39.0,-251.0,471.0,32922.0,5520384.0,2589.0,2798.0,0.0
4226335000,0.010266657306751175,97402.68620268619,2327.0,2044.0,2056.0,1221.0,504.0,-332.0,-16044.0,862.0,-351.0,-32.0,-34.0,-247.0,476.0,32922.0,5520384.0,2400.0,2816.0,0.0
4226591000,0.010266863228834468,97400.73260073259,2228.0,2044.0,2054.0,1220.0,508.0,-360.0,-16044.0,879.0,-356.0,-32.0,-34.0,-251.0,473.0,32922.0,5520640.0,2319.0,2817.0,0.0
4226847000,0.010266657306751175,97402.68620268619,2234.0,2044.0,2056.0,1223.0,496.0,-344.0,-16080.0,858.0,-340.0,-41.0,-55.0,-250.0,477.0,32922.0,5520640.0,2490.0,2795.0,0.0
4227103000,0.010266863228834468,97400.73260073259,2275.0,2046.0,2055.0,1221.0,508.0,-376.0,-16080.0,870.0,-337.0,-28.0,-55.0,-250.0,477.0,32922.0,5520128.0,2600.0,2811.0,0.0
4227359000,0.010266863228834468,97400.73260073259,2328.0,2045.0,2056.0,1223.0,480.0,-360.0,-16060.0,864.0,-337.0,-36.0,-27.0,-256.0,476.0,32922.0,5520128.0,2404.0,2816.0,0.0
4227615000,0.010266657306751175,97402.68620268619,2354.0,2045.0,2054.0,1222.0,500.0,-380.0,-16068.0,892.0,-343.0,-8.0,-34.0,-250.0,475.0,32922.0,5520384.0,2524.0,2796.0,0.0
4227871000,0.010266863228834468,97400.73260073259,2397.0,2045.0,2055.0,1223.0,536.0,-332.0,-16064.0,874.0,-355.0,-32.0,-32.0,-250.0,475.0,32922.0,5520384.0,2624.0,2815.0,0.0
4228127000,0.010266657306751175,97402.68620268619,2387.0,2046.0,2052.0,1221.0,492.0,-340.0,-16096.0,883.0,-364.0,-41.0,-29.0,-251.0,480.0,32922.0,5520128.0,2631.0,2798.0,0.0
4228383000,0.010266863228834468,97400.73260073259,2485.0,2045.0,2055.0,1223.0,500.0,-312.0,-16056.0,878.0,-350.0,-41.0,-29.0,-251.0,480.0,32922.0,5520128.0,2674.0,2815.0,0.0
4228639000,0.010266863228834468,97400.73260073259,2312.0,2046.0,2052.0,1221.0,508.0,-308.0,-16084.0,886.0,-333.0,-49.0,-37.0,-253.0,475.0,32922.0,5520128.0,2439.0,2816.0,0.0
4228895000,0.010266863228834468,97400.73260073259,2192.0,2044.0,2055.0,1221.0,480.0,-308.0,-16108.0,879.0,-354.0,-21.0,-36.0,-249.0,480.0,32922.0,5520128.0,2331.0,2816.0,0.0
4229151000,0.010266863228834468,97400.73260073259,2342.0,2045.0,2056.0,1222.0,548.0,-344.0,-16060.0,880.0,-343.0,-23.0,-37.0,-252.0,482.0,32922.0,5519872.0,2527.0,2811.0,0.0
4229407000,0.010266657306751175,97402.68620268619,2347.0,2046.0,2056.0,1221.0,504.0,-344.0,-16088.0,873.0,-349.0,-16.0,-35.0,-245.0,473.0,32922.0,5519872.0,2625.0,2815.0,0.0
4229663000,0.010266657306751175,97402.68620268619,2390.0,2045.0,2056.0,1223.0,500.0,-316.0,-16064.0,878.0,-340.0,-12.0,-35.0,-245.0,473.0,32922.0,5520384.0,2416.0,2816.0,0.0
4229919000,0.010266863228834468,97400.73260073259,2253.0,2046.0,2054.0,1221.0,520.0,-344.0,-16104.0,889.0,-342.0,-29.0,-40.0,-252.0,477.0,32922.0,5520384.0,2321.0,2816.0,0.0
4230175000,0.010266657306751175,97402.68620268619,2268.0,2045.0,2055.0,1222.0,436.0,-344.0,-16036.0,884.0,-349.0,-17.0,-41.0,-252.0,480.0,32922.0,5519872.0,2499.0,2799.0,0.0
4230431000,0.010266657306751175,97402.68620268619,2273.0,2046.0,2055.0,1223.0,496.0,-336.0,-16076.0,860.0,-343.0,-32.0,-42.0,-252.0,471.0,32922.0,5519872.0,2358.0,2816.0,0.0
4230687000,0.010266863228834468,97400.73260073259,2315.0,2044.0,2055.0,1221.0,492.0,-324.0,-16092.0,866.0,-346.0,-32.0,-42.0,-252.0,471.0,32922.0,5519616.0,2294.0,2816.0,0.0
4230943000,0.010266863228834468,97400.73260073259,2296.0,2045.0,2056.0,1224.0,472.0,-324.0,-16068.0,876.0,-349.0,-16.0,-38.0,-253.0,477.0,32922.0,5519616.0,2265.0,2816.0,0.0
4231199000,0.010266863228834468,97400.73260073259,2326.0,2043.0,2054.0,1221.0,496.0,-356.0,-16080.0,866.0,-357.0,-37.0,-46.0,-252.0,479.0,32922.0,5520640.0,2491.0,2812.0,0.0
4231455000,0.010266657306751175,97402.68620268619,2240.0,2045.0,2054.0,1221.0,496.0,-348.0,-16096.0,864.0,-356.0,-15.0,-35.0,-249.0,485.0,32922.0,5520640.0,2354.0,2816.0,0.0
4231711000,0.010266863228834468,97400.73260073259,2389.0,2046.0,2056.0,1223.0,512.0,-332.0,-16048.0,880.0,-364.0,-24.0,-31.0,-248.0,475.0,32922.0,5520384.0,2546.0,2815.0,0.0
4231967000,0.010266657306751175,97402.68620268619,2402.0,2045.0,2056.0,1224.0,504.0,-340.0,-16028.0,875.0,-344.0,-36.0,-31.0,-248.0,475.0,32922.0,5520384.0,2634.0,2815.0,0.0
4232223000,0.010266863228834468,97400.73260073259,2421.0,2045.0,2054.0,1222.0,528.0,-312.0,-16092.0,905.0,-351.0,-26.0,-57.0,-247.0,479.0,32922.0,5520640.0,2643.0,2799.0,0.0
4232479000,0.010266863228834468,97400.73260073259,2467.0,2045.0,2056.0,1222.0,576.0,-364.0,-16080.0,866.0,-352.0,-25.0,-33.0,-250.0,480.0,32922.0,5520640.0,2424.0,2816.0,0.0
4232735000,0.010266657306751175,97402.68620268619,2256.0,2045.0,2056.0,1221.0,488.0,-324.0,-16072.0,860.0,-347.0,-17.0,-45.0,-253.0,474.0,32922.0,5519616.0,2324.0,2816.0,0.0
4232991000,0.010266863228834468,97400.73260073259,2363.0,2044.0,2053.0,1221.0,496.0,-372.0,-16088.0,877.0,-352.0,-38.0,-35.0,-254.0,479.0,32922.0,5519616.0,2532.0,2815.0,0.0
4233247000,0.010266863228834468,97400.73260073259,2311.0,2046.0,2054.0,1224.0,524.0,-348.0,-16076.0,876.0,-353.0,-22.0,-35.0,-254.0,479.0,32922.0,5519872.0,2589.0,2798.0,0.0
4233503000,0.010266657306751175,97402.68620268619,2319.0,2045.0,2057.0,1223.0,524.0,-344.0,-16076.0,873.0,-335.0,-43.0,-39.0,-247.0,485.0,32922.0,5519872.0,2400.0,2816.0,0.0
4233759000,0.010266863228834468,97400.73260073259,2223.0,2045.0,2056.0,1222.0,540.0,-344.0,-16080.0,872.0,-344.0,-16.0,-41.0,-248.0,474.0,32922.0,5519872.0,2320.0,2817.0,0.0
4234015000,0.010266863228834468,97400.73260073259,2241.0,2045.0,2056.0,1222.0,476.0,-336.0,-16036.0,851.0,-352.0,-31.0,-42.0,-259.0,477.0,32922.0,5519872.0,2491.0,2795.0,0.0
4234271000,0.010266863228834468,97400.73260073259,2272.0,2046.0,2056.0,1221.0,500.0,-324.0,-16076.0,882.0,-371.0,-44.0,-36.0,-252.0,474.0,32922.0,5520384.0,2601.0,2812.0,0.0
4234527000,0.010266863228834468,97400.73260073259,2403.0,2046.0,2055.0,1224.0,528.0,-344.0,-16104.0,884.0,-358.0,-22.0,-36.0,-252.0,474.0,32922.0,5520384.0,2659.0,2815.0,0.0
4234783000,0.010266657306751175,97402.68620268619,2209.0,2045.0,2053.0,1223.0,508.0,-340.0,-16092.0,884.0,-358.0,-22.0,-37.0,-243.0,476.0,32922.0,5519872.0,2432.0,2816.0,0.0
4235039000,0.010266863228834468,97400.73260073259,2241.0,2044.0,2056.0,1224.0,484.0,-332.0,-16056.0,861.0,-340.0,-16.0,-37.0,-256.0,475.0,32922.0,5519872.0,2582.0,2815.0,0.0
4235295000,0.010266863228834468,97400.73260073259,2268.0,2044.0,2055.0,1220.0,508.0,-300.0,-16052.0,871.0,-355.0,-24.0,-44.0,-254.0,475.0,32922.0,5519872.0,2612.0,2798.0,0.0
4235551000,0.010266657306751175,97402.68620268619,2393.0,2044.0,2056.0,1222.0,480.0,-340.0,-16120.0,864.0,-359.0,-26.0,-44.0,-254.0,475.0,32922.0,5519872.0,2665.0,2815.0,0.0
4235807000,0.010266863228834468,97400.73260073259,2257.0,2046.0,2056.0,1222.0,500.0,-340.0,-16096.0,890.0,-355.0,-35.0,-47.0,-248.0,473.0,32922.0,5520128.0,2434.0,2816.0,0.0
4236063000,0.010266657306751175,97402.68620268619,2213.0,2046.0,2055.0,1223.0,520.0,-360.0,-16068.0,875.0,-370.0,-36.0,-37.0,-252.0,482.0,32922.0,5520128.0,2583.0,2815.0,0.0
4236319000,0.010266863228834468,97400.73260073259,2315.0,2046.0,2054.0,1222.0,524.0,-304.0,-16040.0,889.0,-347.0,-30.0,-37.0,-249.0,477.0,32922.0,5520128.0,2619.0,2799.0,0.0
4236575000,0.010266657306751175,97402.68620268619,2415.0,2045.0,2055.0,1222.0,520.0,-328.0,-16016.0,870.0,-335.0,-27.0,-32.0,-249.0,482.0,32922.0,5520128.0,2668.0,2815.0,0.0
4236831000,0.010266657306751175,97402.68620268619,2238.0,2044.0,2055.0,1222.0,516.0,-376.0,-16112.0,875.0,-348.0,-24.0,-32.0,-249.0,482.0,32922.0,5519872.0,2436.0,2816.0,0.0
4237087000,0.010266863228834468,97400.73260073259,2253.0,2044.0,2055.0,1220.0,504.0,-356.0,-16120.0,865.0,-357.0,-38.0,-40.0,-257.0,482.0,32922.0,5519872.0,2584.0,2815.0,0.0
4237343000,0.010266657306751175,97402.68620268619,2283.0,2045.0,2056.0,1222.0,516.0,-368.0,-16092.0,866.0,-350.0,-19.0,-32.0,-249.0,480.0,32922.0,5520128.0,2619.0,2799.0,0.0
4237599000,0.010266863228834468,97400.73260073259,2371.0,2046.0,2055.0,1223.0,516.0,-340.0,-16008.0,887.0,-344.0,-19.0,-40.0,-250.0,479.0,32922.0,5520128.0,2414.0,2816.0,0.0
4237855000,0.010266863228834468,97400.73260073259,2218.0,2045.0,2054.0,1226.0,500.0,-344.0,-16004.0,868.0,-348.0,-23.0,-29.0,-247.0,473.0,32922.0,5519872.0,2320.0,2816.0,0.0
4238111000,0.010266863228834468,97400.73260073259,2309.0,2046.0,2054.0,1223.0,536.0,-320.0,-16092.0,877.0,-363.0,-12.0,-29.0,-247.0,473.0,32922.0,5519872.0,2530.0,2815.0,0.0
4238367000,0.010266863228834468,97400.73260073259,2366.0,2045.0,2055.0,1222.0,476.0,-320.0,-16060.0,874.0,-360.0,-27.0,-36.0,-248.0,477.0,32922.0,5520128.0,2620.0,2813.0,0.0
4238623000,0.010266657306751175,97402.68620268619,2371.0,2043.0,2055.0,1221.0,460.0,-344.0,-16060.0,885.0,-354.0,-20.0,-37.0,-252.0,476.0,32922.0,5520128.0,2414.0,2816.0,0.0
4238879000,0.010266863228834468,97400.73260073259,2237.0,2043.0,2054.0,1224.0,448.0,-300.0,-16044.0,894.0,-340.0,-22.0,-39.0,-256.0,477.0,32922.0,5519872.0,2319.0,2816.0,0.0
4239135000,0.010266863228834468,97400.73260073259,2344.0,2043.0,2053.0,1224.0,476.0,-300.0,-16108.0,864.0,-346.0,-22.0,-36.0,-240.0,473.0,32922.0,5519872.0,2530.0,2815.0,0.0
4239391000,0.010266657306751175,97402.68620268619,2331.0,2045.0,2054.0,1225.0,544.0,-360.0,-16056.0,873.0,-349.0,-23.0,-36.0,-240.0,473.0,32922.0,5519616.0,2620.0,2813.0,0.0
4239647000,0.010266863228834468,97400.73260073259,2408.0,2046.0,2056.0,1223.0,500.0,-348.0,-16052.0,888.0,-342.0,-10.0,-38.0,-246.0,474.0,32922.0,5519616.0,2414.0,2816.0,0.0
4239903000,0.010266863228834468,97400.73260073259,2226.0,2044.0,2057.0,1222.0,492.0,-352.0,-16056.0,872.0,-350.0,-26.0,-33.0,-247.0,483.0,32922.0,5520128.0,2319.0,2816.0,0.0
4240159000,0.010266657306751175,97402.68620268619,2335.0,2046.0,2056.0,1222.0,464.0,-364.0,-16148.0,855.0,-339.0,-11.0,-36.0,-253.0,473.0,32922.0,5520128.0,2530.0,2815.0,0.0
4240415000,0.010266863228834468,97400.73260073259,2367.0,2047.0,2056.0,1222.0,492.0,-340.0,-16144.0,859.0,-345.0,-10.0,-36.0,-253.0,473.0,32922.0,5520128.0,2619.0,2813.0,0.0
4240671000,0.010266657306751175,97402.68620268619,2425.0,2046.0,2056.0,1223.0,508.0,-380.0,-16060.0,874.0,-343.0,-15.0,-39.0,-247.0,477.0,32922.0,5520128.0,2668.0,2815.0,0.0
4240927000,0.010266863228834468,97400.73260073259,2286.0,2045.0,2057.0,1222.0,532.0,-336.0,-16004.0,868.0,-332.0,-15.0,-35.0,-253.0,473.0,32922.0,5519616.0,2436.0,2816.0,0.0
4241183000,0.010266863228834468,97400.73260073259,2240.0,2044.0,2057.0,1223.0,468.0,-344.0,-16092.0,865.0,-355.0,-43.0,-32.0,-252.0,475.0,32922.0,5519616.0,2584.0,2815.0,0.0
4241439000,0.010266863228834468,97400.73260073259,2353.0,2044.0,2056.0,1222.0,484.0,-332.0,-16128.0,868.0,-358.0,-19.0,-32.0,-256.0,481.0,32922.0,5520128.0,2651.0,2815.0,0.0
4241695000,0.010266863228834468,97400.73260073259,2496.0,2045.0,2055.0,1222.0,440.0,-308.0,-16116.0,860.0,-354.0,-41.0,-32.0,-256.0,481.0,32922.0,5520128.0,2683.0,2815.0,0.0
4241951000,0.010266657306751175,97402.68620268619,2289.0,2044.0,2054.0,1223.0,452.0,-328.0,-16064.0,868.0,-352.0,-6.0,-37.0,-250.0,477.0,32922.0,5519360.0,2443.0,2816.0,0.0
4242207000,0.010266863228834468,97400.73260073259,2232.0,2043.0,2051.0,1227.0,504.0,-252.0,-16028.0,867.0,-358.0,-29.0,-33.0,-250.0,477.0,32922.0,5519360.0,2333.0,2816.0,0.0
4242463000,0.010266657306751175,97402.68620268619,2287.0,2043.0,2053.0,1222.0,500.0,-276.0,-16060.0,865.0,-374.0,-28.0,-25.0,-244.0,477.0,32922.0,5520384.0,2505.0,2799.0,0.0
4242719000,0.010266657306751175,97402.68620268619,2305.0,2043.0,2054.0,1224.0,484.0,-300.0,-16172.0,892.0,-347.0,-17.0,-26.0,-250.0,476.0,32922.0,5520384.0,2615.0,2815.0,0.0
4242975000,0.010266863228834468,97400.73260073259,2389.0,2045.0,2056.0,1222.0,448.0,-308.0,-16148.0,854.0,-354.0,-27.0,-26.0,-250.0,476.0,32922.0,5520384.0,2411.0,2816.0,0.0
4243231000,0.010266657306751175,97402.68620268619,2258.0,2045.0,2054.0,1222.0,488.0,-316.0,-16048.0,865.0,-359.0,-30.0,-41.0,-250.0,471.0,32922.0,5520384.0,2572.0,2815.0,0.0
4243487000,0.010266863228834468,97400.73260073259,2318.0,2046.0,2056.0,1223.0,496.0,-316.0,-16036.0,843.0,-352.0,-28.0,-37.0,-253.0,478.0,32922.0,5519872.0,2614.0,2799.0,0.0
4243743000,0.010266863228834468,97400.73260073259,2427.0,2046.0,2057.0,1224.0,488.0,-348.0,-16096.0,872.0,-330.0,-24.0,-40.0,-248.0,479.0,32922.0,5519872.0,2666.0,2815.0,0.0
4243999000,0.010266657306751175,97402.68620268619,2239.0,2046.0,2056.0,1223.0,484.0,-344.0,-16168.0,884.0,-354.0,-42.0,-40.0,-248.0,479.0,32922.0,5519872.0,2435.0,2816.0,0.0
4244255000,0.010266863228834468,97400.73260073259,2263.0,2045.0,2056.0,1223.0,480.0,-344.0,-16068.0,867.0,-343.0,-25.0,-41.0,-249.0,475.0,32922.0,5519872.0,2583.0,2815.0,0.0
4244511000,0.010266657306751175,97402.68620268619,2293.0,2045.0,2057.0,1222.0,492.0,-308.0,-16052.0,864.0,-353.0,-26.0,-32.0,-243.0,477.0,32922.0,5519360.0,2619.0,2799.0,0.0
4244767000,0.010266863228834468,97400.73260073259,2420.0,2046.0,2055.0,1221.0,460.0,-304.0,-16080.0,883.0,-340.0,-22.0,-43.0,-256.0,477.0,32922.0,5519360.0,2668.0,2815.0,0.0
4245023000,0.010266863228834468,97400.73260073259,2264.0,2045.0,2055.0,1223.0,488.0,-324.0,-16108.0,875.0,-354.0,-21.0,-36.0,-250.0,480.0,32922.0,5519872.0,2436.0,2816.0,0.0
4245279000,0.010266657306751175,97402.68620268619,2158.0,2043.0,2055.0,1224.0,484.0,-308.0,-16096.0,875.0,-337.0,-28.0,-36.0,-250.0,480.0,32922.0,5519872.0,2330.0,2816.0,0.0
4245535000,0.010266863228834468,97400.73260073259,2271.0,2043.0,2055.0,1224.0,480.0,-324.0,-16088.0,865.0,-369.0,-22.0,-40.0,-254.0,482.0,32922.0,5520640.0,2497.0,2800.0,0.0
4245791000,0.010266863228834468,97400.73260073259,2227.0,2045.0,2054.0,1223.0,496.0,-304.0,-16076.0,875.0,-350.0,-36.0,-30.0,-249.0,478.0,32922.0,5520640.0,2357.0,2816.0,0.0
4246047000,0.010266657306751175,97402.68620268619,2303.0,2046.0,2055.0,1225.0,516.0,-308.0,-16092.0,878.0,-360.0,-22.0,-33.0,-250.0,481.0,32922.0,5519872.0,2294.0,2816.0,0.0
4246303000,0.010266863228834468,97400.73260073259,2368.0,2045.0,2054.0,1224.0,460.0,-324.0,-16124.0,896.0,-357.0,-34.0,-44.0,-254.0,478.0,32922.0,5519872.0,2518.0,2815.0,0.0
4246559000,0.010266657306751175,97402.68620268619,2282.0,2044.0,2056.0,1225.0,500.0,-296.0,-16096.0,888.0,-336.0,-32.0,-44.0,-254.0,478.0,32922.0,5520384.0,2589.0,2799.0,0.0
4246815000,0.010266863228834468,97400.73260073259,2358.0,2044.0,2054.0,1221.0,480.0,-304.0,-16088.0,865.0,-341.0,-40.0,-39.0,-250.0,473.0,32922.0,5520384.0,2399.0,2816.0,0.0
4247071000,0.010266863228834468,97400.73260073259,2194.0,2044.0,2055.0,1223.0,468.0,-332.0,-16064.0,864.0,-356.0,-11.0,-31.0,-252.0,481.0,32922.0,5520128.0,2313.0,2816.0,0.0
4247327000,0.010266657306751175,97402.68620268619,2302.0,2045.0,2054.0,1222.0,468.0,-320.0,-16108.0,882.0,-364.0,-21.0,-31.0,-248.0,475.0,32922.0,5520128.0,2527.0,2815.0,0.0
4247583000,0.010266863228834468,97400.73260073259,2354.0,2046.0,2056.0,1222.0,488.0,-356.0,-16112.0,869.0,-352.0,-18.0,-38.0,-247.0,475.0,32922.0,5520640.0,2618.0,2813.0,0.0
4247839000,0.010266863228834468,97400.73260073259,2361.0,2047.0,2054.0,1222.0,476.0,-324.0,-16108.0,873.0,-346.0,-23.0,-38.0,-247.0,475.0,32922.0,5520640.0,2413.0,2816.0,0.0
4248095000,0.010266863228834468,97400.73260073259,2254.0,2046.0,2055.0,1223.0,492.0,-348.0,-16080.0,863.0,-340.0,-39.0,-37.0,-253.0,476.0,32922.0,5520128.0,2326.0,2817.0,0.0
4248351000,0.010266863228834468,97400.73260073259,2292.0,2045.0,2056.0,1224.0,492.0,-328.0,-16064.0,866.0,-346.0,-27.0,-32.0,-251.0,476.0,32922.0,5520128.0,2279.0,2816.0,0.0
4248607000,0.010266657306751175,97402.68620268619,2248.0,2046.0,2055.0,1223.0,504.0,-300.0,-16056.0,879.0,-360.0,-42.0,-37.0,-253.0,483.0,32922.0,5520384.0,2474.0,2798.0,0.0
4248863000,0.010266863228834468,97400.73260073259,2237.0,2045.0,2053.0,1221.0,488.0,-324.0,-16104.0,869.0,-351.0,-19.0,-37.0,-253.0,483.0,32922.0,5520384.0,2346.0,2816.0,0.0
4249119000,0.010266657306751175,97402.68620268619,2257.0,2044.0,2055.0,1221.0,456.0,-344.0,-16096.0,869.0,-343.0,-14.0,-44.0,-250.0,477.0,32922.0,5520128.0,2497.0,2796.0,0.0
4249375000,0.010266863228834468,97400.73260073259,2306.0,2044.0,2055.0,1223.0,504.0,-364.0,-16092.0,872.0,-369.0,-35.0,-42.0,-249.0,478.0,32922.0,5520128.0,2612.0,2815.0,0.0
4249631000,0.010266863228834468,97400.73260073259,2364.0,2045.0,2054.0,1221.0,444.0,-332.0,-16088.0,873.0,-346.0,-34.0,-37.0,-249.0,484.0,32922.0,5520384.0,2632.0,2799.0,0.0
4249887000,0.010266657306751175,97402.68620268619,2438.0,2044.0,2054.0,1221.0,472.0,-328.0,-16100.0,855.0,-345.0,-25.0,-39.0,-245.0,481.0,32922.0,5520384.0,2674.0,2815.0,0.0
4250143000,0.010266863228834468,97400.73260073259,2305.0,2044.0,2055.0,1223.0,460.0,-292.0,-16036.0,885.0,-362.0,-35.0,-39.0,-245.0,481.0,32922.0,5520640.0,2439.0,2816.0,0.0
4250399000,0.010266863228834468,97400.73260073259,2250.0,2045.0,2054.0,1222.0,444.0,-340.0,-16072.0,872.0,-359.0,-17.0,-40.0,-250.0,480.0,32922.0,5520640.0,2585.0,2815.0,0.0
4250655000,0.010266863228834468,97400.73260073259,2359.0,2046.0,2055.0,1223.0,508.0,-308.0,-16096.0,867.0,-337.0,-27.0,-39.0,-246.0,481.0,32922.0,5520384.0,2646.0,2814.0,0.0
4250911000,0.010266863228834468,97400.73260073259,2480.0,2044.0,2055.0,1224.0,472.0,-336.0,-16084.0,864.0,-358.0,-13.0,-32.0,-248.0,485.0,32922.0,5520384.0,2680.0,2815.0,0.0
4251167000,0.010266657306751175,97402.68620268619,2272.0,2045.0,2055.0,1224.0,456.0,-340.0,-16084.0,878.0,-372.0,-28.0,-33.0,-250.0,472.0,32922.0,5520128.0,2442.0,2816.0,0.0
4251423000,0.010266863228834468,97400.73260073259,2283.0,2046.0,2056.0,1222.0,520.0,-284.0,-16100.0,876.0,-342.0,-22.0,-33.0,-250.0,472.0,32922.0,5520128.0,2586.0,2815.0,0.0
4251679000,0.010266657306751175,97402.68620268619,2359.0,2045.0,2055.0,1224.0,476.0,-356.0,-16092.0,876.0,-342.0,-22.0,-29.0,-253.0,474.0,32922.0,5520128.0,2646.0,2814.0,0.0
4251935000,0.010266657306751175,97402.68620268619,2406.0,2044.0,2056.0,1224.0,476.0,-340.0,-16064.0,865.0,-343.0,-31.0,-34.0,-252.0,481.0,32922.0,5520128.0,2426.0,2816.0,0.0
4252191000,0.010266863228834468,97400.73260073259,2275.0,2045.0,2055.0,1224.0,488.0,-320.0,-16104.0,858.0,-334.0,-20.0,-33.0,-249.0,477.0,32922.0,5520128.0,2325.0,2816.0,0.0
4252447000,0.010266657306751175,97402.68620268619,2334.0,2044.0,2056.0,1223.0,496.0,-304.0,-16084.0,877.0,-356.0,-30.0,-33.0,-249.0,477.0,32922.0,5520128.0,2533.0,2815.0,0.0
4252703000,0.010266863228834468,97400.73260073259,2392.0,2045.0,2054.0,1222.0,504.0,-332.0,-16064.0,876.0,-350.0,-6.0,-32.0,-252.0,478.0,32922.0,5520640.0,2628.0,2815.0,0.0
4252959000,0.010266863228834468,97400.73260073259,2409.0,2046.0,2055.0,1222.0,472.0,-316.0,-16088.0,872.0,-354.0,-25.0,-36.0,-250.0,473.0,32922.0,5520640.0,2417.0,2816.0,0.0
4253215000,0.010266657306751175,97402.68620268619,2235.0,2045.0,2056.0,1224.0,480.0,-332.0,-16076.0,863.0,-359.0,-25.0,-37.0,-253.0,475.0,32922.0,5519872.0,2321.0,2816.0,0.0
4253471000,0.010266863228834468,97400.73260073259,2306.0,2044.0,2056.0,1223.0,464.0,-296.0,-16080.0,866.0,-340.0,-39.0,-39.0,-249.0,479.0,32922.0,5519872.0,2277.0,2816.0,0.0
4253727000,0.010266863228834468,97400.73260073259,2242.0,2047.0,2054.0,1223.0,464.0,-324.0,-16092.0,874.0,-353.0,-29.0,-39.0,-249.0,479.0,32922.0,5520128.0,2473.0,2798.0,0.0
4253983000,0.010266863228834468,97400.73260073259,2228.0,2045.0,2054.0,1223.0,484.0,-312.0,-16056.0,859.0,-345.0,-25.0,-40.0,-249.0,477.0,32922.0,5520128.0,2346.0,2816.0,0.0
4254239000,0.010266863228834468,97400.73260073259,2291.0,2046.0,2056.0,1222.0,496.0,-320.0,-16060.0,867.0,-348.0,-25.0,-39.0,-247.0,477.0,32922.0,5520128.0,2288.0,2816.0,0.0
4254495000,0.010266657306751175,97402.68620268619,2264.0,2045.0,2056.0,1221.0,476.0,-312.0,-16108.0,858.0,-359.0,-41.0,-33.0,-257.0,477.0,32922.0,5520128.0,2262.0,2816.0,0.0
4254751000,0.010266863228834468,97400.73260073259,2323.0,2046.0,2058.0,1222.0,452.0,-316.0,-16056.0,877.0,-357.0,-14.0,-36.0,-253.0,477.0,32922.0,5520128.0,2497.0,2814.0,0.0
4255007000,0.010266657306751175,97402.68620268619,2250.0,2044.0,2054.0,1225.0,456.0,-344.0,-16116.0,872.0,-341.0,-54.0,-36.0,-253.0,477.0,32922.0,5520128.0,2357.0,2816.0,0.0
4255263000,0.010266657306751175,97402.68620268619,2333.0,2044.0,2056.0,1225.0,472.0,-300.0,-16092.0,884.0,-349.0,-24.0,-36.0,-251.0,476.0,32922.0,5520384.0,2300.0,2817.0,0.0
4255519000,0.010266657306751175,97402.68620268619,2385.0,2046.0,2054.0,1223.0,484.0,-352.0,-16088.0,886.0,-342.0,-34.0,-33.0,-247.0,482.0,32922.0,5520384.0,2521.0,2815.0,0.0
4255775000,0.010266863228834468,97400.73260073259,2343.0,2046.0,2055.0,1224.0,528.0,-336.0,-16068.0,898.0,-360.0,-27.0,-35.0,-247.0,471.0,32922.0,5520128.0,2616.0,2814.0,0.0
4256031000,0.010266863228834468,97400.73260073259,2407.0,2045.0,2055.0,1221.0,492.0,-376.0,-16120.0,897.0,-345.0,-27.0,-34.0,-245.0,474.0,32922.0,5520128.0,2412.0,2816.0,0.0
4256287000,0.010266863228834468,97400.73260073259,2228.0,2045.0,2055.0,1222.0,484.0,-336.0,-16124.0,874.0,-362.0,-23.0,-34.0,-245.0,474.0,32922.0,5519360.0,2319.0,2816.0,0.0
4256543000,0.010266863228834468,97400.73260073259,2335.0,2044.0,2056.0,1224.0,488.0,-320.0,-16100.0,863.0,-343.0,-28.0,-31.0,-250.0,478.0,32922.0,5519360.0,2530.0,2815.0,0.0
4256799000,0.010266657306751175,97402.68620268619,2366.0,2044.0,2056.0,1225.0,512.0,-332.0,-16080.0,874.0,-372.0,-29.0,-33.0,-250.0,478.0,32922.0,5520384.0,2620.0,2814.0,0.0
4257055000,0.010266657306751175,97402.68620268619,2428.0,2044.0,2056.0,1223.0,468.0,-392.0,-16084.0,860.0,-343.0,-30.0,-34.0,-247.0,472.0,32922.0,5520384.0,2669.0,2815.0,0.0
4257311000,0.010266863228834468,97400.73260073259,2285.0,2042.0,2054.0,1223.0,492.0,-332.0,-16124.0,866.0,-345.0,-45.0,-34.0,-247.0,472.0,32922.0,5519872.0,2436.0,2816.0,0.0
4257567000,0.010266863228834468,97400.73260073259,2189.0,2044.0,2056.0,1223.0,484.0,-348.0,-16092.0,846.0,-354.0,-21.0,-34.0,-252.0,475.0,32922.0,5519872.0,2329.0,2816.0,0.0
4257823000,0.010266657306751175,97402.68620268619,2259.0,2044.0,2055.0,1223.0,508.0,-364.0,-16064.0,873.0,-349.0,-17.0,-39.0,-251.0,480.0,32922.0,5520128.0,2503.0,2799.0,0.0
4258079000,0.010266863228834468,97400.73260073259,2268.0,2045.0,2055.0,1223.0,496.0,-332.0,-16084.0,881.0,-336.0,-13.0,-40.0,-253.0,477.0,32922.0,5520128.0,2359.0,2816.0,0.0
4258335000,0.010266863228834468,97400.73260073259,2301.0,2046.0,2055.0,1223.0,508.0,-352.0,-16076.0,858.0,-339.0,-16.0,-36.0,-252.0,474.0,32922.0,5520128.0,2295.0,2816.0,0.0
4258591000,0.010266863228834468,97400.73260073259,2379.0,2044.0,2055.0,1223.0,476.0,-320.0,-16112.0,849.0,-368.0,-13.0,-36.0,-252.0,474.0,32922.0,5520128.0,2519.0,2815.0,0.0
4258847000,0.010266863228834468,97400.73260073259,2378.0,2045.0,2056.0,1220.0,508.0,-324.0,-16128.0,875.0,-344.0,-22.0,-38.0,-254.0,472.0,32922.0,5519616.0,2622.0,2815.0,0.0
4259103000,0.010266657306751175,97402.68620268619,2386.0,2045.0,2054.0,1222.0,504.0,-340.0,-16056.0,889.0,-364.0,-34.0,-36.0,-255.0,479.0,32922.0,5519616.0,2414.0,2816.0,0.0
4259359000,0.010266863228834468,97400.73260073259,2263.0,2045.0,2056.0,1223.0,480.0,-356.0,-16048.0,878.0,-341.0,-35.0,-41.0,-248.0,475.0,32922.0,5519872.0,2319.0,2816.0,0.0
4259615000,0.010266863228834468,97400.73260073259,2323.0,2046.0,2055.0,1221.0,512.0,-356.0,-16088.0,872.0,-354.0,-26.0,-39.0,-249.0,474.0,32922.0,5519872.0,2530.0,2815.0,0.0
4259871000,0.010266657306751175,97402.68620268619,2359.0,2044.0,2055.0,1223.0,500.0,-332.0,-16100.0,886.0,-338.0,-23.0,-39.0,-249.0,474.0,32922.0,5519872.0,2620.0,2814.0,0.0
4260127000,0.010266863228834468,97400.73260073259,2454.0,2046.0,2056.0,1223.0,520.0,-336.0,-15992.0,866.0,-348.0,-17.0,-34.0,-247.0,476.0,32922.0,5519872.0,2668.0,2815.0,0.0
4260383000,0.010266657306751175,97402.68620268619,2270.0,2044.0,2053.0,1220.0,480.0,-340.0,-16048.0,864.0,-373.0,-31.0,-27.0,-247.0,478.0,32922.0,5520128.0,2443.0,2817.0,0.0
4260639000,0.010266863228834468,97400.73260073259,2287.0,2045.0,2054.0,1223.0,444.0,-348.0,-16016.0,890.0,-355.0,-6.0,-28.0,-252.0,473.0,32922.0,5520128.0,2587.0,2815.0,0.0
4260895000,0.010266863228834468,97400.73260073259,2306.0,2045.0,2058.0,1223.0,452.0,-308.0,-16092.0,872.0,-350.0,-27.0,-28.0,-252.0,473.0,32922.0,5520384.0,2621.0,2799.0,0.0
4261151000,0.010266863228834468,97400.73260073259,2432.0,2044.0,2057.0,1223.0,496.0,-328.0,-16108.0,852.0,-339.0,-36.0,-33.0,-253.0,474.0,32922.0,5520384.0,2669.0,2815.0,0.0
4261407000,0.010266863228834468,97400.73260073259,2294.0,2046.0,2056.0,1223.0,472.0,-336.0,-16024.0,862.0,-365.0,-25.0,-30.0,-245.0,479.0,32922.0,5519872.0,2443.0,2817.0,0.0
4261663000,0.010266657306751175,97402.68620268619,2241.0,2045.0,2058.0,1223.0,480.0,-352.0,-16024.0,879.0,-354.0,-19.0,-29.0,-259.0,472.0,32922.0,5519872.0,2587.0,2815.0,0.0
4261919000,0.010266863228834468,97400.73260073259,2392.0,2045.0,2055.0,1222.0,480.0,-328.0,-16076.0,862.0,-357.0,-44.0,-32.0,-249.0,478.0,32922.0,5520384.0,2653.0,2815.0,0.0
4262175000,0.010266863228834468,97400.73260073259,2475.0,2046.0,2056.0,1221.0,528.0,-332.0,-16080.0,866.0,-341.0,-31.0,-32.0,-249.0,478.0,32922.0,5520384.0,2684.0,2815.0,0.0
4262431000,0.010266657306751175,97402.68620268619,2299.0,2045.0,2054.0,1222.0,504.0,-348.0,-16044.0,863.0,-363.0,-33.0,-37.0,-261.0,476.0,32922.0,5519872.0,2444.0,2816.0,0.0
4262687000,0.010266863228834468,97400.73260073259,2292.0,2044.0,2054.0,1224.0,472.0,-304.0,-16048.0,859.0,-353.0,-29.0,-39.0,-249.0,475.0,32922.0,5519872.0,2587.0,2815.0,0.0
4262943000,0.010266657306751175,97402.68620268619,2361.0,2046.0,2054.0,1220.0,496.0,-324.0,-16052.0,869.0,-342.0,-48.0,-41.0,-251.0,475.0,32922.0,5519616.0,2653.0,2815.0,0.0
4263199000,0.010266657306751175,97402.68620268619,2500.0,2045.0,2056.0,1219.0,484.0,-340.0,-16108.0,885.0,-355.0,-18.0,-36.0,-253.0,479.0,32922.0,5519616.0,2684.0,2815.0,0.0
4263455000,0.010266863228834468,97400.73260073259,2310.0,2045.0,2057.0,1222.0,524.0,-360.0,-16080.0,872.0,-337.0,-28.0,-36.0,-253.0,479.0,32922.0,5520640.0,2443.0,2816.0,0.0
4263711000,0.010266657306751175,97402.68620268619,2267.0,2046.0,2056.0,1223.0,496.0,-340.0,-16020.0,877.0,-352.0,-31.0,-40.0,-253.0,471.0,32922.0,5520640.0,2587.0,2815.0,0.0
4263967000,0.010266863228834468,97400.73260073259,2345.0,2046.0,2057.0,1223.0,500.0,-364.0,-16060.0,859.0,-333.0,-18.0,-43.0,-252.0,474.0,32922.0,5519360.0,2621.0,2799.0,0.0
4264223000,0.010266863228834468,97400.73260073259,2361.0,2046.0,2056.0,1223.0,512.0,-328.0,-16108.0,860.0,-358.0,-34.0,-42.0,-252.0,480.0,32922.0,5519360.0,2415.0,2816.0,0.0
4264479000,0.010266863228834468,97400.73260073259,2296.0,2044.0,2055.0,1222.0,524.0,-348.0,-16080.0,865.0,-345.0,-13.0,-41.0,-254.0,480.0,32924.0,5519360.0,2574.0,2815.0,0.0
4264735000,0.010266863228834468,97400.73260073259,2384.0,2046.0,2055.0,1221.0,520.0,-364.0,-16076.0,874.0,-351.0,-23.0,-41.0,-254.0,480.0,32924.0,5519360.0,2647.0,2815.0,0.0
4264991000,0.010266657306751175,97402.68620268619,2468.0,2046.0,2056.0,1222.0,452.0,-340.0,-16072.0,869.0,-336.0,-25.0,-31.0,-246.0,476.0,32924.0,5520640.0,2681.0,2815.0,0.0
4265247000,0.010266863228834468,97400.73260073259,2324.0,2045.0,2055.0,1222.0,484.0,-308.0,-16080.0,877.0,-359.0,-31.0,-31.0,-246.0,478.0,32924.0,5520640.0,2442.0,2816.0,0.0
4265503000,0.010266863228834468,97400.73260073259,2197.0,2044.0,2056.0,1223.0,484.0,-320.0,-16108.0,864.0,-333.0,-27.0,-29.0,-252.0,478.0,32924.0,5519360.0,2332.0,2816.0,0.0
4265759000,0.010266657306751175,97402.68620268619,2332.0,2043.0,2056.0,1224.0,476.0,-360.0,-16068.0,860.0,-340.0,-18.0,-29.0,-252.0,478.0,32924.0,5519360.0,2536.0,2815.0,0.0
4266015000,0.010266863228834468,97400.73260073259,2317.0,2045.0,2055.0,1225.0,504.0,-344.0,-16072.0,870.0,-347.0,-22.0,-33.0,-250.0,472.0,32924.0,5520384.0,2597.0,2799.0,0.0
4266271000,0.010266657306751175,97402.68620268619,2337.0,2045.0,2056.0,1222.0,500.0,-328.0,-16092.0,894.0,-355.0,-17.0,-33.0,-246.0,478.0,32924.0,5520384.0,2410.0,2817.0,0.0
4266527000,0.010266863228834468,97400.73260073259,2242.0,2045.0,2056.0,1223.0,496.0,-388.0,-16072.0,883.0,-356.0,-27.0,-35.0,-246.0,474.0,32924.0,5520128.0,2324.0,2817.0,0.0
4266783000,0.010266863228834468,97400.73260073259,2313.0,2046.0,2056.0,1222.0,496.0,-372.0,-16064.0,866.0,-354.0,-29.0,-38.0,-249.0,473.0,32924.0,5520128.0,2526.0,2814.0,0.0
4267039000,0.010266657306751175,97402.68620268619,2276.0,2046.0,2059.0,1223.0,480.0,-364.0,-16084.0,865.0,-338.0,-29.0,-38.0,-249.0,473.0,32924.0,5520896.0,2586.0,2799.0,0.0
4267295000,0.010266863228834468,97400.73260073259,2336.0,2045.0,2056.0,1224.0,484.0,-348.0,-16100.0,860.0,-343.0,-28.0,-46.0,-258.0,478.0,32924.0,5520896.0,2398.0,2816.0,0.0
4267551000,0.010266863228834468,97400.73260073259,2178.0,2044.0,2054.0,1225.0,508.0,-344.0,-16032.0,867.0,-352.0,-30.0,-33.0,-258.0,479.0,32924.0,5520128.0,2319.0,2817.0,0.0
4267807000,0.010266863228834468,97400.73260073259,2334.0,2047.0,2053.0,1221.0,516.0,-336.0,-16040.0,868.0,-337.0,-30.0,-46.0,-251.0,478.0,32924.0,5520128.0,2530.0,2815.0,0.0
4268063000,0.010266863228834468,97400.73260073259,2357.0,2045.0,2055.0,1221.0,512.0,-340.0,-16060.0,867.0,-350.0,-32.0,-44.0,-252.0,478.0,32924.0,5520384.0,2627.0,2815.0,0.0
4268319000,0.010266657306751175,97402.68620268619,2389.0,2044.0,2056.0,1223.0,492.0,-324.0,-16040.0,870.0,-338.0,-17.0,-44.0,-252.0,478.0,32924.0,5520384.0,2417.0,2816.0,0.0
4268575000,0.010266863228834468,97400.73260073259,2271.0,2045.0,2054.0,1221.0,460.0,-328.0,-16100.0,870.0,-338.0,-17.0,-47.0,-249.0,474.0,32924.0,5519872.0,2328.0,2817.0,0.0
4268831000,0.010266657306751175,97402.68620268619,2334.0,2044.0,2053.0,1222.0,476.0,-348.0,-16072.0,901.0,-353.0,-38.0,-39.0,-255.0,474.0,32924.0,5519872.0,2534.0,2815.0,0.0
4269087000,0.010266863228834468,97400.73260073259,2389.0,2044.0,2055.0,1220.0,488.0,-348.0,-16060.0,875.0,-342.0,-22.0,-66.0,-249.0,476.0,32924.0,5519872.0,2628.0,2815.0,0.0
4269343000,0.010266863228834468,97400.73260073259,2408.0,2045.0,2054.0,1222.0,516.0,-328.0,-16080.0,886.0,-338.0,-24.0,-66.0,-249.0,476.0,32924.0,5519872.0,2417.0,2816.0,0.0
4269599000,0.010266657306751175,97402.68620268619,2244.0,2045.0,2056.0,1222.0,508.0,-352.0,-16056.0,875.0,-352.0,-36.0,-34.0,-244.0,475.0,32924.0,5519872.0,2328.0,2817.0,0.0
4269855000,0.010266863228834468,97400.73260073259,2315.0,2045.0,2056.0,1223.0,536.0,-372.0,-16036.0,884.0,-356.0,-12.0,-29.0,-249.0,478.0,32924.0,5519872.0,2280.0,2816.0,0.0
4270111000,0.010266863228834468,97400.73260073259,2260.0,2047.0,2056.0,1225.0,524.0,-360.0,-16080.0,868.0,-333.0,-26.0,-29.0,-253.0,481.0,32924.0,5520128.0,2480.0,2799.0,0.0
4270367000,0.010266863228834468,97400.73260073259,2299.0,2047.0,2058.0,1224.0,512.0,-364.0,-16064.0,877.0,-359.0,-21.0,-34.0,-257.0,477.0,32924.0,5520128.0,2603.0,2815.0,0.0
4270623000,0.010266863228834468,97400.73260073259,2348.0,2046.0,2056.0,1221.0,496.0,-368.0,-16076.0,871.0,-342.0,-35.0,-34.0,-257.0,477.0,32924.0,5519872.0,2406.0,2816.0,0.0
4270879000,0.010266863228834468,97400.73260073259,2240.0,2044.0,2056.0,1220.0,504.0,-380.0,-16060.0,853.0,-352.0,-43.0,-38.0,-243.0,476.0,32924.0,5519872.0,2570.0,2815.0,0.0
4271135000,0.010266863228834468,97400.73260073259,2377.0,2044.0,2054.0,1222.0,500.0,-348.0,-16072.0,889.0,-336.0,-15.0,-33.0,-251.0,473.0,32924.0,5520128.0,2645.0,2815.0,0.0
4271391000,0.010266657306751175,97402.68620268619,2399.0,2045.0,2057.0,1223.0,500.0,-372.0,-16112.0,869.0,-340.0,-19.0,-29.0,-247.0,477.0,32924.0,5520128.0,2426.0,2816.0,0.0
4271647000,0.010266863228834468,97400.73260073259,2257.0,2045.0,2056.0,1222.0,500.0,-360.0,-16096.0,870.0,-333.0,-26.0,-33.0,-247.0,471.0,32924.0,5520384.0,2325.0,2816.0,0.0
4271903000,0.010266863228834468,97400.73260073259,2309.0,2044.0,2056.0,1223.0,480.0,-336.0,-16076.0,865.0,-355.0,-41.0,-33.0,-247.0,471.0,32924.0,5520384.0,2279.0,2816.0,0.0
4272159000,0.010266657306751175,97402.68620268619,2253.0,2045.0,2055.0,1223.0,480.0,-300.0,-16072.0,865.0,-361.0,-48.0,-41.0,-255.0,472.0,32924.0,5520128.0,2475.0,2800.0,0.0
4272415000,0.010266863228834468,97400.73260073259,2243.0,2045.0,2055.0,1222.0,508.0,-320.0,-16060.0,870.0,-361.0,-8.0,-37.0,-254.0,480.0,32924.0,5520128.0,2346.0,2816.0,0.0
4272671000,0.010266863228834468,97400.73260073259,2277.0,2044.0,2055.0,1222.0,512.0,-276.0,-16044.0,873.0,-338.0,-37.0,-39.0,-251.0,477.0,32924.0,5520384.0,2504.0,2797.0,0.0
4272927000,0.010266863228834468,97400.73260073259,2312.0,2046.0,2055.0,1223.0,496.0,-324.0,-16076.0,877.0,-345.0,-32.0,-36.0,-248.0,476.0,32924.0,5520384.0,2615.0,2815.0,0.0
4273183000,0.010266863228834468,97400.73260073259,2386.0,2044.0,2055.0,1221.0,524.0,-336.0,-16068.0,856.0,-355.0,-43.0,-36.0,-248.0,476.0,32924.0,5520384.0,2634.0,2799.0,0.0
4273439000,0.010266863228834468,97400.73260073259,2452.0,2045.0,2055.0,1222.0,536.0,-392.0,-16052.0,854.0,-330.0,-10.0,-39.0,-250.0,471.0,32924.0,5520384.0,2675.0,2815.0,0.0
4273695000,0.010266863228834468,97400.73260073259,2321.0,2045.0,2055.0,1223.0,528.0,-320.0,-16056.0,877.0,-327.0,-48.0,-41.0,-249.0,480.0,32924.0,5519616.0,2446.0,2817.0,0.0
4273951000,0.010266863228834468,97400.73260073259,2402.0,2044.0,2057.0,1226.0,532.0,-364.0,-16052.0,900.0,-345.0,-29.0,-41.0,-251.0,478.0,32924.0,5519616.0,2548.0,2795.0,0.0
4274207000,0.010266657306751175,97402.68620268619,2345.0,2046.0,2057.0,1223.0,504.0,-352.0,-16076.0,877.0,-337.0,-19.0,-41.0,-251.0,478.0,32924.0,5520384.0,2603.0,2799.0,0.0
4274463000,0.010266863228834468,97400.73260073259,2399.0,2045.0,2056.0,1222.0,504.0,-368.0,-16092.0,869.0,-348.0,-31.0,-34.0,-253.0,480.0,32924.0,5520384.0,2406.0,2816.0,0.0
4274719000,0.010266657306751175,97402.68620268619,2221.0,2045.0,2056.0,1224.0,496.0,-328.0,-16072.0,863.0,-347.0,-34.0,-36.0,-249.0,483.0,32924.0,5520128.0,2323.0,2817.0,0.0
4274975000,0.010266863228834468,97400.73260073259,2351.0,2045.0,2055.0,1222.0,528.0,-324.0,-16068.0,860.0,-344.0,-36.0,-30.0,-251.0,474.0,32924.0,5520128.0,2532.0,2815.0,0.0
4275231000,0.010266863228834468,97400.73260073259,2312.0,2045.0,2054.0,1222.0,508.0,-316.0,-16060.0,883.0,-346.0,-26.0,-33.0,-256.0,476.0,32924.0,5520384.0,2595.0,2799.0,0.0
4275487000,0.010266863228834468,97400.73260073259,2327.0,2046.0,2056.0,1223.0,496.0,-324.0,-16072.0,873.0,-352.0,-29.0,-33.0,-256.0,476.0,32924.0,5520384.0,2402.0,2816.0,0.0
4275743000,0.010266863228834468,97400.73260073259,2234.0,2044.0,2056.0,1223.0,484.0,-364.0,-16100.0,869.0,-340.0,-27.0,-32.0,-251.0,475.0,32924.0,5520384.0,2321.0,2817.0,0.0
4275999000,0.010266657306751175,97402.68620268619,2255.0,2045.0,2053.0,1221.0,516.0,-308.0,-16068.0,883.0,-357.0,-18.0,-30.0,-251.0,473.0,32924.0,5520384.0,2277.0,2816.0,0.0
4276255000,0.010266657306751175,97402.68620268619,2330.0,2045.0,2054.0,1224.0,484.0,-332.0,-16092.0,878.0,-348.0,-44.0,-40.0,-243.0,482.0,32924.0,5520128.0,2511.0,2815.0,0.0
4276511000,0.010266863228834468,97400.73260073259,2352.0,2045.0,2055.0,1224.0,524.0,-320.0,-16016.0,877.0,-344.0,-23.0,-28.0,-247.0,478.0,32924.0,5520128.0,2617.0,2815.0,0.0
4276767000,0.010266657306751175,97402.68620268619,2362.0,2046.0,2055.0,1222.0,488.0,-364.0,-16048.0,869.0,-351.0,-27.0,-28.0,-247.0,478.0,32924.0,5520128.0,2413.0,2816.0,0.0
4277023000,0.010266863228834468,97400.73260073259,2307.0,2046.0,2056.0,1225.0,492.0,-344.0,-16092.0,887.0,-355.0,-31.0,-44.0,-250.0,478.0,32924.0,5520128.0,2573.0,2815.0,0.0
4277279000,0.010266863228834468,97400.73260073259,2305.0,2046.0,2056.0,1223.0,512.0,-348.0,-16064.0,873.0,-354.0,-29.0,-44.0,-258.0,476.0,32924.0,5519872.0,2392.0,2816.0,0.0
4277535000,0.010266657306751175,97402.68620268619,2173.0,2046.0,2055.0,1223.0,552.0,-320.0,-16032.0,861.0,-345.0,-41.0,-36.0,-256.0,482.0,32924.0,5519872.0,2310.0,2816.0,0.0
4277791000,0.010266863228834468,97400.73260073259,2236.0,2046.0,2057.0,1225.0,544.0,-352.0,-16100.0,867.0,-341.0,-30.0,-36.0,-256.0,482.0,32924.0,5520640.0,2486.0,2795.0,0.0
4278047000,0.010266863228834468,97400.73260073259,2186.0,2045.0,2054.0,1225.0,544.0,-340.0,-16096.0,871.0,-350.0,-18.0,-42.0,-245.0,478.0,32924.0,5520640.0,2352.0,2816.0,0.0
4278303000,0.010266863228834468,97400.73260073259,2300.0,2047.0,2055.0,1223.0,488.0,-320.0,-16020.0,889.0,-345.0,-35.0,-45.0,-249.0,483.0,32924.0,5519872.0,2508.0,2800.0,0.0
4278559000,0.010266863228834468,97400.73260073259,2256.0,2044.0,2056.0,1223.0,460.0,-384.0,-16076.0,892.0,-351.0,-34.0,-37.0,-246.0,481.0,32924.0,5519872.0,2362.0,2816.0,0.0
4278815000,0.010266863228834468,97400.73260073259,2312.0,2045.0,2055.0,1221.0,508.0,-316.0,-16072.0,882.0,-333.0,-36.0,-32.0,-246.0,477.0,32924.0,5519872.0,2296.0,2816.0,0.0
4279071000,0.010266657306751175,97402.68620268619,2383.0,2046.0,2056.0,1219.0,524.0,-360.0,-16096.0,873.0,-346.0,-31.0,-32.0,-246.0,477.0,32924.0,5519872.0,2519.0,2815.0,0.0
4279327000,0.010266657306751175,97402.68620268619,2356.0,2045.0,2056.0,1224.0,476.0,-360.0,-16076.0,867.0,-359.0,-19.0,-33.0,-251.0,474.0,32924.0,5519872.0,2622.0,2815.0,0.0
4279583000,0.010266863228834468,97400.73260073259,2416.0,2045.0,2055.0,1223.0,496.0,-344.0,-16016.0,879.0,-346.0,-50.0,-34.0,-256.0,470.0,32924.0,5519872.0,2414.0,2816.0,0.0
4279839000,0.010266863228834468,97400.73260073259,2244.0,2046.0,2055.0,1221.0,496.0,-316.0,-16056.0,870.0,-336.0,-25.0,-36.0,-249.0,482.0,32924.0,5520128.0,2319.0,2816.0,0.0
4280095000,0.010266657306751175,97402.68620268619,2326.0,2044.0,2055.0,1222.0,468.0,-316.0,-16108.0,864.0,-344.0,-19.0,-32.0,-248.0,474.0,32924.0,5520128.0,2530.0,2815.0,0.0
4280351000,0.010266863228834468,97400.73260073259,2391.0,2044.0,2056.0,1224.0,492.0,-360.0,-16108.0,880.0,-341.0,-30.0,-32.0,-248.0,474.0,32924.0,5520384.0,2627.0,2815.0,0.0
4280607000,0.010266863228834468,97400.73260073259,2390.0,2046.0,2055.0,1224.0,532.0,-364.0,-16104.0,888.0,-337.0,-25.0,-33.0,-252.0,471.0,32924.0,5520384.0,2417.0,2816.0,0.0
4280863000,0.010266863228834468,97400.73260073259,2270.0,2046.0,2054.0,1222.0,492.0,-364.0,-16032.0,864.0,-342.0,-31.0,-34.0,-252.0,479.0,32924.0,5520640.0,2327.0,2817.0,0.0
4281119000,0.010266657306751175,97402.68620268619,2364.0,2045.0,2055.0,1220.0,488.0,-340.0,-16040.0,877.0,-336.0,-20.0,-40.0,-249.0,480.0,32924.0,5520640.0,2534.0,2815.0,0.0
4281375000,0.010266657306751175,97402.68620268619,2296.0,2046.0,2055.0,1220.0,512.0,-340.0,-16096.0,889.0,-356.0,-31.0,-46.0,-252.0,476.0,32924.0,5519616.0,2596.0,2799.0,0.0
4281631000,0.010266863228834468,97400.73260073259,2367.0,2045.0,2055.0,1225.0,500.0,-344.0,-16052.0,878.0,-342.0,-33.0,-46.0,-252.0,476.0,32924.0,5519616.0,2402.0,2816.0,0.0
4281887000,0.010266863228834468,97400.73260073259,2203.0,2046.0,2056.0,1223.0,448.0,-340.0,-16052.0,872.0,-354.0,-37.0,-36.0,-248.0,476.0,32924.0,5520128.0,2321.0,2817.0,0.0
4282143000,0.010266863228834468,97400.73260073259,2272.0,2045.0,2056.0,1221.0,520.0,-356.0,-16112.0,853.0,-344.0,-28.0,-41.0,-254.0,479.0,32924.0,5520128.0,2277.0,2816.0,0.0
4282399000,0.010266863228834468,97400.73260073259,2271.0,2045.0,2057.0,1221.0,464.0,-300.0,-16108.0,872.0,-350.0,-39.0,-40.0,-254.0,478.0,32924.0,5520384.0,2256.0,2816.0,0.0
4282655000,0.010266657306751175,97402.68620268619,2219.0,2045.0,2055.0,1221.0,528.0,-332.0,-16116.0,878.0,-337.0,-22.0,-40.0,-254.0,478.0,32924.0,5520384.0,2248.0,2816.0,0.0
4282911000,0.010266863228834468,97400.73260073259,2244.0,2046.0,2055.0,1221.0,520.0,-360.0,-16120.0,890.0,-350.0,-30.0,-42.0,-257.0,477.0,32924.0,5520384.0,2244.0,2816.0,0.0
4283167000,0.010266863228834468,97400.73260073259,2207.0,2044.0,2056.0,1222.0,472.0,-332.0,-16072.0,863.0,-334.0,-22.0,-36.0,-251.0,477.0,32924.0,5520384.0,2242.0,2816.0,0.0
4283423000,0.010266657306751175,97402.68620268619,2185.0,2045.0,2057.0,1223.0,460.0,-308.0,-16068.0,860.0,-345.0,-27.0,-53.0,-253.0,473.0,32924.0,5520384.0,2457.0,2800.0,0.0
4283679000,0.010266863228834468,97400.73260073259,2230.0,2047.0,2056.0,1222.0,496.0,-332.0,-16116.0,870.0,-351.0,-24.0,-51.0,-253.0,474.0,32924.0,5520384.0,2592.0,2815.0,0.0
4283935000,0.010266657306751175,97402.68620268619,2271.0,2046.0,2055.0,1223.0,496.0,-352.0,-16100.0,885.0,-336.0,-32.0,-51.0,-253.0,474.0,32924.0,5520128.0,2401.0,2816.0,0.0
4284191000,0.010266863228834468,97400.73260073259,2242.0,2045.0,2057.0,1223.0,456.0,-316.0,-16048.0,894.0,-357.0,-28.0,-32.0,-254.0,474.0,32924.0,5520128.0,2568.0,2815.0,0.0
4284447000,0.010266863228834468,97400.73260073259,2334.0,2043.0,2055.0,1222.0,536.0,-344.0,-16056.0,883.0,-357.0,-30.0,-31.0,-252.0,472.0,32924.0,5519872.0,2644.0,2815.0,0.0
4284703000,0.010266657306751175,97402.68620268619,2386.0,2046.0,2055.0,1222.0,500.0,-332.0,-16056.0,860.0,-347.0,-33.0,-32.0,-254.0,477.0,32924.0,5519872.0,2425.0,2816.0,0.0
4284959000,0.010266863228834468,97400.73260073259,2261.0,2045.0,2055.0,1222.0,460.0,-352.0,-16128.0,864.0,-358.0,-25.0,-41.0,-248.0,475.0,32924.0,5519616.0,2324.0,2816.0,0.0
4285215000,0.010266863228834468,97400.73260073259,2323.0,2045.0,2055.0,1222.0,520.0,-372.0,-16104.0,876.0,-332.0,-24.0,-41.0,-248.0,475.0,32924.0,5519616.0,2532.0,2815.0,0.0
4285471000,0.010266863228834468,97400.73260073259,2310.0,2046.0,2056.0,1223.0,528.0,-336.0,-16056.0,876.0,-332.0,-24.0,-38.0,-248.0,480.0,32924.0,5519360.0,2590.0,2800.0,0.0
4285727000,0.010266863228834468,97400.73260073259,2335.0,2045.0,2055.0,1223.0,476.0,-320.0,-16052.0,889.0,-342.0,-29.0,-39.0,-254.0,475.0,32924.0,5519360.0,2400.0,2816.0,0.0
4285983000,0.010266657306751175,97402.68620268619,2175.0,2044.0,2055.0,1224.0,508.0,-328.0,-16036.0,894.0,-364.0,-34.0,-35.0,-247.0,475.0,32924.0,5520128.0,2313.0,2816.0,0.0
4286239000,0.010266863228834468,97400.73260073259,2329.0,2046.0,2054.0,1223.0,500.0,-328.0,-16116.0,872.0,-347.0,-9.0,-40.0,-252.0,476.0,32924.0,5520128.0,2527.0,2815.0,0.0
4286495000,0.010266863228834468,97400.73260073259,2259.0,2044.0,2058.0,1223.0,512.0,-372.0,-16084.0,888.0,-345.0,-30.0,-40.0,-252.0,476.0,32924.0,5520384.0,2588.0,2800.0,0.0
4286751000,0.010266863228834468,97400.73260073259,2330.0,2045.0,2055.0,1221.0,512.0,-332.0,-16076.0,873.0,-344.0,-26.0,-41.0,-248.0,476.0,32924.0,5520384.0,2399.0,2816.0,0.0
4287007000,0.010266863228834468,97400.73260073259,2210.0,2045.0,2056.0,1223.0,488.0,-336.0,-16084.0,861.0,-339.0,-40.0,-38.0,-254.0,474.0,32924.0,5520128.0,2319.0,2817.0,0.0
4287263000,0.010266657306751175,97402.68620268619,2297.0,2044.0,2055.0,1223.0,508.0,-320.0,-16104.0,876.0,-332.0,-19.0,-37.0,-254.0,479.0,32924.0,5520128.0,2530.0,2815.0,0.0
4287519000,0.010266863228834468,97400.73260073259,2378.0,2045.0,2054.0,1224.0,472.0,-328.0,-16132.0,874.0,-335.0,-24.0,-37.0,-254.0,479.0,32924.0,5520384.0,2627.0,2815.0,0.0
4287775000,0.010266863228834468,97400.73260073259,2388.0,2046.0,2055.0,1222.0,464.0,-332.0,-16104.0,871.0,-358.0,-29.0,-36.0,-252.0,470.0,32924.0,5520384.0,2417.0,2816.0,0.0
4288031000,0.010266657306751175,97402.68620268619,2243.0,2046.0,2055.0,1222.0,496.0,-300.0,-16080.0,890.0,-340.0,-12.0,-32.0,-249.0,474.0,32924.0,5520128.0,2321.0,2816.0,0.0
4288287000,0.010266657306751175,97402.68620268619,2353.0,2045.0,2055.0,1223.0,468.0,-344.0,-16060.0,873.0,-342.0,-32.0,-37.0,-252.0,482.0,32924.0,5520128.0,2530.0,2815.0,0.0
4288543000,0.010266863228834468,97400.73260073259,2282.0,2045.0,2055.0,1222.0,456.0,-348.0,-16120.0,867.0,-361.0,-30.0,-38.0,-257.0,474.0,32924.0,5520128.0,2594.0,2799.0,0.0
4288799000,0.010266863228834468,97400.73260073259,2359.0,2046.0,2055.0,1223.0,496.0,-304.0,-16112.0,865.0,-339.0,-20.0,-38.0,-257.0,474.0,32924.0,5520128.0,2402.0,2816.0,0.0
4289055000,0.010266863228834468,97400.73260073259,2382.0,2045.0,2055.0,1220.0,480.0,-332.0,-16100.0,864.0,-349.0,-28.0,-37.0,-253.0,472.0,32924.0,5520384.0,2523.0,2796.0,0.0
4289311000,0.010266657306751175,97402.68620268619,2383.0,2046.0,2054.0,1221.0,464.0,-296.0,-16068.0,875.0,-345.0,-15.0,-39.0,-248.0,479.0,32924.0,5520384.0,2623.0,2815.0,0.0
4289567000,0.010266863228834468,97400.73260073259,2431.0,2046.0,2055.0,1224.0,472.0,-332.0,-16132.0,865.0,-367.0,-27.0,-32.0,-251.0,475.0,32924.0,5519872.0,2415.0,2816.0,0.0
4289823000,0.010266863228834468,97400.73260073259,2285.0,2043.0,2058.0,1222.0,464.0,-336.0,-16124.0,863.0,-354.0,-21.0,-33.0,-256.0,473.0,32924.0,5519872.0,2574.0,2815.0,0.0
4290079000,0.010266657306751175,97402.68620268619,2339.0,2045.0,2055.0,1222.0,472.0,-336.0,-16076.0,889.0,-352.0,-23.0,-33.0,-256.0,473.0,32924.0,5520128.0,2392.0,2816.0,0.0
4290335000,0.010266863228834468,97400.73260073259,2181.0,2046.0,2053.0,1222.0,508.0,-340.0,-16056.0,879.0,-353.0,-27.0,-35.0,-245.0,476.0,32924.0,5520128.0,2310.0,2816.0,0.0
4290591000,0.010266657306751175,97402.68620268619,2222.0,2045.0,2054.0,1223.0,488.0,-352.0,-16092.0,890.0,-329.0,-12.0,-36.0,-252.0,472.0,32924.0,5520384.0,2489.0,2800.0,0.0
4290847000,0.010266863228834468,97400.73260073259,2237.0,2046.0,2056.0,1224.0,528.0,-340.0,-16076.0,879.0,-346.0,-23.0,-40.0,-251.0,481.0,32924.0,5520384.0,2353.0,2816.0,0.0
4291103000,0.010266863228834468,97400.73260073259,2273.0,2046.0,2056.0,1226.0,492.0,-304.0,-16076.0,865.0,-339.0,-30.0,-40.0,-251.0,481.0,32924.0,5520128.0,2292.0,2816.0,0.0
4291359000,0.010266863228834468,97400.73260073259,2296.0,2046.0,2056.0,1222.0,476.0,-348.0,-16060.0,881.0,-332.0,-32.0,-43.0,-258.0,470.0,32924.0,5520128.0,2264.0,2816.0,0.0
4291615000,0.010266863228834468,97400.73260073259,2267.0,2045.0,2054.0,1221.0,436.0,-292.0,-16092.0,869.0,-347.0,-24.0,-39.0,-257.0,474.0,32924.0,5520128.0,2474.0,2801.0,0.0
4291871000,0.010266657306751175,97402.68620268619,2200.0,2045.0,2056.0,1221.0,472.0,-320.0,-16136.0,863.0,-373.0,-27.0,-42.0,-252.0,478.0,32924.0,5520128.0,2346.0,2816.0,0.0
4292127000,0.010266863228834468,97400.73260073259,2305.0,2045.0,2055.0,1221.0,460.0,-324.0,-16060.0,864.0,-351.0,-25.0,-37.0,-247.0,475.0,32924.0,5520384.0,2288.0,2816.0,0.0
4292383000,0.010266657306751175,97402.68620268619,2322.0,2046.0,2056.0,1222.0,500.0,-304.0,-16112.0,883.0,-345.0,-29.0,-37.0,-247.0,475.0,32924.0,5520384.0,2516.0,2815.0,0.0
4292639000,0.010266657306751175,97402.68620268619,2300.0,2046.0,2054.0,1221.0,472.0,-316.0,-16088.0,886.0,-362.0,-27.0,-38.0,-254.0,476.0,32924.0,5520384.0,2366.0,2816.0,0.0
4292895000,0.010266863228834468,97400.73260073259,2358.0,2045.0,2055.0,1223.0,496.0,-336.0,-16076.0,865.0,-350.0,-9.0,-31.0,-251.0,484.0,32924.0,5520384.0,2297.0,2816.0,0.0
4293151000,0.010266657306751175,97402.68620268619,2313.0,2044.0,2055.0,1220.0,456.0,-280.0,-16104.0,871.0,-346.0,-36.0,-35.0,-246.0,482.0,32924.0,5520128.0,2273.0,2817.0,0.0
4293407000,0.010266863228834468,97400.73260073259,2373.0,2045.0,2054.0,1223.0,520.0,-296.0,-16088.0,856.0,-356.0,-31.0,-29.0,-251.0,470.0,32924.0,5520128.0,2509.0,2815.0,0.0
4293663000,0.010266657306751175,97402.68620268619,2290.0,2046.0,2055.0,1222.0,484.0,-332.0,-16120.0,868.0,-369.0,-16.0,-29.0,-251.0,470.0,32924.0,5519872.0,2362.0,2816.0,0.0
4293919000,0.010266657306751175,97402.68620268619,2341.0,2046.0,2055.0,1221.0,456.0,-356.0,-16120.0,872.0,-358.0,-34.0,-30.0,-258.0,475.0,32924.0,5519872.0,2296.0,2816.0,0.0
4294175000,0.010266863228834468,97400.73260073259,2341.0,2045.0,2054.0,1221.0,460.0,-312.0,-16076.0,867.0,-347.0,-18.0,-33.0,-253.0,481.0,32924.0,5520384.0,2272.0,2817.0,0.0
4294431000,0.010266657306751175,97402.68620268619,2275.0,2044.0,2054.0,1219.0,480.0,-320.0,-16092.0,895.0,-363.0,-42.0,-28.0,-250.0,475.0,32924.0,5520384.0,2255.0,2816.0,0.0
4294687000,0.010266657306751175,97402.68620268619,2330.0,2044.0,2055.0,1223.0,476.0,-348.0,-16080.0,893.0,-364.0,-29.0,-35.0,-253.0,475.0,32924.0,5520896.0,2500.0,2815.0,0.0
4294943000,0.010266863228834468,97400.73260073259,2268.0,2044.0,2057.0,1222.0,472.0,-312.0,-16060.0,866.0,-358.0,-19.0,-35.0,-253.0,475.0,32924.0,5520896.0,2358.0,2816.0,0.0
4295199000,0.010266863228834468,97400.73260073259,2316.0,2046.0,2056.0,1221.0,480.0,-300.0,-16100.0,899.0,-366.0,-21.0,-41.0,-249.0,477.0,32924.0,5520384.0,2294.0,2816.0,0.0
4295455000,0.010266863228834468,97400.73260073259,2383.0,2045.0,2054.0,1221.0,492.0,-328.0,-16092.0,857.0,-345.0,-4.0,-45.0,-253.0,479.0,32924.0,5520384.0,2518.0,2815.0,0.0
4295711000,0.010266657306751175,97402.68620268619,2299.0,2045.0,2055.0,1220.0,500.0,-332.0,-16060.0,884.0,-345.0,-48.0,-36.0,-250.0,474.0,32924.0,5520128.0,2367.0,2816.0,0.0
4295967000,0.010266657306751175,97402.68620268619,2427.0,2045.0,2056.0,1221.0,472.0,-352.0,-16120.0,874.0,-337.0,-19.0,-36.0,-250.0,474.0,32924.0,5520128.0,2552.0,2815.0,0.0
4296223000,0.010266863228834468,97400.73260073259,2384.0,2045.0,2054.0,1223.0,524.0,-324.0,-16084.0,886.0,-346.0,-42.0,-41.0,-255.0,484.0,32924.0,5520128.0,2389.0,2817.0,0.0
4296479000,0.010266657306751175,97402.68620268619,2249.0,2045.0,2055.0,1223.0,444.0,-316.0,-16076.0,882.0,-344.0,-26.0,-38.0,-249.0,484.0,32924.0,5520128.0,2562.0,2815.0,0.0
4296735000,0.010266863228834468,97400.73260073259,2314.0,2044.0,2054.0,1223.0,456.0,-320.0,-16048.0,857.0,-355.0,-29.0,-39.0,-249.0,477.0,32924.0,5519872.0,2386.0,2816.0,0.0
4296991000,0.010266863228834468,97400.73260073259,2198.0,2046.0,2054.0,1226.0,456.0,-320.0,-16068.0,861.0,-342.0,-22.0,-37.0,-247.0,474.0,32924.0,5519872.0,2561.0,2815.0,0.0
4297247000,0.010266863228834468,97400.73260073259,2273.0,2047.0,2055.0,1223.0,440.0,-336.0,-16096.0,869.0,-343.0,-31.0,-37.0,-247.0,474.0,32924.0,5519616.0,2386.0,2816.0,0.0
4297503000,0.010266863228834468,97400.73260073259,2156.0,2045.0,2057.0,1223.0,508.0,-344.0,-16096.0,866.0,-346.0,-26.0,-39.0,-246.0,467.0,32924.0,5519616.0,2307.0,2816.0,0.0
4297759000,0.010266657306751175,97402.68620268619,2210.0,2045.0,2056.0,1221.0,488.0,-328.0,-16064.0,869.0,-352.0,-41.0,-36.0,-257.0,479.0,32924.0,5520128.0,2495.0,2802.0,0.0
4298015000,0.010266863228834468,97400.73260073259,2298.0,2044.0,2056.0,1222.0,468.0,-340.0,-16048.0,872.0,-350.0,-18.0,-30.0,-250.0,477.0,32924.0,5520128.0,2610.0,2815.0,0.0
4298271000,0.010266657306751175,97402.68620268619,2327.0,2044.0,2055.0,1222.0,496.0,-332.0,-16084.0,873.0,-371.0,-18.0,-31.0,-251.0,475.0,32924.0,5520384.0,2409.0,2816.0,0.0
4298527000,0.010266863228834468,97400.73260073259,2257.0,2044.0,2056.0,1223.0,472.0,-340.0,-16104.0,878.0,-349.0,-20.0,-31.0,-251.0,475.0,32924.0,5520384.0,2572.0,2815.0,0.0
4298783000,0.010266863228834468,97400.73260073259,2320.0,2046.0,2054.0,1222.0,500.0,-352.0,-16092.0,888.0,-359.0,-21.0,-32.0,-251.0,470.0,32924.0,5520640.0,2615.0,2802.0,0.0
4299039000,0.010266657306751175,97402.68620268619,2334.0,2045.0,2057.0,1223.0,520.0,-328.0,-16040.0,867.0,-347.0,-22.0,-37.0,-257.0,480.0,32924.0,5520640.0,2412.0,2816.0,0.0
4299295000,0.010266863228834468,97400.73260073259,2248.0,2046.0,2055.0,1223.0,496.0,-356.0,-16036.0,859.0,-345.0,-27.0,-35.0,-253.0,475.0,32924.0,5519872.0,2325.0,2817.0,0.0
4299551000,0.010266863228834468,97400.73260073259,2326.0,2046.0,2056.0,1221.0,492.0,-356.0,-16100.0,878.0,-350.0,-40.0,-35.0,-253.0,475.0,32924.0,5519872.0,2532.0,2815.0,0.0
4299807000,0.010266657306751175,97402.68620268619,2312.0,2046.0,2055.0,1221.0,512.0,-344.0,-16084.0,883.0,-349.0,-31.0,-37.0,-251.0,476.0,32924.0,5520128.0,2604.0,2802.0,0.0
4300063000,0.010266863228834468,97400.73260073259,2374.0,2045.0,2055.0,1220.0,500.0,-332.0,-16080.0,871.0,-342.0,-21.0,-40.0,-252.0,479.0,32924.0,5520128.0,2406.0,2816.0,0.0
4300319000,0.010266657306751175,97402.68620268619,2184.0,2046.0,2055.0,1222.0,484.0,-340.0,-16060.0,873.0,-347.0,-25.0,-43.0,-251.0,478.0,32924.0,5520384.0,2316.0,2816.0,0.0
4300575000,0.010266863228834468,97400.73260073259,2336.0,2044.0,2055.0,1225.0,484.0,-332.0,-16052.0,875.0,-355.0,-21.0,-38.0,-249.0,478.0,32924.0,5520384.0,2529.0,2815.0,0.0
4300831000,0.010266657306751175,97402.68620268619,2356.0,2045.0,2054.0,1223.0,504.0,-296.0,-16112.0,888.0,-349.0,-15.0,-38.0,-249.0,478.0,32924.0,5520128.0,2626.0,2815.0,0.0
4301087000,0.010266863228834468,97400.73260073259,2444.0,2045.0,2055.0,1223.0,488.0,-308.0,-16084.0,888.0,-341.0,-19.0,-40.0,-253.0,477.0,32924.0,5520128.0,2671.0,2815.0,0.0
4301343000,0.010266863228834468,97400.73260073259,2302.0,2044.0,2056.0,1222.0,508.0,-364.0,-16076.0,882.0,-357.0,-27.0,-41.0,-252.0,473.0,32924.0,5520128.0,2437.0,2816.0,0.0
4301599000,0.010266657306751175,97402.68620268619,2231.0,2045.0,2056.0,1221.0,492.0,-348.0,-16076.0,875.0,-352.0,-6.0,-38.0,-245.0,478.0,32924.0,5520128.0,2584.0,2815.0,0.0
4301855000,0.010266863228834468,97400.73260073259,2372.0,2045.0,2056.0,1224.0,476.0,-400.0,-16092.0,858.0,-339.0,-47.0,-35.0,-248.0,480.0,32924.0,5519872.0,2652.0,2815.0,0.0
4302111000,0.010266863228834468,97400.73260073259,2484.0,2044.0,2055.0,1223.0,492.0,-348.0,-16128.0,869.0,-352.0,-38.0,-35.0,-248.0,480.0,32924.0,5519872.0,2683.0,2815.0,0.0
4302367000,0.010266657306751175,97402.68620268619,2290.0,2046.0,2055.0,1223.0,492.0,-356.0,-16092.0,890.0,-350.0,-26.0,-31.0,-255.0,472.0,32924.0,5520896.0,2443.0,2816.0,0.0
4302623000,0.010266863228834468,97400.73260073259,2299.0,2045.0,2055.0,1224.0,500.0,-340.0,-16072.0,890.0,-350.0,-26.0,-30.0,-247.0,474.0,32924.0,5520896.0,2587.0,2815.0,0.0
4302879000,0.010266863228834468,97400.73260073259,2326.0,2046.0,2055.0,1223.0,508.0,-332.0,-16072.0,885.0,-332.0,-22.0,-39.0,-255.0,477.0,32924.0,5521408.0,2629.0,2803.0,0.0
4303135000,0.010266863228834468,97400.73260073259,2446.0,2044.0,2055.0,1222.0,544.0,-360.0,-16128.0,864.0,-351.0,-16.0,-35.0,-255.0,476.0,32924.0,5521408.0,2672.0,2815.0,0.0
4303391000,0.010266863228834468,97400.73260073259,2285.0,2044.0,2057.0,1226.0,504.0,-348.0,-16096.0,872.0,-346.0,-29.0,-35.0,-255.0,476.0,32924.0,5520640.0,2438.0,2816.0,0.0
4303647000,0.010266863228834468,97400.73260073259,2231.0,2044.0,2057.0,1222.0,512.0,-316.0,-16036.0,887.0,-355.0,-32.0,-31.0,-255.0,469.0,32924.0,5520640.0,2585.0,2815.0,0.0
4303903000,0.010266863228834468,97400.73260073259,2329.0,2047.0,2056.0,1222.0,508.0,-336.0,-16036.0,863.0,-350.0,-5.0,-33.0,-251.0,478.0,32924.0,5520384.0,2397.0,2816.0,0.0
4304159000,0.010266657306751175,97402.68620268619,2221.0,2046.0,2054.0,1221.0,496.0,-360.0,-16100.0,860.0,-344.0,-30.0,-36.0,-250.0,476.0,32924.0,5520384.0,2566.0,2815.0,0.0
4304415000,0.010266657306751175,97402.68620268619,2273.0,2046.0,2056.0,1222.0,500.0,-332.0,-16068.0,861.0,-352.0,-22.0,-36.0,-250.0,476.0,32924.0,5520384.0,2388.0,2816.0,0.0
4304671000,0.010266863228834468,97400.73260073259,2221.0,2045.0,2055.0,1220.0,488.0,-356.0,-16148.0,865.0,-359.0,-21.0,-39.0,-251.0,478.0,32924.0,5520384.0,2562.0,2815.0,0.0
4304927000,0.010266657306751175,97402.68620268619,2246.0,2046.0,2054.0,1221.0,480.0,-324.0,-16128.0,887.0,-359.0,-26.0,-40.0,-255.0,480.0,32924.0,5520384.0,2387.0,2816.0,0.0
4305183000,0.010266863228834468,97400.73260073259,2164.0,2044.0,2053.0,1223.0,480.0,-364.0,-16020.0,878.0,-351.0,-28.0,-41.0,-253.0,479.0,32924.0,5520384.0,2307.0,2816.0,0.0
4305439000,0.010266863228834468,97400.73260073259,2222.0,2046.0,2056.0,1221.0,464.0,-308.0,-16084.0,862.0,-348.0,-35.0,-37.0,-250.0,478.0,32924.0,5520384.0,2271.0,2816.0,0.0
4305695000,0.010266657306751175,97402.68620268619,2270.0,2046.0,2055.0,1224.0,488.0,-336.0,-16064.0,877.0,-362.0,-19.0,-37.0,-250.0,478.0,32924.0,5520384.0,2502.0,2814.0,0.0
4305951000,0.010266863228834468,97400.73260073259,2284.0,2046.0,2055.0,1222.0,492.0,-328.0,-16032.0,882.0,-342.0,-26.0,-34.0,-253.0,475.0,32924.0,5519616.0,2589.0,2803.0,0.0
4306207000,0.010266863228834468,97400.73260073259,2355.0,2045.0,2055.0,1222.0,508.0,-364.0,-16068.0,868.0,-361.0,-18.0,-37.0,-255.0,475.0,32924.0,5519616.0,2654.0,2815.0,0.0
4306463000,0.010266657306751175,97402.68620268619,2442.0,2045.0,2054.0,1224.0,476.0,-340.0,-16060.0,875.0,-345.0,-32.0,-43.0,-250.0,481.0,32924.0,5519872.0,2430.0,2816.0,0.0
4306719000,0.010266863228834468,97400.73260073259,2322.0,2045.0,2056.0,1220.0,492.0,-368.0,-16100.0,884.0,-340.0,-15.0,-33.0,-248.0,477.0,32924.0,5519872.0,2580.0,2815.0,0.0
4306975000,0.010266863228834468,97400.73260073259,2342.0,2044.0,2056.0,1223.0,488.0,-352.0,-16060.0,875.0,-375.0,-24.0,-33.0,-248.0,477.0,32924.0,5519872.0,2626.0,2803.0,0.0
4307231000,0.010266863228834468,97400.73260073259,2415.0,2045.0,2057.0,1222.0,476.0,-328.0,-16044.0,867.0,-348.0,-20.0,-32.0,-246.0,476.0,32924.0,5519872.0,2416.0,2816.0,0.0
4307487000,0.010266863228834468,97400.73260073259,2232.0,2043.0,2054.0,1223.0,504.0,-352.0,-16048.0,868.0,-342.0,-25.0,-35.0,-253.0,474.0,32924.0,5520640.0,2328.0,2817.0,0.0
4307743000,0.010266657306751175,97402.68620268619,2299.0,2046.0,2056.0,1221.0,468.0,-328.0,-16084.0,886.0,-351.0,-21.0,-31.0,-248.0,483.0,32924.0,5520640.0,2280.0,2816.0,0.0
4307999000,0.010266863228834468,97400.73260073259,2295.0,2045.0,2056.0,1220.0,508.0,-360.0,-16136.0,881.0,-341.0,-16.0,-31.0,-248.0,483.0,32924.0,5520384.0,2488.0,2803.0,0.0
4308255000,0.010266657306751175,97402.68620268619,2287.0,2044.0,2056.0,1223.0,492.0,-332.0,-16028.0,871.0,-336.0,-18.0,-24.0,-255.0,473.0,32924.0,5520384.0,2607.0,2815.0,0.0
4308511000,0.010266863228834468,97400.73260073259,2386.0,2045.0,2054.0,1221.0,488.0,-340.0,-16076.0,880.0,-347.0,-25.0,-34.0,-253.0,471.0,32924.0,5520640.0,2414.0,2817.0,0.0
4308767000,0.010266657306751175,97402.68620268619,2265.0,2044.0,2055.0,1223.0,532.0,-332.0,-16036.0,860.0,-356.0,-38.0,-37.0,-247.0,477.0,32924.0,5520640.0,2574.0,2815.0,0.0
4309023000,0.010266863228834468,97400.73260073259,2310.0,2046.0,2054.0,1223.0,516.0,-336.0,-16072.0,878.0,-356.0,-28.0,-40.0,-252.0,476.0,32924.0,5520640.0,2392.0,2816.0,0.0
4309279000,0.010266863228834468,97400.73260073259,2241.0,2046.0,2055.0,1222.0,524.0,-344.0,-16076.0,856.0,-349.0,-21.0,-40.0,-252.0,476.0,32924.0,5520640.0,2563.0,2815.0,0.0
4309535000,0.010266657306751175,97402.68620268619,2253.0,2044.0,2053.0,1223.0,508.0,-348.0,-16096.0,878.0,-348.0,-18.0,-42.0,-257.0,477.0,32924.0,5520896.0,2388.0,2816.0,0.0
4309791000,0.010266863228834468,97400.73260073259,2225.0,2045.0,2056.0,1222.0,488.0,-308.0,-16060.0,878.0,-354.0,-19.0,-41.0,-250.0,470.0,32924.0,5520896.0,2561.0,2815.0,0.0
4310047000,0.010266657306751175,97402.68620268619,2255.0,2045.0,2057.0,1221.0,484.0,-312.0,-16092.0,873.0,-359.0,-19.0,-41.0,-251.0,478.0,32924.0,5520384.0,2609.0,2799.0,0.0
4310303000,0.010266863228834468,97400.73260073259,2374.0,2046.0,2055.0,1221.0,516.0,-300.0,-16056.0,877.0,-361.0,-45.0,-37.0,-252.0,479.0,32924.0,5520384.0,2657.0,2814.0,0.0
4310559000,0.010266863228834468,97400.73260073259,2450.0,2047.0,2056.0,1225.0,524.0,-348.0,-16088.0,875.0,-369.0,-40.0,-37.0,-252.0,479.0,32924.0,5520384.0,2431.0,2816.0,0.0
4310815000,0.010266657306751175,97402.68620268619,2251.0,2045.0,2054.0,1222.0,516.0,-348.0,-16028.0,887.0,-346.0,-16.0,-41.0,-248.0,474.0,32924.0,5520384.0,2328.0,2816.0,0.0
4311071000,0.010266863228834468,97400.73260073259,2346.0,2046.0,2056.0,1224.0,548.0,-364.0,-16088.0,855.0,-336.0,-38.0,-44.0,-253.0,478.0,32924.0,5519872.0,2511.0,2805.0,0.0
4311327000,0.010266863228834468,97400.73260073259,2290.0,2045.0,2054.0,1222.0,512.0,-352.0,-16100.0,889.0,-352.0,-11.0,-32.0,-248.0,481.0,32924.0,5519872.0,2363.0,2816.0,0.0
4311583000,0.010266863228834468,97400.73260073259,2328.0,2046.0,2058.0,1222.0,500.0,-352.0,-16068.0,860.0,-354.0,-24.0,-29.0,-253.0,478.0,32924.0,5520384.0,2297.0,2816.0,0.0
4311839000,0.010266863228834468,97400.73260073259,2399.0,2045.0,2054.0,1222.0,512.0,-332.0,-16024.0,869.0,-343.0,-28.0,-29.0,-253.0,478.0,32924.0,5520384.0,2519.0,2815.0,0.0
4312095000,0.010266863228834468,97400.73260073259,2315.0,2045.0,2055.0,1224.0,540.0,-340.0,-16108.0,869.0,-349.0,-20.0,-29.0,-252.0,474.0,32924.0,5520384.0,2598.0,2805.0,0.0
4312351000,0.010266863228834468,97400.73260073259,2433.0,2046.0,2055.0,1224.0,500.0,-348.0,-16028.0,874.0,-338.0,-20.0,-44.0,-251.0,477.0,32924.0,5520384.0,2658.0,2815.0,0.0
4312607000,0.010266863228834468,97400.73260073259,2460.0,2045.0,2056.0,1222.0,452.0,-296.0,-16052.0,866.0,-341.0,-7.0,-28.0,-249.0,472.0,32924.0,5520640.0,2431.0,2816.0,0.0
4312863000,0.010266863228834468,97400.73260073259,2310.0,2045.0,2057.0,1222.0,512.0,-332.0,-16092.0,877.0,-344.0,-48.0,-28.0,-249.0,472.0,32924.0,5520640.0,2576.0,2814.0,0.0
4313119000,0.010266863228834468,97400.73260073259,2365.0,2046.0,2056.0,1222.0,528.0,-328.0,-16076.0,863.0,-355.0,-19.0,-32.0,-254.0,483.0,32924.0,5520384.0,2393.0,2816.0,0.0
4313375000,0.010266657306751175,97402.68620268619,2175.0,2044.0,2054.0,1222.0,536.0,-332.0,-16064.0,861.0,-342.0,-37.0,-36.0,-247.0,471.0,32924.0,5520384.0,2310.0,2816.0,0.0
